
bolera_code.elf:     file format elf32-avr

Sections:
Idx Name          Size      VMA       LMA       File off  Algn
  0 .data         0000008e  00800200  00004872  00004906  2**0
                  CONTENTS, ALLOC, LOAD, DATA
  1 .text         00004872  00000000  00000000  00000094  2**1
                  CONTENTS, ALLOC, LOAD, READONLY, CODE
  2 .bss          00000004  0080028e  0080028e  00004994  2**0
                  ALLOC
  3 .comment      00000030  00000000  00000000  00004994  2**0
                  CONTENTS, READONLY
  4 .note.gnu.avr.deviceinfo 0000003c  00000000  00000000  000049c4  2**2
                  CONTENTS, READONLY
  5 .debug_aranges 00000368  00000000  00000000  00004a00  2**0
                  CONTENTS, READONLY, DEBUGGING
  6 .debug_info   00004447  00000000  00000000  00004d68  2**0
                  CONTENTS, READONLY, DEBUGGING
  7 .debug_abbrev 0000101b  00000000  00000000  000091af  2**0
                  CONTENTS, READONLY, DEBUGGING
  8 .debug_line   00002433  00000000  00000000  0000a1ca  2**0
                  CONTENTS, READONLY, DEBUGGING
  9 .debug_frame  00000f84  00000000  00000000  0000c600  2**2
                  CONTENTS, READONLY, DEBUGGING
 10 .debug_str    0000a85b  00000000  00000000  0000d584  2**0
                  CONTENTS, READONLY, DEBUGGING
 11 .debug_loc    000022eb  00000000  00000000  00017ddf  2**0
                  CONTENTS, READONLY, DEBUGGING
 12 .debug_ranges 00000358  00000000  00000000  0001a0ca  2**0
                  CONTENTS, READONLY, DEBUGGING
 13 .debug_macro  00003637  00000000  00000000  0001a422  2**0
                  CONTENTS, READONLY, DEBUGGING

Disassembly of section .text:

00000000 <__vectors>:
       0:	0c 94 72 00 	jmp	0xe4	; 0xe4 <__ctors_end>
       4:	0c 94 8f 00 	jmp	0x11e	; 0x11e <__bad_interrupt>
       8:	0c 94 8f 00 	jmp	0x11e	; 0x11e <__bad_interrupt>
       c:	0c 94 8f 00 	jmp	0x11e	; 0x11e <__bad_interrupt>
      10:	0c 94 8f 00 	jmp	0x11e	; 0x11e <__bad_interrupt>
      14:	0c 94 8f 00 	jmp	0x11e	; 0x11e <__bad_interrupt>
      18:	0c 94 8f 00 	jmp	0x11e	; 0x11e <__bad_interrupt>
      1c:	0c 94 8f 00 	jmp	0x11e	; 0x11e <__bad_interrupt>
      20:	0c 94 8f 00 	jmp	0x11e	; 0x11e <__bad_interrupt>
      24:	0c 94 8f 00 	jmp	0x11e	; 0x11e <__bad_interrupt>
      28:	0c 94 8f 00 	jmp	0x11e	; 0x11e <__bad_interrupt>
      2c:	0c 94 c4 21 	jmp	0x4388	; 0x4388 <__vector_11>
      30:	0c 94 8f 00 	jmp	0x11e	; 0x11e <__bad_interrupt>
      34:	0c 94 8f 00 	jmp	0x11e	; 0x11e <__bad_interrupt>
      38:	0c 94 8f 00 	jmp	0x11e	; 0x11e <__bad_interrupt>
      3c:	0c 94 8f 00 	jmp	0x11e	; 0x11e <__bad_interrupt>
      40:	0c 94 8f 00 	jmp	0x11e	; 0x11e <__bad_interrupt>
      44:	0c 94 8f 00 	jmp	0x11e	; 0x11e <__bad_interrupt>
      48:	0c 94 8f 00 	jmp	0x11e	; 0x11e <__bad_interrupt>
      4c:	0c 94 8f 00 	jmp	0x11e	; 0x11e <__bad_interrupt>
      50:	0c 94 8f 00 	jmp	0x11e	; 0x11e <__bad_interrupt>
      54:	0c 94 8f 00 	jmp	0x11e	; 0x11e <__bad_interrupt>
      58:	0c 94 8f 00 	jmp	0x11e	; 0x11e <__bad_interrupt>
      5c:	0c 94 8f 00 	jmp	0x11e	; 0x11e <__bad_interrupt>
      60:	0c 94 8f 00 	jmp	0x11e	; 0x11e <__bad_interrupt>
      64:	0c 94 8f 00 	jmp	0x11e	; 0x11e <__bad_interrupt>
      68:	0c 94 8f 00 	jmp	0x11e	; 0x11e <__bad_interrupt>
      6c:	0c 94 8f 00 	jmp	0x11e	; 0x11e <__bad_interrupt>
      70:	0c 94 8f 00 	jmp	0x11e	; 0x11e <__bad_interrupt>
      74:	0c 94 8f 00 	jmp	0x11e	; 0x11e <__bad_interrupt>
      78:	0c 94 8f 00 	jmp	0x11e	; 0x11e <__bad_interrupt>
      7c:	0c 94 8f 00 	jmp	0x11e	; 0x11e <__bad_interrupt>
      80:	0c 94 8f 00 	jmp	0x11e	; 0x11e <__bad_interrupt>
      84:	0c 94 8f 00 	jmp	0x11e	; 0x11e <__bad_interrupt>
      88:	0c 94 8f 00 	jmp	0x11e	; 0x11e <__bad_interrupt>
      8c:	0c 94 8f 00 	jmp	0x11e	; 0x11e <__bad_interrupt>
      90:	0c 94 8f 00 	jmp	0x11e	; 0x11e <__bad_interrupt>
      94:	0c 94 8f 00 	jmp	0x11e	; 0x11e <__bad_interrupt>
      98:	0c 94 8f 00 	jmp	0x11e	; 0x11e <__bad_interrupt>
      9c:	0c 94 8f 00 	jmp	0x11e	; 0x11e <__bad_interrupt>
      a0:	0c 94 8f 00 	jmp	0x11e	; 0x11e <__bad_interrupt>
      a4:	0c 94 8f 00 	jmp	0x11e	; 0x11e <__bad_interrupt>
      a8:	0c 94 fb 21 	jmp	0x43f6	; 0x43f6 <__vector_42>
      ac:	0c 94 8f 00 	jmp	0x11e	; 0x11e <__bad_interrupt>
      b0:	0c 94 8f 00 	jmp	0x11e	; 0x11e <__bad_interrupt>
      b4:	0c 94 8f 00 	jmp	0x11e	; 0x11e <__bad_interrupt>
      b8:	0c 94 8f 00 	jmp	0x11e	; 0x11e <__bad_interrupt>
      bc:	0c 94 8f 00 	jmp	0x11e	; 0x11e <__bad_interrupt>
      c0:	0c 94 8f 00 	jmp	0x11e	; 0x11e <__bad_interrupt>
      c4:	0c 94 8f 00 	jmp	0x11e	; 0x11e <__bad_interrupt>
      c8:	0c 94 8f 00 	jmp	0x11e	; 0x11e <__bad_interrupt>
      cc:	0c 94 8f 00 	jmp	0x11e	; 0x11e <__bad_interrupt>
      d0:	0c 94 8f 00 	jmp	0x11e	; 0x11e <__bad_interrupt>
      d4:	0c 94 8f 00 	jmp	0x11e	; 0x11e <__bad_interrupt>
      d8:	0c 94 8f 00 	jmp	0x11e	; 0x11e <__bad_interrupt>
      dc:	0c 94 8f 00 	jmp	0x11e	; 0x11e <__bad_interrupt>
      e0:	0c 94 8f 00 	jmp	0x11e	; 0x11e <__bad_interrupt>

000000e4 <__ctors_end>:
      e4:	11 24       	eor	r1, r1
      e6:	1f be       	out	0x3f, r1	; 63
      e8:	cf ef       	ldi	r28, 0xFF	; 255
      ea:	d1 e2       	ldi	r29, 0x21	; 33
      ec:	de bf       	out	0x3e, r29	; 62
      ee:	cd bf       	out	0x3d, r28	; 61

000000f0 <__do_copy_data>:
      f0:	12 e0       	ldi	r17, 0x02	; 2
      f2:	a0 e0       	ldi	r26, 0x00	; 0
      f4:	b2 e0       	ldi	r27, 0x02	; 2
      f6:	e2 e7       	ldi	r30, 0x72	; 114
      f8:	f8 e4       	ldi	r31, 0x48	; 72
      fa:	02 c0       	rjmp	.+4      	; 0x100 <__do_copy_data+0x10>
      fc:	05 90       	lpm	r0, Z+
      fe:	0d 92       	st	X+, r0
     100:	ae 38       	cpi	r26, 0x8E	; 142
     102:	b1 07       	cpc	r27, r17
     104:	d9 f7       	brne	.-10     	; 0xfc <__do_copy_data+0xc>

00000106 <__do_clear_bss>:
     106:	22 e0       	ldi	r18, 0x02	; 2
     108:	ae e8       	ldi	r26, 0x8E	; 142
     10a:	b2 e0       	ldi	r27, 0x02	; 2
     10c:	01 c0       	rjmp	.+2      	; 0x110 <.do_clear_bss_start>

0000010e <.do_clear_bss_loop>:
     10e:	1d 92       	st	X+, r1

00000110 <.do_clear_bss_start>:
     110:	a2 39       	cpi	r26, 0x92	; 146
     112:	b2 07       	cpc	r27, r18
     114:	e1 f7       	brne	.-8      	; 0x10e <.do_clear_bss_loop>
     116:	0e 94 32 22 	call	0x4464	; 0x4464 <main>
     11a:	0c 94 37 24 	jmp	0x486e	; 0x486e <_exit>

0000011e <__bad_interrupt>:
     11e:	0c 94 00 00 	jmp	0	; 0x0 <__vectors>

00000122 <_ZN7DisplayC1EPPVhS2_PhS1_S1_h>:
	
	uint32_t lastTime;
	const uint32_t refreshInterval = 5;
	
	public:
	Display(
     122:	cf 92       	push	r12
     124:	ef 92       	push	r14
     126:	ff 92       	push	r15
     128:	0f 93       	push	r16
     12a:	1f 93       	push	r17
     12c:	cf 93       	push	r28
     12e:	df 93       	push	r29
     130:	cd b7       	in	r28, 0x3d	; 61
     132:	de b7       	in	r29, 0x3e	; 62
     134:	2e 97       	sbiw	r28, 0x0e	; 14
     136:	0f b6       	in	r0, 0x3f	; 63
     138:	f8 94       	cli
     13a:	de bf       	out	0x3e, r29	; 62
     13c:	0f be       	out	0x3f, r0	; 63
     13e:	cd bf       	out	0x3d, r28	; 61
     140:	9b 83       	std	Y+3, r25	; 0x03
     142:	8a 83       	std	Y+2, r24	; 0x02
     144:	7d 83       	std	Y+5, r23	; 0x05
     146:	6c 83       	std	Y+4, r22	; 0x04
     148:	5f 83       	std	Y+7, r21	; 0x07
     14a:	4e 83       	std	Y+6, r20	; 0x06
     14c:	39 87       	std	Y+9, r19	; 0x09
     14e:	28 87       	std	Y+8, r18	; 0x08
     150:	1b 87       	std	Y+11, r17	; 0x0b
     152:	0a 87       	std	Y+10, r16	; 0x0a
     154:	fd 86       	std	Y+13, r15	; 0x0d
     156:	ec 86       	std	Y+12, r14	; 0x0c
     158:	ce 86       	std	Y+14, r12	; 0x0e
		uint8_t mData[7],
		volatile uint8_t* pDS,
		volatile uint8_t* dDS,
		uint8_t mDS
		
	) {
     15a:	8a 81       	ldd	r24, Y+2	; 0x02
     15c:	9b 81       	ldd	r25, Y+3	; 0x03
     15e:	2a e0       	ldi	r18, 0x0A	; 10
     160:	e0 e0       	ldi	r30, 0x00	; 0
     162:	f2 e0       	ldi	r31, 0x02	; 2
     164:	dc 01       	movw	r26, r24
     166:	9a 96       	adiw	r26, 0x2a	; 42
     168:	01 90       	ld	r0, Z+
     16a:	0d 92       	st	X+, r0
     16c:	2a 95       	dec	r18
     16e:	e1 f7       	brne	.-8      	; 0x168 <_ZN7DisplayC1EPPVhS2_PhS1_S1_h+0x46>
     170:	2a 81       	ldd	r18, Y+2	; 0x02
     172:	3b 81       	ldd	r19, Y+3	; 0x03
     174:	85 e0       	ldi	r24, 0x05	; 5
     176:	90 e0       	ldi	r25, 0x00	; 0
     178:	a0 e0       	ldi	r26, 0x00	; 0
     17a:	b0 e0       	ldi	r27, 0x00	; 0
     17c:	f9 01       	movw	r30, r18
     17e:	80 af       	std	Z+56, r24	; 0x38
     180:	91 af       	std	Z+57, r25	; 0x39
     182:	a2 af       	std	Z+58, r26	; 0x3a
     184:	b3 af       	std	Z+59, r27	; 0x3b
		for (uint8_t i = 0; i<7; i++) {
     186:	19 82       	std	Y+1, r1	; 0x01
     188:	89 81       	ldd	r24, Y+1	; 0x01
     18a:	87 30       	cpi	r24, 0x07	; 7
     18c:	08 f0       	brcs	.+2      	; 0x190 <_ZN7DisplayC1EPPVhS2_PhS1_S1_h+0x6e>
     18e:	48 c0       	rjmp	.+144    	; 0x220 <_ZN7DisplayC1EPPVhS2_PhS1_S1_h+0xfe>
			portData[i] = pData[i];
     190:	89 81       	ldd	r24, Y+1	; 0x01
     192:	88 2f       	mov	r24, r24
     194:	90 e0       	ldi	r25, 0x00	; 0
     196:	29 81       	ldd	r18, Y+1	; 0x01
     198:	22 2f       	mov	r18, r18
     19a:	30 e0       	ldi	r19, 0x00	; 0
     19c:	22 0f       	add	r18, r18
     19e:	33 1f       	adc	r19, r19
     1a0:	4c 81       	ldd	r20, Y+4	; 0x04
     1a2:	5d 81       	ldd	r21, Y+5	; 0x05
     1a4:	24 0f       	add	r18, r20
     1a6:	35 1f       	adc	r19, r21
     1a8:	f9 01       	movw	r30, r18
     1aa:	20 81       	ld	r18, Z
     1ac:	31 81       	ldd	r19, Z+1	; 0x01
     1ae:	4a 81       	ldd	r20, Y+2	; 0x02
     1b0:	5b 81       	ldd	r21, Y+3	; 0x03
     1b2:	88 0f       	add	r24, r24
     1b4:	99 1f       	adc	r25, r25
     1b6:	84 0f       	add	r24, r20
     1b8:	95 1f       	adc	r25, r21
     1ba:	fc 01       	movw	r30, r24
     1bc:	31 83       	std	Z+1, r19	; 0x01
     1be:	20 83       	st	Z, r18
			ddrData[i] = dData[i];
     1c0:	89 81       	ldd	r24, Y+1	; 0x01
     1c2:	88 2f       	mov	r24, r24
     1c4:	90 e0       	ldi	r25, 0x00	; 0
     1c6:	29 81       	ldd	r18, Y+1	; 0x01
     1c8:	22 2f       	mov	r18, r18
     1ca:	30 e0       	ldi	r19, 0x00	; 0
     1cc:	22 0f       	add	r18, r18
     1ce:	33 1f       	adc	r19, r19
     1d0:	4e 81       	ldd	r20, Y+6	; 0x06
     1d2:	5f 81       	ldd	r21, Y+7	; 0x07
     1d4:	24 0f       	add	r18, r20
     1d6:	35 1f       	adc	r19, r21
     1d8:	f9 01       	movw	r30, r18
     1da:	20 81       	ld	r18, Z
     1dc:	31 81       	ldd	r19, Z+1	; 0x01
     1de:	4a 81       	ldd	r20, Y+2	; 0x02
     1e0:	5b 81       	ldd	r21, Y+3	; 0x03
     1e2:	07 96       	adiw	r24, 0x07	; 7
     1e4:	88 0f       	add	r24, r24
     1e6:	99 1f       	adc	r25, r25
     1e8:	84 0f       	add	r24, r20
     1ea:	95 1f       	adc	r25, r21
     1ec:	fc 01       	movw	r30, r24
     1ee:	31 83       	std	Z+1, r19	; 0x01
     1f0:	20 83       	st	Z, r18
			maskData[i] = mData[i];
     1f2:	89 81       	ldd	r24, Y+1	; 0x01
     1f4:	88 2f       	mov	r24, r24
     1f6:	90 e0       	ldi	r25, 0x00	; 0
     1f8:	29 81       	ldd	r18, Y+1	; 0x01
     1fa:	22 2f       	mov	r18, r18
     1fc:	30 e0       	ldi	r19, 0x00	; 0
     1fe:	48 85       	ldd	r20, Y+8	; 0x08
     200:	59 85       	ldd	r21, Y+9	; 0x09
     202:	24 0f       	add	r18, r20
     204:	35 1f       	adc	r19, r21
     206:	f9 01       	movw	r30, r18
     208:	40 81       	ld	r20, Z
     20a:	2a 81       	ldd	r18, Y+2	; 0x02
     20c:	3b 81       	ldd	r19, Y+3	; 0x03
     20e:	82 0f       	add	r24, r18
     210:	93 1f       	adc	r25, r19
     212:	4c 96       	adiw	r24, 0x1c	; 28
     214:	fc 01       	movw	r30, r24
     216:	40 83       	st	Z, r20
		volatile uint8_t* pDS,
		volatile uint8_t* dDS,
		uint8_t mDS
		
	) {
		for (uint8_t i = 0; i<7; i++) {
     218:	89 81       	ldd	r24, Y+1	; 0x01
     21a:	8f 5f       	subi	r24, 0xFF	; 255
     21c:	89 83       	std	Y+1, r24	; 0x01
     21e:	b4 cf       	rjmp	.-152    	; 0x188 <_ZN7DisplayC1EPPVhS2_PhS1_S1_h+0x66>
			portData[i] = pData[i];
			ddrData[i] = dData[i];
			maskData[i] = mData[i];
		}
		
		portDS = pDS;
     220:	8a 81       	ldd	r24, Y+2	; 0x02
     222:	9b 81       	ldd	r25, Y+3	; 0x03
     224:	2a 85       	ldd	r18, Y+10	; 0x0a
     226:	3b 85       	ldd	r19, Y+11	; 0x0b
     228:	fc 01       	movw	r30, r24
     22a:	34 a3       	std	Z+36, r19	; 0x24
     22c:	23 a3       	std	Z+35, r18	; 0x23
		ddrDS = dDS;
     22e:	8a 81       	ldd	r24, Y+2	; 0x02
     230:	9b 81       	ldd	r25, Y+3	; 0x03
     232:	2c 85       	ldd	r18, Y+12	; 0x0c
     234:	3d 85       	ldd	r19, Y+13	; 0x0d
     236:	fc 01       	movw	r30, r24
     238:	36 a3       	std	Z+38, r19	; 0x26
     23a:	25 a3       	std	Z+37, r18	; 0x25
		maskDS = mDS;
     23c:	8a 81       	ldd	r24, Y+2	; 0x02
     23e:	9b 81       	ldd	r25, Y+3	; 0x03
     240:	2e 85       	ldd	r18, Y+14	; 0x0e
     242:	fc 01       	movw	r30, r24
     244:	27 a3       	std	Z+39, r18	; 0x27
		
		currentScore = 0;
     246:	8a 81       	ldd	r24, Y+2	; 0x02
     248:	9b 81       	ldd	r25, Y+3	; 0x03
     24a:	fc 01       	movw	r30, r24
     24c:	10 a6       	std	Z+40, r1	; 0x28
		showTens = false;
     24e:	8a 81       	ldd	r24, Y+2	; 0x02
     250:	9b 81       	ldd	r25, Y+3	; 0x03
     252:	fc 01       	movw	r30, r24
     254:	11 a6       	std	Z+41, r1	; 0x29
	}
     256:	00 00       	nop
     258:	2e 96       	adiw	r28, 0x0e	; 14
     25a:	0f b6       	in	r0, 0x3f	; 63
     25c:	f8 94       	cli
     25e:	de bf       	out	0x3e, r29	; 62
     260:	0f be       	out	0x3f, r0	; 63
     262:	cd bf       	out	0x3d, r28	; 61
     264:	df 91       	pop	r29
     266:	cf 91       	pop	r28
     268:	1f 91       	pop	r17
     26a:	0f 91       	pop	r16
     26c:	ff 90       	pop	r15
     26e:	ef 90       	pop	r14
     270:	cf 90       	pop	r12
     272:	08 95       	ret

00000274 <_ZN7Display4initEv>:
	
	void init() {
     274:	cf 93       	push	r28
     276:	df 93       	push	r29
     278:	00 d0       	rcall	.+0      	; 0x27a <_ZN7Display4initEv+0x6>
     27a:	1f 92       	push	r1
     27c:	cd b7       	in	r28, 0x3d	; 61
     27e:	de b7       	in	r29, 0x3e	; 62
     280:	9b 83       	std	Y+3, r25	; 0x03
     282:	8a 83       	std	Y+2, r24	; 0x02
		for (uint8_t i = 0; i<7; i++) {
     284:	19 82       	std	Y+1, r1	; 0x01
     286:	89 81       	ldd	r24, Y+1	; 0x01
     288:	87 30       	cpi	r24, 0x07	; 7
     28a:	08 f0       	brcs	.+2      	; 0x28e <_ZN7Display4initEv+0x1a>
     28c:	59 c0       	rjmp	.+178    	; 0x340 <_ZN7Display4initEv+0xcc>
			*ddrData[i] |= maskData[i];
     28e:	89 81       	ldd	r24, Y+1	; 0x01
     290:	88 2f       	mov	r24, r24
     292:	90 e0       	ldi	r25, 0x00	; 0
     294:	2a 81       	ldd	r18, Y+2	; 0x02
     296:	3b 81       	ldd	r19, Y+3	; 0x03
     298:	07 96       	adiw	r24, 0x07	; 7
     29a:	88 0f       	add	r24, r24
     29c:	99 1f       	adc	r25, r25
     29e:	82 0f       	add	r24, r18
     2a0:	93 1f       	adc	r25, r19
     2a2:	fc 01       	movw	r30, r24
     2a4:	80 81       	ld	r24, Z
     2a6:	91 81       	ldd	r25, Z+1	; 0x01
     2a8:	29 81       	ldd	r18, Y+1	; 0x01
     2aa:	22 2f       	mov	r18, r18
     2ac:	30 e0       	ldi	r19, 0x00	; 0
     2ae:	4a 81       	ldd	r20, Y+2	; 0x02
     2b0:	5b 81       	ldd	r21, Y+3	; 0x03
     2b2:	29 5f       	subi	r18, 0xF9	; 249
     2b4:	3f 4f       	sbci	r19, 0xFF	; 255
     2b6:	22 0f       	add	r18, r18
     2b8:	33 1f       	adc	r19, r19
     2ba:	24 0f       	add	r18, r20
     2bc:	35 1f       	adc	r19, r21
     2be:	f9 01       	movw	r30, r18
     2c0:	20 81       	ld	r18, Z
     2c2:	31 81       	ldd	r19, Z+1	; 0x01
     2c4:	f9 01       	movw	r30, r18
     2c6:	60 81       	ld	r22, Z
     2c8:	29 81       	ldd	r18, Y+1	; 0x01
     2ca:	22 2f       	mov	r18, r18
     2cc:	30 e0       	ldi	r19, 0x00	; 0
     2ce:	4a 81       	ldd	r20, Y+2	; 0x02
     2d0:	5b 81       	ldd	r21, Y+3	; 0x03
     2d2:	24 0f       	add	r18, r20
     2d4:	35 1f       	adc	r19, r21
     2d6:	24 5e       	subi	r18, 0xE4	; 228
     2d8:	3f 4f       	sbci	r19, 0xFF	; 255
     2da:	f9 01       	movw	r30, r18
     2dc:	20 81       	ld	r18, Z
     2de:	26 2b       	or	r18, r22
     2e0:	fc 01       	movw	r30, r24
     2e2:	20 83       	st	Z, r18
			*portData[i] &= ~maskData[i];
     2e4:	89 81       	ldd	r24, Y+1	; 0x01
     2e6:	88 2f       	mov	r24, r24
     2e8:	90 e0       	ldi	r25, 0x00	; 0
     2ea:	2a 81       	ldd	r18, Y+2	; 0x02
     2ec:	3b 81       	ldd	r19, Y+3	; 0x03
     2ee:	88 0f       	add	r24, r24
     2f0:	99 1f       	adc	r25, r25
     2f2:	82 0f       	add	r24, r18
     2f4:	93 1f       	adc	r25, r19
     2f6:	fc 01       	movw	r30, r24
     2f8:	80 81       	ld	r24, Z
     2fa:	91 81       	ldd	r25, Z+1	; 0x01
     2fc:	29 81       	ldd	r18, Y+1	; 0x01
     2fe:	22 2f       	mov	r18, r18
     300:	30 e0       	ldi	r19, 0x00	; 0
     302:	4a 81       	ldd	r20, Y+2	; 0x02
     304:	5b 81       	ldd	r21, Y+3	; 0x03
     306:	22 0f       	add	r18, r18
     308:	33 1f       	adc	r19, r19
     30a:	24 0f       	add	r18, r20
     30c:	35 1f       	adc	r19, r21
     30e:	f9 01       	movw	r30, r18
     310:	20 81       	ld	r18, Z
     312:	31 81       	ldd	r19, Z+1	; 0x01
     314:	f9 01       	movw	r30, r18
     316:	20 81       	ld	r18, Z
     318:	62 2f       	mov	r22, r18
     31a:	29 81       	ldd	r18, Y+1	; 0x01
     31c:	22 2f       	mov	r18, r18
     31e:	30 e0       	ldi	r19, 0x00	; 0
     320:	4a 81       	ldd	r20, Y+2	; 0x02
     322:	5b 81       	ldd	r21, Y+3	; 0x03
     324:	24 0f       	add	r18, r20
     326:	35 1f       	adc	r19, r21
     328:	24 5e       	subi	r18, 0xE4	; 228
     32a:	3f 4f       	sbci	r19, 0xFF	; 255
     32c:	f9 01       	movw	r30, r18
     32e:	20 81       	ld	r18, Z
     330:	20 95       	com	r18
     332:	26 23       	and	r18, r22
     334:	fc 01       	movw	r30, r24
     336:	20 83       	st	Z, r18
		currentScore = 0;
		showTens = false;
	}
	
	void init() {
		for (uint8_t i = 0; i<7; i++) {
     338:	89 81       	ldd	r24, Y+1	; 0x01
     33a:	8f 5f       	subi	r24, 0xFF	; 255
     33c:	89 83       	std	Y+1, r24	; 0x01
     33e:	a3 cf       	rjmp	.-186    	; 0x286 <_ZN7Display4initEv+0x12>
			*ddrData[i] |= maskData[i];
			*portData[i] &= ~maskData[i];
		}
		
		*ddrDS |= maskDS;
     340:	8a 81       	ldd	r24, Y+2	; 0x02
     342:	9b 81       	ldd	r25, Y+3	; 0x03
     344:	fc 01       	movw	r30, r24
     346:	85 a1       	ldd	r24, Z+37	; 0x25
     348:	96 a1       	ldd	r25, Z+38	; 0x26
     34a:	2a 81       	ldd	r18, Y+2	; 0x02
     34c:	3b 81       	ldd	r19, Y+3	; 0x03
     34e:	f9 01       	movw	r30, r18
     350:	25 a1       	ldd	r18, Z+37	; 0x25
     352:	36 a1       	ldd	r19, Z+38	; 0x26
     354:	f9 01       	movw	r30, r18
     356:	40 81       	ld	r20, Z
     358:	2a 81       	ldd	r18, Y+2	; 0x02
     35a:	3b 81       	ldd	r19, Y+3	; 0x03
     35c:	f9 01       	movw	r30, r18
     35e:	27 a1       	ldd	r18, Z+39	; 0x27
     360:	24 2b       	or	r18, r20
     362:	fc 01       	movw	r30, r24
     364:	20 83       	st	Z, r18
		*portDS &= ~maskDS;	
     366:	8a 81       	ldd	r24, Y+2	; 0x02
     368:	9b 81       	ldd	r25, Y+3	; 0x03
     36a:	fc 01       	movw	r30, r24
     36c:	83 a1       	ldd	r24, Z+35	; 0x23
     36e:	94 a1       	ldd	r25, Z+36	; 0x24
     370:	2a 81       	ldd	r18, Y+2	; 0x02
     372:	3b 81       	ldd	r19, Y+3	; 0x03
     374:	f9 01       	movw	r30, r18
     376:	23 a1       	ldd	r18, Z+35	; 0x23
     378:	34 a1       	ldd	r19, Z+36	; 0x24
     37a:	f9 01       	movw	r30, r18
     37c:	20 81       	ld	r18, Z
     37e:	42 2f       	mov	r20, r18
     380:	2a 81       	ldd	r18, Y+2	; 0x02
     382:	3b 81       	ldd	r19, Y+3	; 0x03
     384:	f9 01       	movw	r30, r18
     386:	27 a1       	ldd	r18, Z+39	; 0x27
     388:	20 95       	com	r18
     38a:	24 23       	and	r18, r20
     38c:	fc 01       	movw	r30, r24
     38e:	20 83       	st	Z, r18
	}
     390:	00 00       	nop
     392:	0f 90       	pop	r0
     394:	0f 90       	pop	r0
     396:	0f 90       	pop	r0
     398:	df 91       	pop	r29
     39a:	cf 91       	pop	r28
     39c:	08 95       	ret

0000039e <_ZN7Display5clearEv>:
	
	void clear() {
     39e:	cf 93       	push	r28
     3a0:	df 93       	push	r29
     3a2:	00 d0       	rcall	.+0      	; 0x3a4 <_ZN7Display5clearEv+0x6>
     3a4:	1f 92       	push	r1
     3a6:	cd b7       	in	r28, 0x3d	; 61
     3a8:	de b7       	in	r29, 0x3e	; 62
     3aa:	9b 83       	std	Y+3, r25	; 0x03
     3ac:	8a 83       	std	Y+2, r24	; 0x02
		for (uint8_t i = 0; i<7; i++) {
     3ae:	19 82       	std	Y+1, r1	; 0x01
     3b0:	89 81       	ldd	r24, Y+1	; 0x01
     3b2:	87 30       	cpi	r24, 0x07	; 7
     3b4:	70 f5       	brcc	.+92     	; 0x412 <__LOCK_REGION_LENGTH__+0x12>
			*portData[i] &= ~maskData[i];
     3b6:	89 81       	ldd	r24, Y+1	; 0x01
     3b8:	88 2f       	mov	r24, r24
     3ba:	90 e0       	ldi	r25, 0x00	; 0
     3bc:	2a 81       	ldd	r18, Y+2	; 0x02
     3be:	3b 81       	ldd	r19, Y+3	; 0x03
     3c0:	88 0f       	add	r24, r24
     3c2:	99 1f       	adc	r25, r25
     3c4:	82 0f       	add	r24, r18
     3c6:	93 1f       	adc	r25, r19
     3c8:	fc 01       	movw	r30, r24
     3ca:	80 81       	ld	r24, Z
     3cc:	91 81       	ldd	r25, Z+1	; 0x01
     3ce:	29 81       	ldd	r18, Y+1	; 0x01
     3d0:	22 2f       	mov	r18, r18
     3d2:	30 e0       	ldi	r19, 0x00	; 0
     3d4:	4a 81       	ldd	r20, Y+2	; 0x02
     3d6:	5b 81       	ldd	r21, Y+3	; 0x03
     3d8:	22 0f       	add	r18, r18
     3da:	33 1f       	adc	r19, r19
     3dc:	24 0f       	add	r18, r20
     3de:	35 1f       	adc	r19, r21
     3e0:	f9 01       	movw	r30, r18
     3e2:	20 81       	ld	r18, Z
     3e4:	31 81       	ldd	r19, Z+1	; 0x01
     3e6:	f9 01       	movw	r30, r18
     3e8:	20 81       	ld	r18, Z
     3ea:	62 2f       	mov	r22, r18
     3ec:	29 81       	ldd	r18, Y+1	; 0x01
     3ee:	22 2f       	mov	r18, r18
     3f0:	30 e0       	ldi	r19, 0x00	; 0
     3f2:	4a 81       	ldd	r20, Y+2	; 0x02
     3f4:	5b 81       	ldd	r21, Y+3	; 0x03
     3f6:	24 0f       	add	r18, r20
     3f8:	35 1f       	adc	r19, r21
     3fa:	24 5e       	subi	r18, 0xE4	; 228
     3fc:	3f 4f       	sbci	r19, 0xFF	; 255
     3fe:	f9 01       	movw	r30, r18
     400:	20 81       	ld	r18, Z
     402:	20 95       	com	r18
     404:	26 23       	and	r18, r22
     406:	fc 01       	movw	r30, r24
     408:	20 83       	st	Z, r18
		*ddrDS |= maskDS;
		*portDS &= ~maskDS;	
	}
	
	void clear() {
		for (uint8_t i = 0; i<7; i++) {
     40a:	89 81       	ldd	r24, Y+1	; 0x01
     40c:	8f 5f       	subi	r24, 0xFF	; 255
     40e:	89 83       	std	Y+1, r24	; 0x01
     410:	cf cf       	rjmp	.-98     	; 0x3b0 <_ZN7Display5clearEv+0x12>
			*portData[i] &= ~maskData[i];
		}
	}
     412:	00 00       	nop
     414:	0f 90       	pop	r0
     416:	0f 90       	pop	r0
     418:	0f 90       	pop	r0
     41a:	df 91       	pop	r29
     41c:	cf 91       	pop	r28
     41e:	08 95       	ret

00000420 <_ZN7Display10printDigitEh>:
	
	void printDigit(uint8_t digit) {
     420:	cf 93       	push	r28
     422:	df 93       	push	r29
     424:	00 d0       	rcall	.+0      	; 0x426 <_ZN7Display10printDigitEh+0x6>
     426:	00 d0       	rcall	.+0      	; 0x428 <_ZN7Display10printDigitEh+0x8>
     428:	1f 92       	push	r1
     42a:	cd b7       	in	r28, 0x3d	; 61
     42c:	de b7       	in	r29, 0x3e	; 62
     42e:	9c 83       	std	Y+4, r25	; 0x04
     430:	8b 83       	std	Y+3, r24	; 0x03
     432:	6d 83       	std	Y+5, r22	; 0x05
		if (digit>9) return;
     434:	8d 81       	ldd	r24, Y+5	; 0x05
     436:	8a 30       	cpi	r24, 0x0A	; 10
     438:	08 f0       	brcs	.+2      	; 0x43c <_ZN7Display10printDigitEh+0x1c>
     43a:	76 c0       	rjmp	.+236    	; 0x528 <_ZN7Display10printDigitEh+0x108>
		uint8_t pattern = digits[digit];
     43c:	8d 81       	ldd	r24, Y+5	; 0x05
     43e:	88 2f       	mov	r24, r24
     440:	90 e0       	ldi	r25, 0x00	; 0
     442:	2b 81       	ldd	r18, Y+3	; 0x03
     444:	3c 81       	ldd	r19, Y+4	; 0x04
     446:	82 0f       	add	r24, r18
     448:	93 1f       	adc	r25, r19
     44a:	8a 96       	adiw	r24, 0x2a	; 42
     44c:	fc 01       	movw	r30, r24
     44e:	80 81       	ld	r24, Z
     450:	8a 83       	std	Y+2, r24	; 0x02
		
		for (uint8_t i=0; i<7; i++) {
     452:	19 82       	std	Y+1, r1	; 0x01
     454:	89 81       	ldd	r24, Y+1	; 0x01
     456:	87 30       	cpi	r24, 0x07	; 7
     458:	08 f0       	brcs	.+2      	; 0x45c <_ZN7Display10printDigitEh+0x3c>
     45a:	67 c0       	rjmp	.+206    	; 0x52a <_ZN7Display10printDigitEh+0x10a>
			if (pattern & (1<<i)) {
     45c:	8a 81       	ldd	r24, Y+2	; 0x02
     45e:	88 2f       	mov	r24, r24
     460:	90 e0       	ldi	r25, 0x00	; 0
     462:	29 81       	ldd	r18, Y+1	; 0x01
     464:	22 2f       	mov	r18, r18
     466:	30 e0       	ldi	r19, 0x00	; 0
     468:	02 c0       	rjmp	.+4      	; 0x46e <_ZN7Display10printDigitEh+0x4e>
     46a:	95 95       	asr	r25
     46c:	87 95       	ror	r24
     46e:	2a 95       	dec	r18
     470:	e2 f7       	brpl	.-8      	; 0x46a <_ZN7Display10printDigitEh+0x4a>
     472:	81 70       	andi	r24, 0x01	; 1
     474:	99 27       	eor	r25, r25
     476:	89 2b       	or	r24, r25
     478:	49 f1       	breq	.+82     	; 0x4cc <_ZN7Display10printDigitEh+0xac>
				*portData[i] |= maskData[i];
     47a:	89 81       	ldd	r24, Y+1	; 0x01
     47c:	88 2f       	mov	r24, r24
     47e:	90 e0       	ldi	r25, 0x00	; 0
     480:	2b 81       	ldd	r18, Y+3	; 0x03
     482:	3c 81       	ldd	r19, Y+4	; 0x04
     484:	88 0f       	add	r24, r24
     486:	99 1f       	adc	r25, r25
     488:	82 0f       	add	r24, r18
     48a:	93 1f       	adc	r25, r19
     48c:	fc 01       	movw	r30, r24
     48e:	80 81       	ld	r24, Z
     490:	91 81       	ldd	r25, Z+1	; 0x01
     492:	29 81       	ldd	r18, Y+1	; 0x01
     494:	22 2f       	mov	r18, r18
     496:	30 e0       	ldi	r19, 0x00	; 0
     498:	4b 81       	ldd	r20, Y+3	; 0x03
     49a:	5c 81       	ldd	r21, Y+4	; 0x04
     49c:	22 0f       	add	r18, r18
     49e:	33 1f       	adc	r19, r19
     4a0:	24 0f       	add	r18, r20
     4a2:	35 1f       	adc	r19, r21
     4a4:	f9 01       	movw	r30, r18
     4a6:	20 81       	ld	r18, Z
     4a8:	31 81       	ldd	r19, Z+1	; 0x01
     4aa:	f9 01       	movw	r30, r18
     4ac:	60 81       	ld	r22, Z
     4ae:	29 81       	ldd	r18, Y+1	; 0x01
     4b0:	22 2f       	mov	r18, r18
     4b2:	30 e0       	ldi	r19, 0x00	; 0
     4b4:	4b 81       	ldd	r20, Y+3	; 0x03
     4b6:	5c 81       	ldd	r21, Y+4	; 0x04
     4b8:	24 0f       	add	r18, r20
     4ba:	35 1f       	adc	r19, r21
     4bc:	24 5e       	subi	r18, 0xE4	; 228
     4be:	3f 4f       	sbci	r19, 0xFF	; 255
     4c0:	f9 01       	movw	r30, r18
     4c2:	20 81       	ld	r18, Z
     4c4:	26 2b       	or	r18, r22
     4c6:	fc 01       	movw	r30, r24
     4c8:	20 83       	st	Z, r18
     4ca:	2a c0       	rjmp	.+84     	; 0x520 <_ZN7Display10printDigitEh+0x100>
			} else {
				*portData[i] &= ~maskData[i];
     4cc:	89 81       	ldd	r24, Y+1	; 0x01
     4ce:	88 2f       	mov	r24, r24
     4d0:	90 e0       	ldi	r25, 0x00	; 0
     4d2:	2b 81       	ldd	r18, Y+3	; 0x03
     4d4:	3c 81       	ldd	r19, Y+4	; 0x04
     4d6:	88 0f       	add	r24, r24
     4d8:	99 1f       	adc	r25, r25
     4da:	82 0f       	add	r24, r18
     4dc:	93 1f       	adc	r25, r19
     4de:	fc 01       	movw	r30, r24
     4e0:	80 81       	ld	r24, Z
     4e2:	91 81       	ldd	r25, Z+1	; 0x01
     4e4:	29 81       	ldd	r18, Y+1	; 0x01
     4e6:	22 2f       	mov	r18, r18
     4e8:	30 e0       	ldi	r19, 0x00	; 0
     4ea:	4b 81       	ldd	r20, Y+3	; 0x03
     4ec:	5c 81       	ldd	r21, Y+4	; 0x04
     4ee:	22 0f       	add	r18, r18
     4f0:	33 1f       	adc	r19, r19
     4f2:	24 0f       	add	r18, r20
     4f4:	35 1f       	adc	r19, r21
     4f6:	f9 01       	movw	r30, r18
     4f8:	20 81       	ld	r18, Z
     4fa:	31 81       	ldd	r19, Z+1	; 0x01
     4fc:	f9 01       	movw	r30, r18
     4fe:	20 81       	ld	r18, Z
     500:	62 2f       	mov	r22, r18
     502:	29 81       	ldd	r18, Y+1	; 0x01
     504:	22 2f       	mov	r18, r18
     506:	30 e0       	ldi	r19, 0x00	; 0
     508:	4b 81       	ldd	r20, Y+3	; 0x03
     50a:	5c 81       	ldd	r21, Y+4	; 0x04
     50c:	24 0f       	add	r18, r20
     50e:	35 1f       	adc	r19, r21
     510:	24 5e       	subi	r18, 0xE4	; 228
     512:	3f 4f       	sbci	r19, 0xFF	; 255
     514:	f9 01       	movw	r30, r18
     516:	20 81       	ld	r18, Z
     518:	20 95       	com	r18
     51a:	26 23       	and	r18, r22
     51c:	fc 01       	movw	r30, r24
     51e:	20 83       	st	Z, r18
	
	void printDigit(uint8_t digit) {
		if (digit>9) return;
		uint8_t pattern = digits[digit];
		
		for (uint8_t i=0; i<7; i++) {
     520:	89 81       	ldd	r24, Y+1	; 0x01
     522:	8f 5f       	subi	r24, 0xFF	; 255
     524:	89 83       	std	Y+1, r24	; 0x01
     526:	96 cf       	rjmp	.-212    	; 0x454 <_ZN7Display10printDigitEh+0x34>
			*portData[i] &= ~maskData[i];
		}
	}
	
	void printDigit(uint8_t digit) {
		if (digit>9) return;
     528:	00 00       	nop
				*portData[i] |= maskData[i];
			} else {
				*portData[i] &= ~maskData[i];
			}
		}
	}
     52a:	0f 90       	pop	r0
     52c:	0f 90       	pop	r0
     52e:	0f 90       	pop	r0
     530:	0f 90       	pop	r0
     532:	0f 90       	pop	r0
     534:	df 91       	pop	r29
     536:	cf 91       	pop	r28
     538:	08 95       	ret

0000053a <_ZN7Display8setScoreEh>:
	
	void setScore(uint8_t score) {
     53a:	cf 93       	push	r28
     53c:	df 93       	push	r29
     53e:	00 d0       	rcall	.+0      	; 0x540 <_ZN7Display8setScoreEh+0x6>
     540:	1f 92       	push	r1
     542:	cd b7       	in	r28, 0x3d	; 61
     544:	de b7       	in	r29, 0x3e	; 62
     546:	9a 83       	std	Y+2, r25	; 0x02
     548:	89 83       	std	Y+1, r24	; 0x01
     54a:	6b 83       	std	Y+3, r22	; 0x03
		if (score > 99) score = 99;
     54c:	8b 81       	ldd	r24, Y+3	; 0x03
     54e:	84 36       	cpi	r24, 0x64	; 100
     550:	10 f0       	brcs	.+4      	; 0x556 <_ZN7Display8setScoreEh+0x1c>
     552:	83 e6       	ldi	r24, 0x63	; 99
     554:	8b 83       	std	Y+3, r24	; 0x03
		currentScore = score; 
     556:	89 81       	ldd	r24, Y+1	; 0x01
     558:	9a 81       	ldd	r25, Y+2	; 0x02
     55a:	2b 81       	ldd	r18, Y+3	; 0x03
     55c:	fc 01       	movw	r30, r24
     55e:	20 a7       	std	Z+40, r18	; 0x28
	}
     560:	00 00       	nop
     562:	0f 90       	pop	r0
     564:	0f 90       	pop	r0
     566:	0f 90       	pop	r0
     568:	df 91       	pop	r29
     56a:	cf 91       	pop	r28
     56c:	08 95       	ret

0000056e <_ZN7Display7refreshEv>:
	
	void resetScore() {
		currentScore=0;
	}
	
	void refresh() {
     56e:	cf 93       	push	r28
     570:	df 93       	push	r29
     572:	00 d0       	rcall	.+0      	; 0x574 <_ZN7Display7refreshEv+0x6>
     574:	00 d0       	rcall	.+0      	; 0x576 <_ZN7Display7refreshEv+0x8>
     576:	cd b7       	in	r28, 0x3d	; 61
     578:	de b7       	in	r29, 0x3e	; 62
     57a:	9c 83       	std	Y+4, r25	; 0x04
     57c:	8b 83       	std	Y+3, r24	; 0x03
		clear();
     57e:	8b 81       	ldd	r24, Y+3	; 0x03
     580:	9c 81       	ldd	r25, Y+4	; 0x04
     582:	0e 94 cf 01 	call	0x39e	; 0x39e <_ZN7Display5clearEv>
		
		if (showTens) {
     586:	8b 81       	ldd	r24, Y+3	; 0x03
     588:	9c 81       	ldd	r25, Y+4	; 0x04
     58a:	fc 01       	movw	r30, r24
     58c:	81 a5       	ldd	r24, Z+41	; 0x29
     58e:	88 23       	and	r24, r24
     590:	29 f1       	breq	.+74     	; 0x5dc <_ZN7Display7refreshEv+0x6e>
			uint8_t tens = currentScore/10;
     592:	8b 81       	ldd	r24, Y+3	; 0x03
     594:	9c 81       	ldd	r25, Y+4	; 0x04
     596:	fc 01       	movw	r30, r24
     598:	90 a5       	ldd	r25, Z+40	; 0x28
     59a:	8d ec       	ldi	r24, 0xCD	; 205
     59c:	98 9f       	mul	r25, r24
     59e:	81 2d       	mov	r24, r1
     5a0:	11 24       	eor	r1, r1
     5a2:	86 95       	lsr	r24
     5a4:	86 95       	lsr	r24
     5a6:	86 95       	lsr	r24
     5a8:	89 83       	std	Y+1, r24	; 0x01
			*portDS |= maskDS;
     5aa:	8b 81       	ldd	r24, Y+3	; 0x03
     5ac:	9c 81       	ldd	r25, Y+4	; 0x04
     5ae:	fc 01       	movw	r30, r24
     5b0:	83 a1       	ldd	r24, Z+35	; 0x23
     5b2:	94 a1       	ldd	r25, Z+36	; 0x24
     5b4:	2b 81       	ldd	r18, Y+3	; 0x03
     5b6:	3c 81       	ldd	r19, Y+4	; 0x04
     5b8:	f9 01       	movw	r30, r18
     5ba:	23 a1       	ldd	r18, Z+35	; 0x23
     5bc:	34 a1       	ldd	r19, Z+36	; 0x24
     5be:	f9 01       	movw	r30, r18
     5c0:	40 81       	ld	r20, Z
     5c2:	2b 81       	ldd	r18, Y+3	; 0x03
     5c4:	3c 81       	ldd	r19, Y+4	; 0x04
     5c6:	f9 01       	movw	r30, r18
     5c8:	27 a1       	ldd	r18, Z+39	; 0x27
     5ca:	24 2b       	or	r18, r20
     5cc:	fc 01       	movw	r30, r24
     5ce:	20 83       	st	Z, r18
			printDigit(tens);
     5d0:	8b 81       	ldd	r24, Y+3	; 0x03
     5d2:	9c 81       	ldd	r25, Y+4	; 0x04
     5d4:	69 81       	ldd	r22, Y+1	; 0x01
     5d6:	0e 94 10 02 	call	0x420	; 0x420 <_ZN7Display10printDigitEh>
     5da:	2e c0       	rjmp	.+92     	; 0x638 <_ZN7Display7refreshEv+0xca>
		} else {
			uint8_t units = currentScore%10;
     5dc:	8b 81       	ldd	r24, Y+3	; 0x03
     5de:	9c 81       	ldd	r25, Y+4	; 0x04
     5e0:	fc 01       	movw	r30, r24
     5e2:	90 a5       	ldd	r25, Z+40	; 0x28
     5e4:	8d ec       	ldi	r24, 0xCD	; 205
     5e6:	98 9f       	mul	r25, r24
     5e8:	81 2d       	mov	r24, r1
     5ea:	11 24       	eor	r1, r1
     5ec:	86 95       	lsr	r24
     5ee:	86 95       	lsr	r24
     5f0:	86 95       	lsr	r24
     5f2:	88 0f       	add	r24, r24
     5f4:	28 2f       	mov	r18, r24
     5f6:	22 0f       	add	r18, r18
     5f8:	22 0f       	add	r18, r18
     5fa:	82 0f       	add	r24, r18
     5fc:	f9 2f       	mov	r31, r25
     5fe:	f8 1b       	sub	r31, r24
     600:	8f 2f       	mov	r24, r31
     602:	8a 83       	std	Y+2, r24	; 0x02
			*portDS &= ~maskDS;
     604:	8b 81       	ldd	r24, Y+3	; 0x03
     606:	9c 81       	ldd	r25, Y+4	; 0x04
     608:	fc 01       	movw	r30, r24
     60a:	83 a1       	ldd	r24, Z+35	; 0x23
     60c:	94 a1       	ldd	r25, Z+36	; 0x24
     60e:	2b 81       	ldd	r18, Y+3	; 0x03
     610:	3c 81       	ldd	r19, Y+4	; 0x04
     612:	f9 01       	movw	r30, r18
     614:	23 a1       	ldd	r18, Z+35	; 0x23
     616:	34 a1       	ldd	r19, Z+36	; 0x24
     618:	f9 01       	movw	r30, r18
     61a:	20 81       	ld	r18, Z
     61c:	42 2f       	mov	r20, r18
     61e:	2b 81       	ldd	r18, Y+3	; 0x03
     620:	3c 81       	ldd	r19, Y+4	; 0x04
     622:	f9 01       	movw	r30, r18
     624:	27 a1       	ldd	r18, Z+39	; 0x27
     626:	20 95       	com	r18
     628:	24 23       	and	r18, r20
     62a:	fc 01       	movw	r30, r24
     62c:	20 83       	st	Z, r18
			printDigit(units);
     62e:	8b 81       	ldd	r24, Y+3	; 0x03
     630:	9c 81       	ldd	r25, Y+4	; 0x04
     632:	6a 81       	ldd	r22, Y+2	; 0x02
     634:	0e 94 10 02 	call	0x420	; 0x420 <_ZN7Display10printDigitEh>
		}
		
		showTens = !showTens;
     638:	8b 81       	ldd	r24, Y+3	; 0x03
     63a:	9c 81       	ldd	r25, Y+4	; 0x04
     63c:	fc 01       	movw	r30, r24
     63e:	91 a5       	ldd	r25, Z+41	; 0x29
     640:	81 e0       	ldi	r24, 0x01	; 1
     642:	29 2f       	mov	r18, r25
     644:	28 27       	eor	r18, r24
     646:	8b 81       	ldd	r24, Y+3	; 0x03
     648:	9c 81       	ldd	r25, Y+4	; 0x04
     64a:	fc 01       	movw	r30, r24
     64c:	21 a7       	std	Z+41, r18	; 0x29
	}
     64e:	00 00       	nop
     650:	0f 90       	pop	r0
     652:	0f 90       	pop	r0
     654:	0f 90       	pop	r0
     656:	0f 90       	pop	r0
     658:	df 91       	pop	r29
     65a:	cf 91       	pop	r28
     65c:	08 95       	ret

0000065e <_ZN7Display6updateEmb>:
	
	void update(uint32_t currentTime, bool endGame) {
     65e:	cf 93       	push	r28
     660:	df 93       	push	r29
     662:	cd b7       	in	r28, 0x3d	; 61
     664:	de b7       	in	r29, 0x3e	; 62
     666:	27 97       	sbiw	r28, 0x07	; 7
     668:	0f b6       	in	r0, 0x3f	; 63
     66a:	f8 94       	cli
     66c:	de bf       	out	0x3e, r29	; 62
     66e:	0f be       	out	0x3f, r0	; 63
     670:	cd bf       	out	0x3d, r28	; 61
     672:	9a 83       	std	Y+2, r25	; 0x02
     674:	89 83       	std	Y+1, r24	; 0x01
     676:	4b 83       	std	Y+3, r20	; 0x03
     678:	5c 83       	std	Y+4, r21	; 0x04
     67a:	6d 83       	std	Y+5, r22	; 0x05
     67c:	7e 83       	std	Y+6, r23	; 0x06
     67e:	2f 83       	std	Y+7, r18	; 0x07
		if (endGame && ((currentTime%1000) >= 900)) {
     680:	8f 81       	ldd	r24, Y+7	; 0x07
     682:	88 23       	and	r24, r24
     684:	c1 f0       	breq	.+48     	; 0x6b6 <_ZN7Display6updateEmb+0x58>
     686:	8b 81       	ldd	r24, Y+3	; 0x03
     688:	9c 81       	ldd	r25, Y+4	; 0x04
     68a:	ad 81       	ldd	r26, Y+5	; 0x05
     68c:	be 81       	ldd	r27, Y+6	; 0x06
     68e:	28 ee       	ldi	r18, 0xE8	; 232
     690:	33 e0       	ldi	r19, 0x03	; 3
     692:	40 e0       	ldi	r20, 0x00	; 0
     694:	50 e0       	ldi	r21, 0x00	; 0
     696:	bc 01       	movw	r22, r24
     698:	cd 01       	movw	r24, r26
     69a:	0e 94 15 24 	call	0x482a	; 0x482a <__udivmodsi4>
     69e:	dc 01       	movw	r26, r24
     6a0:	cb 01       	movw	r24, r22
     6a2:	84 38       	cpi	r24, 0x84	; 132
     6a4:	93 40       	sbci	r25, 0x03	; 3
     6a6:	a1 05       	cpc	r26, r1
     6a8:	b1 05       	cpc	r27, r1
     6aa:	28 f0       	brcs	.+10     	; 0x6b6 <_ZN7Display6updateEmb+0x58>
			clear(); 
     6ac:	89 81       	ldd	r24, Y+1	; 0x01
     6ae:	9a 81       	ldd	r25, Y+2	; 0x02
     6b0:	0e 94 cf 01 	call	0x39e	; 0x39e <_ZN7Display5clearEv>
			if (currentTime - lastTime >= refreshInterval) {
				refresh();
				lastTime = currentTime;
			}
		}
	}
     6b4:	2a c0       	rjmp	.+84     	; 0x70a <_ZN7Display6updateEmb+0xac>
	
	void update(uint32_t currentTime, bool endGame) {
		if (endGame && ((currentTime%1000) >= 900)) {
			clear(); 
		} else {
			if (currentTime - lastTime >= refreshInterval) {
     6b6:	89 81       	ldd	r24, Y+1	; 0x01
     6b8:	9a 81       	ldd	r25, Y+2	; 0x02
     6ba:	fc 01       	movw	r30, r24
     6bc:	84 a9       	ldd	r24, Z+52	; 0x34
     6be:	95 a9       	ldd	r25, Z+53	; 0x35
     6c0:	a6 a9       	ldd	r26, Z+54	; 0x36
     6c2:	b7 a9       	ldd	r27, Z+55	; 0x37
     6c4:	2b 81       	ldd	r18, Y+3	; 0x03
     6c6:	3c 81       	ldd	r19, Y+4	; 0x04
     6c8:	4d 81       	ldd	r20, Y+5	; 0x05
     6ca:	5e 81       	ldd	r21, Y+6	; 0x06
     6cc:	28 1b       	sub	r18, r24
     6ce:	39 0b       	sbc	r19, r25
     6d0:	4a 0b       	sbc	r20, r26
     6d2:	5b 0b       	sbc	r21, r27
     6d4:	89 81       	ldd	r24, Y+1	; 0x01
     6d6:	9a 81       	ldd	r25, Y+2	; 0x02
     6d8:	fc 01       	movw	r30, r24
     6da:	80 ad       	ldd	r24, Z+56	; 0x38
     6dc:	91 ad       	ldd	r25, Z+57	; 0x39
     6de:	a2 ad       	ldd	r26, Z+58	; 0x3a
     6e0:	b3 ad       	ldd	r27, Z+59	; 0x3b
     6e2:	28 17       	cp	r18, r24
     6e4:	39 07       	cpc	r19, r25
     6e6:	4a 07       	cpc	r20, r26
     6e8:	5b 07       	cpc	r21, r27
     6ea:	78 f0       	brcs	.+30     	; 0x70a <_ZN7Display6updateEmb+0xac>
				refresh();
     6ec:	89 81       	ldd	r24, Y+1	; 0x01
     6ee:	9a 81       	ldd	r25, Y+2	; 0x02
     6f0:	0e 94 b7 02 	call	0x56e	; 0x56e <_ZN7Display7refreshEv>
				lastTime = currentTime;
     6f4:	29 81       	ldd	r18, Y+1	; 0x01
     6f6:	3a 81       	ldd	r19, Y+2	; 0x02
     6f8:	8b 81       	ldd	r24, Y+3	; 0x03
     6fa:	9c 81       	ldd	r25, Y+4	; 0x04
     6fc:	ad 81       	ldd	r26, Y+5	; 0x05
     6fe:	be 81       	ldd	r27, Y+6	; 0x06
     700:	f9 01       	movw	r30, r18
     702:	84 ab       	std	Z+52, r24	; 0x34
     704:	95 ab       	std	Z+53, r25	; 0x35
     706:	a6 ab       	std	Z+54, r26	; 0x36
     708:	b7 ab       	std	Z+55, r27	; 0x37
			}
		}
	}
     70a:	00 00       	nop
     70c:	27 96       	adiw	r28, 0x07	; 7
     70e:	0f b6       	in	r0, 0x3f	; 63
     710:	f8 94       	cli
     712:	de bf       	out	0x3e, r29	; 62
     714:	0f be       	out	0x3f, r0	; 63
     716:	cd bf       	out	0x3d, r28	; 61
     718:	df 91       	pop	r29
     71a:	cf 91       	pop	r28
     71c:	08 95       	ret

0000071e <_ZN3LedC1EPVhS1_h>:
	uint32_t blinkInterval;
	
	bool isActive;
	
	public:
	Led(volatile uint8_t* portR, volatile uint8_t* ddrR, uint8_t m) {
     71e:	cf 93       	push	r28
     720:	df 93       	push	r29
     722:	cd b7       	in	r28, 0x3d	; 61
     724:	de b7       	in	r29, 0x3e	; 62
     726:	27 97       	sbiw	r28, 0x07	; 7
     728:	0f b6       	in	r0, 0x3f	; 63
     72a:	f8 94       	cli
     72c:	de bf       	out	0x3e, r29	; 62
     72e:	0f be       	out	0x3f, r0	; 63
     730:	cd bf       	out	0x3d, r28	; 61
     732:	9a 83       	std	Y+2, r25	; 0x02
     734:	89 83       	std	Y+1, r24	; 0x01
     736:	7c 83       	std	Y+4, r23	; 0x04
     738:	6b 83       	std	Y+3, r22	; 0x03
     73a:	5e 83       	std	Y+6, r21	; 0x06
     73c:	4d 83       	std	Y+5, r20	; 0x05
     73e:	2f 83       	std	Y+7, r18	; 0x07
		portReg	= portR;
     740:	89 81       	ldd	r24, Y+1	; 0x01
     742:	9a 81       	ldd	r25, Y+2	; 0x02
     744:	2b 81       	ldd	r18, Y+3	; 0x03
     746:	3c 81       	ldd	r19, Y+4	; 0x04
     748:	fc 01       	movw	r30, r24
     74a:	31 83       	std	Z+1, r19	; 0x01
     74c:	20 83       	st	Z, r18
		ddrReg	= ddrR;
     74e:	89 81       	ldd	r24, Y+1	; 0x01
     750:	9a 81       	ldd	r25, Y+2	; 0x02
     752:	2d 81       	ldd	r18, Y+5	; 0x05
     754:	3e 81       	ldd	r19, Y+6	; 0x06
     756:	fc 01       	movw	r30, r24
     758:	33 83       	std	Z+3, r19	; 0x03
     75a:	22 83       	std	Z+2, r18	; 0x02
		mask	= m;
     75c:	89 81       	ldd	r24, Y+1	; 0x01
     75e:	9a 81       	ldd	r25, Y+2	; 0x02
     760:	2f 81       	ldd	r18, Y+7	; 0x07
     762:	fc 01       	movw	r30, r24
     764:	24 83       	std	Z+4, r18	; 0x04
		
		lastTime = 0;
     766:	89 81       	ldd	r24, Y+1	; 0x01
     768:	9a 81       	ldd	r25, Y+2	; 0x02
     76a:	fc 01       	movw	r30, r24
     76c:	15 82       	std	Z+5, r1	; 0x05
     76e:	16 82       	std	Z+6, r1	; 0x06
     770:	17 82       	std	Z+7, r1	; 0x07
     772:	10 86       	std	Z+8, r1	; 0x08
		blinkInterval =	100; // 100ms
     774:	29 81       	ldd	r18, Y+1	; 0x01
     776:	3a 81       	ldd	r19, Y+2	; 0x02
     778:	84 e6       	ldi	r24, 0x64	; 100
     77a:	90 e0       	ldi	r25, 0x00	; 0
     77c:	a0 e0       	ldi	r26, 0x00	; 0
     77e:	b0 e0       	ldi	r27, 0x00	; 0
     780:	f9 01       	movw	r30, r18
     782:	81 87       	std	Z+9, r24	; 0x09
     784:	92 87       	std	Z+10, r25	; 0x0a
     786:	a3 87       	std	Z+11, r26	; 0x0b
     788:	b4 87       	std	Z+12, r27	; 0x0c
		isActive = false;
     78a:	89 81       	ldd	r24, Y+1	; 0x01
     78c:	9a 81       	ldd	r25, Y+2	; 0x02
     78e:	fc 01       	movw	r30, r24
     790:	15 86       	std	Z+13, r1	; 0x0d
	}
     792:	00 00       	nop
     794:	27 96       	adiw	r28, 0x07	; 7
     796:	0f b6       	in	r0, 0x3f	; 63
     798:	f8 94       	cli
     79a:	de bf       	out	0x3e, r29	; 62
     79c:	0f be       	out	0x3f, r0	; 63
     79e:	cd bf       	out	0x3d, r28	; 61
     7a0:	df 91       	pop	r29
     7a2:	cf 91       	pop	r28
     7a4:	08 95       	ret

000007a6 <_ZN3Led4initEv>:
	
	void init() {
     7a6:	cf 93       	push	r28
     7a8:	df 93       	push	r29
     7aa:	00 d0       	rcall	.+0      	; 0x7ac <_ZN3Led4initEv+0x6>
     7ac:	cd b7       	in	r28, 0x3d	; 61
     7ae:	de b7       	in	r29, 0x3e	; 62
     7b0:	9a 83       	std	Y+2, r25	; 0x02
     7b2:	89 83       	std	Y+1, r24	; 0x01
		*ddrReg |= mask;	// Output
     7b4:	89 81       	ldd	r24, Y+1	; 0x01
     7b6:	9a 81       	ldd	r25, Y+2	; 0x02
     7b8:	fc 01       	movw	r30, r24
     7ba:	82 81       	ldd	r24, Z+2	; 0x02
     7bc:	93 81       	ldd	r25, Z+3	; 0x03
     7be:	29 81       	ldd	r18, Y+1	; 0x01
     7c0:	3a 81       	ldd	r19, Y+2	; 0x02
     7c2:	f9 01       	movw	r30, r18
     7c4:	22 81       	ldd	r18, Z+2	; 0x02
     7c6:	33 81       	ldd	r19, Z+3	; 0x03
     7c8:	f9 01       	movw	r30, r18
     7ca:	40 81       	ld	r20, Z
     7cc:	29 81       	ldd	r18, Y+1	; 0x01
     7ce:	3a 81       	ldd	r19, Y+2	; 0x02
     7d0:	f9 01       	movw	r30, r18
     7d2:	24 81       	ldd	r18, Z+4	; 0x04
     7d4:	24 2b       	or	r18, r20
     7d6:	fc 01       	movw	r30, r24
     7d8:	20 83       	st	Z, r18
		*portReg &= ~mask;	// 0
     7da:	89 81       	ldd	r24, Y+1	; 0x01
     7dc:	9a 81       	ldd	r25, Y+2	; 0x02
     7de:	fc 01       	movw	r30, r24
     7e0:	80 81       	ld	r24, Z
     7e2:	91 81       	ldd	r25, Z+1	; 0x01
     7e4:	29 81       	ldd	r18, Y+1	; 0x01
     7e6:	3a 81       	ldd	r19, Y+2	; 0x02
     7e8:	f9 01       	movw	r30, r18
     7ea:	20 81       	ld	r18, Z
     7ec:	31 81       	ldd	r19, Z+1	; 0x01
     7ee:	f9 01       	movw	r30, r18
     7f0:	20 81       	ld	r18, Z
     7f2:	42 2f       	mov	r20, r18
     7f4:	29 81       	ldd	r18, Y+1	; 0x01
     7f6:	3a 81       	ldd	r19, Y+2	; 0x02
     7f8:	f9 01       	movw	r30, r18
     7fa:	24 81       	ldd	r18, Z+4	; 0x04
     7fc:	20 95       	com	r18
     7fe:	24 23       	and	r18, r20
     800:	fc 01       	movw	r30, r24
     802:	20 83       	st	Z, r18
	}
     804:	00 00       	nop
     806:	0f 90       	pop	r0
     808:	0f 90       	pop	r0
     80a:	df 91       	pop	r29
     80c:	cf 91       	pop	r28
     80e:	08 95       	ret

00000810 <_ZN3Led2onEv>:
	
	void on() {
     810:	cf 93       	push	r28
     812:	df 93       	push	r29
     814:	00 d0       	rcall	.+0      	; 0x816 <_ZN3Led2onEv+0x6>
     816:	cd b7       	in	r28, 0x3d	; 61
     818:	de b7       	in	r29, 0x3e	; 62
     81a:	9a 83       	std	Y+2, r25	; 0x02
     81c:	89 83       	std	Y+1, r24	; 0x01
		isActive = true;
     81e:	89 81       	ldd	r24, Y+1	; 0x01
     820:	9a 81       	ldd	r25, Y+2	; 0x02
     822:	21 e0       	ldi	r18, 0x01	; 1
     824:	fc 01       	movw	r30, r24
     826:	25 87       	std	Z+13, r18	; 0x0d
		*portReg |= mask;
     828:	89 81       	ldd	r24, Y+1	; 0x01
     82a:	9a 81       	ldd	r25, Y+2	; 0x02
     82c:	fc 01       	movw	r30, r24
     82e:	80 81       	ld	r24, Z
     830:	91 81       	ldd	r25, Z+1	; 0x01
     832:	29 81       	ldd	r18, Y+1	; 0x01
     834:	3a 81       	ldd	r19, Y+2	; 0x02
     836:	f9 01       	movw	r30, r18
     838:	20 81       	ld	r18, Z
     83a:	31 81       	ldd	r19, Z+1	; 0x01
     83c:	f9 01       	movw	r30, r18
     83e:	40 81       	ld	r20, Z
     840:	29 81       	ldd	r18, Y+1	; 0x01
     842:	3a 81       	ldd	r19, Y+2	; 0x02
     844:	f9 01       	movw	r30, r18
     846:	24 81       	ldd	r18, Z+4	; 0x04
     848:	24 2b       	or	r18, r20
     84a:	fc 01       	movw	r30, r24
     84c:	20 83       	st	Z, r18
	}
     84e:	00 00       	nop
     850:	0f 90       	pop	r0
     852:	0f 90       	pop	r0
     854:	df 91       	pop	r29
     856:	cf 91       	pop	r28
     858:	08 95       	ret

0000085a <_ZN3Led3offEv>:
	
	void off() {
     85a:	cf 93       	push	r28
     85c:	df 93       	push	r29
     85e:	00 d0       	rcall	.+0      	; 0x860 <_ZN3Led3offEv+0x6>
     860:	cd b7       	in	r28, 0x3d	; 61
     862:	de b7       	in	r29, 0x3e	; 62
     864:	9a 83       	std	Y+2, r25	; 0x02
     866:	89 83       	std	Y+1, r24	; 0x01
		isActive = false;
     868:	89 81       	ldd	r24, Y+1	; 0x01
     86a:	9a 81       	ldd	r25, Y+2	; 0x02
     86c:	fc 01       	movw	r30, r24
     86e:	15 86       	std	Z+13, r1	; 0x0d
		*portReg &= ~mask;
     870:	89 81       	ldd	r24, Y+1	; 0x01
     872:	9a 81       	ldd	r25, Y+2	; 0x02
     874:	fc 01       	movw	r30, r24
     876:	80 81       	ld	r24, Z
     878:	91 81       	ldd	r25, Z+1	; 0x01
     87a:	29 81       	ldd	r18, Y+1	; 0x01
     87c:	3a 81       	ldd	r19, Y+2	; 0x02
     87e:	f9 01       	movw	r30, r18
     880:	20 81       	ld	r18, Z
     882:	31 81       	ldd	r19, Z+1	; 0x01
     884:	f9 01       	movw	r30, r18
     886:	20 81       	ld	r18, Z
     888:	42 2f       	mov	r20, r18
     88a:	29 81       	ldd	r18, Y+1	; 0x01
     88c:	3a 81       	ldd	r19, Y+2	; 0x02
     88e:	f9 01       	movw	r30, r18
     890:	24 81       	ldd	r18, Z+4	; 0x04
     892:	20 95       	com	r18
     894:	24 23       	and	r18, r20
     896:	fc 01       	movw	r30, r24
     898:	20 83       	st	Z, r18
	}
     89a:	00 00       	nop
     89c:	0f 90       	pop	r0
     89e:	0f 90       	pop	r0
     8a0:	df 91       	pop	r29
     8a2:	cf 91       	pop	r28
     8a4:	08 95       	ret

000008a6 <_ZN3Led6toggleEv>:
	
	void toggle() {
     8a6:	cf 93       	push	r28
     8a8:	df 93       	push	r29
     8aa:	00 d0       	rcall	.+0      	; 0x8ac <_ZN3Led6toggleEv+0x6>
     8ac:	cd b7       	in	r28, 0x3d	; 61
     8ae:	de b7       	in	r29, 0x3e	; 62
     8b0:	9a 83       	std	Y+2, r25	; 0x02
     8b2:	89 83       	std	Y+1, r24	; 0x01
		*portReg ^= mask;
     8b4:	89 81       	ldd	r24, Y+1	; 0x01
     8b6:	9a 81       	ldd	r25, Y+2	; 0x02
     8b8:	fc 01       	movw	r30, r24
     8ba:	80 81       	ld	r24, Z
     8bc:	91 81       	ldd	r25, Z+1	; 0x01
     8be:	29 81       	ldd	r18, Y+1	; 0x01
     8c0:	3a 81       	ldd	r19, Y+2	; 0x02
     8c2:	f9 01       	movw	r30, r18
     8c4:	20 81       	ld	r18, Z
     8c6:	31 81       	ldd	r19, Z+1	; 0x01
     8c8:	f9 01       	movw	r30, r18
     8ca:	40 81       	ld	r20, Z
     8cc:	29 81       	ldd	r18, Y+1	; 0x01
     8ce:	3a 81       	ldd	r19, Y+2	; 0x02
     8d0:	f9 01       	movw	r30, r18
     8d2:	24 81       	ldd	r18, Z+4	; 0x04
     8d4:	24 27       	eor	r18, r20
     8d6:	fc 01       	movw	r30, r24
     8d8:	20 83       	st	Z, r18
	}
     8da:	00 00       	nop
     8dc:	0f 90       	pop	r0
     8de:	0f 90       	pop	r0
     8e0:	df 91       	pop	r29
     8e2:	cf 91       	pop	r28
     8e4:	08 95       	ret

000008e6 <_ZN3Led6updateEmb>:
	
	void update(uint32_t currentTime, bool lastTurn) {
     8e6:	cf 93       	push	r28
     8e8:	df 93       	push	r29
     8ea:	cd b7       	in	r28, 0x3d	; 61
     8ec:	de b7       	in	r29, 0x3e	; 62
     8ee:	27 97       	sbiw	r28, 0x07	; 7
     8f0:	0f b6       	in	r0, 0x3f	; 63
     8f2:	f8 94       	cli
     8f4:	de bf       	out	0x3e, r29	; 62
     8f6:	0f be       	out	0x3f, r0	; 63
     8f8:	cd bf       	out	0x3d, r28	; 61
     8fa:	9a 83       	std	Y+2, r25	; 0x02
     8fc:	89 83       	std	Y+1, r24	; 0x01
     8fe:	4b 83       	std	Y+3, r20	; 0x03
     900:	5c 83       	std	Y+4, r21	; 0x04
     902:	6d 83       	std	Y+5, r22	; 0x05
     904:	7e 83       	std	Y+6, r23	; 0x06
     906:	2f 83       	std	Y+7, r18	; 0x07
		// Parpadeo de �ltimo turno
		if(isActive) {	
     908:	89 81       	ldd	r24, Y+1	; 0x01
     90a:	9a 81       	ldd	r25, Y+2	; 0x02
     90c:	fc 01       	movw	r30, r24
     90e:	85 85       	ldd	r24, Z+13	; 0x0d
     910:	88 23       	and	r24, r24
     912:	09 f4       	brne	.+2      	; 0x916 <_ZN3Led6updateEmb+0x30>
     914:	42 c0       	rjmp	.+132    	; 0x99a <_ZN3Led6updateEmb+0xb4>
			if (lastTurn) {
     916:	8f 81       	ldd	r24, Y+7	; 0x07
     918:	88 23       	and	r24, r24
     91a:	59 f1       	breq	.+86     	; 0x972 <_ZN3Led6updateEmb+0x8c>
				if (currentTime - lastTime >= blinkInterval) {
     91c:	89 81       	ldd	r24, Y+1	; 0x01
     91e:	9a 81       	ldd	r25, Y+2	; 0x02
     920:	fc 01       	movw	r30, r24
     922:	85 81       	ldd	r24, Z+5	; 0x05
     924:	96 81       	ldd	r25, Z+6	; 0x06
     926:	a7 81       	ldd	r26, Z+7	; 0x07
     928:	b0 85       	ldd	r27, Z+8	; 0x08
     92a:	2b 81       	ldd	r18, Y+3	; 0x03
     92c:	3c 81       	ldd	r19, Y+4	; 0x04
     92e:	4d 81       	ldd	r20, Y+5	; 0x05
     930:	5e 81       	ldd	r21, Y+6	; 0x06
     932:	28 1b       	sub	r18, r24
     934:	39 0b       	sbc	r19, r25
     936:	4a 0b       	sbc	r20, r26
     938:	5b 0b       	sbc	r21, r27
     93a:	89 81       	ldd	r24, Y+1	; 0x01
     93c:	9a 81       	ldd	r25, Y+2	; 0x02
     93e:	fc 01       	movw	r30, r24
     940:	81 85       	ldd	r24, Z+9	; 0x09
     942:	92 85       	ldd	r25, Z+10	; 0x0a
     944:	a3 85       	ldd	r26, Z+11	; 0x0b
     946:	b4 85       	ldd	r27, Z+12	; 0x0c
     948:	28 17       	cp	r18, r24
     94a:	39 07       	cpc	r19, r25
     94c:	4a 07       	cpc	r20, r26
     94e:	5b 07       	cpc	r21, r27
     950:	c8 f1       	brcs	.+114    	; 0x9c4 <_ZN3Led6updateEmb+0xde>
					toggle();
     952:	89 81       	ldd	r24, Y+1	; 0x01
     954:	9a 81       	ldd	r25, Y+2	; 0x02
     956:	0e 94 53 04 	call	0x8a6	; 0x8a6 <_ZN3Led6toggleEv>
					lastTime = currentTime;
     95a:	29 81       	ldd	r18, Y+1	; 0x01
     95c:	3a 81       	ldd	r19, Y+2	; 0x02
     95e:	8b 81       	ldd	r24, Y+3	; 0x03
     960:	9c 81       	ldd	r25, Y+4	; 0x04
     962:	ad 81       	ldd	r26, Y+5	; 0x05
     964:	be 81       	ldd	r27, Y+6	; 0x06
     966:	f9 01       	movw	r30, r18
     968:	85 83       	std	Z+5, r24	; 0x05
     96a:	96 83       	std	Z+6, r25	; 0x06
     96c:	a7 83       	std	Z+7, r26	; 0x07
     96e:	b0 87       	std	Z+8, r27	; 0x08
				*portReg |= mask;
			}
		} else {
			*portReg &= ~mask;
		}
	}
     970:	29 c0       	rjmp	.+82     	; 0x9c4 <_ZN3Led6updateEmb+0xde>
				if (currentTime - lastTime >= blinkInterval) {
					toggle();
					lastTime = currentTime;
				}
			} else {
				*portReg |= mask;
     972:	89 81       	ldd	r24, Y+1	; 0x01
     974:	9a 81       	ldd	r25, Y+2	; 0x02
     976:	fc 01       	movw	r30, r24
     978:	80 81       	ld	r24, Z
     97a:	91 81       	ldd	r25, Z+1	; 0x01
     97c:	29 81       	ldd	r18, Y+1	; 0x01
     97e:	3a 81       	ldd	r19, Y+2	; 0x02
     980:	f9 01       	movw	r30, r18
     982:	20 81       	ld	r18, Z
     984:	31 81       	ldd	r19, Z+1	; 0x01
     986:	f9 01       	movw	r30, r18
     988:	40 81       	ld	r20, Z
     98a:	29 81       	ldd	r18, Y+1	; 0x01
     98c:	3a 81       	ldd	r19, Y+2	; 0x02
     98e:	f9 01       	movw	r30, r18
     990:	24 81       	ldd	r18, Z+4	; 0x04
     992:	24 2b       	or	r18, r20
     994:	fc 01       	movw	r30, r24
     996:	20 83       	st	Z, r18
			}
		} else {
			*portReg &= ~mask;
		}
	}
     998:	15 c0       	rjmp	.+42     	; 0x9c4 <_ZN3Led6updateEmb+0xde>
				}
			} else {
				*portReg |= mask;
			}
		} else {
			*portReg &= ~mask;
     99a:	89 81       	ldd	r24, Y+1	; 0x01
     99c:	9a 81       	ldd	r25, Y+2	; 0x02
     99e:	fc 01       	movw	r30, r24
     9a0:	80 81       	ld	r24, Z
     9a2:	91 81       	ldd	r25, Z+1	; 0x01
     9a4:	29 81       	ldd	r18, Y+1	; 0x01
     9a6:	3a 81       	ldd	r19, Y+2	; 0x02
     9a8:	f9 01       	movw	r30, r18
     9aa:	20 81       	ld	r18, Z
     9ac:	31 81       	ldd	r19, Z+1	; 0x01
     9ae:	f9 01       	movw	r30, r18
     9b0:	20 81       	ld	r18, Z
     9b2:	42 2f       	mov	r20, r18
     9b4:	29 81       	ldd	r18, Y+1	; 0x01
     9b6:	3a 81       	ldd	r19, Y+2	; 0x02
     9b8:	f9 01       	movw	r30, r18
     9ba:	24 81       	ldd	r18, Z+4	; 0x04
     9bc:	20 95       	com	r18
     9be:	24 23       	and	r18, r20
     9c0:	fc 01       	movw	r30, r24
     9c2:	20 83       	st	Z, r18
		}
	}
     9c4:	00 00       	nop
     9c6:	27 96       	adiw	r28, 0x07	; 7
     9c8:	0f b6       	in	r0, 0x3f	; 63
     9ca:	f8 94       	cli
     9cc:	de bf       	out	0x3e, r29	; 62
     9ce:	0f be       	out	0x3f, r0	; 63
     9d0:	cd bf       	out	0x3d, r28	; 61
     9d2:	df 91       	pop	r29
     9d4:	cf 91       	pop	r28
     9d6:	08 95       	ret

000009d8 <_ZN11LimitSwitchC1EPVhS1_S1_h>:
    bool stableState;   // Último estado estable confirmado
    bool flagPressed;   // Flanco de subida pendiente de consumir
	uint32_t lastSampleTime;

    public:
    LimitSwitch(volatile uint8_t* pinR, volatile uint8_t* portR, volatile uint8_t* ddrR, uint8_t m) {
     9d8:	0f 93       	push	r16
     9da:	cf 93       	push	r28
     9dc:	df 93       	push	r29
     9de:	cd b7       	in	r28, 0x3d	; 61
     9e0:	de b7       	in	r29, 0x3e	; 62
     9e2:	29 97       	sbiw	r28, 0x09	; 9
     9e4:	0f b6       	in	r0, 0x3f	; 63
     9e6:	f8 94       	cli
     9e8:	de bf       	out	0x3e, r29	; 62
     9ea:	0f be       	out	0x3f, r0	; 63
     9ec:	cd bf       	out	0x3d, r28	; 61
     9ee:	9a 83       	std	Y+2, r25	; 0x02
     9f0:	89 83       	std	Y+1, r24	; 0x01
     9f2:	7c 83       	std	Y+4, r23	; 0x04
     9f4:	6b 83       	std	Y+3, r22	; 0x03
     9f6:	5e 83       	std	Y+6, r21	; 0x06
     9f8:	4d 83       	std	Y+5, r20	; 0x05
     9fa:	38 87       	std	Y+8, r19	; 0x08
     9fc:	2f 83       	std	Y+7, r18	; 0x07
     9fe:	09 87       	std	Y+9, r16	; 0x09
		pinReg = pinR;
     a00:	89 81       	ldd	r24, Y+1	; 0x01
     a02:	9a 81       	ldd	r25, Y+2	; 0x02
     a04:	2b 81       	ldd	r18, Y+3	; 0x03
     a06:	3c 81       	ldd	r19, Y+4	; 0x04
     a08:	fc 01       	movw	r30, r24
     a0a:	31 83       	std	Z+1, r19	; 0x01
     a0c:	20 83       	st	Z, r18
		portReg = portR;
     a0e:	89 81       	ldd	r24, Y+1	; 0x01
     a10:	9a 81       	ldd	r25, Y+2	; 0x02
     a12:	2d 81       	ldd	r18, Y+5	; 0x05
     a14:	3e 81       	ldd	r19, Y+6	; 0x06
     a16:	fc 01       	movw	r30, r24
     a18:	33 83       	std	Z+3, r19	; 0x03
     a1a:	22 83       	std	Z+2, r18	; 0x02
		ddrReg = ddrR;
     a1c:	89 81       	ldd	r24, Y+1	; 0x01
     a1e:	9a 81       	ldd	r25, Y+2	; 0x02
     a20:	2f 81       	ldd	r18, Y+7	; 0x07
     a22:	38 85       	ldd	r19, Y+8	; 0x08
     a24:	fc 01       	movw	r30, r24
     a26:	35 83       	std	Z+5, r19	; 0x05
     a28:	24 83       	std	Z+4, r18	; 0x04
		mask = m;
     a2a:	89 81       	ldd	r24, Y+1	; 0x01
     a2c:	9a 81       	ldd	r25, Y+2	; 0x02
     a2e:	29 85       	ldd	r18, Y+9	; 0x09
     a30:	fc 01       	movw	r30, r24
     a32:	26 83       	std	Z+6, r18	; 0x06
		
		counter = 0;
     a34:	89 81       	ldd	r24, Y+1	; 0x01
     a36:	9a 81       	ldd	r25, Y+2	; 0x02
     a38:	fc 01       	movw	r30, r24
     a3a:	17 82       	std	Z+7, r1	; 0x07
		stableState = false;
     a3c:	89 81       	ldd	r24, Y+1	; 0x01
     a3e:	9a 81       	ldd	r25, Y+2	; 0x02
     a40:	fc 01       	movw	r30, r24
     a42:	10 86       	std	Z+8, r1	; 0x08
		flagPressed = false;
     a44:	89 81       	ldd	r24, Y+1	; 0x01
     a46:	9a 81       	ldd	r25, Y+2	; 0x02
     a48:	fc 01       	movw	r30, r24
     a4a:	11 86       	std	Z+9, r1	; 0x09
		lastSampleTime = 0;
     a4c:	89 81       	ldd	r24, Y+1	; 0x01
     a4e:	9a 81       	ldd	r25, Y+2	; 0x02
     a50:	fc 01       	movw	r30, r24
     a52:	12 86       	std	Z+10, r1	; 0x0a
     a54:	13 86       	std	Z+11, r1	; 0x0b
     a56:	14 86       	std	Z+12, r1	; 0x0c
     a58:	15 86       	std	Z+13, r1	; 0x0d
	}
     a5a:	00 00       	nop
     a5c:	29 96       	adiw	r28, 0x09	; 9
     a5e:	0f b6       	in	r0, 0x3f	; 63
     a60:	f8 94       	cli
     a62:	de bf       	out	0x3e, r29	; 62
     a64:	0f be       	out	0x3f, r0	; 63
     a66:	cd bf       	out	0x3d, r28	; 61
     a68:	df 91       	pop	r29
     a6a:	cf 91       	pop	r28
     a6c:	0f 91       	pop	r16
     a6e:	08 95       	ret

00000a70 <_ZN11LimitSwitch4initEv>:
    
    void init() {
     a70:	cf 93       	push	r28
     a72:	df 93       	push	r29
     a74:	00 d0       	rcall	.+0      	; 0xa76 <_ZN11LimitSwitch4initEv+0x6>
     a76:	cd b7       	in	r28, 0x3d	; 61
     a78:	de b7       	in	r29, 0x3e	; 62
     a7a:	9a 83       	std	Y+2, r25	; 0x02
     a7c:	89 83       	std	Y+1, r24	; 0x01
        *ddrReg &= ~mask; // Input
     a7e:	89 81       	ldd	r24, Y+1	; 0x01
     a80:	9a 81       	ldd	r25, Y+2	; 0x02
     a82:	fc 01       	movw	r30, r24
     a84:	84 81       	ldd	r24, Z+4	; 0x04
     a86:	95 81       	ldd	r25, Z+5	; 0x05
     a88:	29 81       	ldd	r18, Y+1	; 0x01
     a8a:	3a 81       	ldd	r19, Y+2	; 0x02
     a8c:	f9 01       	movw	r30, r18
     a8e:	24 81       	ldd	r18, Z+4	; 0x04
     a90:	35 81       	ldd	r19, Z+5	; 0x05
     a92:	f9 01       	movw	r30, r18
     a94:	20 81       	ld	r18, Z
     a96:	42 2f       	mov	r20, r18
     a98:	29 81       	ldd	r18, Y+1	; 0x01
     a9a:	3a 81       	ldd	r19, Y+2	; 0x02
     a9c:	f9 01       	movw	r30, r18
     a9e:	26 81       	ldd	r18, Z+6	; 0x06
     aa0:	20 95       	com	r18
     aa2:	24 23       	and	r18, r20
     aa4:	fc 01       	movw	r30, r24
     aa6:	20 83       	st	Z, r18
        *portReg |= mask; // Pull-up
     aa8:	89 81       	ldd	r24, Y+1	; 0x01
     aaa:	9a 81       	ldd	r25, Y+2	; 0x02
     aac:	fc 01       	movw	r30, r24
     aae:	82 81       	ldd	r24, Z+2	; 0x02
     ab0:	93 81       	ldd	r25, Z+3	; 0x03
     ab2:	29 81       	ldd	r18, Y+1	; 0x01
     ab4:	3a 81       	ldd	r19, Y+2	; 0x02
     ab6:	f9 01       	movw	r30, r18
     ab8:	22 81       	ldd	r18, Z+2	; 0x02
     aba:	33 81       	ldd	r19, Z+3	; 0x03
     abc:	f9 01       	movw	r30, r18
     abe:	40 81       	ld	r20, Z
     ac0:	29 81       	ldd	r18, Y+1	; 0x01
     ac2:	3a 81       	ldd	r19, Y+2	; 0x02
     ac4:	f9 01       	movw	r30, r18
     ac6:	26 81       	ldd	r18, Z+6	; 0x06
     ac8:	24 2b       	or	r18, r20
     aca:	fc 01       	movw	r30, r24
     acc:	20 83       	st	Z, r18
    }
     ace:	00 00       	nop
     ad0:	0f 90       	pop	r0
     ad2:	0f 90       	pop	r0
     ad4:	df 91       	pop	r29
     ad6:	cf 91       	pop	r28
     ad8:	08 95       	ret

00000ada <_ZN11LimitSwitch6updateEm>:
    
    void update(uint32_t currentTime) {
     ada:	cf 93       	push	r28
     adc:	df 93       	push	r29
     ade:	cd b7       	in	r28, 0x3d	; 61
     ae0:	de b7       	in	r29, 0x3e	; 62
     ae2:	27 97       	sbiw	r28, 0x07	; 7
     ae4:	0f b6       	in	r0, 0x3f	; 63
     ae6:	f8 94       	cli
     ae8:	de bf       	out	0x3e, r29	; 62
     aea:	0f be       	out	0x3f, r0	; 63
     aec:	cd bf       	out	0x3d, r28	; 61
     aee:	9b 83       	std	Y+3, r25	; 0x03
     af0:	8a 83       	std	Y+2, r24	; 0x02
     af2:	4c 83       	std	Y+4, r20	; 0x04
     af4:	5d 83       	std	Y+5, r21	; 0x05
     af6:	6e 83       	std	Y+6, r22	; 0x06
     af8:	7f 83       	std	Y+7, r23	; 0x07
        if (currentTime == lastSampleTime) return; // Evitar muestrear más de una vez por ms
     afa:	8a 81       	ldd	r24, Y+2	; 0x02
     afc:	9b 81       	ldd	r25, Y+3	; 0x03
     afe:	fc 01       	movw	r30, r24
     b00:	22 85       	ldd	r18, Z+10	; 0x0a
     b02:	33 85       	ldd	r19, Z+11	; 0x0b
     b04:	44 85       	ldd	r20, Z+12	; 0x0c
     b06:	55 85       	ldd	r21, Z+13	; 0x0d
     b08:	8c 81       	ldd	r24, Y+4	; 0x04
     b0a:	9d 81       	ldd	r25, Y+5	; 0x05
     b0c:	ae 81       	ldd	r26, Y+6	; 0x06
     b0e:	bf 81       	ldd	r27, Y+7	; 0x07
     b10:	28 17       	cp	r18, r24
     b12:	39 07       	cpc	r19, r25
     b14:	4a 07       	cpc	r20, r26
     b16:	5b 07       	cpc	r21, r27
     b18:	09 f4       	brne	.+2      	; 0xb1c <_ZN11LimitSwitch6updateEm+0x42>
     b1a:	6f c0       	rjmp	.+222    	; 0xbfa <_ZN11LimitSwitch6updateEm+0x120>
        lastSampleTime = currentTime;
     b1c:	2a 81       	ldd	r18, Y+2	; 0x02
     b1e:	3b 81       	ldd	r19, Y+3	; 0x03
     b20:	8c 81       	ldd	r24, Y+4	; 0x04
     b22:	9d 81       	ldd	r25, Y+5	; 0x05
     b24:	ae 81       	ldd	r26, Y+6	; 0x06
     b26:	bf 81       	ldd	r27, Y+7	; 0x07
     b28:	f9 01       	movw	r30, r18
     b2a:	82 87       	std	Z+10, r24	; 0x0a
     b2c:	93 87       	std	Z+11, r25	; 0x0b
     b2e:	a4 87       	std	Z+12, r26	; 0x0c
     b30:	b5 87       	std	Z+13, r27	; 0x0d

        // Leer estado actual (lógica invertida por pull-up)
        bool reading = !(*pinReg & mask);
     b32:	8a 81       	ldd	r24, Y+2	; 0x02
     b34:	9b 81       	ldd	r25, Y+3	; 0x03
     b36:	fc 01       	movw	r30, r24
     b38:	80 81       	ld	r24, Z
     b3a:	91 81       	ldd	r25, Z+1	; 0x01
     b3c:	fc 01       	movw	r30, r24
     b3e:	20 81       	ld	r18, Z
     b40:	8a 81       	ldd	r24, Y+2	; 0x02
     b42:	9b 81       	ldd	r25, Y+3	; 0x03
     b44:	fc 01       	movw	r30, r24
     b46:	86 81       	ldd	r24, Z+6	; 0x06
     b48:	92 2f       	mov	r25, r18
     b4a:	98 23       	and	r25, r24
     b4c:	81 e0       	ldi	r24, 0x01	; 1
     b4e:	99 23       	and	r25, r25
     b50:	09 f0       	breq	.+2      	; 0xb54 <_ZN11LimitSwitch6updateEm+0x7a>
     b52:	80 e0       	ldi	r24, 0x00	; 0
     b54:	89 83       	std	Y+1, r24	; 0x01

        // Integrador saturante
        if(reading && counter < SAMPLES) counter++;
     b56:	89 81       	ldd	r24, Y+1	; 0x01
     b58:	88 23       	and	r24, r24
     b5a:	89 f0       	breq	.+34     	; 0xb7e <_ZN11LimitSwitch6updateEm+0xa4>
     b5c:	8a 81       	ldd	r24, Y+2	; 0x02
     b5e:	9b 81       	ldd	r25, Y+3	; 0x03
     b60:	fc 01       	movw	r30, r24
     b62:	87 81       	ldd	r24, Z+7	; 0x07
     b64:	8a 30       	cpi	r24, 0x0A	; 10
     b66:	58 f4       	brcc	.+22     	; 0xb7e <_ZN11LimitSwitch6updateEm+0xa4>
     b68:	8a 81       	ldd	r24, Y+2	; 0x02
     b6a:	9b 81       	ldd	r25, Y+3	; 0x03
     b6c:	fc 01       	movw	r30, r24
     b6e:	87 81       	ldd	r24, Z+7	; 0x07
     b70:	21 e0       	ldi	r18, 0x01	; 1
     b72:	28 0f       	add	r18, r24
     b74:	8a 81       	ldd	r24, Y+2	; 0x02
     b76:	9b 81       	ldd	r25, Y+3	; 0x03
     b78:	fc 01       	movw	r30, r24
     b7a:	27 83       	std	Z+7, r18	; 0x07
     b7c:	15 c0       	rjmp	.+42     	; 0xba8 <_ZN11LimitSwitch6updateEm+0xce>
        else if(!reading && counter > 0) counter--;
     b7e:	99 81       	ldd	r25, Y+1	; 0x01
     b80:	81 e0       	ldi	r24, 0x01	; 1
     b82:	89 27       	eor	r24, r25
     b84:	88 23       	and	r24, r24
     b86:	81 f0       	breq	.+32     	; 0xba8 <_ZN11LimitSwitch6updateEm+0xce>
     b88:	8a 81       	ldd	r24, Y+2	; 0x02
     b8a:	9b 81       	ldd	r25, Y+3	; 0x03
     b8c:	fc 01       	movw	r30, r24
     b8e:	87 81       	ldd	r24, Z+7	; 0x07
     b90:	88 23       	and	r24, r24
     b92:	51 f0       	breq	.+20     	; 0xba8 <_ZN11LimitSwitch6updateEm+0xce>
     b94:	8a 81       	ldd	r24, Y+2	; 0x02
     b96:	9b 81       	ldd	r25, Y+3	; 0x03
     b98:	fc 01       	movw	r30, r24
     b9a:	87 81       	ldd	r24, Z+7	; 0x07
     b9c:	2f ef       	ldi	r18, 0xFF	; 255
     b9e:	28 0f       	add	r18, r24
     ba0:	8a 81       	ldd	r24, Y+2	; 0x02
     ba2:	9b 81       	ldd	r25, Y+3	; 0x03
     ba4:	fc 01       	movw	r30, r24
     ba6:	27 83       	std	Z+7, r18	; 0x07

        // Flanco descendente (pulsado->suelto)
        if (stableState && counter == 0) {
     ba8:	8a 81       	ldd	r24, Y+2	; 0x02
     baa:	9b 81       	ldd	r25, Y+3	; 0x03
     bac:	fc 01       	movw	r30, r24
     bae:	80 85       	ldd	r24, Z+8	; 0x08
     bb0:	88 23       	and	r24, r24
     bb2:	51 f0       	breq	.+20     	; 0xbc8 <_ZN11LimitSwitch6updateEm+0xee>
     bb4:	8a 81       	ldd	r24, Y+2	; 0x02
     bb6:	9b 81       	ldd	r25, Y+3	; 0x03
     bb8:	fc 01       	movw	r30, r24
     bba:	87 81       	ldd	r24, Z+7	; 0x07
     bbc:	88 23       	and	r24, r24
     bbe:	21 f4       	brne	.+8      	; 0xbc8 <_ZN11LimitSwitch6updateEm+0xee>
            stableState = false;
     bc0:	8a 81       	ldd	r24, Y+2	; 0x02
     bc2:	9b 81       	ldd	r25, Y+3	; 0x03
     bc4:	fc 01       	movw	r30, r24
     bc6:	10 86       	std	Z+8, r1	; 0x08
        }

        // Flanco ascendente (suelto->pulsado)
        if (!stableState && counter == SAMPLES) {
     bc8:	8a 81       	ldd	r24, Y+2	; 0x02
     bca:	9b 81       	ldd	r25, Y+3	; 0x03
     bcc:	fc 01       	movw	r30, r24
     bce:	90 85       	ldd	r25, Z+8	; 0x08
     bd0:	81 e0       	ldi	r24, 0x01	; 1
     bd2:	89 27       	eor	r24, r25
     bd4:	88 23       	and	r24, r24
     bd6:	91 f0       	breq	.+36     	; 0xbfc <_ZN11LimitSwitch6updateEm+0x122>
     bd8:	8a 81       	ldd	r24, Y+2	; 0x02
     bda:	9b 81       	ldd	r25, Y+3	; 0x03
     bdc:	fc 01       	movw	r30, r24
     bde:	87 81       	ldd	r24, Z+7	; 0x07
     be0:	8a 30       	cpi	r24, 0x0A	; 10
     be2:	61 f4       	brne	.+24     	; 0xbfc <_ZN11LimitSwitch6updateEm+0x122>
            stableState = true;
     be4:	8a 81       	ldd	r24, Y+2	; 0x02
     be6:	9b 81       	ldd	r25, Y+3	; 0x03
     be8:	21 e0       	ldi	r18, 0x01	; 1
     bea:	fc 01       	movw	r30, r24
     bec:	20 87       	std	Z+8, r18	; 0x08
            flagPressed = true; // Marcar que se ha detectado un nuevo pulso
     bee:	8a 81       	ldd	r24, Y+2	; 0x02
     bf0:	9b 81       	ldd	r25, Y+3	; 0x03
     bf2:	21 e0       	ldi	r18, 0x01	; 1
     bf4:	fc 01       	movw	r30, r24
     bf6:	21 87       	std	Z+9, r18	; 0x09
     bf8:	01 c0       	rjmp	.+2      	; 0xbfc <_ZN11LimitSwitch6updateEm+0x122>
        *ddrReg &= ~mask; // Input
        *portReg |= mask; // Pull-up
    }
    
    void update(uint32_t currentTime) {
        if (currentTime == lastSampleTime) return; // Evitar muestrear más de una vez por ms
     bfa:	00 00       	nop
        // Flanco ascendente (suelto->pulsado)
        if (!stableState && counter == SAMPLES) {
            stableState = true;
            flagPressed = true; // Marcar que se ha detectado un nuevo pulso
        }
    }
     bfc:	27 96       	adiw	r28, 0x07	; 7
     bfe:	0f b6       	in	r0, 0x3f	; 63
     c00:	f8 94       	cli
     c02:	de bf       	out	0x3e, r29	; 62
     c04:	0f be       	out	0x3f, r0	; 63
     c06:	cd bf       	out	0x3d, r28	; 61
     c08:	df 91       	pop	r29
     c0a:	cf 91       	pop	r28
     c0c:	08 95       	ret

00000c0e <_ZN11LimitSwitch9isPressedEv>:

    bool isPressed() {
     c0e:	cf 93       	push	r28
     c10:	df 93       	push	r29
     c12:	00 d0       	rcall	.+0      	; 0xc14 <_ZN11LimitSwitch9isPressedEv+0x6>
     c14:	cd b7       	in	r28, 0x3d	; 61
     c16:	de b7       	in	r29, 0x3e	; 62
     c18:	9a 83       	std	Y+2, r25	; 0x02
     c1a:	89 83       	std	Y+1, r24	; 0x01
        return stableState;
     c1c:	89 81       	ldd	r24, Y+1	; 0x01
     c1e:	9a 81       	ldd	r25, Y+2	; 0x02
     c20:	fc 01       	movw	r30, r24
     c22:	80 85       	ldd	r24, Z+8	; 0x08
    }
     c24:	0f 90       	pop	r0
     c26:	0f 90       	pop	r0
     c28:	df 91       	pop	r29
     c2a:	cf 91       	pop	r28
     c2c:	08 95       	ret

00000c2e <_ZN11LimitSwitch12consumePressEv>:

    bool consumePress() {
     c2e:	cf 93       	push	r28
     c30:	df 93       	push	r29
     c32:	00 d0       	rcall	.+0      	; 0xc34 <_ZN11LimitSwitch12consumePressEv+0x6>
     c34:	cd b7       	in	r28, 0x3d	; 61
     c36:	de b7       	in	r29, 0x3e	; 62
     c38:	9a 83       	std	Y+2, r25	; 0x02
     c3a:	89 83       	std	Y+1, r24	; 0x01
        if (flagPressed) {
     c3c:	89 81       	ldd	r24, Y+1	; 0x01
     c3e:	9a 81       	ldd	r25, Y+2	; 0x02
     c40:	fc 01       	movw	r30, r24
     c42:	81 85       	ldd	r24, Z+9	; 0x09
     c44:	88 23       	and	r24, r24
     c46:	31 f0       	breq	.+12     	; 0xc54 <_ZN11LimitSwitch12consumePressEv+0x26>
            flagPressed = false; // Consumir el flanco detectado
     c48:	89 81       	ldd	r24, Y+1	; 0x01
     c4a:	9a 81       	ldd	r25, Y+2	; 0x02
     c4c:	fc 01       	movw	r30, r24
     c4e:	11 86       	std	Z+9, r1	; 0x09
            return true;
     c50:	81 e0       	ldi	r24, 0x01	; 1
     c52:	01 c0       	rjmp	.+2      	; 0xc56 <_ZN11LimitSwitch12consumePressEv+0x28>
        }
        return false;
     c54:	80 e0       	ldi	r24, 0x00	; 0
    }
     c56:	0f 90       	pop	r0
     c58:	0f 90       	pop	r0
     c5a:	df 91       	pop	r29
     c5c:	cf 91       	pop	r28
     c5e:	08 95       	ret

00000c60 <_ZN11LimitSwitch13forceReleasedEv>:
        counter = SAMPLES; // Forzar estado presionado
        stableState = true;
        flagPressed = false; // No genera evento, ya lo sabemos.
    }

    void forceReleased() {
     c60:	cf 93       	push	r28
     c62:	df 93       	push	r29
     c64:	00 d0       	rcall	.+0      	; 0xc66 <_ZN11LimitSwitch13forceReleasedEv+0x6>
     c66:	cd b7       	in	r28, 0x3d	; 61
     c68:	de b7       	in	r29, 0x3e	; 62
     c6a:	9a 83       	std	Y+2, r25	; 0x02
     c6c:	89 83       	std	Y+1, r24	; 0x01
        counter = 0; // Forzar estado suelto
     c6e:	89 81       	ldd	r24, Y+1	; 0x01
     c70:	9a 81       	ldd	r25, Y+2	; 0x02
     c72:	fc 01       	movw	r30, r24
     c74:	17 82       	std	Z+7, r1	; 0x07
        stableState = false;
     c76:	89 81       	ldd	r24, Y+1	; 0x01
     c78:	9a 81       	ldd	r25, Y+2	; 0x02
     c7a:	fc 01       	movw	r30, r24
     c7c:	10 86       	std	Z+8, r1	; 0x08
        flagPressed = false; // No hay pulso pendiente
     c7e:	89 81       	ldd	r24, Y+1	; 0x01
     c80:	9a 81       	ldd	r25, Y+2	; 0x02
     c82:	fc 01       	movw	r30, r24
     c84:	11 86       	std	Z+9, r1	; 0x09
    }
     c86:	00 00       	nop
     c88:	0f 90       	pop	r0
     c8a:	0f 90       	pop	r0
     c8c:	df 91       	pop	r29
     c8e:	cf 91       	pop	r28
     c90:	08 95       	ret

00000c92 <_ZN5MotorC1EPVhS1_hS1_S1_hS1_P11LimitSwitch>:
	bool escaping;
	uint32_t escapeStart;
	uint32_t escapeTimeMs = 300;

	public:
    Motor(volatile uint8_t* pDIR, volatile uint8_t* dDIR, uint8_t mDIR,
     c92:	8f 92       	push	r8
     c94:	9f 92       	push	r9
     c96:	af 92       	push	r10
     c98:	bf 92       	push	r11
     c9a:	cf 92       	push	r12
     c9c:	ef 92       	push	r14
     c9e:	ff 92       	push	r15
     ca0:	0f 93       	push	r16
     ca2:	1f 93       	push	r17
     ca4:	cf 93       	push	r28
     ca6:	df 93       	push	r29
     ca8:	cd b7       	in	r28, 0x3d	; 61
     caa:	de b7       	in	r29, 0x3e	; 62
     cac:	60 97       	sbiw	r28, 0x10	; 16
     cae:	0f b6       	in	r0, 0x3f	; 63
     cb0:	f8 94       	cli
     cb2:	de bf       	out	0x3e, r29	; 62
     cb4:	0f be       	out	0x3f, r0	; 63
     cb6:	cd bf       	out	0x3d, r28	; 61
     cb8:	9a 83       	std	Y+2, r25	; 0x02
     cba:	89 83       	std	Y+1, r24	; 0x01
     cbc:	7c 83       	std	Y+4, r23	; 0x04
     cbe:	6b 83       	std	Y+3, r22	; 0x03
     cc0:	5e 83       	std	Y+6, r21	; 0x06
     cc2:	4d 83       	std	Y+5, r20	; 0x05
     cc4:	2f 83       	std	Y+7, r18	; 0x07
     cc6:	19 87       	std	Y+9, r17	; 0x09
     cc8:	08 87       	std	Y+8, r16	; 0x08
     cca:	fb 86       	std	Y+11, r15	; 0x0b
     ccc:	ea 86       	std	Y+10, r14	; 0x0a
     cce:	cc 86       	std	Y+12, r12	; 0x0c
     cd0:	be 86       	std	Y+14, r11	; 0x0e
     cd2:	ad 86       	std	Y+13, r10	; 0x0d
     cd4:	98 8a       	std	Y+16, r9	; 0x10
     cd6:	8f 86       	std	Y+15, r8	; 0x0f
          volatile uint8_t* pEN,  volatile uint8_t* dEN,  uint8_t mEN,
          volatile uint8_t* rPWM, LimitSwitch* swPtr = nullptr) {
     cd8:	29 81       	ldd	r18, Y+1	; 0x01
     cda:	3a 81       	ldd	r19, Y+2	; 0x02
     cdc:	8c e2       	ldi	r24, 0x2C	; 44
     cde:	91 e0       	ldi	r25, 0x01	; 1
     ce0:	a0 e0       	ldi	r26, 0x00	; 0
     ce2:	b0 e0       	ldi	r27, 0x00	; 0
     ce4:	f9 01       	movw	r30, r18
     ce6:	86 8b       	std	Z+22, r24	; 0x16
     ce8:	97 8b       	std	Z+23, r25	; 0x17
     cea:	a0 8f       	std	Z+24, r26	; 0x18
     cec:	b1 8f       	std	Z+25, r27	; 0x19
		portDIR = pDIR;	ddrDIR = dDIR; maskDIR = mDIR;
     cee:	89 81       	ldd	r24, Y+1	; 0x01
     cf0:	9a 81       	ldd	r25, Y+2	; 0x02
     cf2:	2b 81       	ldd	r18, Y+3	; 0x03
     cf4:	3c 81       	ldd	r19, Y+4	; 0x04
     cf6:	fc 01       	movw	r30, r24
     cf8:	31 83       	std	Z+1, r19	; 0x01
     cfa:	20 83       	st	Z, r18
     cfc:	89 81       	ldd	r24, Y+1	; 0x01
     cfe:	9a 81       	ldd	r25, Y+2	; 0x02
     d00:	2d 81       	ldd	r18, Y+5	; 0x05
     d02:	3e 81       	ldd	r19, Y+6	; 0x06
     d04:	fc 01       	movw	r30, r24
     d06:	33 83       	std	Z+3, r19	; 0x03
     d08:	22 83       	std	Z+2, r18	; 0x02
     d0a:	89 81       	ldd	r24, Y+1	; 0x01
     d0c:	9a 81       	ldd	r25, Y+2	; 0x02
     d0e:	2f 81       	ldd	r18, Y+7	; 0x07
     d10:	fc 01       	movw	r30, r24
     d12:	24 83       	std	Z+4, r18	; 0x04
		portEN	= pEN;	ddrEN  = dEN;  maskEN  = mEN;
     d14:	89 81       	ldd	r24, Y+1	; 0x01
     d16:	9a 81       	ldd	r25, Y+2	; 0x02
     d18:	28 85       	ldd	r18, Y+8	; 0x08
     d1a:	39 85       	ldd	r19, Y+9	; 0x09
     d1c:	fc 01       	movw	r30, r24
     d1e:	36 83       	std	Z+6, r19	; 0x06
     d20:	25 83       	std	Z+5, r18	; 0x05
     d22:	89 81       	ldd	r24, Y+1	; 0x01
     d24:	9a 81       	ldd	r25, Y+2	; 0x02
     d26:	2a 85       	ldd	r18, Y+10	; 0x0a
     d28:	3b 85       	ldd	r19, Y+11	; 0x0b
     d2a:	fc 01       	movw	r30, r24
     d2c:	30 87       	std	Z+8, r19	; 0x08
     d2e:	27 83       	std	Z+7, r18	; 0x07
     d30:	89 81       	ldd	r24, Y+1	; 0x01
     d32:	9a 81       	ldd	r25, Y+2	; 0x02
     d34:	2c 85       	ldd	r18, Y+12	; 0x0c
     d36:	fc 01       	movw	r30, r24
     d38:	21 87       	std	Z+9, r18	; 0x09
		ocrPWM = rPWM;
     d3a:	89 81       	ldd	r24, Y+1	; 0x01
     d3c:	9a 81       	ldd	r25, Y+2	; 0x02
     d3e:	2d 85       	ldd	r18, Y+13	; 0x0d
     d40:	3e 85       	ldd	r19, Y+14	; 0x0e
     d42:	fc 01       	movw	r30, r24
     d44:	33 87       	std	Z+11, r19	; 0x0b
     d46:	22 87       	std	Z+10, r18	; 0x0a
		sw = swPtr;
     d48:	89 81       	ldd	r24, Y+1	; 0x01
     d4a:	9a 81       	ldd	r25, Y+2	; 0x02
     d4c:	2f 85       	ldd	r18, Y+15	; 0x0f
     d4e:	38 89       	ldd	r19, Y+16	; 0x10
     d50:	fc 01       	movw	r30, r24
     d52:	35 87       	std	Z+13, r19	; 0x0d
     d54:	24 87       	std	Z+12, r18	; 0x0c
		moving = false;
     d56:	89 81       	ldd	r24, Y+1	; 0x01
     d58:	9a 81       	ldd	r25, Y+2	; 0x02
     d5a:	fc 01       	movw	r30, r24
     d5c:	16 86       	std	Z+14, r1	; 0x0e
		direction = true;
     d5e:	89 81       	ldd	r24, Y+1	; 0x01
     d60:	9a 81       	ldd	r25, Y+2	; 0x02
     d62:	21 e0       	ldi	r18, 0x01	; 1
     d64:	fc 01       	movw	r30, r24
     d66:	27 87       	std	Z+15, r18	; 0x0f
		lastSide = Side::UNKNOWN;
     d68:	89 81       	ldd	r24, Y+1	; 0x01
     d6a:	9a 81       	ldd	r25, Y+2	; 0x02
     d6c:	fc 01       	movw	r30, r24
     d6e:	10 8a       	std	Z+16, r1	; 0x10
		escaping = false;
     d70:	89 81       	ldd	r24, Y+1	; 0x01
     d72:	9a 81       	ldd	r25, Y+2	; 0x02
     d74:	fc 01       	movw	r30, r24
     d76:	11 8a       	std	Z+17, r1	; 0x11
		escapeStart = 0;
     d78:	89 81       	ldd	r24, Y+1	; 0x01
     d7a:	9a 81       	ldd	r25, Y+2	; 0x02
     d7c:	fc 01       	movw	r30, r24
     d7e:	12 8a       	std	Z+18, r1	; 0x12
     d80:	13 8a       	std	Z+19, r1	; 0x13
     d82:	14 8a       	std	Z+20, r1	; 0x14
     d84:	15 8a       	std	Z+21, r1	; 0x15
	}
     d86:	00 00       	nop
     d88:	60 96       	adiw	r28, 0x10	; 16
     d8a:	0f b6       	in	r0, 0x3f	; 63
     d8c:	f8 94       	cli
     d8e:	de bf       	out	0x3e, r29	; 62
     d90:	0f be       	out	0x3f, r0	; 63
     d92:	cd bf       	out	0x3d, r28	; 61
     d94:	df 91       	pop	r29
     d96:	cf 91       	pop	r28
     d98:	1f 91       	pop	r17
     d9a:	0f 91       	pop	r16
     d9c:	ff 90       	pop	r15
     d9e:	ef 90       	pop	r14
     da0:	cf 90       	pop	r12
     da2:	bf 90       	pop	r11
     da4:	af 90       	pop	r10
     da6:	9f 90       	pop	r9
     da8:	8f 90       	pop	r8
     daa:	08 95       	ret

00000dac <_ZN5Motor4initEv>:

	void init() {
     dac:	cf 93       	push	r28
     dae:	df 93       	push	r29
     db0:	00 d0       	rcall	.+0      	; 0xdb2 <_ZN5Motor4initEv+0x6>
     db2:	cd b7       	in	r28, 0x3d	; 61
     db4:	de b7       	in	r29, 0x3e	; 62
     db6:	9a 83       	std	Y+2, r25	; 0x02
     db8:	89 83       	std	Y+1, r24	; 0x01
		*ddrDIR |= maskDIR;
     dba:	89 81       	ldd	r24, Y+1	; 0x01
     dbc:	9a 81       	ldd	r25, Y+2	; 0x02
     dbe:	fc 01       	movw	r30, r24
     dc0:	82 81       	ldd	r24, Z+2	; 0x02
     dc2:	93 81       	ldd	r25, Z+3	; 0x03
     dc4:	29 81       	ldd	r18, Y+1	; 0x01
     dc6:	3a 81       	ldd	r19, Y+2	; 0x02
     dc8:	f9 01       	movw	r30, r18
     dca:	22 81       	ldd	r18, Z+2	; 0x02
     dcc:	33 81       	ldd	r19, Z+3	; 0x03
     dce:	f9 01       	movw	r30, r18
     dd0:	40 81       	ld	r20, Z
     dd2:	29 81       	ldd	r18, Y+1	; 0x01
     dd4:	3a 81       	ldd	r19, Y+2	; 0x02
     dd6:	f9 01       	movw	r30, r18
     dd8:	24 81       	ldd	r18, Z+4	; 0x04
     dda:	24 2b       	or	r18, r20
     ddc:	fc 01       	movw	r30, r24
     dde:	20 83       	st	Z, r18
		*ddrEN |= maskEN;
     de0:	89 81       	ldd	r24, Y+1	; 0x01
     de2:	9a 81       	ldd	r25, Y+2	; 0x02
     de4:	fc 01       	movw	r30, r24
     de6:	87 81       	ldd	r24, Z+7	; 0x07
     de8:	90 85       	ldd	r25, Z+8	; 0x08
     dea:	29 81       	ldd	r18, Y+1	; 0x01
     dec:	3a 81       	ldd	r19, Y+2	; 0x02
     dee:	f9 01       	movw	r30, r18
     df0:	27 81       	ldd	r18, Z+7	; 0x07
     df2:	30 85       	ldd	r19, Z+8	; 0x08
     df4:	f9 01       	movw	r30, r18
     df6:	40 81       	ld	r20, Z
     df8:	29 81       	ldd	r18, Y+1	; 0x01
     dfa:	3a 81       	ldd	r19, Y+2	; 0x02
     dfc:	f9 01       	movw	r30, r18
     dfe:	21 85       	ldd	r18, Z+9	; 0x09
     e00:	24 2b       	or	r18, r20
     e02:	fc 01       	movw	r30, r24
     e04:	20 83       	st	Z, r18
		*portDIR &= ~maskDIR;
     e06:	89 81       	ldd	r24, Y+1	; 0x01
     e08:	9a 81       	ldd	r25, Y+2	; 0x02
     e0a:	fc 01       	movw	r30, r24
     e0c:	80 81       	ld	r24, Z
     e0e:	91 81       	ldd	r25, Z+1	; 0x01
     e10:	29 81       	ldd	r18, Y+1	; 0x01
     e12:	3a 81       	ldd	r19, Y+2	; 0x02
     e14:	f9 01       	movw	r30, r18
     e16:	20 81       	ld	r18, Z
     e18:	31 81       	ldd	r19, Z+1	; 0x01
     e1a:	f9 01       	movw	r30, r18
     e1c:	20 81       	ld	r18, Z
     e1e:	42 2f       	mov	r20, r18
     e20:	29 81       	ldd	r18, Y+1	; 0x01
     e22:	3a 81       	ldd	r19, Y+2	; 0x02
     e24:	f9 01       	movw	r30, r18
     e26:	24 81       	ldd	r18, Z+4	; 0x04
     e28:	20 95       	com	r18
     e2a:	24 23       	and	r18, r20
     e2c:	fc 01       	movw	r30, r24
     e2e:	20 83       	st	Z, r18
		*portEN &= ~maskEN;
     e30:	89 81       	ldd	r24, Y+1	; 0x01
     e32:	9a 81       	ldd	r25, Y+2	; 0x02
     e34:	fc 01       	movw	r30, r24
     e36:	85 81       	ldd	r24, Z+5	; 0x05
     e38:	96 81       	ldd	r25, Z+6	; 0x06
     e3a:	29 81       	ldd	r18, Y+1	; 0x01
     e3c:	3a 81       	ldd	r19, Y+2	; 0x02
     e3e:	f9 01       	movw	r30, r18
     e40:	25 81       	ldd	r18, Z+5	; 0x05
     e42:	36 81       	ldd	r19, Z+6	; 0x06
     e44:	f9 01       	movw	r30, r18
     e46:	20 81       	ld	r18, Z
     e48:	42 2f       	mov	r20, r18
     e4a:	29 81       	ldd	r18, Y+1	; 0x01
     e4c:	3a 81       	ldd	r19, Y+2	; 0x02
     e4e:	f9 01       	movw	r30, r18
     e50:	21 85       	ldd	r18, Z+9	; 0x09
     e52:	20 95       	com	r18
     e54:	24 23       	and	r18, r20
     e56:	fc 01       	movw	r30, r24
     e58:	20 83       	st	Z, r18
		*ocrPWM = 0;
     e5a:	89 81       	ldd	r24, Y+1	; 0x01
     e5c:	9a 81       	ldd	r25, Y+2	; 0x02
     e5e:	fc 01       	movw	r30, r24
     e60:	82 85       	ldd	r24, Z+10	; 0x0a
     e62:	93 85       	ldd	r25, Z+11	; 0x0b
     e64:	fc 01       	movw	r30, r24
     e66:	10 82       	st	Z, r1
	}
     e68:	00 00       	nop
     e6a:	0f 90       	pop	r0
     e6c:	0f 90       	pop	r0
     e6e:	df 91       	pop	r29
     e70:	cf 91       	pop	r28
     e72:	08 95       	ret

00000e74 <_ZN5Motor13setEscapeTimeEm>:

	void setEscapeTime(uint32_t ms) {
     e74:	cf 93       	push	r28
     e76:	df 93       	push	r29
     e78:	00 d0       	rcall	.+0      	; 0xe7a <_ZN5Motor13setEscapeTimeEm+0x6>
     e7a:	00 d0       	rcall	.+0      	; 0xe7c <_ZN5Motor13setEscapeTimeEm+0x8>
     e7c:	00 d0       	rcall	.+0      	; 0xe7e <_ZN5Motor13setEscapeTimeEm+0xa>
     e7e:	cd b7       	in	r28, 0x3d	; 61
     e80:	de b7       	in	r29, 0x3e	; 62
     e82:	9a 83       	std	Y+2, r25	; 0x02
     e84:	89 83       	std	Y+1, r24	; 0x01
     e86:	4b 83       	std	Y+3, r20	; 0x03
     e88:	5c 83       	std	Y+4, r21	; 0x04
     e8a:	6d 83       	std	Y+5, r22	; 0x05
     e8c:	7e 83       	std	Y+6, r23	; 0x06
		escapeTimeMs = ms;
     e8e:	29 81       	ldd	r18, Y+1	; 0x01
     e90:	3a 81       	ldd	r19, Y+2	; 0x02
     e92:	8b 81       	ldd	r24, Y+3	; 0x03
     e94:	9c 81       	ldd	r25, Y+4	; 0x04
     e96:	ad 81       	ldd	r26, Y+5	; 0x05
     e98:	be 81       	ldd	r27, Y+6	; 0x06
     e9a:	f9 01       	movw	r30, r18
     e9c:	86 8b       	std	Z+22, r24	; 0x16
     e9e:	97 8b       	std	Z+23, r25	; 0x17
     ea0:	a0 8f       	std	Z+24, r26	; 0x18
     ea2:	b1 8f       	std	Z+25, r27	; 0x19
	}
     ea4:	00 00       	nop
     ea6:	26 96       	adiw	r28, 0x06	; 6
     ea8:	0f b6       	in	r0, 0x3f	; 63
     eaa:	f8 94       	cli
     eac:	de bf       	out	0x3e, r29	; 62
     eae:	0f be       	out	0x3f, r0	; 63
     eb0:	cd bf       	out	0x3d, r28	; 61
     eb2:	df 91       	pop	r29
     eb4:	cf 91       	pop	r28
     eb6:	08 95       	ret

00000eb8 <_ZN5Motor4moveEbmh>:

	void move(bool dir, uint32_t currentTime, uint8_t speed = DEFAULT_SPEED) {
     eb8:	0f 93       	push	r16
     eba:	cf 93       	push	r28
     ebc:	df 93       	push	r29
     ebe:	cd b7       	in	r28, 0x3d	; 61
     ec0:	de b7       	in	r29, 0x3e	; 62
     ec2:	29 97       	sbiw	r28, 0x09	; 9
     ec4:	0f b6       	in	r0, 0x3f	; 63
     ec6:	f8 94       	cli
     ec8:	de bf       	out	0x3e, r29	; 62
     eca:	0f be       	out	0x3f, r0	; 63
     ecc:	cd bf       	out	0x3d, r28	; 61
     ece:	9b 83       	std	Y+3, r25	; 0x03
     ed0:	8a 83       	std	Y+2, r24	; 0x02
     ed2:	6c 83       	std	Y+4, r22	; 0x04
     ed4:	2d 83       	std	Y+5, r18	; 0x05
     ed6:	3e 83       	std	Y+6, r19	; 0x06
     ed8:	4f 83       	std	Y+7, r20	; 0x07
     eda:	58 87       	std	Y+8, r21	; 0x08
     edc:	09 87       	std	Y+9, r16	; 0x09
		Side targetSide = dir ? Side::A : Side::B;
     ede:	8c 81       	ldd	r24, Y+4	; 0x04
     ee0:	88 23       	and	r24, r24
     ee2:	11 f0       	breq	.+4      	; 0xee8 <_ZN5Motor4moveEbmh+0x30>
     ee4:	81 e0       	ldi	r24, 0x01	; 1
     ee6:	01 c0       	rjmp	.+2      	; 0xeea <_ZN5Motor4moveEbmh+0x32>
     ee8:	82 e0       	ldi	r24, 0x02	; 2
     eea:	89 83       	std	Y+1, r24	; 0x01
		if (lastSide == targetSide) return;
     eec:	8a 81       	ldd	r24, Y+2	; 0x02
     eee:	9b 81       	ldd	r25, Y+3	; 0x03
     ef0:	fc 01       	movw	r30, r24
     ef2:	90 89       	ldd	r25, Z+16	; 0x10
     ef4:	89 81       	ldd	r24, Y+1	; 0x01
     ef6:	98 17       	cp	r25, r24
     ef8:	09 f4       	brne	.+2      	; 0xefc <_ZN5Motor4moveEbmh+0x44>
     efa:	61 c0       	rjmp	.+194    	; 0xfbe <_ZN5Motor4moveEbmh+0x106>

		// ESCAPE INCONDICIONAL SIEMPRE AL ARRANCAR (Evita falsos positivos por vibración)
		escaping = true;
     efc:	8a 81       	ldd	r24, Y+2	; 0x02
     efe:	9b 81       	ldd	r25, Y+3	; 0x03
     f00:	21 e0       	ldi	r18, 0x01	; 1
     f02:	fc 01       	movw	r30, r24
     f04:	21 8b       	std	Z+17, r18	; 0x11
		escapeStart = currentTime;
     f06:	2a 81       	ldd	r18, Y+2	; 0x02
     f08:	3b 81       	ldd	r19, Y+3	; 0x03
     f0a:	8d 81       	ldd	r24, Y+5	; 0x05
     f0c:	9e 81       	ldd	r25, Y+6	; 0x06
     f0e:	af 81       	ldd	r26, Y+7	; 0x07
     f10:	b8 85       	ldd	r27, Y+8	; 0x08
     f12:	f9 01       	movw	r30, r18
     f14:	82 8b       	std	Z+18, r24	; 0x12
     f16:	93 8b       	std	Z+19, r25	; 0x13
     f18:	a4 8b       	std	Z+20, r26	; 0x14
     f1a:	b5 8b       	std	Z+21, r27	; 0x15
		if(sw != 0) sw->forceReleased();
     f1c:	8a 81       	ldd	r24, Y+2	; 0x02
     f1e:	9b 81       	ldd	r25, Y+3	; 0x03
     f20:	fc 01       	movw	r30, r24
     f22:	84 85       	ldd	r24, Z+12	; 0x0c
     f24:	95 85       	ldd	r25, Z+13	; 0x0d
     f26:	89 2b       	or	r24, r25
     f28:	39 f0       	breq	.+14     	; 0xf38 <_ZN5Motor4moveEbmh+0x80>
     f2a:	8a 81       	ldd	r24, Y+2	; 0x02
     f2c:	9b 81       	ldd	r25, Y+3	; 0x03
     f2e:	fc 01       	movw	r30, r24
     f30:	84 85       	ldd	r24, Z+12	; 0x0c
     f32:	95 85       	ldd	r25, Z+13	; 0x0d
     f34:	0e 94 30 06 	call	0xc60	; 0xc60 <_ZN11LimitSwitch13forceReleasedEv>

		if (dir) *portDIR |= maskDIR; 
     f38:	8c 81       	ldd	r24, Y+4	; 0x04
     f3a:	88 23       	and	r24, r24
     f3c:	a1 f0       	breq	.+40     	; 0xf66 <_ZN5Motor4moveEbmh+0xae>
     f3e:	8a 81       	ldd	r24, Y+2	; 0x02
     f40:	9b 81       	ldd	r25, Y+3	; 0x03
     f42:	fc 01       	movw	r30, r24
     f44:	80 81       	ld	r24, Z
     f46:	91 81       	ldd	r25, Z+1	; 0x01
     f48:	2a 81       	ldd	r18, Y+2	; 0x02
     f4a:	3b 81       	ldd	r19, Y+3	; 0x03
     f4c:	f9 01       	movw	r30, r18
     f4e:	20 81       	ld	r18, Z
     f50:	31 81       	ldd	r19, Z+1	; 0x01
     f52:	f9 01       	movw	r30, r18
     f54:	40 81       	ld	r20, Z
     f56:	2a 81       	ldd	r18, Y+2	; 0x02
     f58:	3b 81       	ldd	r19, Y+3	; 0x03
     f5a:	f9 01       	movw	r30, r18
     f5c:	24 81       	ldd	r18, Z+4	; 0x04
     f5e:	24 2b       	or	r18, r20
     f60:	fc 01       	movw	r30, r24
     f62:	20 83       	st	Z, r18
     f64:	15 c0       	rjmp	.+42     	; 0xf90 <_ZN5Motor4moveEbmh+0xd8>
		else     *portDIR &= ~maskDIR; 
     f66:	8a 81       	ldd	r24, Y+2	; 0x02
     f68:	9b 81       	ldd	r25, Y+3	; 0x03
     f6a:	fc 01       	movw	r30, r24
     f6c:	80 81       	ld	r24, Z
     f6e:	91 81       	ldd	r25, Z+1	; 0x01
     f70:	2a 81       	ldd	r18, Y+2	; 0x02
     f72:	3b 81       	ldd	r19, Y+3	; 0x03
     f74:	f9 01       	movw	r30, r18
     f76:	20 81       	ld	r18, Z
     f78:	31 81       	ldd	r19, Z+1	; 0x01
     f7a:	f9 01       	movw	r30, r18
     f7c:	20 81       	ld	r18, Z
     f7e:	42 2f       	mov	r20, r18
     f80:	2a 81       	ldd	r18, Y+2	; 0x02
     f82:	3b 81       	ldd	r19, Y+3	; 0x03
     f84:	f9 01       	movw	r30, r18
     f86:	24 81       	ldd	r18, Z+4	; 0x04
     f88:	20 95       	com	r18
     f8a:	24 23       	and	r18, r20
     f8c:	fc 01       	movw	r30, r24
     f8e:	20 83       	st	Z, r18

		*ocrPWM = speed;
     f90:	8a 81       	ldd	r24, Y+2	; 0x02
     f92:	9b 81       	ldd	r25, Y+3	; 0x03
     f94:	fc 01       	movw	r30, r24
     f96:	82 85       	ldd	r24, Z+10	; 0x0a
     f98:	93 85       	ldd	r25, Z+11	; 0x0b
     f9a:	29 85       	ldd	r18, Y+9	; 0x09
     f9c:	fc 01       	movw	r30, r24
     f9e:	20 83       	st	Z, r18

		direction = dir;
     fa0:	8a 81       	ldd	r24, Y+2	; 0x02
     fa2:	9b 81       	ldd	r25, Y+3	; 0x03
     fa4:	2c 81       	ldd	r18, Y+4	; 0x04
     fa6:	fc 01       	movw	r30, r24
     fa8:	27 87       	std	Z+15, r18	; 0x0f
		lastSide = Side::UNKNOWN; 
     faa:	8a 81       	ldd	r24, Y+2	; 0x02
     fac:	9b 81       	ldd	r25, Y+3	; 0x03
     fae:	fc 01       	movw	r30, r24
     fb0:	10 8a       	std	Z+16, r1	; 0x10
		moving = true;
     fb2:	8a 81       	ldd	r24, Y+2	; 0x02
     fb4:	9b 81       	ldd	r25, Y+3	; 0x03
     fb6:	21 e0       	ldi	r18, 0x01	; 1
     fb8:	fc 01       	movw	r30, r24
     fba:	26 87       	std	Z+14, r18	; 0x0e
     fbc:	01 c0       	rjmp	.+2      	; 0xfc0 <_ZN5Motor4moveEbmh+0x108>
		escapeTimeMs = ms;
	}

	void move(bool dir, uint32_t currentTime, uint8_t speed = DEFAULT_SPEED) {
		Side targetSide = dir ? Side::A : Side::B;
		if (lastSide == targetSide) return;
     fbe:	00 00       	nop
		*ocrPWM = speed;

		direction = dir;
		lastSide = Side::UNKNOWN; 
		moving = true;
	}
     fc0:	29 96       	adiw	r28, 0x09	; 9
     fc2:	0f b6       	in	r0, 0x3f	; 63
     fc4:	f8 94       	cli
     fc6:	de bf       	out	0x3e, r29	; 62
     fc8:	0f be       	out	0x3f, r0	; 63
     fca:	cd bf       	out	0x3d, r28	; 61
     fcc:	df 91       	pop	r29
     fce:	cf 91       	pop	r28
     fd0:	0f 91       	pop	r16
     fd2:	08 95       	ret

00000fd4 <_ZN5Motor4stopEv>:

	void stop() {
     fd4:	cf 93       	push	r28
     fd6:	df 93       	push	r29
     fd8:	00 d0       	rcall	.+0      	; 0xfda <_ZN5Motor4stopEv+0x6>
     fda:	cd b7       	in	r28, 0x3d	; 61
     fdc:	de b7       	in	r29, 0x3e	; 62
     fde:	9a 83       	std	Y+2, r25	; 0x02
     fe0:	89 83       	std	Y+1, r24	; 0x01
		*ocrPWM = 0;
     fe2:	89 81       	ldd	r24, Y+1	; 0x01
     fe4:	9a 81       	ldd	r25, Y+2	; 0x02
     fe6:	fc 01       	movw	r30, r24
     fe8:	82 85       	ldd	r24, Z+10	; 0x0a
     fea:	93 85       	ldd	r25, Z+11	; 0x0b
     fec:	fc 01       	movw	r30, r24
     fee:	10 82       	st	Z, r1
		moving = false;
     ff0:	89 81       	ldd	r24, Y+1	; 0x01
     ff2:	9a 81       	ldd	r25, Y+2	; 0x02
     ff4:	fc 01       	movw	r30, r24
     ff6:	16 86       	std	Z+14, r1	; 0x0e
		escaping = false;
     ff8:	89 81       	ldd	r24, Y+1	; 0x01
     ffa:	9a 81       	ldd	r25, Y+2	; 0x02
     ffc:	fc 01       	movw	r30, r24
     ffe:	11 8a       	std	Z+17, r1	; 0x11
	}
    1000:	00 00       	nop
    1002:	0f 90       	pop	r0
    1004:	0f 90       	pop	r0
    1006:	df 91       	pop	r29
    1008:	cf 91       	pop	r28
    100a:	08 95       	ret

0000100c <_ZN5Motor6updateEm>:

	void update(uint32_t currentTime) {
    100c:	cf 93       	push	r28
    100e:	df 93       	push	r29
    1010:	00 d0       	rcall	.+0      	; 0x1012 <_ZN5Motor6updateEm+0x6>
    1012:	00 d0       	rcall	.+0      	; 0x1014 <_ZN5Motor6updateEm+0x8>
    1014:	00 d0       	rcall	.+0      	; 0x1016 <_ZN5Motor6updateEm+0xa>
    1016:	cd b7       	in	r28, 0x3d	; 61
    1018:	de b7       	in	r29, 0x3e	; 62
    101a:	9a 83       	std	Y+2, r25	; 0x02
    101c:	89 83       	std	Y+1, r24	; 0x01
    101e:	4b 83       	std	Y+3, r20	; 0x03
    1020:	5c 83       	std	Y+4, r21	; 0x04
    1022:	6d 83       	std	Y+5, r22	; 0x05
    1024:	7e 83       	std	Y+6, r23	; 0x06
		if (!moving || sw == 0) return;
    1026:	89 81       	ldd	r24, Y+1	; 0x01
    1028:	9a 81       	ldd	r25, Y+2	; 0x02
    102a:	fc 01       	movw	r30, r24
    102c:	96 85       	ldd	r25, Z+14	; 0x0e
    102e:	81 e0       	ldi	r24, 0x01	; 1
    1030:	89 27       	eor	r24, r25
    1032:	88 23       	and	r24, r24
    1034:	09 f0       	breq	.+2      	; 0x1038 <_ZN5Motor6updateEm+0x2c>
    1036:	6c c0       	rjmp	.+216    	; 0x1110 <_ZN5Motor6updateEm+0x104>
    1038:	89 81       	ldd	r24, Y+1	; 0x01
    103a:	9a 81       	ldd	r25, Y+2	; 0x02
    103c:	fc 01       	movw	r30, r24
    103e:	84 85       	ldd	r24, Z+12	; 0x0c
    1040:	95 85       	ldd	r25, Z+13	; 0x0d
    1042:	89 2b       	or	r24, r25
    1044:	09 f4       	brne	.+2      	; 0x1048 <_ZN5Motor6updateEm+0x3c>
    1046:	64 c0       	rjmp	.+200    	; 0x1110 <_ZN5Motor6updateEm+0x104>
		
		if(escaping) {
    1048:	89 81       	ldd	r24, Y+1	; 0x01
    104a:	9a 81       	ldd	r25, Y+2	; 0x02
    104c:	fc 01       	movw	r30, r24
    104e:	81 89       	ldd	r24, Z+17	; 0x11
    1050:	88 23       	and	r24, r24
    1052:	09 f4       	brne	.+2      	; 0x1056 <_ZN5Motor6updateEm+0x4a>
    1054:	42 c0       	rjmp	.+132    	; 0x10da <_ZN5Motor6updateEm+0xce>
			if ((currentTime - escapeStart) >= escapeTimeMs) {
    1056:	89 81       	ldd	r24, Y+1	; 0x01
    1058:	9a 81       	ldd	r25, Y+2	; 0x02
    105a:	fc 01       	movw	r30, r24
    105c:	82 89       	ldd	r24, Z+18	; 0x12
    105e:	93 89       	ldd	r25, Z+19	; 0x13
    1060:	a4 89       	ldd	r26, Z+20	; 0x14
    1062:	b5 89       	ldd	r27, Z+21	; 0x15
    1064:	2b 81       	ldd	r18, Y+3	; 0x03
    1066:	3c 81       	ldd	r19, Y+4	; 0x04
    1068:	4d 81       	ldd	r20, Y+5	; 0x05
    106a:	5e 81       	ldd	r21, Y+6	; 0x06
    106c:	28 1b       	sub	r18, r24
    106e:	39 0b       	sbc	r19, r25
    1070:	4a 0b       	sbc	r20, r26
    1072:	5b 0b       	sbc	r21, r27
    1074:	89 81       	ldd	r24, Y+1	; 0x01
    1076:	9a 81       	ldd	r25, Y+2	; 0x02
    1078:	fc 01       	movw	r30, r24
    107a:	86 89       	ldd	r24, Z+22	; 0x16
    107c:	97 89       	ldd	r25, Z+23	; 0x17
    107e:	a0 8d       	ldd	r26, Z+24	; 0x18
    1080:	b1 8d       	ldd	r27, Z+25	; 0x19
    1082:	28 17       	cp	r18, r24
    1084:	39 07       	cpc	r19, r25
    1086:	4a 07       	cpc	r20, r26
    1088:	5b 07       	cpc	r21, r27
    108a:	08 f4       	brcc	.+2      	; 0x108e <_ZN5Motor6updateEm+0x82>
    108c:	43 c0       	rjmp	.+134    	; 0x1114 <_ZN5Motor6updateEm+0x108>
				escaping = false;
    108e:	89 81       	ldd	r24, Y+1	; 0x01
    1090:	9a 81       	ldd	r25, Y+2	; 0x02
    1092:	fc 01       	movw	r30, r24
    1094:	11 8a       	std	Z+17, r1	; 0x11
				
				// NUEVO: Si después del escape el sensor sigue pulsado,
				// significa que ya estamos en el tope. Paramos.
				if (sw->isPressed()) {
    1096:	89 81       	ldd	r24, Y+1	; 0x01
    1098:	9a 81       	ldd	r25, Y+2	; 0x02
    109a:	fc 01       	movw	r30, r24
    109c:	84 85       	ldd	r24, Z+12	; 0x0c
    109e:	95 85       	ldd	r25, Z+13	; 0x0d
    10a0:	0e 94 07 06 	call	0xc0e	; 0xc0e <_ZN11LimitSwitch9isPressedEv>
    10a4:	88 23       	and	r24, r24
    10a6:	89 f0       	breq	.+34     	; 0x10ca <_ZN5Motor6updateEm+0xbe>
					stop();
    10a8:	89 81       	ldd	r24, Y+1	; 0x01
    10aa:	9a 81       	ldd	r25, Y+2	; 0x02
    10ac:	0e 94 ea 07 	call	0xfd4	; 0xfd4 <_ZN5Motor4stopEv>
					lastSide = direction ? Side::A : Side::B;
    10b0:	89 81       	ldd	r24, Y+1	; 0x01
    10b2:	9a 81       	ldd	r25, Y+2	; 0x02
    10b4:	fc 01       	movw	r30, r24
    10b6:	87 85       	ldd	r24, Z+15	; 0x0f
    10b8:	88 23       	and	r24, r24
    10ba:	11 f0       	breq	.+4      	; 0x10c0 <_ZN5Motor6updateEm+0xb4>
    10bc:	21 e0       	ldi	r18, 0x01	; 1
    10be:	01 c0       	rjmp	.+2      	; 0x10c2 <_ZN5Motor6updateEm+0xb6>
    10c0:	22 e0       	ldi	r18, 0x02	; 2
    10c2:	89 81       	ldd	r24, Y+1	; 0x01
    10c4:	9a 81       	ldd	r25, Y+2	; 0x02
    10c6:	fc 01       	movw	r30, r24
    10c8:	20 8b       	std	Z+16, r18	; 0x10
				}
				
				sw->consumePress(); // Limpiar el pulso del arranque
    10ca:	89 81       	ldd	r24, Y+1	; 0x01
    10cc:	9a 81       	ldd	r25, Y+2	; 0x02
    10ce:	fc 01       	movw	r30, r24
    10d0:	84 85       	ldd	r24, Z+12	; 0x0c
    10d2:	95 85       	ldd	r25, Z+13	; 0x0d
    10d4:	0e 94 17 06 	call	0xc2e	; 0xc2e <_ZN11LimitSwitch12consumePressEv>
			}
			return;
    10d8:	1d c0       	rjmp	.+58     	; 0x1114 <_ZN5Motor6updateEm+0x108>
		}

		if (sw->consumePress()) {
    10da:	89 81       	ldd	r24, Y+1	; 0x01
    10dc:	9a 81       	ldd	r25, Y+2	; 0x02
    10de:	fc 01       	movw	r30, r24
    10e0:	84 85       	ldd	r24, Z+12	; 0x0c
    10e2:	95 85       	ldd	r25, Z+13	; 0x0d
    10e4:	0e 94 17 06 	call	0xc2e	; 0xc2e <_ZN11LimitSwitch12consumePressEv>
    10e8:	88 23       	and	r24, r24
    10ea:	a9 f0       	breq	.+42     	; 0x1116 <_ZN5Motor6updateEm+0x10a>
			stop();
    10ec:	89 81       	ldd	r24, Y+1	; 0x01
    10ee:	9a 81       	ldd	r25, Y+2	; 0x02
    10f0:	0e 94 ea 07 	call	0xfd4	; 0xfd4 <_ZN5Motor4stopEv>
			lastSide = direction ? Side::A : Side::B;
    10f4:	89 81       	ldd	r24, Y+1	; 0x01
    10f6:	9a 81       	ldd	r25, Y+2	; 0x02
    10f8:	fc 01       	movw	r30, r24
    10fa:	87 85       	ldd	r24, Z+15	; 0x0f
    10fc:	88 23       	and	r24, r24
    10fe:	11 f0       	breq	.+4      	; 0x1104 <_ZN5Motor6updateEm+0xf8>
    1100:	21 e0       	ldi	r18, 0x01	; 1
    1102:	01 c0       	rjmp	.+2      	; 0x1106 <_ZN5Motor6updateEm+0xfa>
    1104:	22 e0       	ldi	r18, 0x02	; 2
    1106:	89 81       	ldd	r24, Y+1	; 0x01
    1108:	9a 81       	ldd	r25, Y+2	; 0x02
    110a:	fc 01       	movw	r30, r24
    110c:	20 8b       	std	Z+16, r18	; 0x10
    110e:	03 c0       	rjmp	.+6      	; 0x1116 <_ZN5Motor6updateEm+0x10a>
		moving = false;
		escaping = false;
	}

	void update(uint32_t currentTime) {
		if (!moving || sw == 0) return;
    1110:	00 00       	nop
    1112:	01 c0       	rjmp	.+2      	; 0x1116 <_ZN5Motor6updateEm+0x10a>
					lastSide = direction ? Side::A : Side::B;
				}
				
				sw->consumePress(); // Limpiar el pulso del arranque
			}
			return;
    1114:	00 00       	nop

		if (sw->consumePress()) {
			stop();
			lastSide = direction ? Side::A : Side::B;
		}
	}
    1116:	26 96       	adiw	r28, 0x06	; 6
    1118:	0f b6       	in	r0, 0x3f	; 63
    111a:	f8 94       	cli
    111c:	de bf       	out	0x3e, r29	; 62
    111e:	0f be       	out	0x3f, r0	; 63
    1120:	cd bf       	out	0x3d, r28	; 61
    1122:	df 91       	pop	r29
    1124:	cf 91       	pop	r28
    1126:	08 95       	ret

00001128 <_ZN5Motor8isMovingEv>:
	
	bool isMoving() {
    1128:	cf 93       	push	r28
    112a:	df 93       	push	r29
    112c:	00 d0       	rcall	.+0      	; 0x112e <_ZN5Motor8isMovingEv+0x6>
    112e:	cd b7       	in	r28, 0x3d	; 61
    1130:	de b7       	in	r29, 0x3e	; 62
    1132:	9a 83       	std	Y+2, r25	; 0x02
    1134:	89 83       	std	Y+1, r24	; 0x01
		return moving;
    1136:	89 81       	ldd	r24, Y+1	; 0x01
    1138:	9a 81       	ldd	r25, Y+2	; 0x02
    113a:	fc 01       	movw	r30, r24
    113c:	86 85       	ldd	r24, Z+14	; 0x0e
	}
    113e:	0f 90       	pop	r0
    1140:	0f 90       	pop	r0
    1142:	df 91       	pop	r29
    1144:	cf 91       	pop	r28
    1146:	08 95       	ret

00001148 <_ZN5Motor4isAtENS_4SideE>:

	bool isAt(Side side) {
    1148:	cf 93       	push	r28
    114a:	df 93       	push	r29
    114c:	00 d0       	rcall	.+0      	; 0x114e <_ZN5Motor4isAtENS_4SideE+0x6>
    114e:	1f 92       	push	r1
    1150:	cd b7       	in	r28, 0x3d	; 61
    1152:	de b7       	in	r29, 0x3e	; 62
    1154:	9a 83       	std	Y+2, r25	; 0x02
    1156:	89 83       	std	Y+1, r24	; 0x01
    1158:	6b 83       	std	Y+3, r22	; 0x03
		return !moving && lastSide == side;
    115a:	89 81       	ldd	r24, Y+1	; 0x01
    115c:	9a 81       	ldd	r25, Y+2	; 0x02
    115e:	fc 01       	movw	r30, r24
    1160:	96 85       	ldd	r25, Z+14	; 0x0e
    1162:	81 e0       	ldi	r24, 0x01	; 1
    1164:	89 27       	eor	r24, r25
    1166:	88 23       	and	r24, r24
    1168:	49 f0       	breq	.+18     	; 0x117c <_ZN5Motor4isAtENS_4SideE+0x34>
    116a:	89 81       	ldd	r24, Y+1	; 0x01
    116c:	9a 81       	ldd	r25, Y+2	; 0x02
    116e:	fc 01       	movw	r30, r24
    1170:	90 89       	ldd	r25, Z+16	; 0x10
    1172:	8b 81       	ldd	r24, Y+3	; 0x03
    1174:	98 17       	cp	r25, r24
    1176:	11 f4       	brne	.+4      	; 0x117c <_ZN5Motor4isAtENS_4SideE+0x34>
    1178:	81 e0       	ldi	r24, 0x01	; 1
    117a:	01 c0       	rjmp	.+2      	; 0x117e <_ZN5Motor4isAtENS_4SideE+0x36>
    117c:	80 e0       	ldi	r24, 0x00	; 0
	}
    117e:	0f 90       	pop	r0
    1180:	0f 90       	pop	r0
    1182:	0f 90       	pop	r0
    1184:	df 91       	pop	r29
    1186:	cf 91       	pop	r28
    1188:	08 95       	ret

0000118a <_ZN12LimitSwitch3C1EPVhS1_S1_h>:

    Position currentPosition;       // Posición actual del switch (LEFT, MIDDLE, RIGHT)
    Position nextExpected;			// Próxima posición esperada para validar movimientos

    public:
    LimitSwitch3(volatile uint8_t* pinR, volatile uint8_t* portR, volatile uint8_t* ddrR, uint8_t m) {
    118a:	0f 93       	push	r16
    118c:	cf 93       	push	r28
    118e:	df 93       	push	r29
    1190:	cd b7       	in	r28, 0x3d	; 61
    1192:	de b7       	in	r29, 0x3e	; 62
    1194:	29 97       	sbiw	r28, 0x09	; 9
    1196:	0f b6       	in	r0, 0x3f	; 63
    1198:	f8 94       	cli
    119a:	de bf       	out	0x3e, r29	; 62
    119c:	0f be       	out	0x3f, r0	; 63
    119e:	cd bf       	out	0x3d, r28	; 61
    11a0:	9a 83       	std	Y+2, r25	; 0x02
    11a2:	89 83       	std	Y+1, r24	; 0x01
    11a4:	7c 83       	std	Y+4, r23	; 0x04
    11a6:	6b 83       	std	Y+3, r22	; 0x03
    11a8:	5e 83       	std	Y+6, r21	; 0x06
    11aa:	4d 83       	std	Y+5, r20	; 0x05
    11ac:	38 87       	std	Y+8, r19	; 0x08
    11ae:	2f 83       	std	Y+7, r18	; 0x07
    11b0:	09 87       	std	Y+9, r16	; 0x09
		pinReg = pinR;
    11b2:	89 81       	ldd	r24, Y+1	; 0x01
    11b4:	9a 81       	ldd	r25, Y+2	; 0x02
    11b6:	2b 81       	ldd	r18, Y+3	; 0x03
    11b8:	3c 81       	ldd	r19, Y+4	; 0x04
    11ba:	fc 01       	movw	r30, r24
    11bc:	31 83       	std	Z+1, r19	; 0x01
    11be:	20 83       	st	Z, r18
		portReg = portR;
    11c0:	89 81       	ldd	r24, Y+1	; 0x01
    11c2:	9a 81       	ldd	r25, Y+2	; 0x02
    11c4:	2d 81       	ldd	r18, Y+5	; 0x05
    11c6:	3e 81       	ldd	r19, Y+6	; 0x06
    11c8:	fc 01       	movw	r30, r24
    11ca:	33 83       	std	Z+3, r19	; 0x03
    11cc:	22 83       	std	Z+2, r18	; 0x02
		ddrReg = ddrR;
    11ce:	89 81       	ldd	r24, Y+1	; 0x01
    11d0:	9a 81       	ldd	r25, Y+2	; 0x02
    11d2:	2f 81       	ldd	r18, Y+7	; 0x07
    11d4:	38 85       	ldd	r19, Y+8	; 0x08
    11d6:	fc 01       	movw	r30, r24
    11d8:	35 83       	std	Z+5, r19	; 0x05
    11da:	24 83       	std	Z+4, r18	; 0x04
		mask =m;
    11dc:	89 81       	ldd	r24, Y+1	; 0x01
    11de:	9a 81       	ldd	r25, Y+2	; 0x02
    11e0:	29 85       	ldd	r18, Y+9	; 0x09
    11e2:	fc 01       	movw	r30, r24
    11e4:	26 83       	std	Z+6, r18	; 0x06
		
		counter = 0;
    11e6:	89 81       	ldd	r24, Y+1	; 0x01
    11e8:	9a 81       	ldd	r25, Y+2	; 0x02
    11ea:	fc 01       	movw	r30, r24
    11ec:	17 82       	std	Z+7, r1	; 0x07
		stableState = false;
    11ee:	89 81       	ldd	r24, Y+1	; 0x01
    11f0:	9a 81       	ldd	r25, Y+2	; 0x02
    11f2:	fc 01       	movw	r30, r24
    11f4:	10 86       	std	Z+8, r1	; 0x08
		flagPressed = false;
    11f6:	89 81       	ldd	r24, Y+1	; 0x01
    11f8:	9a 81       	ldd	r25, Y+2	; 0x02
    11fa:	fc 01       	movw	r30, r24
    11fc:	11 86       	std	Z+9, r1	; 0x09
		lastSampleTime = 0;
    11fe:	89 81       	ldd	r24, Y+1	; 0x01
    1200:	9a 81       	ldd	r25, Y+2	; 0x02
    1202:	fc 01       	movw	r30, r24
    1204:	12 86       	std	Z+10, r1	; 0x0a
    1206:	13 86       	std	Z+11, r1	; 0x0b
    1208:	14 86       	std	Z+12, r1	; 0x0c
    120a:	15 86       	std	Z+13, r1	; 0x0d
		currentPosition = Position::UNKNOWN;
    120c:	89 81       	ldd	r24, Y+1	; 0x01
    120e:	9a 81       	ldd	r25, Y+2	; 0x02
    1210:	fc 01       	movw	r30, r24
    1212:	16 86       	std	Z+14, r1	; 0x0e
		nextExpected = Position::UNKNOWN;
    1214:	89 81       	ldd	r24, Y+1	; 0x01
    1216:	9a 81       	ldd	r25, Y+2	; 0x02
    1218:	fc 01       	movw	r30, r24
    121a:	17 86       	std	Z+15, r1	; 0x0f
	}
    121c:	00 00       	nop
    121e:	29 96       	adiw	r28, 0x09	; 9
    1220:	0f b6       	in	r0, 0x3f	; 63
    1222:	f8 94       	cli
    1224:	de bf       	out	0x3e, r29	; 62
    1226:	0f be       	out	0x3f, r0	; 63
    1228:	cd bf       	out	0x3d, r28	; 61
    122a:	df 91       	pop	r29
    122c:	cf 91       	pop	r28
    122e:	0f 91       	pop	r16
    1230:	08 95       	ret

00001232 <_ZN12LimitSwitch34initEv>:
    
    void init() {
    1232:	cf 93       	push	r28
    1234:	df 93       	push	r29
    1236:	00 d0       	rcall	.+0      	; 0x1238 <_ZN12LimitSwitch34initEv+0x6>
    1238:	cd b7       	in	r28, 0x3d	; 61
    123a:	de b7       	in	r29, 0x3e	; 62
    123c:	9a 83       	std	Y+2, r25	; 0x02
    123e:	89 83       	std	Y+1, r24	; 0x01
        *ddrReg &= ~mask; // Input
    1240:	89 81       	ldd	r24, Y+1	; 0x01
    1242:	9a 81       	ldd	r25, Y+2	; 0x02
    1244:	fc 01       	movw	r30, r24
    1246:	84 81       	ldd	r24, Z+4	; 0x04
    1248:	95 81       	ldd	r25, Z+5	; 0x05
    124a:	29 81       	ldd	r18, Y+1	; 0x01
    124c:	3a 81       	ldd	r19, Y+2	; 0x02
    124e:	f9 01       	movw	r30, r18
    1250:	24 81       	ldd	r18, Z+4	; 0x04
    1252:	35 81       	ldd	r19, Z+5	; 0x05
    1254:	f9 01       	movw	r30, r18
    1256:	20 81       	ld	r18, Z
    1258:	42 2f       	mov	r20, r18
    125a:	29 81       	ldd	r18, Y+1	; 0x01
    125c:	3a 81       	ldd	r19, Y+2	; 0x02
    125e:	f9 01       	movw	r30, r18
    1260:	26 81       	ldd	r18, Z+6	; 0x06
    1262:	20 95       	com	r18
    1264:	24 23       	and	r18, r20
    1266:	fc 01       	movw	r30, r24
    1268:	20 83       	st	Z, r18
        *portReg |= mask; // Pull-up
    126a:	89 81       	ldd	r24, Y+1	; 0x01
    126c:	9a 81       	ldd	r25, Y+2	; 0x02
    126e:	fc 01       	movw	r30, r24
    1270:	82 81       	ldd	r24, Z+2	; 0x02
    1272:	93 81       	ldd	r25, Z+3	; 0x03
    1274:	29 81       	ldd	r18, Y+1	; 0x01
    1276:	3a 81       	ldd	r19, Y+2	; 0x02
    1278:	f9 01       	movw	r30, r18
    127a:	22 81       	ldd	r18, Z+2	; 0x02
    127c:	33 81       	ldd	r19, Z+3	; 0x03
    127e:	f9 01       	movw	r30, r18
    1280:	40 81       	ld	r20, Z
    1282:	29 81       	ldd	r18, Y+1	; 0x01
    1284:	3a 81       	ldd	r19, Y+2	; 0x02
    1286:	f9 01       	movw	r30, r18
    1288:	26 81       	ldd	r18, Z+6	; 0x06
    128a:	24 2b       	or	r18, r20
    128c:	fc 01       	movw	r30, r24
    128e:	20 83       	st	Z, r18
    }
    1290:	00 00       	nop
    1292:	0f 90       	pop	r0
    1294:	0f 90       	pop	r0
    1296:	df 91       	pop	r29
    1298:	cf 91       	pop	r28
    129a:	08 95       	ret

0000129c <_ZN12LimitSwitch36updateEm>:
    
    void update(uint32_t currentTime) {
    129c:	cf 93       	push	r28
    129e:	df 93       	push	r29
    12a0:	cd b7       	in	r28, 0x3d	; 61
    12a2:	de b7       	in	r29, 0x3e	; 62
    12a4:	27 97       	sbiw	r28, 0x07	; 7
    12a6:	0f b6       	in	r0, 0x3f	; 63
    12a8:	f8 94       	cli
    12aa:	de bf       	out	0x3e, r29	; 62
    12ac:	0f be       	out	0x3f, r0	; 63
    12ae:	cd bf       	out	0x3d, r28	; 61
    12b0:	9b 83       	std	Y+3, r25	; 0x03
    12b2:	8a 83       	std	Y+2, r24	; 0x02
    12b4:	4c 83       	std	Y+4, r20	; 0x04
    12b6:	5d 83       	std	Y+5, r21	; 0x05
    12b8:	6e 83       	std	Y+6, r22	; 0x06
    12ba:	7f 83       	std	Y+7, r23	; 0x07
        if (currentTime == lastSampleTime) return; // Evitar muestrear más de una vez por ms
    12bc:	8a 81       	ldd	r24, Y+2	; 0x02
    12be:	9b 81       	ldd	r25, Y+3	; 0x03
    12c0:	fc 01       	movw	r30, r24
    12c2:	22 85       	ldd	r18, Z+10	; 0x0a
    12c4:	33 85       	ldd	r19, Z+11	; 0x0b
    12c6:	44 85       	ldd	r20, Z+12	; 0x0c
    12c8:	55 85       	ldd	r21, Z+13	; 0x0d
    12ca:	8c 81       	ldd	r24, Y+4	; 0x04
    12cc:	9d 81       	ldd	r25, Y+5	; 0x05
    12ce:	ae 81       	ldd	r26, Y+6	; 0x06
    12d0:	bf 81       	ldd	r27, Y+7	; 0x07
    12d2:	28 17       	cp	r18, r24
    12d4:	39 07       	cpc	r19, r25
    12d6:	4a 07       	cpc	r20, r26
    12d8:	5b 07       	cpc	r21, r27
    12da:	09 f4       	brne	.+2      	; 0x12de <_ZN12LimitSwitch36updateEm+0x42>
    12dc:	77 c0       	rjmp	.+238    	; 0x13cc <_ZN12LimitSwitch36updateEm+0x130>
        lastSampleTime = currentTime;
    12de:	2a 81       	ldd	r18, Y+2	; 0x02
    12e0:	3b 81       	ldd	r19, Y+3	; 0x03
    12e2:	8c 81       	ldd	r24, Y+4	; 0x04
    12e4:	9d 81       	ldd	r25, Y+5	; 0x05
    12e6:	ae 81       	ldd	r26, Y+6	; 0x06
    12e8:	bf 81       	ldd	r27, Y+7	; 0x07
    12ea:	f9 01       	movw	r30, r18
    12ec:	82 87       	std	Z+10, r24	; 0x0a
    12ee:	93 87       	std	Z+11, r25	; 0x0b
    12f0:	a4 87       	std	Z+12, r26	; 0x0c
    12f2:	b5 87       	std	Z+13, r27	; 0x0d

        // Leer estado actual (lógica invertida por pull-up)
        bool reading = !(*pinReg & mask);
    12f4:	8a 81       	ldd	r24, Y+2	; 0x02
    12f6:	9b 81       	ldd	r25, Y+3	; 0x03
    12f8:	fc 01       	movw	r30, r24
    12fa:	80 81       	ld	r24, Z
    12fc:	91 81       	ldd	r25, Z+1	; 0x01
    12fe:	fc 01       	movw	r30, r24
    1300:	20 81       	ld	r18, Z
    1302:	8a 81       	ldd	r24, Y+2	; 0x02
    1304:	9b 81       	ldd	r25, Y+3	; 0x03
    1306:	fc 01       	movw	r30, r24
    1308:	86 81       	ldd	r24, Z+6	; 0x06
    130a:	92 2f       	mov	r25, r18
    130c:	98 23       	and	r25, r24
    130e:	81 e0       	ldi	r24, 0x01	; 1
    1310:	99 23       	and	r25, r25
    1312:	09 f0       	breq	.+2      	; 0x1316 <_ZN12LimitSwitch36updateEm+0x7a>
    1314:	80 e0       	ldi	r24, 0x00	; 0
    1316:	89 83       	std	Y+1, r24	; 0x01

        // Integrador saturante
        if(reading && counter < SAMPLES) counter++;
    1318:	89 81       	ldd	r24, Y+1	; 0x01
    131a:	88 23       	and	r24, r24
    131c:	89 f0       	breq	.+34     	; 0x1340 <_ZN12LimitSwitch36updateEm+0xa4>
    131e:	8a 81       	ldd	r24, Y+2	; 0x02
    1320:	9b 81       	ldd	r25, Y+3	; 0x03
    1322:	fc 01       	movw	r30, r24
    1324:	87 81       	ldd	r24, Z+7	; 0x07
    1326:	8a 30       	cpi	r24, 0x0A	; 10
    1328:	58 f4       	brcc	.+22     	; 0x1340 <_ZN12LimitSwitch36updateEm+0xa4>
    132a:	8a 81       	ldd	r24, Y+2	; 0x02
    132c:	9b 81       	ldd	r25, Y+3	; 0x03
    132e:	fc 01       	movw	r30, r24
    1330:	87 81       	ldd	r24, Z+7	; 0x07
    1332:	21 e0       	ldi	r18, 0x01	; 1
    1334:	28 0f       	add	r18, r24
    1336:	8a 81       	ldd	r24, Y+2	; 0x02
    1338:	9b 81       	ldd	r25, Y+3	; 0x03
    133a:	fc 01       	movw	r30, r24
    133c:	27 83       	std	Z+7, r18	; 0x07
    133e:	15 c0       	rjmp	.+42     	; 0x136a <_ZN12LimitSwitch36updateEm+0xce>
        else if(!reading && counter > 0) counter--;
    1340:	99 81       	ldd	r25, Y+1	; 0x01
    1342:	81 e0       	ldi	r24, 0x01	; 1
    1344:	89 27       	eor	r24, r25
    1346:	88 23       	and	r24, r24
    1348:	81 f0       	breq	.+32     	; 0x136a <_ZN12LimitSwitch36updateEm+0xce>
    134a:	8a 81       	ldd	r24, Y+2	; 0x02
    134c:	9b 81       	ldd	r25, Y+3	; 0x03
    134e:	fc 01       	movw	r30, r24
    1350:	87 81       	ldd	r24, Z+7	; 0x07
    1352:	88 23       	and	r24, r24
    1354:	51 f0       	breq	.+20     	; 0x136a <_ZN12LimitSwitch36updateEm+0xce>
    1356:	8a 81       	ldd	r24, Y+2	; 0x02
    1358:	9b 81       	ldd	r25, Y+3	; 0x03
    135a:	fc 01       	movw	r30, r24
    135c:	87 81       	ldd	r24, Z+7	; 0x07
    135e:	2f ef       	ldi	r18, 0xFF	; 255
    1360:	28 0f       	add	r18, r24
    1362:	8a 81       	ldd	r24, Y+2	; 0x02
    1364:	9b 81       	ldd	r25, Y+3	; 0x03
    1366:	fc 01       	movw	r30, r24
    1368:	27 83       	std	Z+7, r18	; 0x07

        // Flanco descendente (pulsado->suelto)
        if (stableState && counter == 0) {
    136a:	8a 81       	ldd	r24, Y+2	; 0x02
    136c:	9b 81       	ldd	r25, Y+3	; 0x03
    136e:	fc 01       	movw	r30, r24
    1370:	80 85       	ldd	r24, Z+8	; 0x08
    1372:	88 23       	and	r24, r24
    1374:	51 f0       	breq	.+20     	; 0x138a <_ZN12LimitSwitch36updateEm+0xee>
    1376:	8a 81       	ldd	r24, Y+2	; 0x02
    1378:	9b 81       	ldd	r25, Y+3	; 0x03
    137a:	fc 01       	movw	r30, r24
    137c:	87 81       	ldd	r24, Z+7	; 0x07
    137e:	88 23       	and	r24, r24
    1380:	21 f4       	brne	.+8      	; 0x138a <_ZN12LimitSwitch36updateEm+0xee>
            stableState = false;
    1382:	8a 81       	ldd	r24, Y+2	; 0x02
    1384:	9b 81       	ldd	r25, Y+3	; 0x03
    1386:	fc 01       	movw	r30, r24
    1388:	10 86       	std	Z+8, r1	; 0x08
        }

        // Flanco ascendente (suelto->pulsado)
        if (!stableState && counter == SAMPLES) {
    138a:	8a 81       	ldd	r24, Y+2	; 0x02
    138c:	9b 81       	ldd	r25, Y+3	; 0x03
    138e:	fc 01       	movw	r30, r24
    1390:	90 85       	ldd	r25, Z+8	; 0x08
    1392:	81 e0       	ldi	r24, 0x01	; 1
    1394:	89 27       	eor	r24, r25
    1396:	88 23       	and	r24, r24
    1398:	d1 f0       	breq	.+52     	; 0x13ce <_ZN12LimitSwitch36updateEm+0x132>
    139a:	8a 81       	ldd	r24, Y+2	; 0x02
    139c:	9b 81       	ldd	r25, Y+3	; 0x03
    139e:	fc 01       	movw	r30, r24
    13a0:	87 81       	ldd	r24, Z+7	; 0x07
    13a2:	8a 30       	cpi	r24, 0x0A	; 10
    13a4:	a1 f4       	brne	.+40     	; 0x13ce <_ZN12LimitSwitch36updateEm+0x132>
            stableState = true;
    13a6:	8a 81       	ldd	r24, Y+2	; 0x02
    13a8:	9b 81       	ldd	r25, Y+3	; 0x03
    13aa:	21 e0       	ldi	r18, 0x01	; 1
    13ac:	fc 01       	movw	r30, r24
    13ae:	20 87       	std	Z+8, r18	; 0x08
            flagPressed = true; // Marcar que se ha detectado un nuevo pulso
    13b0:	8a 81       	ldd	r24, Y+2	; 0x02
    13b2:	9b 81       	ldd	r25, Y+3	; 0x03
    13b4:	21 e0       	ldi	r18, 0x01	; 1
    13b6:	fc 01       	movw	r30, r24
    13b8:	21 87       	std	Z+9, r18	; 0x09
            currentPosition = nextExpected; // Actualizar posición actual al esperado
    13ba:	8a 81       	ldd	r24, Y+2	; 0x02
    13bc:	9b 81       	ldd	r25, Y+3	; 0x03
    13be:	fc 01       	movw	r30, r24
    13c0:	27 85       	ldd	r18, Z+15	; 0x0f
    13c2:	8a 81       	ldd	r24, Y+2	; 0x02
    13c4:	9b 81       	ldd	r25, Y+3	; 0x03
    13c6:	fc 01       	movw	r30, r24
    13c8:	26 87       	std	Z+14, r18	; 0x0e
    13ca:	01 c0       	rjmp	.+2      	; 0x13ce <_ZN12LimitSwitch36updateEm+0x132>
        *ddrReg &= ~mask; // Input
        *portReg |= mask; // Pull-up
    }
    
    void update(uint32_t currentTime) {
        if (currentTime == lastSampleTime) return; // Evitar muestrear más de una vez por ms
    13cc:	00 00       	nop
        if (!stableState && counter == SAMPLES) {
            stableState = true;
            flagPressed = true; // Marcar que se ha detectado un nuevo pulso
            currentPosition = nextExpected; // Actualizar posición actual al esperado
        }
    }
    13ce:	27 96       	adiw	r28, 0x07	; 7
    13d0:	0f b6       	in	r0, 0x3f	; 63
    13d2:	f8 94       	cli
    13d4:	de bf       	out	0x3e, r29	; 62
    13d6:	0f be       	out	0x3f, r0	; 63
    13d8:	cd bf       	out	0x3d, r28	; 61
    13da:	df 91       	pop	r29
    13dc:	cf 91       	pop	r28
    13de:	08 95       	ret

000013e0 <_ZN12LimitSwitch39isPressedEv>:

    bool isPressed() {
    13e0:	cf 93       	push	r28
    13e2:	df 93       	push	r29
    13e4:	00 d0       	rcall	.+0      	; 0x13e6 <_ZN12LimitSwitch39isPressedEv+0x6>
    13e6:	cd b7       	in	r28, 0x3d	; 61
    13e8:	de b7       	in	r29, 0x3e	; 62
    13ea:	9a 83       	std	Y+2, r25	; 0x02
    13ec:	89 83       	std	Y+1, r24	; 0x01
        return stableState;
    13ee:	89 81       	ldd	r24, Y+1	; 0x01
    13f0:	9a 81       	ldd	r25, Y+2	; 0x02
    13f2:	fc 01       	movw	r30, r24
    13f4:	80 85       	ldd	r24, Z+8	; 0x08
    }
    13f6:	0f 90       	pop	r0
    13f8:	0f 90       	pop	r0
    13fa:	df 91       	pop	r29
    13fc:	cf 91       	pop	r28
    13fe:	08 95       	ret

00001400 <_ZN12LimitSwitch312consumePressEv>:

    bool consumePress() {
    1400:	cf 93       	push	r28
    1402:	df 93       	push	r29
    1404:	00 d0       	rcall	.+0      	; 0x1406 <_ZN12LimitSwitch312consumePressEv+0x6>
    1406:	cd b7       	in	r28, 0x3d	; 61
    1408:	de b7       	in	r29, 0x3e	; 62
    140a:	9a 83       	std	Y+2, r25	; 0x02
    140c:	89 83       	std	Y+1, r24	; 0x01
        if (flagPressed) {
    140e:	89 81       	ldd	r24, Y+1	; 0x01
    1410:	9a 81       	ldd	r25, Y+2	; 0x02
    1412:	fc 01       	movw	r30, r24
    1414:	81 85       	ldd	r24, Z+9	; 0x09
    1416:	88 23       	and	r24, r24
    1418:	31 f0       	breq	.+12     	; 0x1426 <_ZN12LimitSwitch312consumePressEv+0x26>
            flagPressed = false; // Consumir el flanco detectado
    141a:	89 81       	ldd	r24, Y+1	; 0x01
    141c:	9a 81       	ldd	r25, Y+2	; 0x02
    141e:	fc 01       	movw	r30, r24
    1420:	11 86       	std	Z+9, r1	; 0x09
            return true;
    1422:	81 e0       	ldi	r24, 0x01	; 1
    1424:	01 c0       	rjmp	.+2      	; 0x1428 <_ZN12LimitSwitch312consumePressEv+0x28>
        }
        return false;
    1426:	80 e0       	ldi	r24, 0x00	; 0
    }
    1428:	0f 90       	pop	r0
    142a:	0f 90       	pop	r0
    142c:	df 91       	pop	r29
    142e:	cf 91       	pop	r28
    1430:	08 95       	ret

00001432 <_ZN12LimitSwitch311getPositionEv>:

    Position getPosition() {
    1432:	cf 93       	push	r28
    1434:	df 93       	push	r29
    1436:	00 d0       	rcall	.+0      	; 0x1438 <_ZN12LimitSwitch311getPositionEv+0x6>
    1438:	cd b7       	in	r28, 0x3d	; 61
    143a:	de b7       	in	r29, 0x3e	; 62
    143c:	9a 83       	std	Y+2, r25	; 0x02
    143e:	89 83       	std	Y+1, r24	; 0x01
        return currentPosition;
    1440:	89 81       	ldd	r24, Y+1	; 0x01
    1442:	9a 81       	ldd	r25, Y+2	; 0x02
    1444:	fc 01       	movw	r30, r24
    1446:	86 85       	ldd	r24, Z+14	; 0x0e
    }
    1448:	0f 90       	pop	r0
    144a:	0f 90       	pop	r0
    144c:	df 91       	pop	r29
    144e:	cf 91       	pop	r28
    1450:	08 95       	ret

00001452 <_ZN12LimitSwitch315setNextExpectedENS_8PositionE>:

    void setNextExpected(Position pos) {
    1452:	cf 93       	push	r28
    1454:	df 93       	push	r29
    1456:	00 d0       	rcall	.+0      	; 0x1458 <_ZN12LimitSwitch315setNextExpectedENS_8PositionE+0x6>
    1458:	1f 92       	push	r1
    145a:	cd b7       	in	r28, 0x3d	; 61
    145c:	de b7       	in	r29, 0x3e	; 62
    145e:	9a 83       	std	Y+2, r25	; 0x02
    1460:	89 83       	std	Y+1, r24	; 0x01
    1462:	6b 83       	std	Y+3, r22	; 0x03
        nextExpected = pos;
    1464:	89 81       	ldd	r24, Y+1	; 0x01
    1466:	9a 81       	ldd	r25, Y+2	; 0x02
    1468:	2b 81       	ldd	r18, Y+3	; 0x03
    146a:	fc 01       	movw	r30, r24
    146c:	27 87       	std	Z+15, r18	; 0x0f
    }
    146e:	00 00       	nop
    1470:	0f 90       	pop	r0
    1472:	0f 90       	pop	r0
    1474:	0f 90       	pop	r0
    1476:	df 91       	pop	r29
    1478:	cf 91       	pop	r28
    147a:	08 95       	ret

0000147c <_ZN12LimitSwitch312forcePressedENS_8PositionE>:

    void forcePressed(Position pos) {
    147c:	cf 93       	push	r28
    147e:	df 93       	push	r29
    1480:	00 d0       	rcall	.+0      	; 0x1482 <_ZN12LimitSwitch312forcePressedENS_8PositionE+0x6>
    1482:	1f 92       	push	r1
    1484:	cd b7       	in	r28, 0x3d	; 61
    1486:	de b7       	in	r29, 0x3e	; 62
    1488:	9a 83       	std	Y+2, r25	; 0x02
    148a:	89 83       	std	Y+1, r24	; 0x01
    148c:	6b 83       	std	Y+3, r22	; 0x03
        counter = SAMPLES; // Forzar estado presionado
    148e:	89 81       	ldd	r24, Y+1	; 0x01
    1490:	9a 81       	ldd	r25, Y+2	; 0x02
    1492:	2a e0       	ldi	r18, 0x0A	; 10
    1494:	fc 01       	movw	r30, r24
    1496:	27 83       	std	Z+7, r18	; 0x07
        stableState = true;
    1498:	89 81       	ldd	r24, Y+1	; 0x01
    149a:	9a 81       	ldd	r25, Y+2	; 0x02
    149c:	21 e0       	ldi	r18, 0x01	; 1
    149e:	fc 01       	movw	r30, r24
    14a0:	20 87       	std	Z+8, r18	; 0x08
        flagPressed = false; // No genera evento, ya lo sabemos.
    14a2:	89 81       	ldd	r24, Y+1	; 0x01
    14a4:	9a 81       	ldd	r25, Y+2	; 0x02
    14a6:	fc 01       	movw	r30, r24
    14a8:	11 86       	std	Z+9, r1	; 0x09
        currentPosition = pos;
    14aa:	89 81       	ldd	r24, Y+1	; 0x01
    14ac:	9a 81       	ldd	r25, Y+2	; 0x02
    14ae:	2b 81       	ldd	r18, Y+3	; 0x03
    14b0:	fc 01       	movw	r30, r24
    14b2:	26 87       	std	Z+14, r18	; 0x0e
        nextExpected = pos; // Sincronizar posición esperada con la forzada
    14b4:	89 81       	ldd	r24, Y+1	; 0x01
    14b6:	9a 81       	ldd	r25, Y+2	; 0x02
    14b8:	2b 81       	ldd	r18, Y+3	; 0x03
    14ba:	fc 01       	movw	r30, r24
    14bc:	27 87       	std	Z+15, r18	; 0x0f
    }
    14be:	00 00       	nop
    14c0:	0f 90       	pop	r0
    14c2:	0f 90       	pop	r0
    14c4:	0f 90       	pop	r0
    14c6:	df 91       	pop	r29
    14c8:	cf 91       	pop	r28
    14ca:	08 95       	ret

000014cc <_ZN12LimitSwitch313forceReleasedEv>:

    void forceReleased() {
    14cc:	cf 93       	push	r28
    14ce:	df 93       	push	r29
    14d0:	00 d0       	rcall	.+0      	; 0x14d2 <_ZN12LimitSwitch313forceReleasedEv+0x6>
    14d2:	cd b7       	in	r28, 0x3d	; 61
    14d4:	de b7       	in	r29, 0x3e	; 62
    14d6:	9a 83       	std	Y+2, r25	; 0x02
    14d8:	89 83       	std	Y+1, r24	; 0x01
        counter = 0; // Forzar estado suelto
    14da:	89 81       	ldd	r24, Y+1	; 0x01
    14dc:	9a 81       	ldd	r25, Y+2	; 0x02
    14de:	fc 01       	movw	r30, r24
    14e0:	17 82       	std	Z+7, r1	; 0x07
        stableState = false;
    14e2:	89 81       	ldd	r24, Y+1	; 0x01
    14e4:	9a 81       	ldd	r25, Y+2	; 0x02
    14e6:	fc 01       	movw	r30, r24
    14e8:	10 86       	std	Z+8, r1	; 0x08
        flagPressed = false; // No hay pulso pendiente
    14ea:	89 81       	ldd	r24, Y+1	; 0x01
    14ec:	9a 81       	ldd	r25, Y+2	; 0x02
    14ee:	fc 01       	movw	r30, r24
    14f0:	11 86       	std	Z+9, r1	; 0x09
    }
    14f2:	00 00       	nop
    14f4:	0f 90       	pop	r0
    14f6:	0f 90       	pop	r0
    14f8:	df 91       	pop	r29
    14fa:	cf 91       	pop	r28
    14fc:	08 95       	ret

000014fe <_ZN6Motor2C1EPVhS1_hS1_S1_hS1_P12LimitSwitch3>:
	bool isHoming;
	uint32_t homingPressStart;
	LimitSwitch3::Position homingTarget;
	
	public:
	Motor2(volatile uint8_t* pDIR, volatile uint8_t* dDIR, uint8_t mDIR,
    14fe:	8f 92       	push	r8
    1500:	9f 92       	push	r9
    1502:	af 92       	push	r10
    1504:	bf 92       	push	r11
    1506:	cf 92       	push	r12
    1508:	ef 92       	push	r14
    150a:	ff 92       	push	r15
    150c:	0f 93       	push	r16
    150e:	1f 93       	push	r17
    1510:	cf 93       	push	r28
    1512:	df 93       	push	r29
    1514:	cd b7       	in	r28, 0x3d	; 61
    1516:	de b7       	in	r29, 0x3e	; 62
    1518:	60 97       	sbiw	r28, 0x10	; 16
    151a:	0f b6       	in	r0, 0x3f	; 63
    151c:	f8 94       	cli
    151e:	de bf       	out	0x3e, r29	; 62
    1520:	0f be       	out	0x3f, r0	; 63
    1522:	cd bf       	out	0x3d, r28	; 61
    1524:	9a 83       	std	Y+2, r25	; 0x02
    1526:	89 83       	std	Y+1, r24	; 0x01
    1528:	7c 83       	std	Y+4, r23	; 0x04
    152a:	6b 83       	std	Y+3, r22	; 0x03
    152c:	5e 83       	std	Y+6, r21	; 0x06
    152e:	4d 83       	std	Y+5, r20	; 0x05
    1530:	2f 83       	std	Y+7, r18	; 0x07
    1532:	19 87       	std	Y+9, r17	; 0x09
    1534:	08 87       	std	Y+8, r16	; 0x08
    1536:	fb 86       	std	Y+11, r15	; 0x0b
    1538:	ea 86       	std	Y+10, r14	; 0x0a
    153a:	cc 86       	std	Y+12, r12	; 0x0c
    153c:	be 86       	std	Y+14, r11	; 0x0e
    153e:	ad 86       	std	Y+13, r10	; 0x0d
    1540:	98 8a       	std	Y+16, r9	; 0x10
    1542:	8f 86       	std	Y+15, r8	; 0x0f
           volatile uint8_t* pEN,  volatile uint8_t* dEN,  uint8_t mEN,
           volatile uint8_t* rPWM, LimitSwitch3* swPtr = nullptr) {
		portDIR = pDIR; ddrDIR = dDIR; maskDIR = mDIR;
    1544:	89 81       	ldd	r24, Y+1	; 0x01
    1546:	9a 81       	ldd	r25, Y+2	; 0x02
    1548:	2b 81       	ldd	r18, Y+3	; 0x03
    154a:	3c 81       	ldd	r19, Y+4	; 0x04
    154c:	fc 01       	movw	r30, r24
    154e:	31 83       	std	Z+1, r19	; 0x01
    1550:	20 83       	st	Z, r18
    1552:	89 81       	ldd	r24, Y+1	; 0x01
    1554:	9a 81       	ldd	r25, Y+2	; 0x02
    1556:	2d 81       	ldd	r18, Y+5	; 0x05
    1558:	3e 81       	ldd	r19, Y+6	; 0x06
    155a:	fc 01       	movw	r30, r24
    155c:	33 83       	std	Z+3, r19	; 0x03
    155e:	22 83       	std	Z+2, r18	; 0x02
    1560:	89 81       	ldd	r24, Y+1	; 0x01
    1562:	9a 81       	ldd	r25, Y+2	; 0x02
    1564:	2f 81       	ldd	r18, Y+7	; 0x07
    1566:	fc 01       	movw	r30, r24
    1568:	24 83       	std	Z+4, r18	; 0x04
		portEN  = pEN;  ddrEN  = dEN;  maskEN  = mEN;
    156a:	89 81       	ldd	r24, Y+1	; 0x01
    156c:	9a 81       	ldd	r25, Y+2	; 0x02
    156e:	28 85       	ldd	r18, Y+8	; 0x08
    1570:	39 85       	ldd	r19, Y+9	; 0x09
    1572:	fc 01       	movw	r30, r24
    1574:	36 83       	std	Z+6, r19	; 0x06
    1576:	25 83       	std	Z+5, r18	; 0x05
    1578:	89 81       	ldd	r24, Y+1	; 0x01
    157a:	9a 81       	ldd	r25, Y+2	; 0x02
    157c:	2a 85       	ldd	r18, Y+10	; 0x0a
    157e:	3b 85       	ldd	r19, Y+11	; 0x0b
    1580:	fc 01       	movw	r30, r24
    1582:	30 87       	std	Z+8, r19	; 0x08
    1584:	27 83       	std	Z+7, r18	; 0x07
    1586:	89 81       	ldd	r24, Y+1	; 0x01
    1588:	9a 81       	ldd	r25, Y+2	; 0x02
    158a:	2c 85       	ldd	r18, Y+12	; 0x0c
    158c:	fc 01       	movw	r30, r24
    158e:	21 87       	std	Z+9, r18	; 0x09
		ocrPWM = rPWM;
    1590:	89 81       	ldd	r24, Y+1	; 0x01
    1592:	9a 81       	ldd	r25, Y+2	; 0x02
    1594:	2d 85       	ldd	r18, Y+13	; 0x0d
    1596:	3e 85       	ldd	r19, Y+14	; 0x0e
    1598:	fc 01       	movw	r30, r24
    159a:	33 87       	std	Z+11, r19	; 0x0b
    159c:	22 87       	std	Z+10, r18	; 0x0a
		sw = swPtr;
    159e:	89 81       	ldd	r24, Y+1	; 0x01
    15a0:	9a 81       	ldd	r25, Y+2	; 0x02
    15a2:	2f 85       	ldd	r18, Y+15	; 0x0f
    15a4:	38 89       	ldd	r19, Y+16	; 0x10
    15a6:	fc 01       	movw	r30, r24
    15a8:	35 87       	std	Z+13, r19	; 0x0d
    15aa:	24 87       	std	Z+12, r18	; 0x0c
		moving = false;
    15ac:	89 81       	ldd	r24, Y+1	; 0x01
    15ae:	9a 81       	ldd	r25, Y+2	; 0x02
    15b0:	fc 01       	movw	r30, r24
    15b2:	16 86       	std	Z+14, r1	; 0x0e
		direction = true;
    15b4:	89 81       	ldd	r24, Y+1	; 0x01
    15b6:	9a 81       	ldd	r25, Y+2	; 0x02
    15b8:	21 e0       	ldi	r18, 0x01	; 1
    15ba:	fc 01       	movw	r30, r24
    15bc:	27 87       	std	Z+15, r18	; 0x0f
		escaping = false;
    15be:	89 81       	ldd	r24, Y+1	; 0x01
    15c0:	9a 81       	ldd	r25, Y+2	; 0x02
    15c2:	fc 01       	movw	r30, r24
    15c4:	10 8a       	std	Z+16, r1	; 0x10
		escapeStart = 0;
    15c6:	89 81       	ldd	r24, Y+1	; 0x01
    15c8:	9a 81       	ldd	r25, Y+2	; 0x02
    15ca:	fc 01       	movw	r30, r24
    15cc:	11 8a       	std	Z+17, r1	; 0x11
    15ce:	12 8a       	std	Z+18, r1	; 0x12
    15d0:	13 8a       	std	Z+19, r1	; 0x13
    15d2:	14 8a       	std	Z+20, r1	; 0x14
		targetPosition = LimitSwitch3::Position::UNKNOWN;
    15d4:	89 81       	ldd	r24, Y+1	; 0x01
    15d6:	9a 81       	ldd	r25, Y+2	; 0x02
    15d8:	fc 01       	movw	r30, r24
    15da:	15 8a       	std	Z+21, r1	; 0x15
		isHoming = false; homingPressStart = 0; homingTarget = LimitSwitch3::Position::UNKNOWN;
    15dc:	89 81       	ldd	r24, Y+1	; 0x01
    15de:	9a 81       	ldd	r25, Y+2	; 0x02
    15e0:	fc 01       	movw	r30, r24
    15e2:	16 8a       	std	Z+22, r1	; 0x16
    15e4:	89 81       	ldd	r24, Y+1	; 0x01
    15e6:	9a 81       	ldd	r25, Y+2	; 0x02
    15e8:	fc 01       	movw	r30, r24
    15ea:	17 8a       	std	Z+23, r1	; 0x17
    15ec:	10 8e       	std	Z+24, r1	; 0x18
    15ee:	11 8e       	std	Z+25, r1	; 0x19
    15f0:	12 8e       	std	Z+26, r1	; 0x1a
    15f2:	89 81       	ldd	r24, Y+1	; 0x01
    15f4:	9a 81       	ldd	r25, Y+2	; 0x02
    15f6:	fc 01       	movw	r30, r24
    15f8:	13 8e       	std	Z+27, r1	; 0x1b
	}
    15fa:	00 00       	nop
    15fc:	60 96       	adiw	r28, 0x10	; 16
    15fe:	0f b6       	in	r0, 0x3f	; 63
    1600:	f8 94       	cli
    1602:	de bf       	out	0x3e, r29	; 62
    1604:	0f be       	out	0x3f, r0	; 63
    1606:	cd bf       	out	0x3d, r28	; 61
    1608:	df 91       	pop	r29
    160a:	cf 91       	pop	r28
    160c:	1f 91       	pop	r17
    160e:	0f 91       	pop	r16
    1610:	ff 90       	pop	r15
    1612:	ef 90       	pop	r14
    1614:	cf 90       	pop	r12
    1616:	bf 90       	pop	r11
    1618:	af 90       	pop	r10
    161a:	9f 90       	pop	r9
    161c:	8f 90       	pop	r8
    161e:	08 95       	ret

00001620 <_ZN6Motor24initEv>:
		
	void init() {
    1620:	cf 93       	push	r28
    1622:	df 93       	push	r29
    1624:	00 d0       	rcall	.+0      	; 0x1626 <_ZN6Motor24initEv+0x6>
    1626:	cd b7       	in	r28, 0x3d	; 61
    1628:	de b7       	in	r29, 0x3e	; 62
    162a:	9a 83       	std	Y+2, r25	; 0x02
    162c:	89 83       	std	Y+1, r24	; 0x01
		*ddrDIR |= maskDIR;
    162e:	89 81       	ldd	r24, Y+1	; 0x01
    1630:	9a 81       	ldd	r25, Y+2	; 0x02
    1632:	fc 01       	movw	r30, r24
    1634:	82 81       	ldd	r24, Z+2	; 0x02
    1636:	93 81       	ldd	r25, Z+3	; 0x03
    1638:	29 81       	ldd	r18, Y+1	; 0x01
    163a:	3a 81       	ldd	r19, Y+2	; 0x02
    163c:	f9 01       	movw	r30, r18
    163e:	22 81       	ldd	r18, Z+2	; 0x02
    1640:	33 81       	ldd	r19, Z+3	; 0x03
    1642:	f9 01       	movw	r30, r18
    1644:	40 81       	ld	r20, Z
    1646:	29 81       	ldd	r18, Y+1	; 0x01
    1648:	3a 81       	ldd	r19, Y+2	; 0x02
    164a:	f9 01       	movw	r30, r18
    164c:	24 81       	ldd	r18, Z+4	; 0x04
    164e:	24 2b       	or	r18, r20
    1650:	fc 01       	movw	r30, r24
    1652:	20 83       	st	Z, r18
		*ddrEN |= maskEN;
    1654:	89 81       	ldd	r24, Y+1	; 0x01
    1656:	9a 81       	ldd	r25, Y+2	; 0x02
    1658:	fc 01       	movw	r30, r24
    165a:	87 81       	ldd	r24, Z+7	; 0x07
    165c:	90 85       	ldd	r25, Z+8	; 0x08
    165e:	29 81       	ldd	r18, Y+1	; 0x01
    1660:	3a 81       	ldd	r19, Y+2	; 0x02
    1662:	f9 01       	movw	r30, r18
    1664:	27 81       	ldd	r18, Z+7	; 0x07
    1666:	30 85       	ldd	r19, Z+8	; 0x08
    1668:	f9 01       	movw	r30, r18
    166a:	40 81       	ld	r20, Z
    166c:	29 81       	ldd	r18, Y+1	; 0x01
    166e:	3a 81       	ldd	r19, Y+2	; 0x02
    1670:	f9 01       	movw	r30, r18
    1672:	21 85       	ldd	r18, Z+9	; 0x09
    1674:	24 2b       	or	r18, r20
    1676:	fc 01       	movw	r30, r24
    1678:	20 83       	st	Z, r18
		*portDIR &= ~maskDIR;
    167a:	89 81       	ldd	r24, Y+1	; 0x01
    167c:	9a 81       	ldd	r25, Y+2	; 0x02
    167e:	fc 01       	movw	r30, r24
    1680:	80 81       	ld	r24, Z
    1682:	91 81       	ldd	r25, Z+1	; 0x01
    1684:	29 81       	ldd	r18, Y+1	; 0x01
    1686:	3a 81       	ldd	r19, Y+2	; 0x02
    1688:	f9 01       	movw	r30, r18
    168a:	20 81       	ld	r18, Z
    168c:	31 81       	ldd	r19, Z+1	; 0x01
    168e:	f9 01       	movw	r30, r18
    1690:	20 81       	ld	r18, Z
    1692:	42 2f       	mov	r20, r18
    1694:	29 81       	ldd	r18, Y+1	; 0x01
    1696:	3a 81       	ldd	r19, Y+2	; 0x02
    1698:	f9 01       	movw	r30, r18
    169a:	24 81       	ldd	r18, Z+4	; 0x04
    169c:	20 95       	com	r18
    169e:	24 23       	and	r18, r20
    16a0:	fc 01       	movw	r30, r24
    16a2:	20 83       	st	Z, r18
		*portEN &= ~maskEN;
    16a4:	89 81       	ldd	r24, Y+1	; 0x01
    16a6:	9a 81       	ldd	r25, Y+2	; 0x02
    16a8:	fc 01       	movw	r30, r24
    16aa:	85 81       	ldd	r24, Z+5	; 0x05
    16ac:	96 81       	ldd	r25, Z+6	; 0x06
    16ae:	29 81       	ldd	r18, Y+1	; 0x01
    16b0:	3a 81       	ldd	r19, Y+2	; 0x02
    16b2:	f9 01       	movw	r30, r18
    16b4:	25 81       	ldd	r18, Z+5	; 0x05
    16b6:	36 81       	ldd	r19, Z+6	; 0x06
    16b8:	f9 01       	movw	r30, r18
    16ba:	20 81       	ld	r18, Z
    16bc:	42 2f       	mov	r20, r18
    16be:	29 81       	ldd	r18, Y+1	; 0x01
    16c0:	3a 81       	ldd	r19, Y+2	; 0x02
    16c2:	f9 01       	movw	r30, r18
    16c4:	21 85       	ldd	r18, Z+9	; 0x09
    16c6:	20 95       	com	r18
    16c8:	24 23       	and	r18, r20
    16ca:	fc 01       	movw	r30, r24
    16cc:	20 83       	st	Z, r18
		*ocrPWM = 0;
    16ce:	89 81       	ldd	r24, Y+1	; 0x01
    16d0:	9a 81       	ldd	r25, Y+2	; 0x02
    16d2:	fc 01       	movw	r30, r24
    16d4:	82 85       	ldd	r24, Z+10	; 0x0a
    16d6:	93 85       	ldd	r25, Z+11	; 0x0b
    16d8:	fc 01       	movw	r30, r24
    16da:	10 82       	st	Z, r1
	}
    16dc:	00 00       	nop
    16de:	0f 90       	pop	r0
    16e0:	0f 90       	pop	r0
    16e2:	df 91       	pop	r29
    16e4:	cf 91       	pop	r28
    16e6:	08 95       	ret

000016e8 <_ZN6Motor211startHomingEbN12LimitSwitch38PositionEmh>:
	
	void startHoming(bool dir, LimitSwitch3::Position target, uint32_t currentTime, uint8_t speed = DEFAULT_SPEED) {
    16e8:	ef 92       	push	r14
    16ea:	0f 93       	push	r16
    16ec:	1f 93       	push	r17
    16ee:	cf 93       	push	r28
    16f0:	df 93       	push	r29
    16f2:	cd b7       	in	r28, 0x3d	; 61
    16f4:	de b7       	in	r29, 0x3e	; 62
    16f6:	29 97       	sbiw	r28, 0x09	; 9
    16f8:	0f b6       	in	r0, 0x3f	; 63
    16fa:	f8 94       	cli
    16fc:	de bf       	out	0x3e, r29	; 62
    16fe:	0f be       	out	0x3f, r0	; 63
    1700:	cd bf       	out	0x3d, r28	; 61
    1702:	9a 83       	std	Y+2, r25	; 0x02
    1704:	89 83       	std	Y+1, r24	; 0x01
    1706:	6b 83       	std	Y+3, r22	; 0x03
    1708:	4c 83       	std	Y+4, r20	; 0x04
    170a:	0d 83       	std	Y+5, r16	; 0x05
    170c:	1e 83       	std	Y+6, r17	; 0x06
    170e:	2f 83       	std	Y+7, r18	; 0x07
    1710:	38 87       	std	Y+8, r19	; 0x08
    1712:	e9 86       	std	Y+9, r14	; 0x09
		if (sw == 0) return;
    1714:	89 81       	ldd	r24, Y+1	; 0x01
    1716:	9a 81       	ldd	r25, Y+2	; 0x02
    1718:	fc 01       	movw	r30, r24
    171a:	84 85       	ldd	r24, Z+12	; 0x0c
    171c:	95 85       	ldd	r25, Z+13	; 0x0d
    171e:	89 2b       	or	r24, r25
    1720:	09 f4       	brne	.+2      	; 0x1724 <_ZN6Motor211startHomingEbN12LimitSwitch38PositionEmh+0x3c>
    1722:	67 c0       	rjmp	.+206    	; 0x17f2 <_ZN6Motor211startHomingEbN12LimitSwitch38PositionEmh+0x10a>

		isHoming = true;
    1724:	89 81       	ldd	r24, Y+1	; 0x01
    1726:	9a 81       	ldd	r25, Y+2	; 0x02
    1728:	21 e0       	ldi	r18, 0x01	; 1
    172a:	fc 01       	movw	r30, r24
    172c:	26 8b       	std	Z+22, r18	; 0x16
		homingTarget = target;
    172e:	89 81       	ldd	r24, Y+1	; 0x01
    1730:	9a 81       	ldd	r25, Y+2	; 0x02
    1732:	2c 81       	ldd	r18, Y+4	; 0x04
    1734:	fc 01       	movw	r30, r24
    1736:	23 8f       	std	Z+27, r18	; 0x1b
		homingPressStart = 0;
    1738:	89 81       	ldd	r24, Y+1	; 0x01
    173a:	9a 81       	ldd	r25, Y+2	; 0x02
    173c:	fc 01       	movw	r30, r24
    173e:	17 8a       	std	Z+23, r1	; 0x17
    1740:	10 8e       	std	Z+24, r1	; 0x18
    1742:	11 8e       	std	Z+25, r1	; 0x19
    1744:	12 8e       	std	Z+26, r1	; 0x1a

		// ESCAPE INCONDICIONAL SIEMPRE AL ARRANCAR
		escaping = true;
    1746:	89 81       	ldd	r24, Y+1	; 0x01
    1748:	9a 81       	ldd	r25, Y+2	; 0x02
    174a:	21 e0       	ldi	r18, 0x01	; 1
    174c:	fc 01       	movw	r30, r24
    174e:	20 8b       	std	Z+16, r18	; 0x10
		escapeStart = currentTime;
    1750:	29 81       	ldd	r18, Y+1	; 0x01
    1752:	3a 81       	ldd	r19, Y+2	; 0x02
    1754:	8d 81       	ldd	r24, Y+5	; 0x05
    1756:	9e 81       	ldd	r25, Y+6	; 0x06
    1758:	af 81       	ldd	r26, Y+7	; 0x07
    175a:	b8 85       	ldd	r27, Y+8	; 0x08
    175c:	f9 01       	movw	r30, r18
    175e:	81 8b       	std	Z+17, r24	; 0x11
    1760:	92 8b       	std	Z+18, r25	; 0x12
    1762:	a3 8b       	std	Z+19, r26	; 0x13
    1764:	b4 8b       	std	Z+20, r27	; 0x14
		sw->forceReleased();
    1766:	89 81       	ldd	r24, Y+1	; 0x01
    1768:	9a 81       	ldd	r25, Y+2	; 0x02
    176a:	fc 01       	movw	r30, r24
    176c:	84 85       	ldd	r24, Z+12	; 0x0c
    176e:	95 85       	ldd	r25, Z+13	; 0x0d
    1770:	0e 94 66 0a 	call	0x14cc	; 0x14cc <_ZN12LimitSwitch313forceReleasedEv>

		if (dir) 	*portDIR |= maskDIR;
    1774:	8b 81       	ldd	r24, Y+3	; 0x03
    1776:	88 23       	and	r24, r24
    1778:	a1 f0       	breq	.+40     	; 0x17a2 <_ZN6Motor211startHomingEbN12LimitSwitch38PositionEmh+0xba>
    177a:	89 81       	ldd	r24, Y+1	; 0x01
    177c:	9a 81       	ldd	r25, Y+2	; 0x02
    177e:	fc 01       	movw	r30, r24
    1780:	80 81       	ld	r24, Z
    1782:	91 81       	ldd	r25, Z+1	; 0x01
    1784:	29 81       	ldd	r18, Y+1	; 0x01
    1786:	3a 81       	ldd	r19, Y+2	; 0x02
    1788:	f9 01       	movw	r30, r18
    178a:	20 81       	ld	r18, Z
    178c:	31 81       	ldd	r19, Z+1	; 0x01
    178e:	f9 01       	movw	r30, r18
    1790:	40 81       	ld	r20, Z
    1792:	29 81       	ldd	r18, Y+1	; 0x01
    1794:	3a 81       	ldd	r19, Y+2	; 0x02
    1796:	f9 01       	movw	r30, r18
    1798:	24 81       	ldd	r18, Z+4	; 0x04
    179a:	24 2b       	or	r18, r20
    179c:	fc 01       	movw	r30, r24
    179e:	20 83       	st	Z, r18
    17a0:	15 c0       	rjmp	.+42     	; 0x17cc <_ZN6Motor211startHomingEbN12LimitSwitch38PositionEmh+0xe4>
		else 		*portDIR &= ~maskDIR;
    17a2:	89 81       	ldd	r24, Y+1	; 0x01
    17a4:	9a 81       	ldd	r25, Y+2	; 0x02
    17a6:	fc 01       	movw	r30, r24
    17a8:	80 81       	ld	r24, Z
    17aa:	91 81       	ldd	r25, Z+1	; 0x01
    17ac:	29 81       	ldd	r18, Y+1	; 0x01
    17ae:	3a 81       	ldd	r19, Y+2	; 0x02
    17b0:	f9 01       	movw	r30, r18
    17b2:	20 81       	ld	r18, Z
    17b4:	31 81       	ldd	r19, Z+1	; 0x01
    17b6:	f9 01       	movw	r30, r18
    17b8:	20 81       	ld	r18, Z
    17ba:	42 2f       	mov	r20, r18
    17bc:	29 81       	ldd	r18, Y+1	; 0x01
    17be:	3a 81       	ldd	r19, Y+2	; 0x02
    17c0:	f9 01       	movw	r30, r18
    17c2:	24 81       	ldd	r18, Z+4	; 0x04
    17c4:	20 95       	com	r18
    17c6:	24 23       	and	r18, r20
    17c8:	fc 01       	movw	r30, r24
    17ca:	20 83       	st	Z, r18

		*ocrPWM = speed;
    17cc:	89 81       	ldd	r24, Y+1	; 0x01
    17ce:	9a 81       	ldd	r25, Y+2	; 0x02
    17d0:	fc 01       	movw	r30, r24
    17d2:	82 85       	ldd	r24, Z+10	; 0x0a
    17d4:	93 85       	ldd	r25, Z+11	; 0x0b
    17d6:	29 85       	ldd	r18, Y+9	; 0x09
    17d8:	fc 01       	movw	r30, r24
    17da:	20 83       	st	Z, r18
        // Eliminado la manipulación manual de portEN. El Timer toma el control.

		direction = dir;
    17dc:	89 81       	ldd	r24, Y+1	; 0x01
    17de:	9a 81       	ldd	r25, Y+2	; 0x02
    17e0:	2b 81       	ldd	r18, Y+3	; 0x03
    17e2:	fc 01       	movw	r30, r24
    17e4:	27 87       	std	Z+15, r18	; 0x0f
		moving = true;
    17e6:	89 81       	ldd	r24, Y+1	; 0x01
    17e8:	9a 81       	ldd	r25, Y+2	; 0x02
    17ea:	21 e0       	ldi	r18, 0x01	; 1
    17ec:	fc 01       	movw	r30, r24
    17ee:	26 87       	std	Z+14, r18	; 0x0e
    17f0:	01 c0       	rjmp	.+2      	; 0x17f4 <_ZN6Motor211startHomingEbN12LimitSwitch38PositionEmh+0x10c>
		*portEN &= ~maskEN;
		*ocrPWM = 0;
	}
	
	void startHoming(bool dir, LimitSwitch3::Position target, uint32_t currentTime, uint8_t speed = DEFAULT_SPEED) {
		if (sw == 0) return;
    17f2:	00 00       	nop
		*ocrPWM = speed;
        // Eliminado la manipulación manual de portEN. El Timer toma el control.

		direction = dir;
		moving = true;
	}
    17f4:	29 96       	adiw	r28, 0x09	; 9
    17f6:	0f b6       	in	r0, 0x3f	; 63
    17f8:	f8 94       	cli
    17fa:	de bf       	out	0x3e, r29	; 62
    17fc:	0f be       	out	0x3f, r0	; 63
    17fe:	cd bf       	out	0x3d, r28	; 61
    1800:	df 91       	pop	r29
    1802:	cf 91       	pop	r28
    1804:	1f 91       	pop	r17
    1806:	0f 91       	pop	r16
    1808:	ef 90       	pop	r14
    180a:	08 95       	ret

0000180c <_ZN6Motor24moveEbN12LimitSwitch38PositionEmh>:
	
	void move(bool dir, LimitSwitch3::Position target, uint32_t currentTime, uint8_t speed = DEFAULT_SPEED) {
    180c:	ef 92       	push	r14
    180e:	0f 93       	push	r16
    1810:	1f 93       	push	r17
    1812:	cf 93       	push	r28
    1814:	df 93       	push	r29
    1816:	cd b7       	in	r28, 0x3d	; 61
    1818:	de b7       	in	r29, 0x3e	; 62
    181a:	2a 97       	sbiw	r28, 0x0a	; 10
    181c:	0f b6       	in	r0, 0x3f	; 63
    181e:	f8 94       	cli
    1820:	de bf       	out	0x3e, r29	; 62
    1822:	0f be       	out	0x3f, r0	; 63
    1824:	cd bf       	out	0x3d, r28	; 61
    1826:	9b 83       	std	Y+3, r25	; 0x03
    1828:	8a 83       	std	Y+2, r24	; 0x02
    182a:	6c 83       	std	Y+4, r22	; 0x04
    182c:	4d 83       	std	Y+5, r20	; 0x05
    182e:	0e 83       	std	Y+6, r16	; 0x06
    1830:	1f 83       	std	Y+7, r17	; 0x07
    1832:	28 87       	std	Y+8, r18	; 0x08
    1834:	39 87       	std	Y+9, r19	; 0x09
    1836:	ea 86       	std	Y+10, r14	; 0x0a
		if (sw == 0) return;
    1838:	8a 81       	ldd	r24, Y+2	; 0x02
    183a:	9b 81       	ldd	r25, Y+3	; 0x03
    183c:	fc 01       	movw	r30, r24
    183e:	84 85       	ldd	r24, Z+12	; 0x0c
    1840:	95 85       	ldd	r25, Z+13	; 0x0d
    1842:	89 2b       	or	r24, r25
    1844:	09 f4       	brne	.+2      	; 0x1848 <_ZN6Motor24moveEbN12LimitSwitch38PositionEmh+0x3c>
    1846:	69 c0       	rjmp	.+210    	; 0x191a <_ZN6Motor24moveEbN12LimitSwitch38PositionEmh+0x10e>

		targetPosition = target;
    1848:	8a 81       	ldd	r24, Y+2	; 0x02
    184a:	9b 81       	ldd	r25, Y+3	; 0x03
    184c:	2d 81       	ldd	r18, Y+5	; 0x05
    184e:	fc 01       	movw	r30, r24
    1850:	25 8b       	std	Z+21, r18	; 0x15
		LimitSwitch3::Position nextPos = computeNextExpected(dir);
    1852:	8a 81       	ldd	r24, Y+2	; 0x02
    1854:	9b 81       	ldd	r25, Y+3	; 0x03
    1856:	6c 81       	ldd	r22, Y+4	; 0x04
    1858:	0e 94 3f 0e 	call	0x1c7e	; 0x1c7e <_ZN6Motor219computeNextExpectedEb>
    185c:	89 83       	std	Y+1, r24	; 0x01
		sw->setNextExpected(nextPos);
    185e:	8a 81       	ldd	r24, Y+2	; 0x02
    1860:	9b 81       	ldd	r25, Y+3	; 0x03
    1862:	fc 01       	movw	r30, r24
    1864:	84 85       	ldd	r24, Z+12	; 0x0c
    1866:	95 85       	ldd	r25, Z+13	; 0x0d
    1868:	69 81       	ldd	r22, Y+1	; 0x01
    186a:	0e 94 29 0a 	call	0x1452	; 0x1452 <_ZN12LimitSwitch315setNextExpectedENS_8PositionE>

		// ESCAPE INCONDICIONAL SIEMPRE AL ARRANCAR
		escaping = true;
    186e:	8a 81       	ldd	r24, Y+2	; 0x02
    1870:	9b 81       	ldd	r25, Y+3	; 0x03
    1872:	21 e0       	ldi	r18, 0x01	; 1
    1874:	fc 01       	movw	r30, r24
    1876:	20 8b       	std	Z+16, r18	; 0x10
		escapeStart = currentTime;
    1878:	2a 81       	ldd	r18, Y+2	; 0x02
    187a:	3b 81       	ldd	r19, Y+3	; 0x03
    187c:	8e 81       	ldd	r24, Y+6	; 0x06
    187e:	9f 81       	ldd	r25, Y+7	; 0x07
    1880:	a8 85       	ldd	r26, Y+8	; 0x08
    1882:	b9 85       	ldd	r27, Y+9	; 0x09
    1884:	f9 01       	movw	r30, r18
    1886:	81 8b       	std	Z+17, r24	; 0x11
    1888:	92 8b       	std	Z+18, r25	; 0x12
    188a:	a3 8b       	std	Z+19, r26	; 0x13
    188c:	b4 8b       	std	Z+20, r27	; 0x14
		sw->forceReleased(); 
    188e:	8a 81       	ldd	r24, Y+2	; 0x02
    1890:	9b 81       	ldd	r25, Y+3	; 0x03
    1892:	fc 01       	movw	r30, r24
    1894:	84 85       	ldd	r24, Z+12	; 0x0c
    1896:	95 85       	ldd	r25, Z+13	; 0x0d
    1898:	0e 94 66 0a 	call	0x14cc	; 0x14cc <_ZN12LimitSwitch313forceReleasedEv>

		if (dir) 	*portDIR |= maskDIR; 
    189c:	8c 81       	ldd	r24, Y+4	; 0x04
    189e:	88 23       	and	r24, r24
    18a0:	a1 f0       	breq	.+40     	; 0x18ca <_ZN6Motor24moveEbN12LimitSwitch38PositionEmh+0xbe>
    18a2:	8a 81       	ldd	r24, Y+2	; 0x02
    18a4:	9b 81       	ldd	r25, Y+3	; 0x03
    18a6:	fc 01       	movw	r30, r24
    18a8:	80 81       	ld	r24, Z
    18aa:	91 81       	ldd	r25, Z+1	; 0x01
    18ac:	2a 81       	ldd	r18, Y+2	; 0x02
    18ae:	3b 81       	ldd	r19, Y+3	; 0x03
    18b0:	f9 01       	movw	r30, r18
    18b2:	20 81       	ld	r18, Z
    18b4:	31 81       	ldd	r19, Z+1	; 0x01
    18b6:	f9 01       	movw	r30, r18
    18b8:	40 81       	ld	r20, Z
    18ba:	2a 81       	ldd	r18, Y+2	; 0x02
    18bc:	3b 81       	ldd	r19, Y+3	; 0x03
    18be:	f9 01       	movw	r30, r18
    18c0:	24 81       	ldd	r18, Z+4	; 0x04
    18c2:	24 2b       	or	r18, r20
    18c4:	fc 01       	movw	r30, r24
    18c6:	20 83       	st	Z, r18
    18c8:	15 c0       	rjmp	.+42     	; 0x18f4 <_ZN6Motor24moveEbN12LimitSwitch38PositionEmh+0xe8>
		else 		*portDIR &= ~maskDIR; 
    18ca:	8a 81       	ldd	r24, Y+2	; 0x02
    18cc:	9b 81       	ldd	r25, Y+3	; 0x03
    18ce:	fc 01       	movw	r30, r24
    18d0:	80 81       	ld	r24, Z
    18d2:	91 81       	ldd	r25, Z+1	; 0x01
    18d4:	2a 81       	ldd	r18, Y+2	; 0x02
    18d6:	3b 81       	ldd	r19, Y+3	; 0x03
    18d8:	f9 01       	movw	r30, r18
    18da:	20 81       	ld	r18, Z
    18dc:	31 81       	ldd	r19, Z+1	; 0x01
    18de:	f9 01       	movw	r30, r18
    18e0:	20 81       	ld	r18, Z
    18e2:	42 2f       	mov	r20, r18
    18e4:	2a 81       	ldd	r18, Y+2	; 0x02
    18e6:	3b 81       	ldd	r19, Y+3	; 0x03
    18e8:	f9 01       	movw	r30, r18
    18ea:	24 81       	ldd	r18, Z+4	; 0x04
    18ec:	20 95       	com	r18
    18ee:	24 23       	and	r18, r20
    18f0:	fc 01       	movw	r30, r24
    18f2:	20 83       	st	Z, r18

		*ocrPWM = speed;
    18f4:	8a 81       	ldd	r24, Y+2	; 0x02
    18f6:	9b 81       	ldd	r25, Y+3	; 0x03
    18f8:	fc 01       	movw	r30, r24
    18fa:	82 85       	ldd	r24, Z+10	; 0x0a
    18fc:	93 85       	ldd	r25, Z+11	; 0x0b
    18fe:	2a 85       	ldd	r18, Y+10	; 0x0a
    1900:	fc 01       	movw	r30, r24
    1902:	20 83       	st	Z, r18

		direction = dir;
    1904:	8a 81       	ldd	r24, Y+2	; 0x02
    1906:	9b 81       	ldd	r25, Y+3	; 0x03
    1908:	2c 81       	ldd	r18, Y+4	; 0x04
    190a:	fc 01       	movw	r30, r24
    190c:	27 87       	std	Z+15, r18	; 0x0f
		moving = true;
    190e:	8a 81       	ldd	r24, Y+2	; 0x02
    1910:	9b 81       	ldd	r25, Y+3	; 0x03
    1912:	21 e0       	ldi	r18, 0x01	; 1
    1914:	fc 01       	movw	r30, r24
    1916:	26 87       	std	Z+14, r18	; 0x0e
    1918:	01 c0       	rjmp	.+2      	; 0x191c <_ZN6Motor24moveEbN12LimitSwitch38PositionEmh+0x110>
		direction = dir;
		moving = true;
	}
	
	void move(bool dir, LimitSwitch3::Position target, uint32_t currentTime, uint8_t speed = DEFAULT_SPEED) {
		if (sw == 0) return;
    191a:	00 00       	nop

		*ocrPWM = speed;

		direction = dir;
		moving = true;
	}
    191c:	2a 96       	adiw	r28, 0x0a	; 10
    191e:	0f b6       	in	r0, 0x3f	; 63
    1920:	f8 94       	cli
    1922:	de bf       	out	0x3e, r29	; 62
    1924:	0f be       	out	0x3f, r0	; 63
    1926:	cd bf       	out	0x3d, r28	; 61
    1928:	df 91       	pop	r29
    192a:	cf 91       	pop	r28
    192c:	1f 91       	pop	r17
    192e:	0f 91       	pop	r16
    1930:	ef 90       	pop	r14
    1932:	08 95       	ret

00001934 <_ZN6Motor24stopEv>:

	void stop() {
    1934:	cf 93       	push	r28
    1936:	df 93       	push	r29
    1938:	00 d0       	rcall	.+0      	; 0x193a <_ZN6Motor24stopEv+0x6>
    193a:	cd b7       	in	r28, 0x3d	; 61
    193c:	de b7       	in	r29, 0x3e	; 62
    193e:	9a 83       	std	Y+2, r25	; 0x02
    1940:	89 83       	std	Y+1, r24	; 0x01
		*ocrPWM = 0;
    1942:	89 81       	ldd	r24, Y+1	; 0x01
    1944:	9a 81       	ldd	r25, Y+2	; 0x02
    1946:	fc 01       	movw	r30, r24
    1948:	82 85       	ldd	r24, Z+10	; 0x0a
    194a:	93 85       	ldd	r25, Z+11	; 0x0b
    194c:	fc 01       	movw	r30, r24
    194e:	10 82       	st	Z, r1
		moving = false;
    1950:	89 81       	ldd	r24, Y+1	; 0x01
    1952:	9a 81       	ldd	r25, Y+2	; 0x02
    1954:	fc 01       	movw	r30, r24
    1956:	16 86       	std	Z+14, r1	; 0x0e
		escaping = false;
    1958:	89 81       	ldd	r24, Y+1	; 0x01
    195a:	9a 81       	ldd	r25, Y+2	; 0x02
    195c:	fc 01       	movw	r30, r24
    195e:	10 8a       	std	Z+16, r1	; 0x10
	}
    1960:	00 00       	nop
    1962:	0f 90       	pop	r0
    1964:	0f 90       	pop	r0
    1966:	df 91       	pop	r29
    1968:	cf 91       	pop	r28
    196a:	08 95       	ret

0000196c <_ZN6Motor26updateEm>:

	void update(uint32_t currentTime) {
    196c:	ef 92       	push	r14
    196e:	ff 92       	push	r15
    1970:	0f 93       	push	r16
    1972:	1f 93       	push	r17
    1974:	cf 93       	push	r28
    1976:	df 93       	push	r29
    1978:	cd b7       	in	r28, 0x3d	; 61
    197a:	de b7       	in	r29, 0x3e	; 62
    197c:	28 97       	sbiw	r28, 0x08	; 8
    197e:	0f b6       	in	r0, 0x3f	; 63
    1980:	f8 94       	cli
    1982:	de bf       	out	0x3e, r29	; 62
    1984:	0f be       	out	0x3f, r0	; 63
    1986:	cd bf       	out	0x3d, r28	; 61
    1988:	9c 83       	std	Y+4, r25	; 0x04
    198a:	8b 83       	std	Y+3, r24	; 0x03
    198c:	4d 83       	std	Y+5, r20	; 0x05
    198e:	5e 83       	std	Y+6, r21	; 0x06
    1990:	6f 83       	std	Y+7, r22	; 0x07
    1992:	78 87       	std	Y+8, r23	; 0x08
		if (!moving || sw == 0) return;
    1994:	8b 81       	ldd	r24, Y+3	; 0x03
    1996:	9c 81       	ldd	r25, Y+4	; 0x04
    1998:	fc 01       	movw	r30, r24
    199a:	96 85       	ldd	r25, Z+14	; 0x0e
    199c:	81 e0       	ldi	r24, 0x01	; 1
    199e:	89 27       	eor	r24, r25
    19a0:	88 23       	and	r24, r24
    19a2:	09 f0       	breq	.+2      	; 0x19a6 <_ZN6Motor26updateEm+0x3a>
    19a4:	19 c1       	rjmp	.+562    	; 0x1bd8 <_ZN6Motor26updateEm+0x26c>
    19a6:	8b 81       	ldd	r24, Y+3	; 0x03
    19a8:	9c 81       	ldd	r25, Y+4	; 0x04
    19aa:	fc 01       	movw	r30, r24
    19ac:	84 85       	ldd	r24, Z+12	; 0x0c
    19ae:	95 85       	ldd	r25, Z+13	; 0x0d
    19b0:	89 2b       	or	r24, r25
    19b2:	09 f4       	brne	.+2      	; 0x19b6 <_ZN6Motor26updateEm+0x4a>
    19b4:	11 c1       	rjmp	.+546    	; 0x1bd8 <_ZN6Motor26updateEm+0x26c>
		
		if (isHoming) {
    19b6:	8b 81       	ldd	r24, Y+3	; 0x03
    19b8:	9c 81       	ldd	r25, Y+4	; 0x04
    19ba:	fc 01       	movw	r30, r24
    19bc:	86 89       	ldd	r24, Z+22	; 0x16
    19be:	88 23       	and	r24, r24
    19c0:	09 f4       	brne	.+2      	; 0x19c4 <_ZN6Motor26updateEm+0x58>
    19c2:	91 c0       	rjmp	.+290    	; 0x1ae6 <_ZN6Motor26updateEm+0x17a>
			if(escaping) {
    19c4:	8b 81       	ldd	r24, Y+3	; 0x03
    19c6:	9c 81       	ldd	r25, Y+4	; 0x04
    19c8:	fc 01       	movw	r30, r24
    19ca:	80 89       	ldd	r24, Z+16	; 0x10
    19cc:	88 23       	and	r24, r24
    19ce:	29 f1       	breq	.+74     	; 0x1a1a <_ZN6Motor26updateEm+0xae>
				if ((currentTime - escapeStart) >= ESCAPE_MS) {
    19d0:	8b 81       	ldd	r24, Y+3	; 0x03
    19d2:	9c 81       	ldd	r25, Y+4	; 0x04
    19d4:	fc 01       	movw	r30, r24
    19d6:	81 89       	ldd	r24, Z+17	; 0x11
    19d8:	92 89       	ldd	r25, Z+18	; 0x12
    19da:	a3 89       	ldd	r26, Z+19	; 0x13
    19dc:	b4 89       	ldd	r27, Z+20	; 0x14
    19de:	2d 81       	ldd	r18, Y+5	; 0x05
    19e0:	3e 81       	ldd	r19, Y+6	; 0x06
    19e2:	4f 81       	ldd	r20, Y+7	; 0x07
    19e4:	58 85       	ldd	r21, Y+8	; 0x08
    19e6:	79 01       	movw	r14, r18
    19e8:	8a 01       	movw	r16, r20
    19ea:	e8 1a       	sub	r14, r24
    19ec:	f9 0a       	sbc	r15, r25
    19ee:	0a 0b       	sbc	r16, r26
    19f0:	1b 0b       	sbc	r17, r27
    19f2:	d8 01       	movw	r26, r16
    19f4:	c7 01       	movw	r24, r14
    19f6:	8c 32       	cpi	r24, 0x2C	; 44
    19f8:	91 40       	sbci	r25, 0x01	; 1
    19fa:	a1 05       	cpc	r26, r1
    19fc:	b1 05       	cpc	r27, r1
    19fe:	08 f4       	brcc	.+2      	; 0x1a02 <_ZN6Motor26updateEm+0x96>
    1a00:	ed c0       	rjmp	.+474    	; 0x1bdc <_ZN6Motor26updateEm+0x270>
					escaping = false;
    1a02:	8b 81       	ldd	r24, Y+3	; 0x03
    1a04:	9c 81       	ldd	r25, Y+4	; 0x04
    1a06:	fc 01       	movw	r30, r24
    1a08:	10 8a       	std	Z+16, r1	; 0x10
            
					// Eliminamos la comprobación de isPressed() y el stop() inmediato.
					// Dejamos que el flujo normal exija siempre los 250ms de HOMING_HOLD_MS.
            
					sw->consumePress(); // Limpiamos flancos residuales
    1a0a:	8b 81       	ldd	r24, Y+3	; 0x03
    1a0c:	9c 81       	ldd	r25, Y+4	; 0x04
    1a0e:	fc 01       	movw	r30, r24
    1a10:	84 85       	ldd	r24, Z+12	; 0x0c
    1a12:	95 85       	ldd	r25, Z+13	; 0x0d
    1a14:	0e 94 00 0a 	call	0x1400	; 0x1400 <_ZN12LimitSwitch312consumePressEv>
				}
				return;
    1a18:	e1 c0       	rjmp	.+450    	; 0x1bdc <_ZN6Motor26updateEm+0x270>
			}

			if (sw->isPressed()) {
    1a1a:	8b 81       	ldd	r24, Y+3	; 0x03
    1a1c:	9c 81       	ldd	r25, Y+4	; 0x04
    1a1e:	fc 01       	movw	r30, r24
    1a20:	84 85       	ldd	r24, Z+12	; 0x0c
    1a22:	95 85       	ldd	r25, Z+13	; 0x0d
    1a24:	0e 94 f0 09 	call	0x13e0	; 0x13e0 <_ZN12LimitSwitch39isPressedEv>
    1a28:	88 23       	and	r24, r24
    1a2a:	09 f4       	brne	.+2      	; 0x1a2e <_ZN6Motor26updateEm+0xc2>
    1a2c:	4d c0       	rjmp	.+154    	; 0x1ac8 <_ZN6Motor26updateEm+0x15c>
				if (homingPressStart == 0) {
    1a2e:	8b 81       	ldd	r24, Y+3	; 0x03
    1a30:	9c 81       	ldd	r25, Y+4	; 0x04
    1a32:	fc 01       	movw	r30, r24
    1a34:	87 89       	ldd	r24, Z+23	; 0x17
    1a36:	90 8d       	ldd	r25, Z+24	; 0x18
    1a38:	a1 8d       	ldd	r26, Z+25	; 0x19
    1a3a:	b2 8d       	ldd	r27, Z+26	; 0x1a
    1a3c:	89 2b       	or	r24, r25
    1a3e:	8a 2b       	or	r24, r26
    1a40:	8b 2b       	or	r24, r27
    1a42:	61 f4       	brne	.+24     	; 0x1a5c <_ZN6Motor26updateEm+0xf0>
					homingPressStart = currentTime;
    1a44:	2b 81       	ldd	r18, Y+3	; 0x03
    1a46:	3c 81       	ldd	r19, Y+4	; 0x04
    1a48:	8d 81       	ldd	r24, Y+5	; 0x05
    1a4a:	9e 81       	ldd	r25, Y+6	; 0x06
    1a4c:	af 81       	ldd	r26, Y+7	; 0x07
    1a4e:	b8 85       	ldd	r27, Y+8	; 0x08
    1a50:	f9 01       	movw	r30, r18
    1a52:	87 8b       	std	Z+23, r24	; 0x17
    1a54:	90 8f       	std	Z+24, r25	; 0x18
    1a56:	a1 8f       	std	Z+25, r26	; 0x19
    1a58:	b2 8f       	std	Z+26, r27	; 0x1a
				}
				} else {
				homingPressStart = 0;
				sw->consumePress();
			}
			return;
    1a5a:	c2 c0       	rjmp	.+388    	; 0x1be0 <_ZN6Motor26updateEm+0x274>
			}

			if (sw->isPressed()) {
				if (homingPressStart == 0) {
					homingPressStart = currentTime;
					} else if ((currentTime - homingPressStart) >= HOMING_HOLD_MS) {
    1a5c:	8b 81       	ldd	r24, Y+3	; 0x03
    1a5e:	9c 81       	ldd	r25, Y+4	; 0x04
    1a60:	fc 01       	movw	r30, r24
    1a62:	87 89       	ldd	r24, Z+23	; 0x17
    1a64:	90 8d       	ldd	r25, Z+24	; 0x18
    1a66:	a1 8d       	ldd	r26, Z+25	; 0x19
    1a68:	b2 8d       	ldd	r27, Z+26	; 0x1a
    1a6a:	2d 81       	ldd	r18, Y+5	; 0x05
    1a6c:	3e 81       	ldd	r19, Y+6	; 0x06
    1a6e:	4f 81       	ldd	r20, Y+7	; 0x07
    1a70:	58 85       	ldd	r21, Y+8	; 0x08
    1a72:	79 01       	movw	r14, r18
    1a74:	8a 01       	movw	r16, r20
    1a76:	e8 1a       	sub	r14, r24
    1a78:	f9 0a       	sbc	r15, r25
    1a7a:	0a 0b       	sbc	r16, r26
    1a7c:	1b 0b       	sbc	r17, r27
    1a7e:	d8 01       	movw	r26, r16
    1a80:	c7 01       	movw	r24, r14
    1a82:	8a 3f       	cpi	r24, 0xFA	; 250
    1a84:	91 05       	cpc	r25, r1
    1a86:	a1 05       	cpc	r26, r1
    1a88:	b1 05       	cpc	r27, r1
    1a8a:	08 f4       	brcc	.+2      	; 0x1a8e <_ZN6Motor26updateEm+0x122>
    1a8c:	a9 c0       	rjmp	.+338    	; 0x1be0 <_ZN6Motor26updateEm+0x274>
					stop();
    1a8e:	8b 81       	ldd	r24, Y+3	; 0x03
    1a90:	9c 81       	ldd	r25, Y+4	; 0x04
    1a92:	0e 94 9a 0c 	call	0x1934	; 0x1934 <_ZN6Motor24stopEv>
					sw->forcePressed(homingTarget);
    1a96:	8b 81       	ldd	r24, Y+3	; 0x03
    1a98:	9c 81       	ldd	r25, Y+4	; 0x04
    1a9a:	fc 01       	movw	r30, r24
    1a9c:	23 8d       	ldd	r18, Z+27	; 0x1b
    1a9e:	8b 81       	ldd	r24, Y+3	; 0x03
    1aa0:	9c 81       	ldd	r25, Y+4	; 0x04
    1aa2:	fc 01       	movw	r30, r24
    1aa4:	84 85       	ldd	r24, Z+12	; 0x0c
    1aa6:	95 85       	ldd	r25, Z+13	; 0x0d
    1aa8:	62 2f       	mov	r22, r18
    1aaa:	0e 94 3e 0a 	call	0x147c	; 0x147c <_ZN12LimitSwitch312forcePressedENS_8PositionE>
					targetPosition = homingTarget;
    1aae:	8b 81       	ldd	r24, Y+3	; 0x03
    1ab0:	9c 81       	ldd	r25, Y+4	; 0x04
    1ab2:	fc 01       	movw	r30, r24
    1ab4:	23 8d       	ldd	r18, Z+27	; 0x1b
    1ab6:	8b 81       	ldd	r24, Y+3	; 0x03
    1ab8:	9c 81       	ldd	r25, Y+4	; 0x04
    1aba:	fc 01       	movw	r30, r24
    1abc:	25 8b       	std	Z+21, r18	; 0x15
					isHoming = false;
    1abe:	8b 81       	ldd	r24, Y+3	; 0x03
    1ac0:	9c 81       	ldd	r25, Y+4	; 0x04
    1ac2:	fc 01       	movw	r30, r24
    1ac4:	16 8a       	std	Z+22, r1	; 0x16
				}
				} else {
				homingPressStart = 0;
				sw->consumePress();
			}
			return;
    1ac6:	8c c0       	rjmp	.+280    	; 0x1be0 <_ZN6Motor26updateEm+0x274>
					sw->forcePressed(homingTarget);
					targetPosition = homingTarget;
					isHoming = false;
				}
				} else {
				homingPressStart = 0;
    1ac8:	8b 81       	ldd	r24, Y+3	; 0x03
    1aca:	9c 81       	ldd	r25, Y+4	; 0x04
    1acc:	fc 01       	movw	r30, r24
    1ace:	17 8a       	std	Z+23, r1	; 0x17
    1ad0:	10 8e       	std	Z+24, r1	; 0x18
    1ad2:	11 8e       	std	Z+25, r1	; 0x19
    1ad4:	12 8e       	std	Z+26, r1	; 0x1a
				sw->consumePress();
    1ad6:	8b 81       	ldd	r24, Y+3	; 0x03
    1ad8:	9c 81       	ldd	r25, Y+4	; 0x04
    1ada:	fc 01       	movw	r30, r24
    1adc:	84 85       	ldd	r24, Z+12	; 0x0c
    1ade:	95 85       	ldd	r25, Z+13	; 0x0d
    1ae0:	0e 94 00 0a 	call	0x1400	; 0x1400 <_ZN12LimitSwitch312consumePressEv>
			}
			return;
    1ae4:	7d c0       	rjmp	.+250    	; 0x1be0 <_ZN6Motor26updateEm+0x274>
		}

		if(escaping) {
    1ae6:	8b 81       	ldd	r24, Y+3	; 0x03
    1ae8:	9c 81       	ldd	r25, Y+4	; 0x04
    1aea:	fc 01       	movw	r30, r24
    1aec:	80 89       	ldd	r24, Z+16	; 0x10
    1aee:	88 23       	and	r24, r24
    1af0:	91 f1       	breq	.+100    	; 0x1b56 <_ZN6Motor26updateEm+0x1ea>
			if ((currentTime - escapeStart) >= ESCAPE_MS) {
    1af2:	8b 81       	ldd	r24, Y+3	; 0x03
    1af4:	9c 81       	ldd	r25, Y+4	; 0x04
    1af6:	fc 01       	movw	r30, r24
    1af8:	81 89       	ldd	r24, Z+17	; 0x11
    1afa:	92 89       	ldd	r25, Z+18	; 0x12
    1afc:	a3 89       	ldd	r26, Z+19	; 0x13
    1afe:	b4 89       	ldd	r27, Z+20	; 0x14
    1b00:	2d 81       	ldd	r18, Y+5	; 0x05
    1b02:	3e 81       	ldd	r19, Y+6	; 0x06
    1b04:	4f 81       	ldd	r20, Y+7	; 0x07
    1b06:	58 85       	ldd	r21, Y+8	; 0x08
    1b08:	79 01       	movw	r14, r18
    1b0a:	8a 01       	movw	r16, r20
    1b0c:	e8 1a       	sub	r14, r24
    1b0e:	f9 0a       	sbc	r15, r25
    1b10:	0a 0b       	sbc	r16, r26
    1b12:	1b 0b       	sbc	r17, r27
    1b14:	d8 01       	movw	r26, r16
    1b16:	c7 01       	movw	r24, r14
    1b18:	8c 32       	cpi	r24, 0x2C	; 44
    1b1a:	91 40       	sbci	r25, 0x01	; 1
    1b1c:	a1 05       	cpc	r26, r1
    1b1e:	b1 05       	cpc	r27, r1
    1b20:	08 f4       	brcc	.+2      	; 0x1b24 <_ZN6Motor26updateEm+0x1b8>
    1b22:	60 c0       	rjmp	.+192    	; 0x1be4 <_ZN6Motor26updateEm+0x278>
				escaping = false;
    1b24:	8b 81       	ldd	r24, Y+3	; 0x03
    1b26:	9c 81       	ldd	r25, Y+4	; 0x04
    1b28:	fc 01       	movw	r30, r24
    1b2a:	10 8a       	std	Z+16, r1	; 0x10
				
				// NUEVO: Verificación post-escape para movimiento normal
				if (sw->isPressed()) {
    1b2c:	8b 81       	ldd	r24, Y+3	; 0x03
    1b2e:	9c 81       	ldd	r25, Y+4	; 0x04
    1b30:	fc 01       	movw	r30, r24
    1b32:	84 85       	ldd	r24, Z+12	; 0x0c
    1b34:	95 85       	ldd	r25, Z+13	; 0x0d
    1b36:	0e 94 f0 09 	call	0x13e0	; 0x13e0 <_ZN12LimitSwitch39isPressedEv>
    1b3a:	88 23       	and	r24, r24
    1b3c:	21 f0       	breq	.+8      	; 0x1b46 <_ZN6Motor26updateEm+0x1da>
					stop();
    1b3e:	8b 81       	ldd	r24, Y+3	; 0x03
    1b40:	9c 81       	ldd	r25, Y+4	; 0x04
    1b42:	0e 94 9a 0c 	call	0x1934	; 0x1934 <_ZN6Motor24stopEv>
				}
				sw->consumePress();
    1b46:	8b 81       	ldd	r24, Y+3	; 0x03
    1b48:	9c 81       	ldd	r25, Y+4	; 0x04
    1b4a:	fc 01       	movw	r30, r24
    1b4c:	84 85       	ldd	r24, Z+12	; 0x0c
    1b4e:	95 85       	ldd	r25, Z+13	; 0x0d
    1b50:	0e 94 00 0a 	call	0x1400	; 0x1400 <_ZN12LimitSwitch312consumePressEv>
			}
			return;
    1b54:	47 c0       	rjmp	.+142    	; 0x1be4 <_ZN6Motor26updateEm+0x278>
		}

		if (sw->consumePress()) {
    1b56:	8b 81       	ldd	r24, Y+3	; 0x03
    1b58:	9c 81       	ldd	r25, Y+4	; 0x04
    1b5a:	fc 01       	movw	r30, r24
    1b5c:	84 85       	ldd	r24, Z+12	; 0x0c
    1b5e:	95 85       	ldd	r25, Z+13	; 0x0d
    1b60:	0e 94 00 0a 	call	0x1400	; 0x1400 <_ZN12LimitSwitch312consumePressEv>
    1b64:	88 23       	and	r24, r24
    1b66:	09 f4       	brne	.+2      	; 0x1b6a <_ZN6Motor26updateEm+0x1fe>
    1b68:	3e c0       	rjmp	.+124    	; 0x1be6 <_ZN6Motor26updateEm+0x27a>
			LimitSwitch3::Position arrived = sw->getPosition();
    1b6a:	8b 81       	ldd	r24, Y+3	; 0x03
    1b6c:	9c 81       	ldd	r25, Y+4	; 0x04
    1b6e:	fc 01       	movw	r30, r24
    1b70:	84 85       	ldd	r24, Z+12	; 0x0c
    1b72:	95 85       	ldd	r25, Z+13	; 0x0d
    1b74:	0e 94 19 0a 	call	0x1432	; 0x1432 <_ZN12LimitSwitch311getPositionEv>
    1b78:	89 83       	std	Y+1, r24	; 0x01
			if (arrived == targetPosition) {
    1b7a:	8b 81       	ldd	r24, Y+3	; 0x03
    1b7c:	9c 81       	ldd	r25, Y+4	; 0x04
    1b7e:	fc 01       	movw	r30, r24
    1b80:	95 89       	ldd	r25, Z+21	; 0x15
    1b82:	89 81       	ldd	r24, Y+1	; 0x01
    1b84:	98 17       	cp	r25, r24
    1b86:	29 f4       	brne	.+10     	; 0x1b92 <_ZN6Motor26updateEm+0x226>
				stop();
    1b88:	8b 81       	ldd	r24, Y+3	; 0x03
    1b8a:	9c 81       	ldd	r25, Y+4	; 0x04
    1b8c:	0e 94 9a 0c 	call	0x1934	; 0x1934 <_ZN6Motor24stopEv>
    1b90:	2a c0       	rjmp	.+84     	; 0x1be6 <_ZN6Motor26updateEm+0x27a>
				} else {
				LimitSwitch3::Position nextPos = computeNextExpected(direction);
    1b92:	8b 81       	ldd	r24, Y+3	; 0x03
    1b94:	9c 81       	ldd	r25, Y+4	; 0x04
    1b96:	fc 01       	movw	r30, r24
    1b98:	27 85       	ldd	r18, Z+15	; 0x0f
    1b9a:	8b 81       	ldd	r24, Y+3	; 0x03
    1b9c:	9c 81       	ldd	r25, Y+4	; 0x04
    1b9e:	62 2f       	mov	r22, r18
    1ba0:	0e 94 3f 0e 	call	0x1c7e	; 0x1c7e <_ZN6Motor219computeNextExpectedEb>
    1ba4:	8a 83       	std	Y+2, r24	; 0x02
				sw->setNextExpected(nextPos);
    1ba6:	8b 81       	ldd	r24, Y+3	; 0x03
    1ba8:	9c 81       	ldd	r25, Y+4	; 0x04
    1baa:	fc 01       	movw	r30, r24
    1bac:	84 85       	ldd	r24, Z+12	; 0x0c
    1bae:	95 85       	ldd	r25, Z+13	; 0x0d
    1bb0:	6a 81       	ldd	r22, Y+2	; 0x02
    1bb2:	0e 94 29 0a 	call	0x1452	; 0x1452 <_ZN12LimitSwitch315setNextExpectedENS_8PositionE>
				escaping = true;
    1bb6:	8b 81       	ldd	r24, Y+3	; 0x03
    1bb8:	9c 81       	ldd	r25, Y+4	; 0x04
    1bba:	21 e0       	ldi	r18, 0x01	; 1
    1bbc:	fc 01       	movw	r30, r24
    1bbe:	20 8b       	std	Z+16, r18	; 0x10
				escapeStart = currentTime;
    1bc0:	2b 81       	ldd	r18, Y+3	; 0x03
    1bc2:	3c 81       	ldd	r19, Y+4	; 0x04
    1bc4:	8d 81       	ldd	r24, Y+5	; 0x05
    1bc6:	9e 81       	ldd	r25, Y+6	; 0x06
    1bc8:	af 81       	ldd	r26, Y+7	; 0x07
    1bca:	b8 85       	ldd	r27, Y+8	; 0x08
    1bcc:	f9 01       	movw	r30, r18
    1bce:	81 8b       	std	Z+17, r24	; 0x11
    1bd0:	92 8b       	std	Z+18, r25	; 0x12
    1bd2:	a3 8b       	std	Z+19, r26	; 0x13
    1bd4:	b4 8b       	std	Z+20, r27	; 0x14
    1bd6:	07 c0       	rjmp	.+14     	; 0x1be6 <_ZN6Motor26updateEm+0x27a>
		moving = false;
		escaping = false;
	}

	void update(uint32_t currentTime) {
		if (!moving || sw == 0) return;
    1bd8:	00 00       	nop
    1bda:	05 c0       	rjmp	.+10     	; 0x1be6 <_ZN6Motor26updateEm+0x27a>
					// Eliminamos la comprobación de isPressed() y el stop() inmediato.
					// Dejamos que el flujo normal exija siempre los 250ms de HOMING_HOLD_MS.
            
					sw->consumePress(); // Limpiamos flancos residuales
				}
				return;
    1bdc:	00 00       	nop
    1bde:	03 c0       	rjmp	.+6      	; 0x1be6 <_ZN6Motor26updateEm+0x27a>
				}
				} else {
				homingPressStart = 0;
				sw->consumePress();
			}
			return;
    1be0:	00 00       	nop
    1be2:	01 c0       	rjmp	.+2      	; 0x1be6 <_ZN6Motor26updateEm+0x27a>
				if (sw->isPressed()) {
					stop();
				}
				sw->consumePress();
			}
			return;
    1be4:	00 00       	nop
				sw->setNextExpected(nextPos);
				escaping = true;
				escapeStart = currentTime;
			}
		}
	}
    1be6:	28 96       	adiw	r28, 0x08	; 8
    1be8:	0f b6       	in	r0, 0x3f	; 63
    1bea:	f8 94       	cli
    1bec:	de bf       	out	0x3e, r29	; 62
    1bee:	0f be       	out	0x3f, r0	; 63
    1bf0:	cd bf       	out	0x3d, r28	; 61
    1bf2:	df 91       	pop	r29
    1bf4:	cf 91       	pop	r28
    1bf6:	1f 91       	pop	r17
    1bf8:	0f 91       	pop	r16
    1bfa:	ff 90       	pop	r15
    1bfc:	ef 90       	pop	r14
    1bfe:	08 95       	ret

00001c00 <_ZN6Motor24isAtEN12LimitSwitch38PositionE>:

	bool isAt(LimitSwitch3::Position pos) {
    1c00:	cf 93       	push	r28
    1c02:	df 93       	push	r29
    1c04:	00 d0       	rcall	.+0      	; 0x1c06 <_ZN6Motor24isAtEN12LimitSwitch38PositionE+0x6>
    1c06:	1f 92       	push	r1
    1c08:	cd b7       	in	r28, 0x3d	; 61
    1c0a:	de b7       	in	r29, 0x3e	; 62
    1c0c:	9a 83       	std	Y+2, r25	; 0x02
    1c0e:	89 83       	std	Y+1, r24	; 0x01
    1c10:	6b 83       	std	Y+3, r22	; 0x03
		if (sw == 0) return false;
    1c12:	89 81       	ldd	r24, Y+1	; 0x01
    1c14:	9a 81       	ldd	r25, Y+2	; 0x02
    1c16:	fc 01       	movw	r30, r24
    1c18:	84 85       	ldd	r24, Z+12	; 0x0c
    1c1a:	95 85       	ldd	r25, Z+13	; 0x0d
    1c1c:	89 2b       	or	r24, r25
    1c1e:	11 f4       	brne	.+4      	; 0x1c24 <_ZN6Motor24isAtEN12LimitSwitch38PositionE+0x24>
    1c20:	80 e0       	ldi	r24, 0x00	; 0
    1c22:	17 c0       	rjmp	.+46     	; 0x1c52 <_ZN6Motor24isAtEN12LimitSwitch38PositionE+0x52>
		// MEJORA: Un motor está en la posición si no se mueve Y
		// o bien el sensor lo confirma, o bien es nuestra posición objetivo actual.
		return !moving && (sw->getPosition() == pos);
    1c24:	89 81       	ldd	r24, Y+1	; 0x01
    1c26:	9a 81       	ldd	r25, Y+2	; 0x02
    1c28:	fc 01       	movw	r30, r24
    1c2a:	96 85       	ldd	r25, Z+14	; 0x0e
    1c2c:	81 e0       	ldi	r24, 0x01	; 1
    1c2e:	89 27       	eor	r24, r25
    1c30:	88 23       	and	r24, r24
    1c32:	69 f0       	breq	.+26     	; 0x1c4e <_ZN6Motor24isAtEN12LimitSwitch38PositionE+0x4e>
    1c34:	89 81       	ldd	r24, Y+1	; 0x01
    1c36:	9a 81       	ldd	r25, Y+2	; 0x02
    1c38:	fc 01       	movw	r30, r24
    1c3a:	84 85       	ldd	r24, Z+12	; 0x0c
    1c3c:	95 85       	ldd	r25, Z+13	; 0x0d
    1c3e:	0e 94 19 0a 	call	0x1432	; 0x1432 <_ZN12LimitSwitch311getPositionEv>
    1c42:	98 2f       	mov	r25, r24
    1c44:	8b 81       	ldd	r24, Y+3	; 0x03
    1c46:	98 17       	cp	r25, r24
    1c48:	11 f4       	brne	.+4      	; 0x1c4e <_ZN6Motor24isAtEN12LimitSwitch38PositionE+0x4e>
    1c4a:	81 e0       	ldi	r24, 0x01	; 1
    1c4c:	01 c0       	rjmp	.+2      	; 0x1c50 <_ZN6Motor24isAtEN12LimitSwitch38PositionE+0x50>
    1c4e:	80 e0       	ldi	r24, 0x00	; 0
    1c50:	00 00       	nop
	}
    1c52:	0f 90       	pop	r0
    1c54:	0f 90       	pop	r0
    1c56:	0f 90       	pop	r0
    1c58:	df 91       	pop	r29
    1c5a:	cf 91       	pop	r28
    1c5c:	08 95       	ret

00001c5e <_ZN6Motor28isMovingEv>:

	bool isMoving() {
    1c5e:	cf 93       	push	r28
    1c60:	df 93       	push	r29
    1c62:	00 d0       	rcall	.+0      	; 0x1c64 <_ZN6Motor28isMovingEv+0x6>
    1c64:	cd b7       	in	r28, 0x3d	; 61
    1c66:	de b7       	in	r29, 0x3e	; 62
    1c68:	9a 83       	std	Y+2, r25	; 0x02
    1c6a:	89 83       	std	Y+1, r24	; 0x01
		return moving;
    1c6c:	89 81       	ldd	r24, Y+1	; 0x01
    1c6e:	9a 81       	ldd	r25, Y+2	; 0x02
    1c70:	fc 01       	movw	r30, r24
    1c72:	86 85       	ldd	r24, Z+14	; 0x0e
	}
    1c74:	0f 90       	pop	r0
    1c76:	0f 90       	pop	r0
    1c78:	df 91       	pop	r29
    1c7a:	cf 91       	pop	r28
    1c7c:	08 95       	ret

00001c7e <_ZN6Motor219computeNextExpectedEb>:

	private:
	LimitSwitch3::Position computeNextExpected(bool dir) {
    1c7e:	cf 93       	push	r28
    1c80:	df 93       	push	r29
    1c82:	00 d0       	rcall	.+0      	; 0x1c84 <_ZN6Motor219computeNextExpectedEb+0x6>
    1c84:	00 d0       	rcall	.+0      	; 0x1c86 <_ZN6Motor219computeNextExpectedEb+0x8>
    1c86:	cd b7       	in	r28, 0x3d	; 61
    1c88:	de b7       	in	r29, 0x3e	; 62
    1c8a:	9b 83       	std	Y+3, r25	; 0x03
    1c8c:	8a 83       	std	Y+2, r24	; 0x02
    1c8e:	6c 83       	std	Y+4, r22	; 0x04
        if (sw == nullptr) return LimitSwitch3::Position::UNKNOWN;
    1c90:	8a 81       	ldd	r24, Y+2	; 0x02
    1c92:	9b 81       	ldd	r25, Y+3	; 0x03
    1c94:	fc 01       	movw	r30, r24
    1c96:	84 85       	ldd	r24, Z+12	; 0x0c
    1c98:	95 85       	ldd	r25, Z+13	; 0x0d
    1c9a:	89 2b       	or	r24, r25
    1c9c:	11 f4       	brne	.+4      	; 0x1ca2 <_ZN6Motor219computeNextExpectedEb+0x24>
    1c9e:	80 e0       	ldi	r24, 0x00	; 0
    1ca0:	22 c0       	rjmp	.+68     	; 0x1ce6 <_ZN6Motor219computeNextExpectedEb+0x68>
        LimitSwitch3::Position current = sw->getPosition();
    1ca2:	8a 81       	ldd	r24, Y+2	; 0x02
    1ca4:	9b 81       	ldd	r25, Y+3	; 0x03
    1ca6:	fc 01       	movw	r30, r24
    1ca8:	84 85       	ldd	r24, Z+12	; 0x0c
    1caa:	95 85       	ldd	r25, Z+13	; 0x0d
    1cac:	0e 94 19 0a 	call	0x1432	; 0x1432 <_ZN12LimitSwitch311getPositionEv>
    1cb0:	89 83       	std	Y+1, r24	; 0x01
 
        if (dir) {  
    1cb2:	8c 81       	ldd	r24, Y+4	; 0x04
    1cb4:	88 23       	and	r24, r24
    1cb6:	61 f0       	breq	.+24     	; 0x1cd0 <_ZN6Motor219computeNextExpectedEb+0x52>
            if (current == LimitSwitch3::Position::RIGHT)  return LimitSwitch3::Position::MIDDLE;
    1cb8:	89 81       	ldd	r24, Y+1	; 0x01
    1cba:	83 30       	cpi	r24, 0x03	; 3
    1cbc:	11 f4       	brne	.+4      	; 0x1cc2 <_ZN6Motor219computeNextExpectedEb+0x44>
    1cbe:	82 e0       	ldi	r24, 0x02	; 2
    1cc0:	12 c0       	rjmp	.+36     	; 0x1ce6 <_ZN6Motor219computeNextExpectedEb+0x68>
            if (current == LimitSwitch3::Position::MIDDLE) return LimitSwitch3::Position::LEFT;
    1cc2:	89 81       	ldd	r24, Y+1	; 0x01
    1cc4:	82 30       	cpi	r24, 0x02	; 2
    1cc6:	11 f4       	brne	.+4      	; 0x1ccc <_ZN6Motor219computeNextExpectedEb+0x4e>
    1cc8:	81 e0       	ldi	r24, 0x01	; 1
    1cca:	0d c0       	rjmp	.+26     	; 0x1ce6 <_ZN6Motor219computeNextExpectedEb+0x68>
            return LimitSwitch3::Position::LEFT; 
    1ccc:	81 e0       	ldi	r24, 0x01	; 1
    1cce:	0b c0       	rjmp	.+22     	; 0x1ce6 <_ZN6Motor219computeNextExpectedEb+0x68>
        } else {    
            if (current == LimitSwitch3::Position::LEFT)   return LimitSwitch3::Position::MIDDLE;
    1cd0:	89 81       	ldd	r24, Y+1	; 0x01
    1cd2:	81 30       	cpi	r24, 0x01	; 1
    1cd4:	11 f4       	brne	.+4      	; 0x1cda <_ZN6Motor219computeNextExpectedEb+0x5c>
    1cd6:	82 e0       	ldi	r24, 0x02	; 2
    1cd8:	06 c0       	rjmp	.+12     	; 0x1ce6 <_ZN6Motor219computeNextExpectedEb+0x68>
            if (current == LimitSwitch3::Position::MIDDLE) return LimitSwitch3::Position::RIGHT;
    1cda:	89 81       	ldd	r24, Y+1	; 0x01
    1cdc:	82 30       	cpi	r24, 0x02	; 2
    1cde:	11 f4       	brne	.+4      	; 0x1ce4 <_ZN6Motor219computeNextExpectedEb+0x66>
    1ce0:	83 e0       	ldi	r24, 0x03	; 3
    1ce2:	01 c0       	rjmp	.+2      	; 0x1ce6 <_ZN6Motor219computeNextExpectedEb+0x68>
            return LimitSwitch3::Position::RIGHT; 
    1ce4:	83 e0       	ldi	r24, 0x03	; 3
        }
    }
    1ce6:	0f 90       	pop	r0
    1ce8:	0f 90       	pop	r0
    1cea:	0f 90       	pop	r0
    1cec:	0f 90       	pop	r0
    1cee:	df 91       	pop	r29
    1cf0:	cf 91       	pop	r28
    1cf2:	08 95       	ret

00001cf4 <_ZN11PinsManagerC1Ev>:
    bool    pinMask[NUM_PINS];      // true = bolo en pie
    uint8_t score;
    uint32_t lastSampleTime;

    public:
    PinsManager() {
    1cf4:	cf 93       	push	r28
    1cf6:	df 93       	push	r29
    1cf8:	00 d0       	rcall	.+0      	; 0x1cfa <_ZN11PinsManagerC1Ev+0x6>
    1cfa:	1f 92       	push	r1
    1cfc:	cd b7       	in	r28, 0x3d	; 61
    1cfe:	de b7       	in	r29, 0x3e	; 62
    1d00:	9b 83       	std	Y+3, r25	; 0x03
    1d02:	8a 83       	std	Y+2, r24	; 0x02
        changed        = false;
    1d04:	8a 81       	ldd	r24, Y+2	; 0x02
    1d06:	9b 81       	ldd	r25, Y+3	; 0x03
    1d08:	fc 01       	movw	r30, r24
    1d0a:	10 82       	st	Z, r1
        score          = 0;
    1d0c:	8a 81       	ldd	r24, Y+2	; 0x02
    1d0e:	9b 81       	ldd	r25, Y+3	; 0x03
    1d10:	fc 01       	movw	r30, r24
    1d12:	13 8a       	std	Z+19, r1	; 0x13
        lastSampleTime = 0;
    1d14:	8a 81       	ldd	r24, Y+2	; 0x02
    1d16:	9b 81       	ldd	r25, Y+3	; 0x03
    1d18:	fc 01       	movw	r30, r24
    1d1a:	14 8a       	std	Z+20, r1	; 0x14
    1d1c:	15 8a       	std	Z+21, r1	; 0x15
    1d1e:	16 8a       	std	Z+22, r1	; 0x16
    1d20:	17 8a       	std	Z+23, r1	; 0x17
        for (uint8_t i = 0; i < NUM_PINS; i++) {
    1d22:	19 82       	std	Y+1, r1	; 0x01
    1d24:	89 81       	ldd	r24, Y+1	; 0x01
    1d26:	86 30       	cpi	r24, 0x06	; 6
    1d28:	28 f5       	brcc	.+74     	; 0x1d74 <_ZN11PinsManagerC1Ev+0x80>
            counter[i]     = SAMPLES;   // Asumimos bolos en pie al inicio
    1d2a:	89 81       	ldd	r24, Y+1	; 0x01
    1d2c:	88 2f       	mov	r24, r24
    1d2e:	90 e0       	ldi	r25, 0x00	; 0
    1d30:	2a 81       	ldd	r18, Y+2	; 0x02
    1d32:	3b 81       	ldd	r19, Y+3	; 0x03
    1d34:	82 0f       	add	r24, r18
    1d36:	93 1f       	adc	r25, r19
    1d38:	01 96       	adiw	r24, 0x01	; 1
    1d3a:	2a e0       	ldi	r18, 0x0A	; 10
    1d3c:	fc 01       	movw	r30, r24
    1d3e:	20 83       	st	Z, r18
            stableState[i] = true;
    1d40:	89 81       	ldd	r24, Y+1	; 0x01
    1d42:	88 2f       	mov	r24, r24
    1d44:	90 e0       	ldi	r25, 0x00	; 0
    1d46:	2a 81       	ldd	r18, Y+2	; 0x02
    1d48:	3b 81       	ldd	r19, Y+3	; 0x03
    1d4a:	82 0f       	add	r24, r18
    1d4c:	93 1f       	adc	r25, r19
    1d4e:	07 96       	adiw	r24, 0x07	; 7
    1d50:	21 e0       	ldi	r18, 0x01	; 1
    1d52:	fc 01       	movw	r30, r24
    1d54:	20 83       	st	Z, r18
            pinMask[i]     = true;
    1d56:	89 81       	ldd	r24, Y+1	; 0x01
    1d58:	88 2f       	mov	r24, r24
    1d5a:	90 e0       	ldi	r25, 0x00	; 0
    1d5c:	2a 81       	ldd	r18, Y+2	; 0x02
    1d5e:	3b 81       	ldd	r19, Y+3	; 0x03
    1d60:	82 0f       	add	r24, r18
    1d62:	93 1f       	adc	r25, r19
    1d64:	0d 96       	adiw	r24, 0x0d	; 13
    1d66:	21 e0       	ldi	r18, 0x01	; 1
    1d68:	fc 01       	movw	r30, r24
    1d6a:	20 83       	st	Z, r18
    public:
    PinsManager() {
        changed        = false;
        score          = 0;
        lastSampleTime = 0;
        for (uint8_t i = 0; i < NUM_PINS; i++) {
    1d6c:	89 81       	ldd	r24, Y+1	; 0x01
    1d6e:	8f 5f       	subi	r24, 0xFF	; 255
    1d70:	89 83       	std	Y+1, r24	; 0x01
    1d72:	d8 cf       	rjmp	.-80     	; 0x1d24 <_ZN11PinsManagerC1Ev+0x30>
            counter[i]     = SAMPLES;   // Asumimos bolos en pie al inicio
            stableState[i] = true;
            pinMask[i]     = true;
        }
    }
    1d74:	00 00       	nop
    1d76:	0f 90       	pop	r0
    1d78:	0f 90       	pop	r0
    1d7a:	0f 90       	pop	r0
    1d7c:	df 91       	pop	r29
    1d7e:	cf 91       	pop	r28
    1d80:	08 95       	ret

00001d82 <_ZN11PinsManager4initEv>:

    void init() {
    1d82:	cf 93       	push	r28
    1d84:	df 93       	push	r29
    1d86:	00 d0       	rcall	.+0      	; 0x1d88 <_ZN11PinsManager4initEv+0x6>
    1d88:	cd b7       	in	r28, 0x3d	; 61
    1d8a:	de b7       	in	r29, 0x3e	; 62
    1d8c:	9a 83       	std	Y+2, r25	; 0x02
    1d8e:	89 83       	std	Y+1, r24	; 0x01
        DDRK  &= ~0x3F;  // PK0�PK5 como entradas
    1d90:	87 e0       	ldi	r24, 0x07	; 7
    1d92:	91 e0       	ldi	r25, 0x01	; 1
    1d94:	27 e0       	ldi	r18, 0x07	; 7
    1d96:	31 e0       	ldi	r19, 0x01	; 1
    1d98:	f9 01       	movw	r30, r18
    1d9a:	20 81       	ld	r18, Z
    1d9c:	20 7c       	andi	r18, 0xC0	; 192
    1d9e:	fc 01       	movw	r30, r24
    1da0:	20 83       	st	Z, r18
        PORTK |=  0x3F;  // Pull-ups activados
    1da2:	88 e0       	ldi	r24, 0x08	; 8
    1da4:	91 e0       	ldi	r25, 0x01	; 1
    1da6:	28 e0       	ldi	r18, 0x08	; 8
    1da8:	31 e0       	ldi	r19, 0x01	; 1
    1daa:	f9 01       	movw	r30, r18
    1dac:	20 81       	ld	r18, Z
    1dae:	2f 63       	ori	r18, 0x3F	; 63
    1db0:	fc 01       	movw	r30, r24
    1db2:	20 83       	st	Z, r18

        PCICR  |= (1 << PCIE2);   // Habilitar grupo PCINT2 (puerto K)
    1db4:	88 e6       	ldi	r24, 0x68	; 104
    1db6:	90 e0       	ldi	r25, 0x00	; 0
    1db8:	28 e6       	ldi	r18, 0x68	; 104
    1dba:	30 e0       	ldi	r19, 0x00	; 0
    1dbc:	f9 01       	movw	r30, r18
    1dbe:	20 81       	ld	r18, Z
    1dc0:	24 60       	ori	r18, 0x04	; 4
    1dc2:	fc 01       	movw	r30, r24
    1dc4:	20 83       	st	Z, r18
        PCMSK2 |= 0x3F;           // Habilitar PCINT16�PCINT21
    1dc6:	8d e6       	ldi	r24, 0x6D	; 109
    1dc8:	90 e0       	ldi	r25, 0x00	; 0
    1dca:	2d e6       	ldi	r18, 0x6D	; 109
    1dcc:	30 e0       	ldi	r19, 0x00	; 0
    1dce:	f9 01       	movw	r30, r18
    1dd0:	20 81       	ld	r18, Z
    1dd2:	2f 63       	ori	r18, 0x3F	; 63
    1dd4:	fc 01       	movw	r30, r24
    1dd6:	20 83       	st	Z, r18
    }
    1dd8:	00 00       	nop
    1dda:	0f 90       	pop	r0
    1ddc:	0f 90       	pop	r0
    1dde:	df 91       	pop	r29
    1de0:	cf 91       	pop	r28
    1de2:	08 95       	ret

00001de4 <_ZN11PinsManager11onInterruptEv>:

    // Llamado desde ISR � m�nimo trabajo
    void onInterrupt() {
    1de4:	cf 93       	push	r28
    1de6:	df 93       	push	r29
    1de8:	00 d0       	rcall	.+0      	; 0x1dea <_ZN11PinsManager11onInterruptEv+0x6>
    1dea:	cd b7       	in	r28, 0x3d	; 61
    1dec:	de b7       	in	r29, 0x3e	; 62
    1dee:	9a 83       	std	Y+2, r25	; 0x02
    1df0:	89 83       	std	Y+1, r24	; 0x01
        changed = true;
    1df2:	89 81       	ldd	r24, Y+1	; 0x01
    1df4:	9a 81       	ldd	r25, Y+2	; 0x02
    1df6:	21 e0       	ldi	r18, 0x01	; 1
    1df8:	fc 01       	movw	r30, r24
    1dfa:	20 83       	st	Z, r18
    }
    1dfc:	00 00       	nop
    1dfe:	0f 90       	pop	r0
    1e00:	0f 90       	pop	r0
    1e02:	df 91       	pop	r29
    1e04:	cf 91       	pop	r28
    1e06:	08 95       	ret

00001e08 <_ZN11PinsManager6updateEm>:

    // Llamado cada ms desde update_sensors() en Status
    void update(uint32_t currentTime) {
    1e08:	cf 93       	push	r28
    1e0a:	df 93       	push	r29
    1e0c:	cd b7       	in	r28, 0x3d	; 61
    1e0e:	de b7       	in	r29, 0x3e	; 62
    1e10:	29 97       	sbiw	r28, 0x09	; 9
    1e12:	0f b6       	in	r0, 0x3f	; 63
    1e14:	f8 94       	cli
    1e16:	de bf       	out	0x3e, r29	; 62
    1e18:	0f be       	out	0x3f, r0	; 63
    1e1a:	cd bf       	out	0x3d, r28	; 61
    1e1c:	9d 83       	std	Y+5, r25	; 0x05
    1e1e:	8c 83       	std	Y+4, r24	; 0x04
    1e20:	4e 83       	std	Y+6, r20	; 0x06
    1e22:	5f 83       	std	Y+7, r21	; 0x07
    1e24:	68 87       	std	Y+8, r22	; 0x08
    1e26:	79 87       	std	Y+9, r23	; 0x09
        if (currentTime == lastSampleTime) return;
    1e28:	8c 81       	ldd	r24, Y+4	; 0x04
    1e2a:	9d 81       	ldd	r25, Y+5	; 0x05
    1e2c:	fc 01       	movw	r30, r24
    1e2e:	24 89       	ldd	r18, Z+20	; 0x14
    1e30:	35 89       	ldd	r19, Z+21	; 0x15
    1e32:	46 89       	ldd	r20, Z+22	; 0x16
    1e34:	57 89       	ldd	r21, Z+23	; 0x17
    1e36:	8e 81       	ldd	r24, Y+6	; 0x06
    1e38:	9f 81       	ldd	r25, Y+7	; 0x07
    1e3a:	a8 85       	ldd	r26, Y+8	; 0x08
    1e3c:	b9 85       	ldd	r27, Y+9	; 0x09
    1e3e:	28 17       	cp	r18, r24
    1e40:	39 07       	cpc	r19, r25
    1e42:	4a 07       	cpc	r20, r26
    1e44:	5b 07       	cpc	r21, r27
    1e46:	09 f4       	brne	.+2      	; 0x1e4a <_ZN11PinsManager6updateEm+0x42>
    1e48:	e6 c0       	rjmp	.+460    	; 0x2016 <__DATA_REGION_LENGTH__+0x16>
        lastSampleTime = currentTime;
    1e4a:	2c 81       	ldd	r18, Y+4	; 0x04
    1e4c:	3d 81       	ldd	r19, Y+5	; 0x05
    1e4e:	8e 81       	ldd	r24, Y+6	; 0x06
    1e50:	9f 81       	ldd	r25, Y+7	; 0x07
    1e52:	a8 85       	ldd	r26, Y+8	; 0x08
    1e54:	b9 85       	ldd	r27, Y+9	; 0x09
    1e56:	f9 01       	movw	r30, r18
    1e58:	84 8b       	std	Z+20, r24	; 0x14
    1e5a:	95 8b       	std	Z+21, r25	; 0x15
    1e5c:	a6 8b       	std	Z+22, r26	; 0x16
    1e5e:	b7 8b       	std	Z+23, r27	; 0x17

        // Solo muestreamos si la ISR detect� actividad reciente.
        // No bloqueamos el muestreo: seguimos integrando hasta estabilizar.
        uint8_t currentState = PINK & 0x3F;
    1e60:	86 e0       	ldi	r24, 0x06	; 6
    1e62:	91 e0       	ldi	r25, 0x01	; 1
    1e64:	fc 01       	movw	r30, r24
    1e66:	80 81       	ld	r24, Z
    1e68:	8f 73       	andi	r24, 0x3F	; 63
    1e6a:	8a 83       	std	Y+2, r24	; 0x02

        for (uint8_t i = 0; i < NUM_PINS; i++) {
    1e6c:	19 82       	std	Y+1, r1	; 0x01
    1e6e:	89 81       	ldd	r24, Y+1	; 0x01
    1e70:	86 30       	cpi	r24, 0x06	; 6
    1e72:	08 f0       	brcs	.+2      	; 0x1e76 <_ZN11PinsManager6updateEm+0x6e>
    1e74:	cb c0       	rjmp	.+406    	; 0x200c <__DATA_REGION_LENGTH__+0xc>
            if (!pinMask[i]) continue; // Bolo ya ca�do, ignorar
    1e76:	89 81       	ldd	r24, Y+1	; 0x01
    1e78:	88 2f       	mov	r24, r24
    1e7a:	90 e0       	ldi	r25, 0x00	; 0
    1e7c:	2c 81       	ldd	r18, Y+4	; 0x04
    1e7e:	3d 81       	ldd	r19, Y+5	; 0x05
    1e80:	82 0f       	add	r24, r18
    1e82:	93 1f       	adc	r25, r19
    1e84:	0d 96       	adiw	r24, 0x0d	; 13
    1e86:	fc 01       	movw	r30, r24
    1e88:	90 81       	ld	r25, Z
    1e8a:	81 e0       	ldi	r24, 0x01	; 1
    1e8c:	89 27       	eor	r24, r25
    1e8e:	88 23       	and	r24, r24
    1e90:	09 f0       	breq	.+2      	; 0x1e94 <_ZN11PinsManager6updateEm+0x8c>
    1e92:	b7 c0       	rjmp	.+366    	; 0x2002 <__DATA_REGION_LENGTH__+0x2>

            // L�gica invertida por pull-up: 0 en el pin = pulsado = bolo ca�do
            bool reading = !(currentState & (1 << i));
    1e94:	8a 81       	ldd	r24, Y+2	; 0x02
    1e96:	88 2f       	mov	r24, r24
    1e98:	90 e0       	ldi	r25, 0x00	; 0
    1e9a:	29 81       	ldd	r18, Y+1	; 0x01
    1e9c:	22 2f       	mov	r18, r18
    1e9e:	30 e0       	ldi	r19, 0x00	; 0
    1ea0:	02 c0       	rjmp	.+4      	; 0x1ea6 <_ZN11PinsManager6updateEm+0x9e>
    1ea2:	95 95       	asr	r25
    1ea4:	87 95       	ror	r24
    1ea6:	2a 95       	dec	r18
    1ea8:	e2 f7       	brpl	.-8      	; 0x1ea2 <_ZN11PinsManager6updateEm+0x9a>
    1eaa:	81 70       	andi	r24, 0x01	; 1
    1eac:	99 27       	eor	r25, r25
    1eae:	21 e0       	ldi	r18, 0x01	; 1
    1eb0:	89 2b       	or	r24, r25
    1eb2:	09 f0       	breq	.+2      	; 0x1eb6 <_ZN11PinsManager6updateEm+0xae>
    1eb4:	20 e0       	ldi	r18, 0x00	; 0
    1eb6:	2b 83       	std	Y+3, r18	; 0x03

            // Integrador saturante
            if (reading  && counter[i] < SAMPLES) counter[i]++;
    1eb8:	8b 81       	ldd	r24, Y+3	; 0x03
    1eba:	88 23       	and	r24, r24
    1ebc:	09 f1       	breq	.+66     	; 0x1f00 <_ZN11PinsManager6updateEm+0xf8>
    1ebe:	89 81       	ldd	r24, Y+1	; 0x01
    1ec0:	88 2f       	mov	r24, r24
    1ec2:	90 e0       	ldi	r25, 0x00	; 0
    1ec4:	2c 81       	ldd	r18, Y+4	; 0x04
    1ec6:	3d 81       	ldd	r19, Y+5	; 0x05
    1ec8:	82 0f       	add	r24, r18
    1eca:	93 1f       	adc	r25, r19
    1ecc:	01 96       	adiw	r24, 0x01	; 1
    1ece:	fc 01       	movw	r30, r24
    1ed0:	80 81       	ld	r24, Z
    1ed2:	8a 30       	cpi	r24, 0x0A	; 10
    1ed4:	a8 f4       	brcc	.+42     	; 0x1f00 <_ZN11PinsManager6updateEm+0xf8>
    1ed6:	89 81       	ldd	r24, Y+1	; 0x01
    1ed8:	88 2f       	mov	r24, r24
    1eda:	90 e0       	ldi	r25, 0x00	; 0
    1edc:	2c 81       	ldd	r18, Y+4	; 0x04
    1ede:	3d 81       	ldd	r19, Y+5	; 0x05
    1ee0:	28 0f       	add	r18, r24
    1ee2:	39 1f       	adc	r19, r25
    1ee4:	2f 5f       	subi	r18, 0xFF	; 255
    1ee6:	3f 4f       	sbci	r19, 0xFF	; 255
    1ee8:	f9 01       	movw	r30, r18
    1eea:	20 81       	ld	r18, Z
    1eec:	41 e0       	ldi	r20, 0x01	; 1
    1eee:	42 0f       	add	r20, r18
    1ef0:	2c 81       	ldd	r18, Y+4	; 0x04
    1ef2:	3d 81       	ldd	r19, Y+5	; 0x05
    1ef4:	82 0f       	add	r24, r18
    1ef6:	93 1f       	adc	r25, r19
    1ef8:	01 96       	adiw	r24, 0x01	; 1
    1efa:	fc 01       	movw	r30, r24
    1efc:	40 83       	st	Z, r20
    1efe:	25 c0       	rjmp	.+74     	; 0x1f4a <_ZN11PinsManager6updateEm+0x142>
            else if (!reading && counter[i] > 0)  counter[i]--;
    1f00:	9b 81       	ldd	r25, Y+3	; 0x03
    1f02:	81 e0       	ldi	r24, 0x01	; 1
    1f04:	89 27       	eor	r24, r25
    1f06:	88 23       	and	r24, r24
    1f08:	01 f1       	breq	.+64     	; 0x1f4a <_ZN11PinsManager6updateEm+0x142>
    1f0a:	89 81       	ldd	r24, Y+1	; 0x01
    1f0c:	88 2f       	mov	r24, r24
    1f0e:	90 e0       	ldi	r25, 0x00	; 0
    1f10:	2c 81       	ldd	r18, Y+4	; 0x04
    1f12:	3d 81       	ldd	r19, Y+5	; 0x05
    1f14:	82 0f       	add	r24, r18
    1f16:	93 1f       	adc	r25, r19
    1f18:	01 96       	adiw	r24, 0x01	; 1
    1f1a:	fc 01       	movw	r30, r24
    1f1c:	80 81       	ld	r24, Z
    1f1e:	88 23       	and	r24, r24
    1f20:	a1 f0       	breq	.+40     	; 0x1f4a <_ZN11PinsManager6updateEm+0x142>
    1f22:	89 81       	ldd	r24, Y+1	; 0x01
    1f24:	88 2f       	mov	r24, r24
    1f26:	90 e0       	ldi	r25, 0x00	; 0
    1f28:	2c 81       	ldd	r18, Y+4	; 0x04
    1f2a:	3d 81       	ldd	r19, Y+5	; 0x05
    1f2c:	28 0f       	add	r18, r24
    1f2e:	39 1f       	adc	r19, r25
    1f30:	2f 5f       	subi	r18, 0xFF	; 255
    1f32:	3f 4f       	sbci	r19, 0xFF	; 255
    1f34:	f9 01       	movw	r30, r18
    1f36:	20 81       	ld	r18, Z
    1f38:	4f ef       	ldi	r20, 0xFF	; 255
    1f3a:	42 0f       	add	r20, r18
    1f3c:	2c 81       	ldd	r18, Y+4	; 0x04
    1f3e:	3d 81       	ldd	r19, Y+5	; 0x05
    1f40:	82 0f       	add	r24, r18
    1f42:	93 1f       	adc	r25, r19
    1f44:	01 96       	adiw	r24, 0x01	; 1
    1f46:	fc 01       	movw	r30, r24
    1f48:	40 83       	st	Z, r20

            // Flanco descendente: bolo se levanta (no deber�a pasar en juego,
            // pero reseteamos para no quedarnos en estado inconsistente)
            if (stableState[i] && counter[i] == 0) {
    1f4a:	89 81       	ldd	r24, Y+1	; 0x01
    1f4c:	88 2f       	mov	r24, r24
    1f4e:	90 e0       	ldi	r25, 0x00	; 0
    1f50:	2c 81       	ldd	r18, Y+4	; 0x04
    1f52:	3d 81       	ldd	r19, Y+5	; 0x05
    1f54:	82 0f       	add	r24, r18
    1f56:	93 1f       	adc	r25, r19
    1f58:	07 96       	adiw	r24, 0x07	; 7
    1f5a:	fc 01       	movw	r30, r24
    1f5c:	80 81       	ld	r24, Z
    1f5e:	88 23       	and	r24, r24
    1f60:	b1 f0       	breq	.+44     	; 0x1f8e <_ZN11PinsManager6updateEm+0x186>
    1f62:	89 81       	ldd	r24, Y+1	; 0x01
    1f64:	88 2f       	mov	r24, r24
    1f66:	90 e0       	ldi	r25, 0x00	; 0
    1f68:	2c 81       	ldd	r18, Y+4	; 0x04
    1f6a:	3d 81       	ldd	r19, Y+5	; 0x05
    1f6c:	82 0f       	add	r24, r18
    1f6e:	93 1f       	adc	r25, r19
    1f70:	01 96       	adiw	r24, 0x01	; 1
    1f72:	fc 01       	movw	r30, r24
    1f74:	80 81       	ld	r24, Z
    1f76:	88 23       	and	r24, r24
    1f78:	51 f4       	brne	.+20     	; 0x1f8e <_ZN11PinsManager6updateEm+0x186>
                stableState[i] = false;
    1f7a:	89 81       	ldd	r24, Y+1	; 0x01
    1f7c:	88 2f       	mov	r24, r24
    1f7e:	90 e0       	ldi	r25, 0x00	; 0
    1f80:	2c 81       	ldd	r18, Y+4	; 0x04
    1f82:	3d 81       	ldd	r19, Y+5	; 0x05
    1f84:	82 0f       	add	r24, r18
    1f86:	93 1f       	adc	r25, r19
    1f88:	07 96       	adiw	r24, 0x07	; 7
    1f8a:	fc 01       	movw	r30, r24
    1f8c:	10 82       	st	Z, r1
            }

            // Flanco ascendente confirmado: bolo derribado
            if (!stableState[i] && counter[i] == SAMPLES) {
    1f8e:	89 81       	ldd	r24, Y+1	; 0x01
    1f90:	88 2f       	mov	r24, r24
    1f92:	90 e0       	ldi	r25, 0x00	; 0
    1f94:	2c 81       	ldd	r18, Y+4	; 0x04
    1f96:	3d 81       	ldd	r19, Y+5	; 0x05
    1f98:	82 0f       	add	r24, r18
    1f9a:	93 1f       	adc	r25, r19
    1f9c:	07 96       	adiw	r24, 0x07	; 7
    1f9e:	fc 01       	movw	r30, r24
    1fa0:	90 81       	ld	r25, Z
    1fa2:	81 e0       	ldi	r24, 0x01	; 1
    1fa4:	89 27       	eor	r24, r25
    1fa6:	88 23       	and	r24, r24
    1fa8:	69 f1       	breq	.+90     	; 0x2004 <__DATA_REGION_LENGTH__+0x4>
    1faa:	89 81       	ldd	r24, Y+1	; 0x01
    1fac:	88 2f       	mov	r24, r24
    1fae:	90 e0       	ldi	r25, 0x00	; 0
    1fb0:	2c 81       	ldd	r18, Y+4	; 0x04
    1fb2:	3d 81       	ldd	r19, Y+5	; 0x05
    1fb4:	82 0f       	add	r24, r18
    1fb6:	93 1f       	adc	r25, r19
    1fb8:	01 96       	adiw	r24, 0x01	; 1
    1fba:	fc 01       	movw	r30, r24
    1fbc:	80 81       	ld	r24, Z
    1fbe:	8a 30       	cpi	r24, 0x0A	; 10
    1fc0:	09 f5       	brne	.+66     	; 0x2004 <__DATA_REGION_LENGTH__+0x4>
                stableState[i] = true;
    1fc2:	89 81       	ldd	r24, Y+1	; 0x01
    1fc4:	88 2f       	mov	r24, r24
    1fc6:	90 e0       	ldi	r25, 0x00	; 0
    1fc8:	2c 81       	ldd	r18, Y+4	; 0x04
    1fca:	3d 81       	ldd	r19, Y+5	; 0x05
    1fcc:	82 0f       	add	r24, r18
    1fce:	93 1f       	adc	r25, r19
    1fd0:	07 96       	adiw	r24, 0x07	; 7
    1fd2:	21 e0       	ldi	r18, 0x01	; 1
    1fd4:	fc 01       	movw	r30, r24
    1fd6:	20 83       	st	Z, r18
                score++;
    1fd8:	8c 81       	ldd	r24, Y+4	; 0x04
    1fda:	9d 81       	ldd	r25, Y+5	; 0x05
    1fdc:	fc 01       	movw	r30, r24
    1fde:	83 89       	ldd	r24, Z+19	; 0x13
    1fe0:	21 e0       	ldi	r18, 0x01	; 1
    1fe2:	28 0f       	add	r18, r24
    1fe4:	8c 81       	ldd	r24, Y+4	; 0x04
    1fe6:	9d 81       	ldd	r25, Y+5	; 0x05
    1fe8:	fc 01       	movw	r30, r24
    1fea:	23 8b       	std	Z+19, r18	; 0x13
                pinMask[i] = false; // Bloqueamos: este bolo ya no suma m�s
    1fec:	89 81       	ldd	r24, Y+1	; 0x01
    1fee:	88 2f       	mov	r24, r24
    1ff0:	90 e0       	ldi	r25, 0x00	; 0
    1ff2:	2c 81       	ldd	r18, Y+4	; 0x04
    1ff4:	3d 81       	ldd	r19, Y+5	; 0x05
    1ff6:	82 0f       	add	r24, r18
    1ff8:	93 1f       	adc	r25, r19
    1ffa:	0d 96       	adiw	r24, 0x0d	; 13
    1ffc:	fc 01       	movw	r30, r24
    1ffe:	10 82       	st	Z, r1
    2000:	01 c0       	rjmp	.+2      	; 0x2004 <__DATA_REGION_LENGTH__+0x4>
        // Solo muestreamos si la ISR detect� actividad reciente.
        // No bloqueamos el muestreo: seguimos integrando hasta estabilizar.
        uint8_t currentState = PINK & 0x3F;

        for (uint8_t i = 0; i < NUM_PINS; i++) {
            if (!pinMask[i]) continue; // Bolo ya ca�do, ignorar
    2002:	00 00       	nop

        // Solo muestreamos si la ISR detect� actividad reciente.
        // No bloqueamos el muestreo: seguimos integrando hasta estabilizar.
        uint8_t currentState = PINK & 0x3F;

        for (uint8_t i = 0; i < NUM_PINS; i++) {
    2004:	89 81       	ldd	r24, Y+1	; 0x01
    2006:	8f 5f       	subi	r24, 0xFF	; 255
    2008:	89 83       	std	Y+1, r24	; 0x01
    200a:	31 cf       	rjmp	.-414    	; 0x1e6e <_ZN11PinsManager6updateEm+0x66>
                score++;
                pinMask[i] = false; // Bloqueamos: este bolo ya no suma m�s
            }
        }

        changed = false;
    200c:	8c 81       	ldd	r24, Y+4	; 0x04
    200e:	9d 81       	ldd	r25, Y+5	; 0x05
    2010:	fc 01       	movw	r30, r24
    2012:	10 82       	st	Z, r1
    2014:	01 c0       	rjmp	.+2      	; 0x2018 <__DATA_REGION_LENGTH__+0x18>
        changed = true;
    }

    // Llamado cada ms desde update_sensors() en Status
    void update(uint32_t currentTime) {
        if (currentTime == lastSampleTime) return;
    2016:	00 00       	nop
                pinMask[i] = false; // Bloqueamos: este bolo ya no suma m�s
            }
        }

        changed = false;
    }
    2018:	29 96       	adiw	r28, 0x09	; 9
    201a:	0f b6       	in	r0, 0x3f	; 63
    201c:	f8 94       	cli
    201e:	de bf       	out	0x3e, r29	; 62
    2020:	0f be       	out	0x3f, r0	; 63
    2022:	cd bf       	out	0x3d, r28	; 61
    2024:	df 91       	pop	r29
    2026:	cf 91       	pop	r28
    2028:	08 95       	ret

0000202a <_ZN11PinsManager8getScoreEv>:

    uint8_t getScore() { return score; }
    202a:	cf 93       	push	r28
    202c:	df 93       	push	r29
    202e:	00 d0       	rcall	.+0      	; 0x2030 <_ZN11PinsManager8getScoreEv+0x6>
    2030:	cd b7       	in	r28, 0x3d	; 61
    2032:	de b7       	in	r29, 0x3e	; 62
    2034:	9a 83       	std	Y+2, r25	; 0x02
    2036:	89 83       	std	Y+1, r24	; 0x01
    2038:	89 81       	ldd	r24, Y+1	; 0x01
    203a:	9a 81       	ldd	r25, Y+2	; 0x02
    203c:	fc 01       	movw	r30, r24
    203e:	83 89       	ldd	r24, Z+19	; 0x13
    2040:	0f 90       	pop	r0
    2042:	0f 90       	pop	r0
    2044:	df 91       	pop	r29
    2046:	cf 91       	pop	r28
    2048:	08 95       	ret

0000204a <_ZN11PinsManager5resetEv>:

    void reset() {
    204a:	cf 93       	push	r28
    204c:	df 93       	push	r29
    204e:	00 d0       	rcall	.+0      	; 0x2050 <_ZN11PinsManager5resetEv+0x6>
    2050:	1f 92       	push	r1
    2052:	cd b7       	in	r28, 0x3d	; 61
    2054:	de b7       	in	r29, 0x3e	; 62
    2056:	9b 83       	std	Y+3, r25	; 0x03
    2058:	8a 83       	std	Y+2, r24	; 0x02
        score          = 0;
    205a:	8a 81       	ldd	r24, Y+2	; 0x02
    205c:	9b 81       	ldd	r25, Y+3	; 0x03
    205e:	fc 01       	movw	r30, r24
    2060:	13 8a       	std	Z+19, r1	; 0x13
        changed        = false;
    2062:	8a 81       	ldd	r24, Y+2	; 0x02
    2064:	9b 81       	ldd	r25, Y+3	; 0x03
    2066:	fc 01       	movw	r30, r24
    2068:	10 82       	st	Z, r1
        lastSampleTime = 0;
    206a:	8a 81       	ldd	r24, Y+2	; 0x02
    206c:	9b 81       	ldd	r25, Y+3	; 0x03
    206e:	fc 01       	movw	r30, r24
    2070:	14 8a       	std	Z+20, r1	; 0x14
    2072:	15 8a       	std	Z+21, r1	; 0x15
    2074:	16 8a       	std	Z+22, r1	; 0x16
    2076:	17 8a       	std	Z+23, r1	; 0x17
        for (uint8_t i = 0; i < NUM_PINS; i++) {
    2078:	19 82       	std	Y+1, r1	; 0x01
    207a:	89 81       	ldd	r24, Y+1	; 0x01
    207c:	86 30       	cpi	r24, 0x06	; 6
    207e:	28 f5       	brcc	.+74     	; 0x20ca <_ZN11PinsManager5resetEv+0x80>
            counter[i]     = SAMPLES;
    2080:	89 81       	ldd	r24, Y+1	; 0x01
    2082:	88 2f       	mov	r24, r24
    2084:	90 e0       	ldi	r25, 0x00	; 0
    2086:	2a 81       	ldd	r18, Y+2	; 0x02
    2088:	3b 81       	ldd	r19, Y+3	; 0x03
    208a:	82 0f       	add	r24, r18
    208c:	93 1f       	adc	r25, r19
    208e:	01 96       	adiw	r24, 0x01	; 1
    2090:	2a e0       	ldi	r18, 0x0A	; 10
    2092:	fc 01       	movw	r30, r24
    2094:	20 83       	st	Z, r18
            stableState[i] = true;
    2096:	89 81       	ldd	r24, Y+1	; 0x01
    2098:	88 2f       	mov	r24, r24
    209a:	90 e0       	ldi	r25, 0x00	; 0
    209c:	2a 81       	ldd	r18, Y+2	; 0x02
    209e:	3b 81       	ldd	r19, Y+3	; 0x03
    20a0:	82 0f       	add	r24, r18
    20a2:	93 1f       	adc	r25, r19
    20a4:	07 96       	adiw	r24, 0x07	; 7
    20a6:	21 e0       	ldi	r18, 0x01	; 1
    20a8:	fc 01       	movw	r30, r24
    20aa:	20 83       	st	Z, r18
            pinMask[i]     = true;
    20ac:	89 81       	ldd	r24, Y+1	; 0x01
    20ae:	88 2f       	mov	r24, r24
    20b0:	90 e0       	ldi	r25, 0x00	; 0
    20b2:	2a 81       	ldd	r18, Y+2	; 0x02
    20b4:	3b 81       	ldd	r19, Y+3	; 0x03
    20b6:	82 0f       	add	r24, r18
    20b8:	93 1f       	adc	r25, r19
    20ba:	0d 96       	adiw	r24, 0x0d	; 13
    20bc:	21 e0       	ldi	r18, 0x01	; 1
    20be:	fc 01       	movw	r30, r24
    20c0:	20 83       	st	Z, r18

    void reset() {
        score          = 0;
        changed        = false;
        lastSampleTime = 0;
        for (uint8_t i = 0; i < NUM_PINS; i++) {
    20c2:	89 81       	ldd	r24, Y+1	; 0x01
    20c4:	8f 5f       	subi	r24, 0xFF	; 255
    20c6:	89 83       	std	Y+1, r24	; 0x01
    20c8:	d8 cf       	rjmp	.-80     	; 0x207a <_ZN11PinsManager5resetEv+0x30>
            counter[i]     = SAMPLES;
            stableState[i] = true;
            pinMask[i]     = true;
        }
    }
    20ca:	00 00       	nop
    20cc:	0f 90       	pop	r0
    20ce:	0f 90       	pop	r0
    20d0:	0f 90       	pop	r0
    20d2:	df 91       	pop	r29
    20d4:	cf 91       	pop	r28
    20d6:	08 95       	ret

000020d8 <_ZN10SwitchUserC1EPVhS1_S1_h>:
	uint32_t lastSampleTime;
	bool stableState;
	bool flagPressed;
	
	public:
	SwitchUser(volatile uint8_t* pinR, volatile uint8_t* portR, volatile uint8_t* ddrR, uint8_t m) {
    20d8:	0f 93       	push	r16
    20da:	cf 93       	push	r28
    20dc:	df 93       	push	r29
    20de:	cd b7       	in	r28, 0x3d	; 61
    20e0:	de b7       	in	r29, 0x3e	; 62
    20e2:	2a 97       	sbiw	r28, 0x0a	; 10
    20e4:	0f b6       	in	r0, 0x3f	; 63
    20e6:	f8 94       	cli
    20e8:	de bf       	out	0x3e, r29	; 62
    20ea:	0f be       	out	0x3f, r0	; 63
    20ec:	cd bf       	out	0x3d, r28	; 61
    20ee:	9b 83       	std	Y+3, r25	; 0x03
    20f0:	8a 83       	std	Y+2, r24	; 0x02
    20f2:	7d 83       	std	Y+5, r23	; 0x05
    20f4:	6c 83       	std	Y+4, r22	; 0x04
    20f6:	5f 83       	std	Y+7, r21	; 0x07
    20f8:	4e 83       	std	Y+6, r20	; 0x06
    20fa:	39 87       	std	Y+9, r19	; 0x09
    20fc:	28 87       	std	Y+8, r18	; 0x08
    20fe:	0a 87       	std	Y+10, r16	; 0x0a
		pinReg = pinR;
    2100:	8a 81       	ldd	r24, Y+2	; 0x02
    2102:	9b 81       	ldd	r25, Y+3	; 0x03
    2104:	2c 81       	ldd	r18, Y+4	; 0x04
    2106:	3d 81       	ldd	r19, Y+5	; 0x05
    2108:	fc 01       	movw	r30, r24
    210a:	31 83       	std	Z+1, r19	; 0x01
    210c:	20 83       	st	Z, r18
		portReg = portR;
    210e:	8a 81       	ldd	r24, Y+2	; 0x02
    2110:	9b 81       	ldd	r25, Y+3	; 0x03
    2112:	2e 81       	ldd	r18, Y+6	; 0x06
    2114:	3f 81       	ldd	r19, Y+7	; 0x07
    2116:	fc 01       	movw	r30, r24
    2118:	33 83       	std	Z+3, r19	; 0x03
    211a:	22 83       	std	Z+2, r18	; 0x02
		ddrReg = ddrR;
    211c:	8a 81       	ldd	r24, Y+2	; 0x02
    211e:	9b 81       	ldd	r25, Y+3	; 0x03
    2120:	28 85       	ldd	r18, Y+8	; 0x08
    2122:	39 85       	ldd	r19, Y+9	; 0x09
    2124:	fc 01       	movw	r30, r24
    2126:	35 83       	std	Z+5, r19	; 0x05
    2128:	24 83       	std	Z+4, r18	; 0x04
		mask = m;
    212a:	8a 81       	ldd	r24, Y+2	; 0x02
    212c:	9b 81       	ldd	r25, Y+3	; 0x03
    212e:	2a 85       	ldd	r18, Y+10	; 0x0a
    2130:	fc 01       	movw	r30, r24
    2132:	26 83       	std	Z+6, r18	; 0x06
		
		lastSampleTime = 0;
    2134:	8a 81       	ldd	r24, Y+2	; 0x02
    2136:	9b 81       	ldd	r25, Y+3	; 0x03
    2138:	fc 01       	movw	r30, r24
    213a:	10 86       	std	Z+8, r1	; 0x08
    213c:	11 86       	std	Z+9, r1	; 0x09
    213e:	12 86       	std	Z+10, r1	; 0x0a
    2140:	13 86       	std	Z+11, r1	; 0x0b
		flagPressed = false;
    2142:	8a 81       	ldd	r24, Y+2	; 0x02
    2144:	9b 81       	ldd	r25, Y+3	; 0x03
    2146:	fc 01       	movw	r30, r24
    2148:	15 86       	std	Z+13, r1	; 0x0d
		
		// Lectura inicial del pin para el estado base
		bool initialReading = !(*pinReg & mask);
    214a:	8a 81       	ldd	r24, Y+2	; 0x02
    214c:	9b 81       	ldd	r25, Y+3	; 0x03
    214e:	fc 01       	movw	r30, r24
    2150:	80 81       	ld	r24, Z
    2152:	91 81       	ldd	r25, Z+1	; 0x01
    2154:	fc 01       	movw	r30, r24
    2156:	20 81       	ld	r18, Z
    2158:	8a 81       	ldd	r24, Y+2	; 0x02
    215a:	9b 81       	ldd	r25, Y+3	; 0x03
    215c:	fc 01       	movw	r30, r24
    215e:	86 81       	ldd	r24, Z+6	; 0x06
    2160:	92 2f       	mov	r25, r18
    2162:	98 23       	and	r25, r24
    2164:	81 e0       	ldi	r24, 0x01	; 1
    2166:	99 23       	and	r25, r25
    2168:	09 f0       	breq	.+2      	; 0x216c <_ZN10SwitchUserC1EPVhS1_S1_h+0x94>
    216a:	80 e0       	ldi	r24, 0x00	; 0
    216c:	89 83       	std	Y+1, r24	; 0x01
		stableState = initialReading;
    216e:	8a 81       	ldd	r24, Y+2	; 0x02
    2170:	9b 81       	ldd	r25, Y+3	; 0x03
    2172:	29 81       	ldd	r18, Y+1	; 0x01
    2174:	fc 01       	movw	r30, r24
    2176:	24 87       	std	Z+12, r18	; 0x0c
		counter = stableState ? DEBOUNCE_SAMPLES : 0;
    2178:	8a 81       	ldd	r24, Y+2	; 0x02
    217a:	9b 81       	ldd	r25, Y+3	; 0x03
    217c:	fc 01       	movw	r30, r24
    217e:	84 85       	ldd	r24, Z+12	; 0x0c
    2180:	88 23       	and	r24, r24
    2182:	11 f0       	breq	.+4      	; 0x2188 <_ZN10SwitchUserC1EPVhS1_S1_h+0xb0>
    2184:	24 e1       	ldi	r18, 0x14	; 20
    2186:	01 c0       	rjmp	.+2      	; 0x218a <_ZN10SwitchUserC1EPVhS1_S1_h+0xb2>
    2188:	20 e0       	ldi	r18, 0x00	; 0
    218a:	8a 81       	ldd	r24, Y+2	; 0x02
    218c:	9b 81       	ldd	r25, Y+3	; 0x03
    218e:	fc 01       	movw	r30, r24
    2190:	27 83       	std	Z+7, r18	; 0x07
	}
    2192:	00 00       	nop
    2194:	2a 96       	adiw	r28, 0x0a	; 10
    2196:	0f b6       	in	r0, 0x3f	; 63
    2198:	f8 94       	cli
    219a:	de bf       	out	0x3e, r29	; 62
    219c:	0f be       	out	0x3f, r0	; 63
    219e:	cd bf       	out	0x3d, r28	; 61
    21a0:	df 91       	pop	r29
    21a2:	cf 91       	pop	r28
    21a4:	0f 91       	pop	r16
    21a6:	08 95       	ret

000021a8 <_ZN10SwitchUser4initEv>:
	
	void init() {
    21a8:	cf 93       	push	r28
    21aa:	df 93       	push	r29
    21ac:	00 d0       	rcall	.+0      	; 0x21ae <_ZN10SwitchUser4initEv+0x6>
    21ae:	cd b7       	in	r28, 0x3d	; 61
    21b0:	de b7       	in	r29, 0x3e	; 62
    21b2:	9a 83       	std	Y+2, r25	; 0x02
    21b4:	89 83       	std	Y+1, r24	; 0x01
		*ddrReg &= ~mask;	// Input
    21b6:	89 81       	ldd	r24, Y+1	; 0x01
    21b8:	9a 81       	ldd	r25, Y+2	; 0x02
    21ba:	fc 01       	movw	r30, r24
    21bc:	84 81       	ldd	r24, Z+4	; 0x04
    21be:	95 81       	ldd	r25, Z+5	; 0x05
    21c0:	29 81       	ldd	r18, Y+1	; 0x01
    21c2:	3a 81       	ldd	r19, Y+2	; 0x02
    21c4:	f9 01       	movw	r30, r18
    21c6:	24 81       	ldd	r18, Z+4	; 0x04
    21c8:	35 81       	ldd	r19, Z+5	; 0x05
    21ca:	f9 01       	movw	r30, r18
    21cc:	20 81       	ld	r18, Z
    21ce:	42 2f       	mov	r20, r18
    21d0:	29 81       	ldd	r18, Y+1	; 0x01
    21d2:	3a 81       	ldd	r19, Y+2	; 0x02
    21d4:	f9 01       	movw	r30, r18
    21d6:	26 81       	ldd	r18, Z+6	; 0x06
    21d8:	20 95       	com	r18
    21da:	24 23       	and	r18, r20
    21dc:	fc 01       	movw	r30, r24
    21de:	20 83       	st	Z, r18
		*portReg |= mask;	// Pull-up
    21e0:	89 81       	ldd	r24, Y+1	; 0x01
    21e2:	9a 81       	ldd	r25, Y+2	; 0x02
    21e4:	fc 01       	movw	r30, r24
    21e6:	82 81       	ldd	r24, Z+2	; 0x02
    21e8:	93 81       	ldd	r25, Z+3	; 0x03
    21ea:	29 81       	ldd	r18, Y+1	; 0x01
    21ec:	3a 81       	ldd	r19, Y+2	; 0x02
    21ee:	f9 01       	movw	r30, r18
    21f0:	22 81       	ldd	r18, Z+2	; 0x02
    21f2:	33 81       	ldd	r19, Z+3	; 0x03
    21f4:	f9 01       	movw	r30, r18
    21f6:	40 81       	ld	r20, Z
    21f8:	29 81       	ldd	r18, Y+1	; 0x01
    21fa:	3a 81       	ldd	r19, Y+2	; 0x02
    21fc:	f9 01       	movw	r30, r18
    21fe:	26 81       	ldd	r18, Z+6	; 0x06
    2200:	24 2b       	or	r18, r20
    2202:	fc 01       	movw	r30, r24
    2204:	20 83       	st	Z, r18
	}
    2206:	00 00       	nop
    2208:	0f 90       	pop	r0
    220a:	0f 90       	pop	r0
    220c:	df 91       	pop	r29
    220e:	cf 91       	pop	r28
    2210:	08 95       	ret

00002212 <_ZN10SwitchUser6updateEm>:
	
	void update(uint32_t currentTime) {
    2212:	cf 93       	push	r28
    2214:	df 93       	push	r29
    2216:	cd b7       	in	r28, 0x3d	; 61
    2218:	de b7       	in	r29, 0x3e	; 62
    221a:	27 97       	sbiw	r28, 0x07	; 7
    221c:	0f b6       	in	r0, 0x3f	; 63
    221e:	f8 94       	cli
    2220:	de bf       	out	0x3e, r29	; 62
    2222:	0f be       	out	0x3f, r0	; 63
    2224:	cd bf       	out	0x3d, r28	; 61
    2226:	9b 83       	std	Y+3, r25	; 0x03
    2228:	8a 83       	std	Y+2, r24	; 0x02
    222a:	4c 83       	std	Y+4, r20	; 0x04
    222c:	5d 83       	std	Y+5, r21	; 0x05
    222e:	6e 83       	std	Y+6, r22	; 0x06
    2230:	7f 83       	std	Y+7, r23	; 0x07
		if (currentTime == lastSampleTime) return;
    2232:	8a 81       	ldd	r24, Y+2	; 0x02
    2234:	9b 81       	ldd	r25, Y+3	; 0x03
    2236:	fc 01       	movw	r30, r24
    2238:	20 85       	ldd	r18, Z+8	; 0x08
    223a:	31 85       	ldd	r19, Z+9	; 0x09
    223c:	42 85       	ldd	r20, Z+10	; 0x0a
    223e:	53 85       	ldd	r21, Z+11	; 0x0b
    2240:	8c 81       	ldd	r24, Y+4	; 0x04
    2242:	9d 81       	ldd	r25, Y+5	; 0x05
    2244:	ae 81       	ldd	r26, Y+6	; 0x06
    2246:	bf 81       	ldd	r27, Y+7	; 0x07
    2248:	28 17       	cp	r18, r24
    224a:	39 07       	cpc	r19, r25
    224c:	4a 07       	cpc	r20, r26
    224e:	5b 07       	cpc	r21, r27
    2250:	09 f4       	brne	.+2      	; 0x2254 <_ZN10SwitchUser6updateEm+0x42>
    2252:	70 c0       	rjmp	.+224    	; 0x2334 <_ZN10SwitchUser6updateEm+0x122>
		lastSampleTime = currentTime;
    2254:	2a 81       	ldd	r18, Y+2	; 0x02
    2256:	3b 81       	ldd	r19, Y+3	; 0x03
    2258:	8c 81       	ldd	r24, Y+4	; 0x04
    225a:	9d 81       	ldd	r25, Y+5	; 0x05
    225c:	ae 81       	ldd	r26, Y+6	; 0x06
    225e:	bf 81       	ldd	r27, Y+7	; 0x07
    2260:	f9 01       	movw	r30, r18
    2262:	80 87       	std	Z+8, r24	; 0x08
    2264:	91 87       	std	Z+9, r25	; 0x09
    2266:	a2 87       	std	Z+10, r26	; 0x0a
    2268:	b3 87       	std	Z+11, r27	; 0x0b
		
		bool reading = !(*pinReg & mask);
    226a:	8a 81       	ldd	r24, Y+2	; 0x02
    226c:	9b 81       	ldd	r25, Y+3	; 0x03
    226e:	fc 01       	movw	r30, r24
    2270:	80 81       	ld	r24, Z
    2272:	91 81       	ldd	r25, Z+1	; 0x01
    2274:	fc 01       	movw	r30, r24
    2276:	20 81       	ld	r18, Z
    2278:	8a 81       	ldd	r24, Y+2	; 0x02
    227a:	9b 81       	ldd	r25, Y+3	; 0x03
    227c:	fc 01       	movw	r30, r24
    227e:	86 81       	ldd	r24, Z+6	; 0x06
    2280:	92 2f       	mov	r25, r18
    2282:	98 23       	and	r25, r24
    2284:	81 e0       	ldi	r24, 0x01	; 1
    2286:	99 23       	and	r25, r25
    2288:	09 f0       	breq	.+2      	; 0x228c <_ZN10SwitchUser6updateEm+0x7a>
    228a:	80 e0       	ldi	r24, 0x00	; 0
    228c:	89 83       	std	Y+1, r24	; 0x01
		
		if (reading && counter < DEBOUNCE_SAMPLES) counter++;
    228e:	89 81       	ldd	r24, Y+1	; 0x01
    2290:	88 23       	and	r24, r24
    2292:	89 f0       	breq	.+34     	; 0x22b6 <_ZN10SwitchUser6updateEm+0xa4>
    2294:	8a 81       	ldd	r24, Y+2	; 0x02
    2296:	9b 81       	ldd	r25, Y+3	; 0x03
    2298:	fc 01       	movw	r30, r24
    229a:	87 81       	ldd	r24, Z+7	; 0x07
    229c:	84 31       	cpi	r24, 0x14	; 20
    229e:	58 f4       	brcc	.+22     	; 0x22b6 <_ZN10SwitchUser6updateEm+0xa4>
    22a0:	8a 81       	ldd	r24, Y+2	; 0x02
    22a2:	9b 81       	ldd	r25, Y+3	; 0x03
    22a4:	fc 01       	movw	r30, r24
    22a6:	87 81       	ldd	r24, Z+7	; 0x07
    22a8:	21 e0       	ldi	r18, 0x01	; 1
    22aa:	28 0f       	add	r18, r24
    22ac:	8a 81       	ldd	r24, Y+2	; 0x02
    22ae:	9b 81       	ldd	r25, Y+3	; 0x03
    22b0:	fc 01       	movw	r30, r24
    22b2:	27 83       	std	Z+7, r18	; 0x07
    22b4:	15 c0       	rjmp	.+42     	; 0x22e0 <_ZN10SwitchUser6updateEm+0xce>
		else if (!reading && counter > 0)          counter--;
    22b6:	99 81       	ldd	r25, Y+1	; 0x01
    22b8:	81 e0       	ldi	r24, 0x01	; 1
    22ba:	89 27       	eor	r24, r25
    22bc:	88 23       	and	r24, r24
    22be:	81 f0       	breq	.+32     	; 0x22e0 <_ZN10SwitchUser6updateEm+0xce>
    22c0:	8a 81       	ldd	r24, Y+2	; 0x02
    22c2:	9b 81       	ldd	r25, Y+3	; 0x03
    22c4:	fc 01       	movw	r30, r24
    22c6:	87 81       	ldd	r24, Z+7	; 0x07
    22c8:	88 23       	and	r24, r24
    22ca:	51 f0       	breq	.+20     	; 0x22e0 <_ZN10SwitchUser6updateEm+0xce>
    22cc:	8a 81       	ldd	r24, Y+2	; 0x02
    22ce:	9b 81       	ldd	r25, Y+3	; 0x03
    22d0:	fc 01       	movw	r30, r24
    22d2:	87 81       	ldd	r24, Z+7	; 0x07
    22d4:	2f ef       	ldi	r18, 0xFF	; 255
    22d6:	28 0f       	add	r18, r24
    22d8:	8a 81       	ldd	r24, Y+2	; 0x02
    22da:	9b 81       	ldd	r25, Y+3	; 0x03
    22dc:	fc 01       	movw	r30, r24
    22de:	27 83       	std	Z+7, r18	; 0x07
		
		if (!stableState && counter == DEBOUNCE_SAMPLES) {
    22e0:	8a 81       	ldd	r24, Y+2	; 0x02
    22e2:	9b 81       	ldd	r25, Y+3	; 0x03
    22e4:	fc 01       	movw	r30, r24
    22e6:	94 85       	ldd	r25, Z+12	; 0x0c
    22e8:	81 e0       	ldi	r24, 0x01	; 1
    22ea:	89 27       	eor	r24, r25
    22ec:	88 23       	and	r24, r24
    22ee:	89 f0       	breq	.+34     	; 0x2312 <_ZN10SwitchUser6updateEm+0x100>
    22f0:	8a 81       	ldd	r24, Y+2	; 0x02
    22f2:	9b 81       	ldd	r25, Y+3	; 0x03
    22f4:	fc 01       	movw	r30, r24
    22f6:	87 81       	ldd	r24, Z+7	; 0x07
    22f8:	84 31       	cpi	r24, 0x14	; 20
    22fa:	59 f4       	brne	.+22     	; 0x2312 <_ZN10SwitchUser6updateEm+0x100>
			stableState = true;
    22fc:	8a 81       	ldd	r24, Y+2	; 0x02
    22fe:	9b 81       	ldd	r25, Y+3	; 0x03
    2300:	21 e0       	ldi	r18, 0x01	; 1
    2302:	fc 01       	movw	r30, r24
    2304:	24 87       	std	Z+12, r18	; 0x0c
			flagPressed = true;
    2306:	8a 81       	ldd	r24, Y+2	; 0x02
    2308:	9b 81       	ldd	r25, Y+3	; 0x03
    230a:	21 e0       	ldi	r18, 0x01	; 1
    230c:	fc 01       	movw	r30, r24
    230e:	25 87       	std	Z+13, r18	; 0x0d
    2310:	12 c0       	rjmp	.+36     	; 0x2336 <_ZN10SwitchUser6updateEm+0x124>
		}
		else if (stableState && counter == 0) {
    2312:	8a 81       	ldd	r24, Y+2	; 0x02
    2314:	9b 81       	ldd	r25, Y+3	; 0x03
    2316:	fc 01       	movw	r30, r24
    2318:	84 85       	ldd	r24, Z+12	; 0x0c
    231a:	88 23       	and	r24, r24
    231c:	61 f0       	breq	.+24     	; 0x2336 <_ZN10SwitchUser6updateEm+0x124>
    231e:	8a 81       	ldd	r24, Y+2	; 0x02
    2320:	9b 81       	ldd	r25, Y+3	; 0x03
    2322:	fc 01       	movw	r30, r24
    2324:	87 81       	ldd	r24, Z+7	; 0x07
    2326:	88 23       	and	r24, r24
    2328:	31 f4       	brne	.+12     	; 0x2336 <_ZN10SwitchUser6updateEm+0x124>
			stableState = false;
    232a:	8a 81       	ldd	r24, Y+2	; 0x02
    232c:	9b 81       	ldd	r25, Y+3	; 0x03
    232e:	fc 01       	movw	r30, r24
    2330:	14 86       	std	Z+12, r1	; 0x0c
    2332:	01 c0       	rjmp	.+2      	; 0x2336 <_ZN10SwitchUser6updateEm+0x124>
		*ddrReg &= ~mask;	// Input
		*portReg |= mask;	// Pull-up
	}
	
	void update(uint32_t currentTime) {
		if (currentTime == lastSampleTime) return;
    2334:	00 00       	nop
			flagPressed = true;
		}
		else if (stableState && counter == 0) {
			stableState = false;
		}
	}
    2336:	27 96       	adiw	r28, 0x07	; 7
    2338:	0f b6       	in	r0, 0x3f	; 63
    233a:	f8 94       	cli
    233c:	de bf       	out	0x3e, r29	; 62
    233e:	0f be       	out	0x3f, r0	; 63
    2340:	cd bf       	out	0x3d, r28	; 61
    2342:	df 91       	pop	r29
    2344:	cf 91       	pop	r28
    2346:	08 95       	ret

00002348 <_ZN10SwitchUser12consumeClickEv>:
	
	bool consumeClick() {
    2348:	cf 93       	push	r28
    234a:	df 93       	push	r29
    234c:	00 d0       	rcall	.+0      	; 0x234e <_ZN10SwitchUser12consumeClickEv+0x6>
    234e:	cd b7       	in	r28, 0x3d	; 61
    2350:	de b7       	in	r29, 0x3e	; 62
    2352:	9a 83       	std	Y+2, r25	; 0x02
    2354:	89 83       	std	Y+1, r24	; 0x01
		if (flagPressed) {
    2356:	89 81       	ldd	r24, Y+1	; 0x01
    2358:	9a 81       	ldd	r25, Y+2	; 0x02
    235a:	fc 01       	movw	r30, r24
    235c:	85 85       	ldd	r24, Z+13	; 0x0d
    235e:	88 23       	and	r24, r24
    2360:	31 f0       	breq	.+12     	; 0x236e <_ZN10SwitchUser12consumeClickEv+0x26>
			flagPressed = false;
    2362:	89 81       	ldd	r24, Y+1	; 0x01
    2364:	9a 81       	ldd	r25, Y+2	; 0x02
    2366:	fc 01       	movw	r30, r24
    2368:	15 86       	std	Z+13, r1	; 0x0d
			return true;
    236a:	81 e0       	ldi	r24, 0x01	; 1
    236c:	01 c0       	rjmp	.+2      	; 0x2370 <_ZN10SwitchUser12consumeClickEv+0x28>
		}
		return false;
    236e:	80 e0       	ldi	r24, 0x00	; 0
	}
    2370:	0f 90       	pop	r0
    2372:	0f 90       	pop	r0
    2374:	df 91       	pop	r29
    2376:	cf 91       	pop	r28
    2378:	08 95       	ret

0000237a <_ZN5TimerC1Ev>:
	
	private:
	volatile uint32_t system_millis; // Contador de milisegundos desde el inicio.
	
	public:
	Timer() {
    237a:	cf 93       	push	r28
    237c:	df 93       	push	r29
    237e:	00 d0       	rcall	.+0      	; 0x2380 <_ZN5TimerC1Ev+0x6>
    2380:	cd b7       	in	r28, 0x3d	; 61
    2382:	de b7       	in	r29, 0x3e	; 62
    2384:	9a 83       	std	Y+2, r25	; 0x02
    2386:	89 83       	std	Y+1, r24	; 0x01
		system_millis = 0;
    2388:	89 81       	ldd	r24, Y+1	; 0x01
    238a:	9a 81       	ldd	r25, Y+2	; 0x02
    238c:	fc 01       	movw	r30, r24
    238e:	10 82       	st	Z, r1
    2390:	11 82       	std	Z+1, r1	; 0x01
    2392:	12 82       	std	Z+2, r1	; 0x02
    2394:	13 82       	std	Z+3, r1	; 0x03
	}
    2396:	00 00       	nop
    2398:	0f 90       	pop	r0
    239a:	0f 90       	pop	r0
    239c:	df 91       	pop	r29
    239e:	cf 91       	pop	r28
    23a0:	08 95       	ret

000023a2 <_ZN5Timer4initEv>:
	
	void init() {
    23a2:	cf 93       	push	r28
    23a4:	df 93       	push	r29
    23a6:	00 d0       	rcall	.+0      	; 0x23a8 <_ZN5Timer4initEv+0x6>
    23a8:	cd b7       	in	r28, 0x3d	; 61
    23aa:	de b7       	in	r29, 0x3e	; 62
    23ac:	9a 83       	std	Y+2, r25	; 0x02
    23ae:	89 83       	std	Y+1, r24	; 0x01
		 * Inicializa el Timer 4 en modo CTC para interrumpir cada 1ms.
		 * Asume frecuencia de reloj (F_CPU) de 8MHz.
		 */
		
		// Modo CTC (Clear Timer on Compare Match)
		TCCR4A &= ~((1 << WGM41) | (1 << WGM40));
    23b0:	80 ea       	ldi	r24, 0xA0	; 160
    23b2:	90 e0       	ldi	r25, 0x00	; 0
    23b4:	20 ea       	ldi	r18, 0xA0	; 160
    23b6:	30 e0       	ldi	r19, 0x00	; 0
    23b8:	f9 01       	movw	r30, r18
    23ba:	20 81       	ld	r18, Z
    23bc:	2c 7f       	andi	r18, 0xFC	; 252
    23be:	fc 01       	movw	r30, r24
    23c0:	20 83       	st	Z, r18
		TCCR4B &= ~(1 << WGM43);
    23c2:	81 ea       	ldi	r24, 0xA1	; 161
    23c4:	90 e0       	ldi	r25, 0x00	; 0
    23c6:	21 ea       	ldi	r18, 0xA1	; 161
    23c8:	30 e0       	ldi	r19, 0x00	; 0
    23ca:	f9 01       	movw	r30, r18
    23cc:	20 81       	ld	r18, Z
    23ce:	2f 7e       	andi	r18, 0xEF	; 239
    23d0:	fc 01       	movw	r30, r24
    23d2:	20 83       	st	Z, r18
		TCCR4B |= (1 << WGM42);
    23d4:	81 ea       	ldi	r24, 0xA1	; 161
    23d6:	90 e0       	ldi	r25, 0x00	; 0
    23d8:	21 ea       	ldi	r18, 0xA1	; 161
    23da:	30 e0       	ldi	r19, 0x00	; 0
    23dc:	f9 01       	movw	r30, r18
    23de:	20 81       	ld	r18, Z
    23e0:	28 60       	ori	r18, 0x08	; 8
    23e2:	fc 01       	movw	r30, r24
    23e4:	20 83       	st	Z, r18

		// Preescalador a 64 (8MHz / 64 = 125kHz)
		TCCR4B |= (1 << CS41) | (1 << CS40);
    23e6:	81 ea       	ldi	r24, 0xA1	; 161
    23e8:	90 e0       	ldi	r25, 0x00	; 0
    23ea:	21 ea       	ldi	r18, 0xA1	; 161
    23ec:	30 e0       	ldi	r19, 0x00	; 0
    23ee:	f9 01       	movw	r30, r18
    23f0:	20 81       	ld	r18, Z
    23f2:	23 60       	ori	r18, 0x03	; 3
    23f4:	fc 01       	movw	r30, r24
    23f6:	20 83       	st	Z, r18
		TCCR4B &= ~(1 << CS42);
    23f8:	81 ea       	ldi	r24, 0xA1	; 161
    23fa:	90 e0       	ldi	r25, 0x00	; 0
    23fc:	21 ea       	ldi	r18, 0xA1	; 161
    23fe:	30 e0       	ldi	r19, 0x00	; 0
    2400:	f9 01       	movw	r30, r18
    2402:	20 81       	ld	r18, Z
    2404:	2b 7f       	andi	r18, 0xFB	; 251
    2406:	fc 01       	movw	r30, r24
    2408:	20 83       	st	Z, r18

		// Interrupci�n en 1ms (125000 / 1000 -1 = 124 ticks)
		OCR4A = 124;
    240a:	88 ea       	ldi	r24, 0xA8	; 168
    240c:	90 e0       	ldi	r25, 0x00	; 0
    240e:	2c e7       	ldi	r18, 0x7C	; 124
    2410:	30 e0       	ldi	r19, 0x00	; 0
    2412:	fc 01       	movw	r30, r24
    2414:	31 83       	std	Z+1, r19	; 0x01
    2416:	20 83       	st	Z, r18
		
		// Habilitar interrupci�n por comparaci�n A.
		TIMSK4 |= (1 << OCIE4A);
    2418:	82 e7       	ldi	r24, 0x72	; 114
    241a:	90 e0       	ldi	r25, 0x00	; 0
    241c:	22 e7       	ldi	r18, 0x72	; 114
    241e:	30 e0       	ldi	r19, 0x00	; 0
    2420:	f9 01       	movw	r30, r18
    2422:	20 81       	ld	r18, Z
    2424:	22 60       	ori	r18, 0x02	; 2
    2426:	fc 01       	movw	r30, r24
    2428:	20 83       	st	Z, r18
	}
    242a:	00 00       	nop
    242c:	0f 90       	pop	r0
    242e:	0f 90       	pop	r0
    2430:	df 91       	pop	r29
    2432:	cf 91       	pop	r28
    2434:	08 95       	ret

00002436 <_ZN5Timer7addTickEv>:
	
	void addTick() {
    2436:	cf 93       	push	r28
    2438:	df 93       	push	r29
    243a:	00 d0       	rcall	.+0      	; 0x243c <_ZN5Timer7addTickEv+0x6>
    243c:	cd b7       	in	r28, 0x3d	; 61
    243e:	de b7       	in	r29, 0x3e	; 62
    2440:	9a 83       	std	Y+2, r25	; 0x02
    2442:	89 83       	std	Y+1, r24	; 0x01
		/* 
		 * ==== addTick() ====
		 * Incrementa el reloj. Debe ser llamado exclusivamente durante la ISR.
		 */
		system_millis++;
    2444:	89 81       	ldd	r24, Y+1	; 0x01
    2446:	9a 81       	ldd	r25, Y+2	; 0x02
    2448:	fc 01       	movw	r30, r24
    244a:	80 81       	ld	r24, Z
    244c:	91 81       	ldd	r25, Z+1	; 0x01
    244e:	a2 81       	ldd	r26, Z+2	; 0x02
    2450:	b3 81       	ldd	r27, Z+3	; 0x03
    2452:	01 96       	adiw	r24, 0x01	; 1
    2454:	a1 1d       	adc	r26, r1
    2456:	b1 1d       	adc	r27, r1
    2458:	29 81       	ldd	r18, Y+1	; 0x01
    245a:	3a 81       	ldd	r19, Y+2	; 0x02
    245c:	f9 01       	movw	r30, r18
    245e:	80 83       	st	Z, r24
    2460:	91 83       	std	Z+1, r25	; 0x01
    2462:	a2 83       	std	Z+2, r26	; 0x02
    2464:	b3 83       	std	Z+3, r27	; 0x03
	}
    2466:	00 00       	nop
    2468:	0f 90       	pop	r0
    246a:	0f 90       	pop	r0
    246c:	df 91       	pop	r29
    246e:	cf 91       	pop	r28
    2470:	08 95       	ret

00002472 <_ZN5Timer6millisEv>:
	
	uint32_t millis() {
    2472:	cf 93       	push	r28
    2474:	df 93       	push	r29
    2476:	cd b7       	in	r28, 0x3d	; 61
    2478:	de b7       	in	r29, 0x3e	; 62
    247a:	27 97       	sbiw	r28, 0x07	; 7
    247c:	0f b6       	in	r0, 0x3f	; 63
    247e:	f8 94       	cli
    2480:	de bf       	out	0x3e, r29	; 62
    2482:	0f be       	out	0x3f, r0	; 63
    2484:	cd bf       	out	0x3d, r28	; 61
    2486:	9f 83       	std	Y+7, r25	; 0x07
    2488:	8e 83       	std	Y+6, r24	; 0x06
		 * ==== millis() ====
		 * Devuelve el tiempo actual en ms.
		 *  - return: [uint32_t] Milisegundos transcurridos desde inicio.
		 */
		uint32_t time;
		uint8_t oldSREG = SREG;		// Guarda estado acutal de las interrupciones
    248a:	8f e5       	ldi	r24, 0x5F	; 95
    248c:	90 e0       	ldi	r25, 0x00	; 0
    248e:	fc 01       	movw	r30, r24
    2490:	80 81       	ld	r24, Z
    2492:	89 83       	std	Y+1, r24	; 0x01
		cli();						// Deshabilita interrupciones para lectura
    2494:	f8 94       	cli
		time = system_millis;
    2496:	8e 81       	ldd	r24, Y+6	; 0x06
    2498:	9f 81       	ldd	r25, Y+7	; 0x07
    249a:	fc 01       	movw	r30, r24
    249c:	80 81       	ld	r24, Z
    249e:	91 81       	ldd	r25, Z+1	; 0x01
    24a0:	a2 81       	ldd	r26, Z+2	; 0x02
    24a2:	b3 81       	ldd	r27, Z+3	; 0x03
    24a4:	8a 83       	std	Y+2, r24	; 0x02
    24a6:	9b 83       	std	Y+3, r25	; 0x03
    24a8:	ac 83       	std	Y+4, r26	; 0x04
    24aa:	bd 83       	std	Y+5, r27	; 0x05
		SREG = oldSREG;				// Restaura el registro de estado original
    24ac:	8f e5       	ldi	r24, 0x5F	; 95
    24ae:	90 e0       	ldi	r25, 0x00	; 0
    24b0:	29 81       	ldd	r18, Y+1	; 0x01
    24b2:	fc 01       	movw	r30, r24
    24b4:	20 83       	st	Z, r18
		// sei();					// Nota: SREG ya restaurado; cli() no es necesario.
		return time;
    24b6:	8a 81       	ldd	r24, Y+2	; 0x02
    24b8:	9b 81       	ldd	r25, Y+3	; 0x03
    24ba:	ac 81       	ldd	r26, Y+4	; 0x04
    24bc:	bd 81       	ldd	r27, Y+5	; 0x05
	}
    24be:	bc 01       	movw	r22, r24
    24c0:	cd 01       	movw	r24, r26
    24c2:	27 96       	adiw	r28, 0x07	; 7
    24c4:	0f b6       	in	r0, 0x3f	; 63
    24c6:	f8 94       	cli
    24c8:	de bf       	out	0x3e, r29	; 62
    24ca:	0f be       	out	0x3f, r0	; 63
    24cc:	cd bf       	out	0x3d, r28	; 61
    24ce:	df 91       	pop	r29
    24d0:	cf 91       	pop	r28
    24d2:	08 95       	ret

000024d4 <_ZN6StatusC1Ev>:
	NO_CHANGE = 255
};

class Status {
	public:
		Status() : current_state(States::Init) {}
    24d4:	cf 93       	push	r28
    24d6:	df 93       	push	r29
    24d8:	00 d0       	rcall	.+0      	; 0x24da <_ZN6StatusC1Ev+0x6>
    24da:	cd b7       	in	r28, 0x3d	; 61
    24dc:	de b7       	in	r29, 0x3e	; 62
    24de:	9a 83       	std	Y+2, r25	; 0x02
    24e0:	89 83       	std	Y+1, r24	; 0x01
    24e2:	89 81       	ldd	r24, Y+1	; 0x01
    24e4:	9a 81       	ldd	r25, Y+2	; 0x02
    24e6:	fc 01       	movw	r30, r24
    24e8:	16 8e       	std	Z+30, r1	; 0x1e
    24ea:	89 81       	ldd	r24, Y+1	; 0x01
    24ec:	9a 81       	ldd	r25, Y+2	; 0x02
    24ee:	fc 01       	movw	r30, r24
    24f0:	17 8e       	std	Z+31, r1	; 0x1f
    24f2:	89 81       	ldd	r24, Y+1	; 0x01
    24f4:	9a 81       	ldd	r25, Y+2	; 0x02
    24f6:	fc 01       	movw	r30, r24
    24f8:	10 a2       	std	Z+32, r1	; 0x20
    24fa:	89 81       	ldd	r24, Y+1	; 0x01
    24fc:	9a 81       	ldd	r25, Y+2	; 0x02
    24fe:	fc 01       	movw	r30, r24
    2500:	11 a2       	std	Z+33, r1	; 0x21
    2502:	89 81       	ldd	r24, Y+1	; 0x01
    2504:	9a 81       	ldd	r25, Y+2	; 0x02
    2506:	fc 01       	movw	r30, r24
    2508:	12 a2       	std	Z+34, r1	; 0x22
    250a:	13 a2       	std	Z+35, r1	; 0x23
    250c:	14 a2       	std	Z+36, r1	; 0x24
    250e:	15 a2       	std	Z+37, r1	; 0x25
    2510:	89 81       	ldd	r24, Y+1	; 0x01
    2512:	9a 81       	ldd	r25, Y+2	; 0x02
    2514:	fc 01       	movw	r30, r24
    2516:	16 a2       	std	Z+38, r1	; 0x26
    2518:	17 a2       	std	Z+39, r1	; 0x27
    251a:	10 a6       	std	Z+40, r1	; 0x28
    251c:	11 a6       	std	Z+41, r1	; 0x29
    251e:	89 81       	ldd	r24, Y+1	; 0x01
    2520:	9a 81       	ldd	r25, Y+2	; 0x02
    2522:	fc 01       	movw	r30, r24
    2524:	12 a6       	std	Z+42, r1	; 0x2a
    2526:	00 00       	nop
    2528:	0f 90       	pop	r0
    252a:	0f 90       	pop	r0
    252c:	df 91       	pop	r29
    252e:	cf 91       	pop	r28
    2530:	08 95       	ret

00002532 <_ZN6Status8setStateE6States>:
			
		~Status() = default;
		
		void setState(States s) { current_state = s; }
    2532:	cf 93       	push	r28
    2534:	df 93       	push	r29
    2536:	00 d0       	rcall	.+0      	; 0x2538 <_ZN6Status8setStateE6States+0x6>
    2538:	1f 92       	push	r1
    253a:	cd b7       	in	r28, 0x3d	; 61
    253c:	de b7       	in	r29, 0x3e	; 62
    253e:	9a 83       	std	Y+2, r25	; 0x02
    2540:	89 83       	std	Y+1, r24	; 0x01
    2542:	6b 83       	std	Y+3, r22	; 0x03
    2544:	89 81       	ldd	r24, Y+1	; 0x01
    2546:	9a 81       	ldd	r25, Y+2	; 0x02
    2548:	2b 81       	ldd	r18, Y+3	; 0x03
    254a:	fc 01       	movw	r30, r24
    254c:	22 a7       	std	Z+42, r18	; 0x2a
    254e:	00 00       	nop
    2550:	0f 90       	pop	r0
    2552:	0f 90       	pop	r0
    2554:	0f 90       	pop	r0
    2556:	df 91       	pop	r29
    2558:	cf 91       	pop	r28
    255a:	08 95       	ret

0000255c <_ZN6Status8getStateEv>:
		States getState() 		{return current_state; }
    255c:	cf 93       	push	r28
    255e:	df 93       	push	r29
    2560:	00 d0       	rcall	.+0      	; 0x2562 <_ZN6Status8getStateEv+0x6>
    2562:	cd b7       	in	r28, 0x3d	; 61
    2564:	de b7       	in	r29, 0x3e	; 62
    2566:	9a 83       	std	Y+2, r25	; 0x02
    2568:	89 83       	std	Y+1, r24	; 0x01
    256a:	89 81       	ldd	r24, Y+1	; 0x01
    256c:	9a 81       	ldd	r25, Y+2	; 0x02
    256e:	fc 01       	movw	r30, r24
    2570:	82 a5       	ldd	r24, Z+42	; 0x2a
    2572:	0f 90       	pop	r0
    2574:	0f 90       	pop	r0
    2576:	df 91       	pop	r29
    2578:	cf 91       	pop	r28
    257a:	08 95       	ret

0000257c <_ZN6Status14update_sensorsEv>:
							
		void update_sensors() {
    257c:	ef 92       	push	r14
    257e:	ff 92       	push	r15
    2580:	0f 93       	push	r16
    2582:	1f 93       	push	r17
    2584:	cf 93       	push	r28
    2586:	df 93       	push	r29
    2588:	00 d0       	rcall	.+0      	; 0x258a <_ZN6Status14update_sensorsEv+0xe>
    258a:	00 d0       	rcall	.+0      	; 0x258c <_ZN6Status14update_sensorsEv+0x10>
    258c:	cd b7       	in	r28, 0x3d	; 61
    258e:	de b7       	in	r29, 0x3e	; 62
    2590:	9a 83       	std	Y+2, r25	; 0x02
    2592:	89 83       	std	Y+1, r24	; 0x01
			current_time = timer->millis();
    2594:	89 81       	ldd	r24, Y+1	; 0x01
    2596:	9a 81       	ldd	r25, Y+2	; 0x02
    2598:	fc 01       	movw	r30, r24
    259a:	84 8d       	ldd	r24, Z+28	; 0x1c
    259c:	95 8d       	ldd	r25, Z+29	; 0x1d
    259e:	0e 94 39 12 	call	0x2472	; 0x2472 <_ZN5Timer6millisEv>
    25a2:	dc 01       	movw	r26, r24
    25a4:	cb 01       	movw	r24, r22
    25a6:	29 81       	ldd	r18, Y+1	; 0x01
    25a8:	3a 81       	ldd	r19, Y+2	; 0x02
    25aa:	f9 01       	movw	r30, r18
    25ac:	86 a3       	std	Z+38, r24	; 0x26
    25ae:	97 a3       	std	Z+39, r25	; 0x27
    25b0:	a0 a7       	std	Z+40, r26	; 0x28
    25b2:	b1 a7       	std	Z+41, r27	; 0x29
			
			sw1->update(current_time);
    25b4:	89 81       	ldd	r24, Y+1	; 0x01
    25b6:	9a 81       	ldd	r25, Y+2	; 0x02
    25b8:	fc 01       	movw	r30, r24
    25ba:	86 a1       	ldd	r24, Z+38	; 0x26
    25bc:	97 a1       	ldd	r25, Z+39	; 0x27
    25be:	a0 a5       	ldd	r26, Z+40	; 0x28
    25c0:	b1 a5       	ldd	r27, Z+41	; 0x29
    25c2:	29 81       	ldd	r18, Y+1	; 0x01
    25c4:	3a 81       	ldd	r19, Y+2	; 0x02
    25c6:	f9 01       	movw	r30, r18
    25c8:	22 85       	ldd	r18, Z+10	; 0x0a
    25ca:	33 85       	ldd	r19, Z+11	; 0x0b
    25cc:	ac 01       	movw	r20, r24
    25ce:	bd 01       	movw	r22, r26
    25d0:	c9 01       	movw	r24, r18
    25d2:	0e 94 6d 05 	call	0xada	; 0xada <_ZN11LimitSwitch6updateEm>
			sw2->update(current_time);
    25d6:	89 81       	ldd	r24, Y+1	; 0x01
    25d8:	9a 81       	ldd	r25, Y+2	; 0x02
    25da:	fc 01       	movw	r30, r24
    25dc:	86 a1       	ldd	r24, Z+38	; 0x26
    25de:	97 a1       	ldd	r25, Z+39	; 0x27
    25e0:	a0 a5       	ldd	r26, Z+40	; 0x28
    25e2:	b1 a5       	ldd	r27, Z+41	; 0x29
    25e4:	29 81       	ldd	r18, Y+1	; 0x01
    25e6:	3a 81       	ldd	r19, Y+2	; 0x02
    25e8:	f9 01       	movw	r30, r18
    25ea:	24 85       	ldd	r18, Z+12	; 0x0c
    25ec:	35 85       	ldd	r19, Z+13	; 0x0d
    25ee:	ac 01       	movw	r20, r24
    25f0:	bd 01       	movw	r22, r26
    25f2:	c9 01       	movw	r24, r18
    25f4:	0e 94 4e 09 	call	0x129c	; 0x129c <_ZN12LimitSwitch36updateEm>
			sw3->update(current_time);
    25f8:	89 81       	ldd	r24, Y+1	; 0x01
    25fa:	9a 81       	ldd	r25, Y+2	; 0x02
    25fc:	fc 01       	movw	r30, r24
    25fe:	86 a1       	ldd	r24, Z+38	; 0x26
    2600:	97 a1       	ldd	r25, Z+39	; 0x27
    2602:	a0 a5       	ldd	r26, Z+40	; 0x28
    2604:	b1 a5       	ldd	r27, Z+41	; 0x29
    2606:	29 81       	ldd	r18, Y+1	; 0x01
    2608:	3a 81       	ldd	r19, Y+2	; 0x02
    260a:	f9 01       	movw	r30, r18
    260c:	26 85       	ldd	r18, Z+14	; 0x0e
    260e:	37 85       	ldd	r19, Z+15	; 0x0f
    2610:	ac 01       	movw	r20, r24
    2612:	bd 01       	movw	r22, r26
    2614:	c9 01       	movw	r24, r18
    2616:	0e 94 6d 05 	call	0xada	; 0xada <_ZN11LimitSwitch6updateEm>
			sw4->update(current_time);
    261a:	89 81       	ldd	r24, Y+1	; 0x01
    261c:	9a 81       	ldd	r25, Y+2	; 0x02
    261e:	fc 01       	movw	r30, r24
    2620:	86 a1       	ldd	r24, Z+38	; 0x26
    2622:	97 a1       	ldd	r25, Z+39	; 0x27
    2624:	a0 a5       	ldd	r26, Z+40	; 0x28
    2626:	b1 a5       	ldd	r27, Z+41	; 0x29
    2628:	29 81       	ldd	r18, Y+1	; 0x01
    262a:	3a 81       	ldd	r19, Y+2	; 0x02
    262c:	f9 01       	movw	r30, r18
    262e:	20 89       	ldd	r18, Z+16	; 0x10
    2630:	31 89       	ldd	r19, Z+17	; 0x11
    2632:	ac 01       	movw	r20, r24
    2634:	bd 01       	movw	r22, r26
    2636:	c9 01       	movw	r24, r18
    2638:	0e 94 6d 05 	call	0xada	; 0xada <_ZN11LimitSwitch6updateEm>
			sw5->update(current_time);
    263c:	89 81       	ldd	r24, Y+1	; 0x01
    263e:	9a 81       	ldd	r25, Y+2	; 0x02
    2640:	fc 01       	movw	r30, r24
    2642:	86 a1       	ldd	r24, Z+38	; 0x26
    2644:	97 a1       	ldd	r25, Z+39	; 0x27
    2646:	a0 a5       	ldd	r26, Z+40	; 0x28
    2648:	b1 a5       	ldd	r27, Z+41	; 0x29
    264a:	29 81       	ldd	r18, Y+1	; 0x01
    264c:	3a 81       	ldd	r19, Y+2	; 0x02
    264e:	f9 01       	movw	r30, r18
    2650:	22 89       	ldd	r18, Z+18	; 0x12
    2652:	33 89       	ldd	r19, Z+19	; 0x13
    2654:	ac 01       	movw	r20, r24
    2656:	bd 01       	movw	r22, r26
    2658:	c9 01       	movw	r24, r18
    265a:	0e 94 6d 05 	call	0xada	; 0xada <_ZN11LimitSwitch6updateEm>
			sw6->update(current_time);
    265e:	89 81       	ldd	r24, Y+1	; 0x01
    2660:	9a 81       	ldd	r25, Y+2	; 0x02
    2662:	fc 01       	movw	r30, r24
    2664:	86 a1       	ldd	r24, Z+38	; 0x26
    2666:	97 a1       	ldd	r25, Z+39	; 0x27
    2668:	a0 a5       	ldd	r26, Z+40	; 0x28
    266a:	b1 a5       	ldd	r27, Z+41	; 0x29
    266c:	29 81       	ldd	r18, Y+1	; 0x01
    266e:	3a 81       	ldd	r19, Y+2	; 0x02
    2670:	f9 01       	movw	r30, r18
    2672:	24 89       	ldd	r18, Z+20	; 0x14
    2674:	35 89       	ldd	r19, Z+21	; 0x15
    2676:	ac 01       	movw	r20, r24
    2678:	bd 01       	movw	r22, r26
    267a:	c9 01       	movw	r24, r18
    267c:	0e 94 09 11 	call	0x2212	; 0x2212 <_ZN10SwitchUser6updateEm>
			
			m1->update(current_time);
    2680:	89 81       	ldd	r24, Y+1	; 0x01
    2682:	9a 81       	ldd	r25, Y+2	; 0x02
    2684:	fc 01       	movw	r30, r24
    2686:	86 a1       	ldd	r24, Z+38	; 0x26
    2688:	97 a1       	ldd	r25, Z+39	; 0x27
    268a:	a0 a5       	ldd	r26, Z+40	; 0x28
    268c:	b1 a5       	ldd	r27, Z+41	; 0x29
    268e:	29 81       	ldd	r18, Y+1	; 0x01
    2690:	3a 81       	ldd	r19, Y+2	; 0x02
    2692:	f9 01       	movw	r30, r18
    2694:	20 81       	ld	r18, Z
    2696:	31 81       	ldd	r19, Z+1	; 0x01
    2698:	ac 01       	movw	r20, r24
    269a:	bd 01       	movw	r22, r26
    269c:	c9 01       	movw	r24, r18
    269e:	0e 94 06 08 	call	0x100c	; 0x100c <_ZN5Motor6updateEm>
			m2->update(current_time);
    26a2:	89 81       	ldd	r24, Y+1	; 0x01
    26a4:	9a 81       	ldd	r25, Y+2	; 0x02
    26a6:	fc 01       	movw	r30, r24
    26a8:	86 a1       	ldd	r24, Z+38	; 0x26
    26aa:	97 a1       	ldd	r25, Z+39	; 0x27
    26ac:	a0 a5       	ldd	r26, Z+40	; 0x28
    26ae:	b1 a5       	ldd	r27, Z+41	; 0x29
    26b0:	29 81       	ldd	r18, Y+1	; 0x01
    26b2:	3a 81       	ldd	r19, Y+2	; 0x02
    26b4:	f9 01       	movw	r30, r18
    26b6:	22 81       	ldd	r18, Z+2	; 0x02
    26b8:	33 81       	ldd	r19, Z+3	; 0x03
    26ba:	ac 01       	movw	r20, r24
    26bc:	bd 01       	movw	r22, r26
    26be:	c9 01       	movw	r24, r18
    26c0:	0e 94 b6 0c 	call	0x196c	; 0x196c <_ZN6Motor26updateEm>
			m3->update(current_time);
    26c4:	89 81       	ldd	r24, Y+1	; 0x01
    26c6:	9a 81       	ldd	r25, Y+2	; 0x02
    26c8:	fc 01       	movw	r30, r24
    26ca:	86 a1       	ldd	r24, Z+38	; 0x26
    26cc:	97 a1       	ldd	r25, Z+39	; 0x27
    26ce:	a0 a5       	ldd	r26, Z+40	; 0x28
    26d0:	b1 a5       	ldd	r27, Z+41	; 0x29
    26d2:	29 81       	ldd	r18, Y+1	; 0x01
    26d4:	3a 81       	ldd	r19, Y+2	; 0x02
    26d6:	f9 01       	movw	r30, r18
    26d8:	24 81       	ldd	r18, Z+4	; 0x04
    26da:	35 81       	ldd	r19, Z+5	; 0x05
    26dc:	ac 01       	movw	r20, r24
    26de:	bd 01       	movw	r22, r26
    26e0:	c9 01       	movw	r24, r18
    26e2:	0e 94 06 08 	call	0x100c	; 0x100c <_ZN5Motor6updateEm>
			m4->update(current_time);
    26e6:	89 81       	ldd	r24, Y+1	; 0x01
    26e8:	9a 81       	ldd	r25, Y+2	; 0x02
    26ea:	fc 01       	movw	r30, r24
    26ec:	86 a1       	ldd	r24, Z+38	; 0x26
    26ee:	97 a1       	ldd	r25, Z+39	; 0x27
    26f0:	a0 a5       	ldd	r26, Z+40	; 0x28
    26f2:	b1 a5       	ldd	r27, Z+41	; 0x29
    26f4:	29 81       	ldd	r18, Y+1	; 0x01
    26f6:	3a 81       	ldd	r19, Y+2	; 0x02
    26f8:	f9 01       	movw	r30, r18
    26fa:	26 81       	ldd	r18, Z+6	; 0x06
    26fc:	37 81       	ldd	r19, Z+7	; 0x07
    26fe:	ac 01       	movw	r20, r24
    2700:	bd 01       	movw	r22, r26
    2702:	c9 01       	movw	r24, r18
    2704:	0e 94 06 08 	call	0x100c	; 0x100c <_ZN5Motor6updateEm>
			m5->update(current_time);
    2708:	89 81       	ldd	r24, Y+1	; 0x01
    270a:	9a 81       	ldd	r25, Y+2	; 0x02
    270c:	fc 01       	movw	r30, r24
    270e:	86 a1       	ldd	r24, Z+38	; 0x26
    2710:	97 a1       	ldd	r25, Z+39	; 0x27
    2712:	a0 a5       	ldd	r26, Z+40	; 0x28
    2714:	b1 a5       	ldd	r27, Z+41	; 0x29
    2716:	29 81       	ldd	r18, Y+1	; 0x01
    2718:	3a 81       	ldd	r19, Y+2	; 0x02
    271a:	f9 01       	movw	r30, r18
    271c:	20 85       	ldd	r18, Z+8	; 0x08
    271e:	31 85       	ldd	r19, Z+9	; 0x09
    2720:	ac 01       	movw	r20, r24
    2722:	bd 01       	movw	r22, r26
    2724:	c9 01       	movw	r24, r18
    2726:	0e 94 06 08 	call	0x100c	; 0x100c <_ZN5Motor6updateEm>
			
			led->update(current_time, is_last_turn);
    272a:	89 81       	ldd	r24, Y+1	; 0x01
    272c:	9a 81       	ldd	r25, Y+2	; 0x02
    272e:	fc 01       	movw	r30, r24
    2730:	47 8d       	ldd	r20, Z+31	; 0x1f
    2732:	89 81       	ldd	r24, Y+1	; 0x01
    2734:	9a 81       	ldd	r25, Y+2	; 0x02
    2736:	fc 01       	movw	r30, r24
    2738:	86 a1       	ldd	r24, Z+38	; 0x26
    273a:	97 a1       	ldd	r25, Z+39	; 0x27
    273c:	a0 a5       	ldd	r26, Z+40	; 0x28
    273e:	b1 a5       	ldd	r27, Z+41	; 0x29
    2740:	29 81       	ldd	r18, Y+1	; 0x01
    2742:	3a 81       	ldd	r19, Y+2	; 0x02
    2744:	f9 01       	movw	r30, r18
    2746:	06 88       	ldd	r0, Z+22	; 0x16
    2748:	f7 89       	ldd	r31, Z+23	; 0x17
    274a:	e0 2d       	mov	r30, r0
    274c:	fc 83       	std	Y+4, r31	; 0x04
    274e:	eb 83       	std	Y+3, r30	; 0x03
    2750:	24 2f       	mov	r18, r20
    2752:	ac 01       	movw	r20, r24
    2754:	bd 01       	movw	r22, r26
    2756:	8b 81       	ldd	r24, Y+3	; 0x03
    2758:	9c 81       	ldd	r25, Y+4	; 0x04
    275a:	0e 94 73 04 	call	0x8e6	; 0x8e6 <_ZN3Led6updateEmb>
			display->update(current_time, !game_running);
    275e:	89 81       	ldd	r24, Y+1	; 0x01
    2760:	9a 81       	ldd	r25, Y+2	; 0x02
    2762:	fc 01       	movw	r30, r24
    2764:	90 a1       	ldd	r25, Z+32	; 0x20
    2766:	81 e0       	ldi	r24, 0x01	; 1
    2768:	49 2f       	mov	r20, r25
    276a:	48 27       	eor	r20, r24
    276c:	89 81       	ldd	r24, Y+1	; 0x01
    276e:	9a 81       	ldd	r25, Y+2	; 0x02
    2770:	fc 01       	movw	r30, r24
    2772:	86 a1       	ldd	r24, Z+38	; 0x26
    2774:	97 a1       	ldd	r25, Z+39	; 0x27
    2776:	a0 a5       	ldd	r26, Z+40	; 0x28
    2778:	b1 a5       	ldd	r27, Z+41	; 0x29
    277a:	29 81       	ldd	r18, Y+1	; 0x01
    277c:	3a 81       	ldd	r19, Y+2	; 0x02
    277e:	f9 01       	movw	r30, r18
    2780:	00 8c       	ldd	r0, Z+24	; 0x18
    2782:	f1 8d       	ldd	r31, Z+25	; 0x19
    2784:	e0 2d       	mov	r30, r0
    2786:	fc 83       	std	Y+4, r31	; 0x04
    2788:	eb 83       	std	Y+3, r30	; 0x03
    278a:	24 2f       	mov	r18, r20
    278c:	ac 01       	movw	r20, r24
    278e:	bd 01       	movw	r22, r26
    2790:	8b 81       	ldd	r24, Y+3	; 0x03
    2792:	9c 81       	ldd	r25, Y+4	; 0x04
    2794:	0e 94 2f 03 	call	0x65e	; 0x65e <_ZN7Display6updateEmb>
			pinsManager->update(current_time);
    2798:	89 81       	ldd	r24, Y+1	; 0x01
    279a:	9a 81       	ldd	r25, Y+2	; 0x02
    279c:	fc 01       	movw	r30, r24
    279e:	86 a1       	ldd	r24, Z+38	; 0x26
    27a0:	97 a1       	ldd	r25, Z+39	; 0x27
    27a2:	a0 a5       	ldd	r26, Z+40	; 0x28
    27a4:	b1 a5       	ldd	r27, Z+41	; 0x29
    27a6:	29 81       	ldd	r18, Y+1	; 0x01
    27a8:	3a 81       	ldd	r19, Y+2	; 0x02
    27aa:	f9 01       	movw	r30, r18
    27ac:	22 8d       	ldd	r18, Z+26	; 0x1a
    27ae:	33 8d       	ldd	r19, Z+27	; 0x1b
    27b0:	ac 01       	movw	r20, r24
    27b2:	bd 01       	movw	r22, r26
    27b4:	c9 01       	movw	r24, r18
    27b6:	0e 94 04 0f 	call	0x1e08	; 0x1e08 <_ZN11PinsManager6updateEm>
			
			if(game_running && ((current_time-game_start_time) >= 30000)) {
    27ba:	89 81       	ldd	r24, Y+1	; 0x01
    27bc:	9a 81       	ldd	r25, Y+2	; 0x02
    27be:	fc 01       	movw	r30, r24
    27c0:	80 a1       	ldd	r24, Z+32	; 0x20
    27c2:	88 23       	and	r24, r24
    27c4:	01 f1       	breq	.+64     	; 0x2806 <_ZN6Status14update_sensorsEv+0x28a>
    27c6:	89 81       	ldd	r24, Y+1	; 0x01
    27c8:	9a 81       	ldd	r25, Y+2	; 0x02
    27ca:	fc 01       	movw	r30, r24
    27cc:	26 a1       	ldd	r18, Z+38	; 0x26
    27ce:	37 a1       	ldd	r19, Z+39	; 0x27
    27d0:	40 a5       	ldd	r20, Z+40	; 0x28
    27d2:	51 a5       	ldd	r21, Z+41	; 0x29
    27d4:	89 81       	ldd	r24, Y+1	; 0x01
    27d6:	9a 81       	ldd	r25, Y+2	; 0x02
    27d8:	fc 01       	movw	r30, r24
    27da:	82 a1       	ldd	r24, Z+34	; 0x22
    27dc:	93 a1       	ldd	r25, Z+35	; 0x23
    27de:	a4 a1       	ldd	r26, Z+36	; 0x24
    27e0:	b5 a1       	ldd	r27, Z+37	; 0x25
    27e2:	79 01       	movw	r14, r18
    27e4:	8a 01       	movw	r16, r20
    27e6:	e8 1a       	sub	r14, r24
    27e8:	f9 0a       	sbc	r15, r25
    27ea:	0a 0b       	sbc	r16, r26
    27ec:	1b 0b       	sbc	r17, r27
    27ee:	d8 01       	movw	r26, r16
    27f0:	c7 01       	movw	r24, r14
    27f2:	80 33       	cpi	r24, 0x30	; 48
    27f4:	95 47       	sbci	r25, 0x75	; 117
    27f6:	a1 05       	cpc	r26, r1
    27f8:	b1 05       	cpc	r27, r1
    27fa:	28 f0       	brcs	.+10     	; 0x2806 <_ZN6Status14update_sensorsEv+0x28a>
				is_last_turn = true;
    27fc:	89 81       	ldd	r24, Y+1	; 0x01
    27fe:	9a 81       	ldd	r25, Y+2	; 0x02
    2800:	21 e0       	ldi	r18, 0x01	; 1
    2802:	fc 01       	movw	r30, r24
    2804:	27 8f       	std	Z+31, r18	; 0x1f
			}
		}
    2806:	00 00       	nop
    2808:	0f 90       	pop	r0
    280a:	0f 90       	pop	r0
    280c:	0f 90       	pop	r0
    280e:	0f 90       	pop	r0
    2810:	df 91       	pop	r29
    2812:	cf 91       	pop	r28
    2814:	1f 91       	pop	r17
    2816:	0f 91       	pop	r16
    2818:	ff 90       	pop	r15
    281a:	ef 90       	pop	r14
    281c:	08 95       	ret

0000281e <_ZN15StateActionBaseC1EP6Status>:

class StateActionBase {
	protected:
		Status* status;
	public:
		explicit StateActionBase(Status* s): status(s) {}
    281e:	cf 93       	push	r28
    2820:	df 93       	push	r29
    2822:	00 d0       	rcall	.+0      	; 0x2824 <_ZN15StateActionBaseC1EP6Status+0x6>
    2824:	00 d0       	rcall	.+0      	; 0x2826 <_ZN15StateActionBaseC1EP6Status+0x8>
    2826:	cd b7       	in	r28, 0x3d	; 61
    2828:	de b7       	in	r29, 0x3e	; 62
    282a:	9a 83       	std	Y+2, r25	; 0x02
    282c:	89 83       	std	Y+1, r24	; 0x01
    282e:	7c 83       	std	Y+4, r23	; 0x04
    2830:	6b 83       	std	Y+3, r22	; 0x03
    2832:	25 e8       	ldi	r18, 0x85	; 133
    2834:	32 e0       	ldi	r19, 0x02	; 2
    2836:	89 81       	ldd	r24, Y+1	; 0x01
    2838:	9a 81       	ldd	r25, Y+2	; 0x02
    283a:	fc 01       	movw	r30, r24
    283c:	31 83       	std	Z+1, r19	; 0x01
    283e:	20 83       	st	Z, r18
    2840:	89 81       	ldd	r24, Y+1	; 0x01
    2842:	9a 81       	ldd	r25, Y+2	; 0x02
    2844:	2b 81       	ldd	r18, Y+3	; 0x03
    2846:	3c 81       	ldd	r19, Y+4	; 0x04
    2848:	fc 01       	movw	r30, r24
    284a:	33 83       	std	Z+3, r19	; 0x03
    284c:	22 83       	std	Z+2, r18	; 0x02
    284e:	00 00       	nop
    2850:	0f 90       	pop	r0
    2852:	0f 90       	pop	r0
    2854:	0f 90       	pop	r0
    2856:	0f 90       	pop	r0
    2858:	df 91       	pop	r29
    285a:	cf 91       	pop	r28
    285c:	08 95       	ret

0000285e <_ZN15StateActionBase17check_transitionsEv>:
		~StateActionBase() = default;
		
		virtual States check_transitions() { return States::NO_CHANGE; };
    285e:	cf 93       	push	r28
    2860:	df 93       	push	r29
    2862:	00 d0       	rcall	.+0      	; 0x2864 <_ZN15StateActionBase17check_transitionsEv+0x6>
    2864:	cd b7       	in	r28, 0x3d	; 61
    2866:	de b7       	in	r29, 0x3e	; 62
    2868:	9a 83       	std	Y+2, r25	; 0x02
    286a:	89 83       	std	Y+1, r24	; 0x01
    286c:	8f ef       	ldi	r24, 0xFF	; 255
    286e:	0f 90       	pop	r0
    2870:	0f 90       	pop	r0
    2872:	df 91       	pop	r29
    2874:	cf 91       	pop	r28
    2876:	08 95       	ret

00002878 <_ZN15StateActionBase5entryEv>:
		
		virtual void entry() {};
    2878:	cf 93       	push	r28
    287a:	df 93       	push	r29
    287c:	00 d0       	rcall	.+0      	; 0x287e <_ZN15StateActionBase5entryEv+0x6>
    287e:	cd b7       	in	r28, 0x3d	; 61
    2880:	de b7       	in	r29, 0x3e	; 62
    2882:	9a 83       	std	Y+2, r25	; 0x02
    2884:	89 83       	std	Y+1, r24	; 0x01
    2886:	00 00       	nop
    2888:	0f 90       	pop	r0
    288a:	0f 90       	pop	r0
    288c:	df 91       	pop	r29
    288e:	cf 91       	pop	r28
    2890:	08 95       	ret

00002892 <_ZN15StateActionBase3runEv>:
		virtual void run()	 {};
    2892:	cf 93       	push	r28
    2894:	df 93       	push	r29
    2896:	00 d0       	rcall	.+0      	; 0x2898 <_ZN15StateActionBase3runEv+0x6>
    2898:	cd b7       	in	r28, 0x3d	; 61
    289a:	de b7       	in	r29, 0x3e	; 62
    289c:	9a 83       	std	Y+2, r25	; 0x02
    289e:	89 83       	std	Y+1, r24	; 0x01
    28a0:	00 00       	nop
    28a2:	0f 90       	pop	r0
    28a4:	0f 90       	pop	r0
    28a6:	df 91       	pop	r29
    28a8:	cf 91       	pop	r28
    28aa:	08 95       	ret

000028ac <_ZN15StateActionBase4exitEv>:
		virtual void exit()  {};
    28ac:	cf 93       	push	r28
    28ae:	df 93       	push	r29
    28b0:	00 d0       	rcall	.+0      	; 0x28b2 <_ZN15StateActionBase4exitEv+0x6>
    28b2:	cd b7       	in	r28, 0x3d	; 61
    28b4:	de b7       	in	r29, 0x3e	; 62
    28b6:	9a 83       	std	Y+2, r25	; 0x02
    28b8:	89 83       	std	Y+1, r24	; 0x01
    28ba:	00 00       	nop
    28bc:	0f 90       	pop	r0
    28be:	0f 90       	pop	r0
    28c0:	df 91       	pop	r29
    28c2:	cf 91       	pop	r28
    28c4:	08 95       	ret

000028c6 <_ZN9InitStateC1EP6Status>:
/*		       INIT			    */
/* ============================ */

class InitState : public StateActionBase {
	public:
	explicit InitState(Status* s) : StateActionBase(s) {}
    28c6:	cf 93       	push	r28
    28c8:	df 93       	push	r29
    28ca:	00 d0       	rcall	.+0      	; 0x28cc <_ZN9InitStateC1EP6Status+0x6>
    28cc:	00 d0       	rcall	.+0      	; 0x28ce <_ZN9InitStateC1EP6Status+0x8>
    28ce:	cd b7       	in	r28, 0x3d	; 61
    28d0:	de b7       	in	r29, 0x3e	; 62
    28d2:	9a 83       	std	Y+2, r25	; 0x02
    28d4:	89 83       	std	Y+1, r24	; 0x01
    28d6:	7c 83       	std	Y+4, r23	; 0x04
    28d8:	6b 83       	std	Y+3, r22	; 0x03
    28da:	89 81       	ldd	r24, Y+1	; 0x01
    28dc:	9a 81       	ldd	r25, Y+2	; 0x02
    28de:	2b 81       	ldd	r18, Y+3	; 0x03
    28e0:	3c 81       	ldd	r19, Y+4	; 0x04
    28e2:	b9 01       	movw	r22, r18
    28e4:	0e 94 0f 14 	call	0x281e	; 0x281e <_ZN15StateActionBaseC1EP6Status>
    28e8:	29 e7       	ldi	r18, 0x79	; 121
    28ea:	32 e0       	ldi	r19, 0x02	; 2
    28ec:	89 81       	ldd	r24, Y+1	; 0x01
    28ee:	9a 81       	ldd	r25, Y+2	; 0x02
    28f0:	fc 01       	movw	r30, r24
    28f2:	31 83       	std	Z+1, r19	; 0x01
    28f4:	20 83       	st	Z, r18
    28f6:	00 00       	nop
    28f8:	0f 90       	pop	r0
    28fa:	0f 90       	pop	r0
    28fc:	0f 90       	pop	r0
    28fe:	0f 90       	pop	r0
    2900:	df 91       	pop	r29
    2902:	cf 91       	pop	r28
    2904:	08 95       	ret

00002906 <_ZN9InitState5entryEv>:
		
	void entry() override {
    2906:	cf 93       	push	r28
    2908:	df 93       	push	r29
    290a:	00 d0       	rcall	.+0      	; 0x290c <_ZN9InitState5entryEv+0x6>
    290c:	cd b7       	in	r28, 0x3d	; 61
    290e:	de b7       	in	r29, 0x3e	; 62
    2910:	9a 83       	std	Y+2, r25	; 0x02
    2912:	89 83       	std	Y+1, r24	; 0x01
		UCSR0B = 0;
    2914:	81 ec       	ldi	r24, 0xC1	; 193
    2916:	90 e0       	ldi	r25, 0x00	; 0
    2918:	fc 01       	movw	r30, r24
    291a:	10 82       	st	Z, r1
		
		// --- CONFIGURACIÓN DE PINES PWM COMO SALIDAS ---
		DDRB |= (1 << PB4) | (1 << PB5) | (1 << PB6) | (1 << PB7);
    291c:	84 e2       	ldi	r24, 0x24	; 36
    291e:	90 e0       	ldi	r25, 0x00	; 0
    2920:	24 e2       	ldi	r18, 0x24	; 36
    2922:	30 e0       	ldi	r19, 0x00	; 0
    2924:	f9 01       	movw	r30, r18
    2926:	20 81       	ld	r18, Z
    2928:	20 6f       	ori	r18, 0xF0	; 240
    292a:	fc 01       	movw	r30, r24
    292c:	20 83       	st	Z, r18
		DDRL |= (1 << PL3);
    292e:	8a e0       	ldi	r24, 0x0A	; 10
    2930:	91 e0       	ldi	r25, 0x01	; 1
    2932:	2a e0       	ldi	r18, 0x0A	; 10
    2934:	31 e0       	ldi	r19, 0x01	; 1
    2936:	f9 01       	movw	r30, r18
    2938:	20 81       	ld	r18, Z
    293a:	28 60       	ori	r18, 0x08	; 8
    293c:	fc 01       	movw	r30, r24
    293e:	20 83       	st	Z, r18

		// --- CONFIGURACIÓN DE TIMERS ---
		// NOTA: Usamos '=' para limpiar la configuración previa del bootloader.

		// Timer 0 (M4 - OCR0A)
		TCCR0A = (1 << COM0A1) | (1 << WGM01) | (1 << WGM00);	// Fast PWM
    2940:	84 e4       	ldi	r24, 0x44	; 68
    2942:	90 e0       	ldi	r25, 0x00	; 0
    2944:	23 e8       	ldi	r18, 0x83	; 131
    2946:	fc 01       	movw	r30, r24
    2948:	20 83       	st	Z, r18
		TCCR0B = (1 << CS01) | (1 << CS00);
    294a:	85 e4       	ldi	r24, 0x45	; 69
    294c:	90 e0       	ldi	r25, 0x00	; 0
    294e:	23 e0       	ldi	r18, 0x03	; 3
    2950:	fc 01       	movw	r30, r24
    2952:	20 83       	st	Z, r18

		// Timer 1 (M2 - OCR1A, M3 - OCR1B)
		TCCR1A = (1 << COM1A1) | (1 << COM1B1) | (1 << WGM10);  // Fast PWM (8 bit)
    2954:	80 e8       	ldi	r24, 0x80	; 128
    2956:	90 e0       	ldi	r25, 0x00	; 0
    2958:	21 ea       	ldi	r18, 0xA1	; 161
    295a:	fc 01       	movw	r30, r24
    295c:	20 83       	st	Z, r18
		TCCR1B = (1 << WGM12) | (1 << CS11) | (1 << CS10);		// Prescaler 64
    295e:	81 e8       	ldi	r24, 0x81	; 129
    2960:	90 e0       	ldi	r25, 0x00	; 0
    2962:	2b e0       	ldi	r18, 0x0B	; 11
    2964:	fc 01       	movw	r30, r24
    2966:	20 83       	st	Z, r18
		OCR1AH = 0;	OCR1AL = 0;
    2968:	89 e8       	ldi	r24, 0x89	; 137
    296a:	90 e0       	ldi	r25, 0x00	; 0
    296c:	fc 01       	movw	r30, r24
    296e:	10 82       	st	Z, r1
    2970:	88 e8       	ldi	r24, 0x88	; 136
    2972:	90 e0       	ldi	r25, 0x00	; 0
    2974:	fc 01       	movw	r30, r24
    2976:	10 82       	st	Z, r1
		OCR1BH = 0;	OCR1BL = 0;
    2978:	8b e8       	ldi	r24, 0x8B	; 139
    297a:	90 e0       	ldi	r25, 0x00	; 0
    297c:	fc 01       	movw	r30, r24
    297e:	10 82       	st	Z, r1
    2980:	8a e8       	ldi	r24, 0x8A	; 138
    2982:	90 e0       	ldi	r25, 0x00	; 0
    2984:	fc 01       	movw	r30, r24
    2986:	10 82       	st	Z, r1

		// Timer 2 (M1 - OCR2A)
		TCCR2A = (1 << COM2A1) | (1 << WGM21) | (1 << WGM20);	// Fast PWM
    2988:	80 eb       	ldi	r24, 0xB0	; 176
    298a:	90 e0       	ldi	r25, 0x00	; 0
    298c:	23 e8       	ldi	r18, 0x83	; 131
    298e:	fc 01       	movw	r30, r24
    2990:	20 83       	st	Z, r18
		TCCR2B = (1 << CS22);									// Prescaler 64
    2992:	81 eb       	ldi	r24, 0xB1	; 177
    2994:	90 e0       	ldi	r25, 0x00	; 0
    2996:	24 e0       	ldi	r18, 0x04	; 4
    2998:	fc 01       	movw	r30, r24
    299a:	20 83       	st	Z, r18

		// Timer 5 (M5 - OCR5AL)
		TCCR5A = (1 << COM5A1) | (1 << WGM50);					// Fast PWM (8 bit)
    299c:	80 e2       	ldi	r24, 0x20	; 32
    299e:	91 e0       	ldi	r25, 0x01	; 1
    29a0:	21 e8       	ldi	r18, 0x81	; 129
    29a2:	fc 01       	movw	r30, r24
    29a4:	20 83       	st	Z, r18
		TCCR5B = (1 << WGM52) | (1 << CS51) | (1 << CS50);		// Prescaler 64
    29a6:	81 e2       	ldi	r24, 0x21	; 33
    29a8:	91 e0       	ldi	r25, 0x01	; 1
    29aa:	2b e0       	ldi	r18, 0x0B	; 11
    29ac:	fc 01       	movw	r30, r24
    29ae:	20 83       	st	Z, r18
		OCR5AH = 0; OCR5AL = 0;
    29b0:	89 e2       	ldi	r24, 0x29	; 41
    29b2:	91 e0       	ldi	r25, 0x01	; 1
    29b4:	fc 01       	movw	r30, r24
    29b6:	10 82       	st	Z, r1
    29b8:	88 e2       	ldi	r24, 0x28	; 40
    29ba:	91 e0       	ldi	r25, 0x01	; 1
    29bc:	fc 01       	movw	r30, r24
    29be:	10 82       	st	Z, r1
		
		// Inicializacion de Clases
		status->sw1->init(); status->sw2->init(); status->sw3->init(); status->sw4->init(); status->sw5->init(); status->sw6->init();
    29c0:	89 81       	ldd	r24, Y+1	; 0x01
    29c2:	9a 81       	ldd	r25, Y+2	; 0x02
    29c4:	fc 01       	movw	r30, r24
    29c6:	82 81       	ldd	r24, Z+2	; 0x02
    29c8:	93 81       	ldd	r25, Z+3	; 0x03
    29ca:	fc 01       	movw	r30, r24
    29cc:	82 85       	ldd	r24, Z+10	; 0x0a
    29ce:	93 85       	ldd	r25, Z+11	; 0x0b
    29d0:	0e 94 38 05 	call	0xa70	; 0xa70 <_ZN11LimitSwitch4initEv>
    29d4:	89 81       	ldd	r24, Y+1	; 0x01
    29d6:	9a 81       	ldd	r25, Y+2	; 0x02
    29d8:	fc 01       	movw	r30, r24
    29da:	82 81       	ldd	r24, Z+2	; 0x02
    29dc:	93 81       	ldd	r25, Z+3	; 0x03
    29de:	fc 01       	movw	r30, r24
    29e0:	84 85       	ldd	r24, Z+12	; 0x0c
    29e2:	95 85       	ldd	r25, Z+13	; 0x0d
    29e4:	0e 94 19 09 	call	0x1232	; 0x1232 <_ZN12LimitSwitch34initEv>
    29e8:	89 81       	ldd	r24, Y+1	; 0x01
    29ea:	9a 81       	ldd	r25, Y+2	; 0x02
    29ec:	fc 01       	movw	r30, r24
    29ee:	82 81       	ldd	r24, Z+2	; 0x02
    29f0:	93 81       	ldd	r25, Z+3	; 0x03
    29f2:	fc 01       	movw	r30, r24
    29f4:	86 85       	ldd	r24, Z+14	; 0x0e
    29f6:	97 85       	ldd	r25, Z+15	; 0x0f
    29f8:	0e 94 38 05 	call	0xa70	; 0xa70 <_ZN11LimitSwitch4initEv>
    29fc:	89 81       	ldd	r24, Y+1	; 0x01
    29fe:	9a 81       	ldd	r25, Y+2	; 0x02
    2a00:	fc 01       	movw	r30, r24
    2a02:	82 81       	ldd	r24, Z+2	; 0x02
    2a04:	93 81       	ldd	r25, Z+3	; 0x03
    2a06:	fc 01       	movw	r30, r24
    2a08:	80 89       	ldd	r24, Z+16	; 0x10
    2a0a:	91 89       	ldd	r25, Z+17	; 0x11
    2a0c:	0e 94 38 05 	call	0xa70	; 0xa70 <_ZN11LimitSwitch4initEv>
    2a10:	89 81       	ldd	r24, Y+1	; 0x01
    2a12:	9a 81       	ldd	r25, Y+2	; 0x02
    2a14:	fc 01       	movw	r30, r24
    2a16:	82 81       	ldd	r24, Z+2	; 0x02
    2a18:	93 81       	ldd	r25, Z+3	; 0x03
    2a1a:	fc 01       	movw	r30, r24
    2a1c:	82 89       	ldd	r24, Z+18	; 0x12
    2a1e:	93 89       	ldd	r25, Z+19	; 0x13
    2a20:	0e 94 38 05 	call	0xa70	; 0xa70 <_ZN11LimitSwitch4initEv>
    2a24:	89 81       	ldd	r24, Y+1	; 0x01
    2a26:	9a 81       	ldd	r25, Y+2	; 0x02
    2a28:	fc 01       	movw	r30, r24
    2a2a:	82 81       	ldd	r24, Z+2	; 0x02
    2a2c:	93 81       	ldd	r25, Z+3	; 0x03
    2a2e:	fc 01       	movw	r30, r24
    2a30:	84 89       	ldd	r24, Z+20	; 0x14
    2a32:	95 89       	ldd	r25, Z+21	; 0x15
    2a34:	0e 94 d4 10 	call	0x21a8	; 0x21a8 <_ZN10SwitchUser4initEv>
		status->m1->init();  status->m2->init();  status->m3->init();  status->m4->init();  status->m5->init();
    2a38:	89 81       	ldd	r24, Y+1	; 0x01
    2a3a:	9a 81       	ldd	r25, Y+2	; 0x02
    2a3c:	fc 01       	movw	r30, r24
    2a3e:	82 81       	ldd	r24, Z+2	; 0x02
    2a40:	93 81       	ldd	r25, Z+3	; 0x03
    2a42:	fc 01       	movw	r30, r24
    2a44:	80 81       	ld	r24, Z
    2a46:	91 81       	ldd	r25, Z+1	; 0x01
    2a48:	0e 94 d6 06 	call	0xdac	; 0xdac <_ZN5Motor4initEv>
    2a4c:	89 81       	ldd	r24, Y+1	; 0x01
    2a4e:	9a 81       	ldd	r25, Y+2	; 0x02
    2a50:	fc 01       	movw	r30, r24
    2a52:	82 81       	ldd	r24, Z+2	; 0x02
    2a54:	93 81       	ldd	r25, Z+3	; 0x03
    2a56:	fc 01       	movw	r30, r24
    2a58:	82 81       	ldd	r24, Z+2	; 0x02
    2a5a:	93 81       	ldd	r25, Z+3	; 0x03
    2a5c:	0e 94 10 0b 	call	0x1620	; 0x1620 <_ZN6Motor24initEv>
    2a60:	89 81       	ldd	r24, Y+1	; 0x01
    2a62:	9a 81       	ldd	r25, Y+2	; 0x02
    2a64:	fc 01       	movw	r30, r24
    2a66:	82 81       	ldd	r24, Z+2	; 0x02
    2a68:	93 81       	ldd	r25, Z+3	; 0x03
    2a6a:	fc 01       	movw	r30, r24
    2a6c:	84 81       	ldd	r24, Z+4	; 0x04
    2a6e:	95 81       	ldd	r25, Z+5	; 0x05
    2a70:	0e 94 d6 06 	call	0xdac	; 0xdac <_ZN5Motor4initEv>
    2a74:	89 81       	ldd	r24, Y+1	; 0x01
    2a76:	9a 81       	ldd	r25, Y+2	; 0x02
    2a78:	fc 01       	movw	r30, r24
    2a7a:	82 81       	ldd	r24, Z+2	; 0x02
    2a7c:	93 81       	ldd	r25, Z+3	; 0x03
    2a7e:	fc 01       	movw	r30, r24
    2a80:	86 81       	ldd	r24, Z+6	; 0x06
    2a82:	97 81       	ldd	r25, Z+7	; 0x07
    2a84:	0e 94 d6 06 	call	0xdac	; 0xdac <_ZN5Motor4initEv>
    2a88:	89 81       	ldd	r24, Y+1	; 0x01
    2a8a:	9a 81       	ldd	r25, Y+2	; 0x02
    2a8c:	fc 01       	movw	r30, r24
    2a8e:	82 81       	ldd	r24, Z+2	; 0x02
    2a90:	93 81       	ldd	r25, Z+3	; 0x03
    2a92:	fc 01       	movw	r30, r24
    2a94:	80 85       	ldd	r24, Z+8	; 0x08
    2a96:	91 85       	ldd	r25, Z+9	; 0x09
    2a98:	0e 94 d6 06 	call	0xdac	; 0xdac <_ZN5Motor4initEv>
		status->led->init();
    2a9c:	89 81       	ldd	r24, Y+1	; 0x01
    2a9e:	9a 81       	ldd	r25, Y+2	; 0x02
    2aa0:	fc 01       	movw	r30, r24
    2aa2:	82 81       	ldd	r24, Z+2	; 0x02
    2aa4:	93 81       	ldd	r25, Z+3	; 0x03
    2aa6:	fc 01       	movw	r30, r24
    2aa8:	86 89       	ldd	r24, Z+22	; 0x16
    2aaa:	97 89       	ldd	r25, Z+23	; 0x17
    2aac:	0e 94 d3 03 	call	0x7a6	; 0x7a6 <_ZN3Led4initEv>
		status->display->init();
    2ab0:	89 81       	ldd	r24, Y+1	; 0x01
    2ab2:	9a 81       	ldd	r25, Y+2	; 0x02
    2ab4:	fc 01       	movw	r30, r24
    2ab6:	82 81       	ldd	r24, Z+2	; 0x02
    2ab8:	93 81       	ldd	r25, Z+3	; 0x03
    2aba:	fc 01       	movw	r30, r24
    2abc:	80 8d       	ldd	r24, Z+24	; 0x18
    2abe:	91 8d       	ldd	r25, Z+25	; 0x19
    2ac0:	0e 94 3a 01 	call	0x274	; 0x274 <_ZN7Display4initEv>
		status->pinsManager->init();
    2ac4:	89 81       	ldd	r24, Y+1	; 0x01
    2ac6:	9a 81       	ldd	r25, Y+2	; 0x02
    2ac8:	fc 01       	movw	r30, r24
    2aca:	82 81       	ldd	r24, Z+2	; 0x02
    2acc:	93 81       	ldd	r25, Z+3	; 0x03
    2ace:	fc 01       	movw	r30, r24
    2ad0:	82 8d       	ldd	r24, Z+26	; 0x1a
    2ad2:	93 8d       	ldd	r25, Z+27	; 0x1b
    2ad4:	0e 94 c1 0e 	call	0x1d82	; 0x1d82 <_ZN11PinsManager4initEv>
		status->timer->init();
    2ad8:	89 81       	ldd	r24, Y+1	; 0x01
    2ada:	9a 81       	ldd	r25, Y+2	; 0x02
    2adc:	fc 01       	movw	r30, r24
    2ade:	82 81       	ldd	r24, Z+2	; 0x02
    2ae0:	93 81       	ldd	r25, Z+3	; 0x03
    2ae2:	fc 01       	movw	r30, r24
    2ae4:	84 8d       	ldd	r24, Z+28	; 0x1c
    2ae6:	95 8d       	ldd	r25, Z+29	; 0x1d
    2ae8:	0e 94 d1 11 	call	0x23a2	; 0x23a2 <_ZN5Timer4initEv>
		
		status->m5->setEscapeTime(1600);
    2aec:	89 81       	ldd	r24, Y+1	; 0x01
    2aee:	9a 81       	ldd	r25, Y+2	; 0x02
    2af0:	fc 01       	movw	r30, r24
    2af2:	82 81       	ldd	r24, Z+2	; 0x02
    2af4:	93 81       	ldd	r25, Z+3	; 0x03
    2af6:	fc 01       	movw	r30, r24
    2af8:	80 85       	ldd	r24, Z+8	; 0x08
    2afa:	91 85       	ldd	r25, Z+9	; 0x09
    2afc:	40 e4       	ldi	r20, 0x40	; 64
    2afe:	56 e0       	ldi	r21, 0x06	; 6
    2b00:	60 e0       	ldi	r22, 0x00	; 0
    2b02:	70 e0       	ldi	r23, 0x00	; 0
    2b04:	0e 94 3a 07 	call	0xe74	; 0xe74 <_ZN5Motor13setEscapeTimeEm>
	}
    2b08:	00 00       	nop
    2b0a:	0f 90       	pop	r0
    2b0c:	0f 90       	pop	r0
    2b0e:	df 91       	pop	r29
    2b10:	cf 91       	pop	r28
    2b12:	08 95       	ret

00002b14 <_ZN9InitState17check_transitionsEv>:
		
	States check_transitions() override {
    2b14:	cf 93       	push	r28
    2b16:	df 93       	push	r29
    2b18:	00 d0       	rcall	.+0      	; 0x2b1a <_ZN9InitState17check_transitionsEv+0x6>
    2b1a:	cd b7       	in	r28, 0x3d	; 61
    2b1c:	de b7       	in	r29, 0x3e	; 62
    2b1e:	9a 83       	std	Y+2, r25	; 0x02
    2b20:	89 83       	std	Y+1, r24	; 0x01
		// Init pasa inmediatamente a calibracin
		return States::Calibration;
    2b22:	81 e0       	ldi	r24, 0x01	; 1
	}
    2b24:	0f 90       	pop	r0
    2b26:	0f 90       	pop	r0
    2b28:	df 91       	pop	r29
    2b2a:	cf 91       	pop	r28
    2b2c:	08 95       	ret

00002b2e <_ZN16CalibrationState8m1_at_upEv>:
	private:
	    bool m2_started = false;
        bool m3_started = false;

    // Helpers de legibilidad
		bool m1_at_up()   { return !status->m1->isMoving() && status->m1->isAt(M1_SIDE_UP); }
    2b2e:	cf 93       	push	r28
    2b30:	df 93       	push	r29
    2b32:	00 d0       	rcall	.+0      	; 0x2b34 <_ZN16CalibrationState8m1_at_upEv+0x6>
    2b34:	cd b7       	in	r28, 0x3d	; 61
    2b36:	de b7       	in	r29, 0x3e	; 62
    2b38:	9a 83       	std	Y+2, r25	; 0x02
    2b3a:	89 83       	std	Y+1, r24	; 0x01
    2b3c:	89 81       	ldd	r24, Y+1	; 0x01
    2b3e:	9a 81       	ldd	r25, Y+2	; 0x02
    2b40:	fc 01       	movw	r30, r24
    2b42:	82 81       	ldd	r24, Z+2	; 0x02
    2b44:	93 81       	ldd	r25, Z+3	; 0x03
    2b46:	fc 01       	movw	r30, r24
    2b48:	80 81       	ld	r24, Z
    2b4a:	91 81       	ldd	r25, Z+1	; 0x01
    2b4c:	0e 94 94 08 	call	0x1128	; 0x1128 <_ZN5Motor8isMovingEv>
    2b50:	98 2f       	mov	r25, r24
    2b52:	81 e0       	ldi	r24, 0x01	; 1
    2b54:	89 27       	eor	r24, r25
    2b56:	88 23       	and	r24, r24
    2b58:	79 f0       	breq	.+30     	; 0x2b78 <_ZN16CalibrationState8m1_at_upEv+0x4a>
    2b5a:	89 81       	ldd	r24, Y+1	; 0x01
    2b5c:	9a 81       	ldd	r25, Y+2	; 0x02
    2b5e:	fc 01       	movw	r30, r24
    2b60:	82 81       	ldd	r24, Z+2	; 0x02
    2b62:	93 81       	ldd	r25, Z+3	; 0x03
    2b64:	fc 01       	movw	r30, r24
    2b66:	80 81       	ld	r24, Z
    2b68:	91 81       	ldd	r25, Z+1	; 0x01
    2b6a:	61 e0       	ldi	r22, 0x01	; 1
    2b6c:	0e 94 a4 08 	call	0x1148	; 0x1148 <_ZN5Motor4isAtENS_4SideE>
    2b70:	88 23       	and	r24, r24
    2b72:	11 f0       	breq	.+4      	; 0x2b78 <_ZN16CalibrationState8m1_at_upEv+0x4a>
    2b74:	81 e0       	ldi	r24, 0x01	; 1
    2b76:	01 c0       	rjmp	.+2      	; 0x2b7a <_ZN16CalibrationState8m1_at_upEv+0x4c>
    2b78:	80 e0       	ldi	r24, 0x00	; 0
    2b7a:	0f 90       	pop	r0
    2b7c:	0f 90       	pop	r0
    2b7e:	df 91       	pop	r29
    2b80:	cf 91       	pop	r28
    2b82:	08 95       	ret

00002b84 <_ZN16CalibrationState10m4_at_openEv>:
		bool m4_at_open() { return !status->m4->isMoving() && status->m4->isAt(M4_SIDE_OPEN); }
    2b84:	cf 93       	push	r28
    2b86:	df 93       	push	r29
    2b88:	00 d0       	rcall	.+0      	; 0x2b8a <_ZN16CalibrationState10m4_at_openEv+0x6>
    2b8a:	cd b7       	in	r28, 0x3d	; 61
    2b8c:	de b7       	in	r29, 0x3e	; 62
    2b8e:	9a 83       	std	Y+2, r25	; 0x02
    2b90:	89 83       	std	Y+1, r24	; 0x01
    2b92:	89 81       	ldd	r24, Y+1	; 0x01
    2b94:	9a 81       	ldd	r25, Y+2	; 0x02
    2b96:	fc 01       	movw	r30, r24
    2b98:	82 81       	ldd	r24, Z+2	; 0x02
    2b9a:	93 81       	ldd	r25, Z+3	; 0x03
    2b9c:	fc 01       	movw	r30, r24
    2b9e:	86 81       	ldd	r24, Z+6	; 0x06
    2ba0:	97 81       	ldd	r25, Z+7	; 0x07
    2ba2:	0e 94 94 08 	call	0x1128	; 0x1128 <_ZN5Motor8isMovingEv>
    2ba6:	98 2f       	mov	r25, r24
    2ba8:	81 e0       	ldi	r24, 0x01	; 1
    2baa:	89 27       	eor	r24, r25
    2bac:	88 23       	and	r24, r24
    2bae:	79 f0       	breq	.+30     	; 0x2bce <_ZN16CalibrationState10m4_at_openEv+0x4a>
    2bb0:	89 81       	ldd	r24, Y+1	; 0x01
    2bb2:	9a 81       	ldd	r25, Y+2	; 0x02
    2bb4:	fc 01       	movw	r30, r24
    2bb6:	82 81       	ldd	r24, Z+2	; 0x02
    2bb8:	93 81       	ldd	r25, Z+3	; 0x03
    2bba:	fc 01       	movw	r30, r24
    2bbc:	86 81       	ldd	r24, Z+6	; 0x06
    2bbe:	97 81       	ldd	r25, Z+7	; 0x07
    2bc0:	62 e0       	ldi	r22, 0x02	; 2
    2bc2:	0e 94 a4 08 	call	0x1148	; 0x1148 <_ZN5Motor4isAtENS_4SideE>
    2bc6:	88 23       	and	r24, r24
    2bc8:	11 f0       	breq	.+4      	; 0x2bce <_ZN16CalibrationState10m4_at_openEv+0x4a>
    2bca:	81 e0       	ldi	r24, 0x01	; 1
    2bcc:	01 c0       	rjmp	.+2      	; 0x2bd0 <_ZN16CalibrationState10m4_at_openEv+0x4c>
    2bce:	80 e0       	ldi	r24, 0x00	; 0
    2bd0:	0f 90       	pop	r0
    2bd2:	0f 90       	pop	r0
    2bd4:	df 91       	pop	r29
    2bd6:	cf 91       	pop	r28
    2bd8:	08 95       	ret

00002bda <_ZN16CalibrationStateC1EP6Status>:

	public:
		explicit CalibrationState(Status *s) : StateActionBase(s) {}
    2bda:	cf 93       	push	r28
    2bdc:	df 93       	push	r29
    2bde:	00 d0       	rcall	.+0      	; 0x2be0 <_ZN16CalibrationStateC1EP6Status+0x6>
    2be0:	00 d0       	rcall	.+0      	; 0x2be2 <_ZN16CalibrationStateC1EP6Status+0x8>
    2be2:	cd b7       	in	r28, 0x3d	; 61
    2be4:	de b7       	in	r29, 0x3e	; 62
    2be6:	9a 83       	std	Y+2, r25	; 0x02
    2be8:	89 83       	std	Y+1, r24	; 0x01
    2bea:	7c 83       	std	Y+4, r23	; 0x04
    2bec:	6b 83       	std	Y+3, r22	; 0x03
    2bee:	89 81       	ldd	r24, Y+1	; 0x01
    2bf0:	9a 81       	ldd	r25, Y+2	; 0x02
    2bf2:	2b 81       	ldd	r18, Y+3	; 0x03
    2bf4:	3c 81       	ldd	r19, Y+4	; 0x04
    2bf6:	b9 01       	movw	r22, r18
    2bf8:	0e 94 0f 14 	call	0x281e	; 0x281e <_ZN15StateActionBaseC1EP6Status>
    2bfc:	2d e6       	ldi	r18, 0x6D	; 109
    2bfe:	32 e0       	ldi	r19, 0x02	; 2
    2c00:	89 81       	ldd	r24, Y+1	; 0x01
    2c02:	9a 81       	ldd	r25, Y+2	; 0x02
    2c04:	fc 01       	movw	r30, r24
    2c06:	31 83       	std	Z+1, r19	; 0x01
    2c08:	20 83       	st	Z, r18
    2c0a:	89 81       	ldd	r24, Y+1	; 0x01
    2c0c:	9a 81       	ldd	r25, Y+2	; 0x02
    2c0e:	fc 01       	movw	r30, r24
    2c10:	14 82       	std	Z+4, r1	; 0x04
    2c12:	89 81       	ldd	r24, Y+1	; 0x01
    2c14:	9a 81       	ldd	r25, Y+2	; 0x02
    2c16:	fc 01       	movw	r30, r24
    2c18:	15 82       	std	Z+5, r1	; 0x05
    2c1a:	00 00       	nop
    2c1c:	0f 90       	pop	r0
    2c1e:	0f 90       	pop	r0
    2c20:	0f 90       	pop	r0
    2c22:	0f 90       	pop	r0
    2c24:	df 91       	pop	r29
    2c26:	cf 91       	pop	r28
    2c28:	08 95       	ret

00002c2a <_ZN16CalibrationState5entryEv>:
			
        void entry() override {
    2c2a:	0f 93       	push	r16
    2c2c:	cf 93       	push	r28
    2c2e:	df 93       	push	r29
    2c30:	00 d0       	rcall	.+0      	; 0x2c32 <_ZN16CalibrationState5entryEv+0x8>
    2c32:	00 d0       	rcall	.+0      	; 0x2c34 <_ZN16CalibrationState5entryEv+0xa>
    2c34:	cd b7       	in	r28, 0x3d	; 61
    2c36:	de b7       	in	r29, 0x3e	; 62
    2c38:	9a 83       	std	Y+2, r25	; 0x02
    2c3a:	89 83       	std	Y+1, r24	; 0x01
	        status->led->off();
    2c3c:	89 81       	ldd	r24, Y+1	; 0x01
    2c3e:	9a 81       	ldd	r25, Y+2	; 0x02
    2c40:	fc 01       	movw	r30, r24
    2c42:	82 81       	ldd	r24, Z+2	; 0x02
    2c44:	93 81       	ldd	r25, Z+3	; 0x03
    2c46:	fc 01       	movw	r30, r24
    2c48:	86 89       	ldd	r24, Z+22	; 0x16
    2c4a:	97 89       	ldd	r25, Z+23	; 0x17
    2c4c:	0e 94 2d 04 	call	0x85a	; 0x85a <_ZN3Led3offEv>
	        m2_started = false;
    2c50:	89 81       	ldd	r24, Y+1	; 0x01
    2c52:	9a 81       	ldd	r25, Y+2	; 0x02
    2c54:	fc 01       	movw	r30, r24
    2c56:	14 82       	std	Z+4, r1	; 0x04
	        m3_started = false;
    2c58:	89 81       	ldd	r24, Y+1	; 0x01
    2c5a:	9a 81       	ldd	r25, Y+2	; 0x02
    2c5c:	fc 01       	movw	r30, r24
    2c5e:	15 82       	std	Z+5, r1	; 0x05
	        
	        // Subimos la velocidad a 255 (100% de fuerza) para evitar bloqueos mecánicos
	        status->m1->move(M1_DIR_UP,		status->current_time, 255);
    2c60:	89 81       	ldd	r24, Y+1	; 0x01
    2c62:	9a 81       	ldd	r25, Y+2	; 0x02
    2c64:	fc 01       	movw	r30, r24
    2c66:	82 81       	ldd	r24, Z+2	; 0x02
    2c68:	93 81       	ldd	r25, Z+3	; 0x03
    2c6a:	fc 01       	movw	r30, r24
    2c6c:	86 a1       	ldd	r24, Z+38	; 0x26
    2c6e:	97 a1       	ldd	r25, Z+39	; 0x27
    2c70:	a0 a5       	ldd	r26, Z+40	; 0x28
    2c72:	b1 a5       	ldd	r27, Z+41	; 0x29
    2c74:	29 81       	ldd	r18, Y+1	; 0x01
    2c76:	3a 81       	ldd	r19, Y+2	; 0x02
    2c78:	f9 01       	movw	r30, r18
    2c7a:	22 81       	ldd	r18, Z+2	; 0x02
    2c7c:	33 81       	ldd	r19, Z+3	; 0x03
    2c7e:	f9 01       	movw	r30, r18
    2c80:	01 90       	ld	r0, Z+
    2c82:	f0 81       	ld	r31, Z
    2c84:	e0 2d       	mov	r30, r0
    2c86:	fc 83       	std	Y+4, r31	; 0x04
    2c88:	eb 83       	std	Y+3, r30	; 0x03
    2c8a:	0f ef       	ldi	r16, 0xFF	; 255
    2c8c:	9c 01       	movw	r18, r24
    2c8e:	ad 01       	movw	r20, r26
    2c90:	61 e0       	ldi	r22, 0x01	; 1
    2c92:	8b 81       	ldd	r24, Y+3	; 0x03
    2c94:	9c 81       	ldd	r25, Y+4	; 0x04
    2c96:	0e 94 5c 07 	call	0xeb8	; 0xeb8 <_ZN5Motor4moveEbmh>
	        status->m4->move(M4_DIR_OPEN,	status->current_time, 255);
    2c9a:	89 81       	ldd	r24, Y+1	; 0x01
    2c9c:	9a 81       	ldd	r25, Y+2	; 0x02
    2c9e:	fc 01       	movw	r30, r24
    2ca0:	82 81       	ldd	r24, Z+2	; 0x02
    2ca2:	93 81       	ldd	r25, Z+3	; 0x03
    2ca4:	fc 01       	movw	r30, r24
    2ca6:	86 a1       	ldd	r24, Z+38	; 0x26
    2ca8:	97 a1       	ldd	r25, Z+39	; 0x27
    2caa:	a0 a5       	ldd	r26, Z+40	; 0x28
    2cac:	b1 a5       	ldd	r27, Z+41	; 0x29
    2cae:	29 81       	ldd	r18, Y+1	; 0x01
    2cb0:	3a 81       	ldd	r19, Y+2	; 0x02
    2cb2:	f9 01       	movw	r30, r18
    2cb4:	22 81       	ldd	r18, Z+2	; 0x02
    2cb6:	33 81       	ldd	r19, Z+3	; 0x03
    2cb8:	f9 01       	movw	r30, r18
    2cba:	06 80       	ldd	r0, Z+6	; 0x06
    2cbc:	f7 81       	ldd	r31, Z+7	; 0x07
    2cbe:	e0 2d       	mov	r30, r0
    2cc0:	fc 83       	std	Y+4, r31	; 0x04
    2cc2:	eb 83       	std	Y+3, r30	; 0x03
    2cc4:	0f ef       	ldi	r16, 0xFF	; 255
    2cc6:	9c 01       	movw	r18, r24
    2cc8:	ad 01       	movw	r20, r26
    2cca:	60 e0       	ldi	r22, 0x00	; 0
    2ccc:	8b 81       	ldd	r24, Y+3	; 0x03
    2cce:	9c 81       	ldd	r25, Y+4	; 0x04
    2cd0:	0e 94 5c 07 	call	0xeb8	; 0xeb8 <_ZN5Motor4moveEbmh>
	        status->m5->move(M5_DIR_DOWN,	status->current_time, 255);
    2cd4:	89 81       	ldd	r24, Y+1	; 0x01
    2cd6:	9a 81       	ldd	r25, Y+2	; 0x02
    2cd8:	fc 01       	movw	r30, r24
    2cda:	82 81       	ldd	r24, Z+2	; 0x02
    2cdc:	93 81       	ldd	r25, Z+3	; 0x03
    2cde:	fc 01       	movw	r30, r24
    2ce0:	86 a1       	ldd	r24, Z+38	; 0x26
    2ce2:	97 a1       	ldd	r25, Z+39	; 0x27
    2ce4:	a0 a5       	ldd	r26, Z+40	; 0x28
    2ce6:	b1 a5       	ldd	r27, Z+41	; 0x29
    2ce8:	29 81       	ldd	r18, Y+1	; 0x01
    2cea:	3a 81       	ldd	r19, Y+2	; 0x02
    2cec:	f9 01       	movw	r30, r18
    2cee:	22 81       	ldd	r18, Z+2	; 0x02
    2cf0:	33 81       	ldd	r19, Z+3	; 0x03
    2cf2:	f9 01       	movw	r30, r18
    2cf4:	00 84       	ldd	r0, Z+8	; 0x08
    2cf6:	f1 85       	ldd	r31, Z+9	; 0x09
    2cf8:	e0 2d       	mov	r30, r0
    2cfa:	fc 83       	std	Y+4, r31	; 0x04
    2cfc:	eb 83       	std	Y+3, r30	; 0x03
    2cfe:	0f ef       	ldi	r16, 0xFF	; 255
    2d00:	9c 01       	movw	r18, r24
    2d02:	ad 01       	movw	r20, r26
    2d04:	60 e0       	ldi	r22, 0x00	; 0
    2d06:	8b 81       	ldd	r24, Y+3	; 0x03
    2d08:	9c 81       	ldd	r25, Y+4	; 0x04
    2d0a:	0e 94 5c 07 	call	0xeb8	; 0xeb8 <_ZN5Motor4moveEbmh>
	        
	        status->m2->stop();
    2d0e:	89 81       	ldd	r24, Y+1	; 0x01
    2d10:	9a 81       	ldd	r25, Y+2	; 0x02
    2d12:	fc 01       	movw	r30, r24
    2d14:	82 81       	ldd	r24, Z+2	; 0x02
    2d16:	93 81       	ldd	r25, Z+3	; 0x03
    2d18:	fc 01       	movw	r30, r24
    2d1a:	82 81       	ldd	r24, Z+2	; 0x02
    2d1c:	93 81       	ldd	r25, Z+3	; 0x03
    2d1e:	0e 94 9a 0c 	call	0x1934	; 0x1934 <_ZN6Motor24stopEv>
	        status->m3->stop();
    2d22:	89 81       	ldd	r24, Y+1	; 0x01
    2d24:	9a 81       	ldd	r25, Y+2	; 0x02
    2d26:	fc 01       	movw	r30, r24
    2d28:	82 81       	ldd	r24, Z+2	; 0x02
    2d2a:	93 81       	ldd	r25, Z+3	; 0x03
    2d2c:	fc 01       	movw	r30, r24
    2d2e:	84 81       	ldd	r24, Z+4	; 0x04
    2d30:	95 81       	ldd	r25, Z+5	; 0x05
    2d32:	0e 94 ea 07 	call	0xfd4	; 0xfd4 <_ZN5Motor4stopEv>
        }
    2d36:	00 00       	nop
    2d38:	0f 90       	pop	r0
    2d3a:	0f 90       	pop	r0
    2d3c:	0f 90       	pop	r0
    2d3e:	0f 90       	pop	r0
    2d40:	df 91       	pop	r29
    2d42:	cf 91       	pop	r28
    2d44:	0f 91       	pop	r16
    2d46:	08 95       	ret

00002d48 <_ZN16CalibrationState3runEv>:
        
        void run() override {
    2d48:	ef 92       	push	r14
    2d4a:	0f 93       	push	r16
    2d4c:	1f 93       	push	r17
    2d4e:	cf 93       	push	r28
    2d50:	df 93       	push	r29
    2d52:	00 d0       	rcall	.+0      	; 0x2d54 <_ZN16CalibrationState3runEv+0xc>
    2d54:	00 d0       	rcall	.+0      	; 0x2d56 <_ZN16CalibrationState3runEv+0xe>
    2d56:	cd b7       	in	r28, 0x3d	; 61
    2d58:	de b7       	in	r29, 0x3e	; 62
    2d5a:	9a 83       	std	Y+2, r25	; 0x02
    2d5c:	89 83       	std	Y+1, r24	; 0x01
	        if (!m2_started && m1_at_up()) {
    2d5e:	89 81       	ldd	r24, Y+1	; 0x01
    2d60:	9a 81       	ldd	r25, Y+2	; 0x02
    2d62:	fc 01       	movw	r30, r24
    2d64:	94 81       	ldd	r25, Z+4	; 0x04
    2d66:	81 e0       	ldi	r24, 0x01	; 1
    2d68:	89 27       	eor	r24, r25
    2d6a:	88 23       	and	r24, r24
    2d6c:	41 f0       	breq	.+16     	; 0x2d7e <_ZN16CalibrationState3runEv+0x36>
    2d6e:	89 81       	ldd	r24, Y+1	; 0x01
    2d70:	9a 81       	ldd	r25, Y+2	; 0x02
    2d72:	0e 94 97 15 	call	0x2b2e	; 0x2b2e <_ZN16CalibrationState8m1_at_upEv>
    2d76:	88 23       	and	r24, r24
    2d78:	11 f0       	breq	.+4      	; 0x2d7e <_ZN16CalibrationState3runEv+0x36>
    2d7a:	81 e0       	ldi	r24, 0x01	; 1
    2d7c:	01 c0       	rjmp	.+2      	; 0x2d80 <_ZN16CalibrationState3runEv+0x38>
    2d7e:	80 e0       	ldi	r24, 0x00	; 0
    2d80:	88 23       	and	r24, r24
    2d82:	21 f1       	breq	.+72     	; 0x2dcc <_ZN16CalibrationState3runEv+0x84>
		        // Subimos la velocidad a 255 para el barrido
		        status->m2->startHoming(M2_DIR_RIGHT, LimitSwitch3::Position::RIGHT, status->current_time, 255);
    2d84:	89 81       	ldd	r24, Y+1	; 0x01
    2d86:	9a 81       	ldd	r25, Y+2	; 0x02
    2d88:	fc 01       	movw	r30, r24
    2d8a:	82 81       	ldd	r24, Z+2	; 0x02
    2d8c:	93 81       	ldd	r25, Z+3	; 0x03
    2d8e:	fc 01       	movw	r30, r24
    2d90:	86 a1       	ldd	r24, Z+38	; 0x26
    2d92:	97 a1       	ldd	r25, Z+39	; 0x27
    2d94:	a0 a5       	ldd	r26, Z+40	; 0x28
    2d96:	b1 a5       	ldd	r27, Z+41	; 0x29
    2d98:	29 81       	ldd	r18, Y+1	; 0x01
    2d9a:	3a 81       	ldd	r19, Y+2	; 0x02
    2d9c:	f9 01       	movw	r30, r18
    2d9e:	22 81       	ldd	r18, Z+2	; 0x02
    2da0:	33 81       	ldd	r19, Z+3	; 0x03
    2da2:	f9 01       	movw	r30, r18
    2da4:	02 80       	ldd	r0, Z+2	; 0x02
    2da6:	f3 81       	ldd	r31, Z+3	; 0x03
    2da8:	e0 2d       	mov	r30, r0
    2daa:	fc 83       	std	Y+4, r31	; 0x04
    2dac:	eb 83       	std	Y+3, r30	; 0x03
    2dae:	ee 24       	eor	r14, r14
    2db0:	ea 94       	dec	r14
    2db2:	8c 01       	movw	r16, r24
    2db4:	9d 01       	movw	r18, r26
    2db6:	43 e0       	ldi	r20, 0x03	; 3
    2db8:	60 e0       	ldi	r22, 0x00	; 0
    2dba:	8b 81       	ldd	r24, Y+3	; 0x03
    2dbc:	9c 81       	ldd	r25, Y+4	; 0x04
    2dbe:	0e 94 74 0b 	call	0x16e8	; 0x16e8 <_ZN6Motor211startHomingEbN12LimitSwitch38PositionEmh>
		        m2_started = true;
    2dc2:	89 81       	ldd	r24, Y+1	; 0x01
    2dc4:	9a 81       	ldd	r25, Y+2	; 0x02
    2dc6:	21 e0       	ldi	r18, 0x01	; 1
    2dc8:	fc 01       	movw	r30, r24
    2dca:	24 83       	std	Z+4, r18	; 0x04
	        }
	        
	        if (!m3_started && m4_at_open()) {
    2dcc:	89 81       	ldd	r24, Y+1	; 0x01
    2dce:	9a 81       	ldd	r25, Y+2	; 0x02
    2dd0:	fc 01       	movw	r30, r24
    2dd2:	95 81       	ldd	r25, Z+5	; 0x05
    2dd4:	81 e0       	ldi	r24, 0x01	; 1
    2dd6:	89 27       	eor	r24, r25
    2dd8:	88 23       	and	r24, r24
    2dda:	41 f0       	breq	.+16     	; 0x2dec <_ZN16CalibrationState3runEv+0xa4>
    2ddc:	89 81       	ldd	r24, Y+1	; 0x01
    2dde:	9a 81       	ldd	r25, Y+2	; 0x02
    2de0:	0e 94 c2 15 	call	0x2b84	; 0x2b84 <_ZN16CalibrationState10m4_at_openEv>
    2de4:	88 23       	and	r24, r24
    2de6:	11 f0       	breq	.+4      	; 0x2dec <_ZN16CalibrationState3runEv+0xa4>
    2de8:	81 e0       	ldi	r24, 0x01	; 1
    2dea:	01 c0       	rjmp	.+2      	; 0x2dee <_ZN16CalibrationState3runEv+0xa6>
    2dec:	80 e0       	ldi	r24, 0x00	; 0
    2dee:	88 23       	and	r24, r24
    2df0:	11 f1       	breq	.+68     	; 0x2e36 <_ZN16CalibrationState3runEv+0xee>
		        // Subimos la velocidad a 255
		        status->m3->move(M3_DIR_FORWARD, status->current_time, 255);
    2df2:	89 81       	ldd	r24, Y+1	; 0x01
    2df4:	9a 81       	ldd	r25, Y+2	; 0x02
    2df6:	fc 01       	movw	r30, r24
    2df8:	82 81       	ldd	r24, Z+2	; 0x02
    2dfa:	93 81       	ldd	r25, Z+3	; 0x03
    2dfc:	fc 01       	movw	r30, r24
    2dfe:	86 a1       	ldd	r24, Z+38	; 0x26
    2e00:	97 a1       	ldd	r25, Z+39	; 0x27
    2e02:	a0 a5       	ldd	r26, Z+40	; 0x28
    2e04:	b1 a5       	ldd	r27, Z+41	; 0x29
    2e06:	29 81       	ldd	r18, Y+1	; 0x01
    2e08:	3a 81       	ldd	r19, Y+2	; 0x02
    2e0a:	f9 01       	movw	r30, r18
    2e0c:	22 81       	ldd	r18, Z+2	; 0x02
    2e0e:	33 81       	ldd	r19, Z+3	; 0x03
    2e10:	f9 01       	movw	r30, r18
    2e12:	04 80       	ldd	r0, Z+4	; 0x04
    2e14:	f5 81       	ldd	r31, Z+5	; 0x05
    2e16:	e0 2d       	mov	r30, r0
    2e18:	fc 83       	std	Y+4, r31	; 0x04
    2e1a:	eb 83       	std	Y+3, r30	; 0x03
    2e1c:	0f ef       	ldi	r16, 0xFF	; 255
    2e1e:	9c 01       	movw	r18, r24
    2e20:	ad 01       	movw	r20, r26
    2e22:	61 e0       	ldi	r22, 0x01	; 1
    2e24:	8b 81       	ldd	r24, Y+3	; 0x03
    2e26:	9c 81       	ldd	r25, Y+4	; 0x04
    2e28:	0e 94 5c 07 	call	0xeb8	; 0xeb8 <_ZN5Motor4moveEbmh>
		        m3_started = true;
    2e2c:	89 81       	ldd	r24, Y+1	; 0x01
    2e2e:	9a 81       	ldd	r25, Y+2	; 0x02
    2e30:	21 e0       	ldi	r18, 0x01	; 1
    2e32:	fc 01       	movw	r30, r24
    2e34:	25 83       	std	Z+5, r18	; 0x05
	        }
        }
    2e36:	00 00       	nop
    2e38:	0f 90       	pop	r0
    2e3a:	0f 90       	pop	r0
    2e3c:	0f 90       	pop	r0
    2e3e:	0f 90       	pop	r0
    2e40:	df 91       	pop	r29
    2e42:	cf 91       	pop	r28
    2e44:	1f 91       	pop	r17
    2e46:	0f 91       	pop	r16
    2e48:	ef 90       	pop	r14
    2e4a:	08 95       	ret

00002e4c <_ZN16CalibrationState17check_transitionsEv>:
		
		States check_transitions() override {
    2e4c:	cf 93       	push	r28
    2e4e:	df 93       	push	r29
    2e50:	cd b7       	in	r28, 0x3d	; 61
    2e52:	de b7       	in	r29, 0x3e	; 62
    2e54:	27 97       	sbiw	r28, 0x07	; 7
    2e56:	0f b6       	in	r0, 0x3f	; 63
    2e58:	f8 94       	cli
    2e5a:	de bf       	out	0x3e, r29	; 62
    2e5c:	0f be       	out	0x3f, r0	; 63
    2e5e:	cd bf       	out	0x3d, r28	; 61
    2e60:	9f 83       	std	Y+7, r25	; 0x07
    2e62:	8e 83       	std	Y+6, r24	; 0x06
			bool m1_rdy = m1_at_up();
    2e64:	8e 81       	ldd	r24, Y+6	; 0x06
    2e66:	9f 81       	ldd	r25, Y+7	; 0x07
    2e68:	0e 94 97 15 	call	0x2b2e	; 0x2b2e <_ZN16CalibrationState8m1_at_upEv>
    2e6c:	89 83       	std	Y+1, r24	; 0x01
			bool m2_rdy = status->m2->isAt(M2_POS_RIGHT);
    2e6e:	8e 81       	ldd	r24, Y+6	; 0x06
    2e70:	9f 81       	ldd	r25, Y+7	; 0x07
    2e72:	fc 01       	movw	r30, r24
    2e74:	82 81       	ldd	r24, Z+2	; 0x02
    2e76:	93 81       	ldd	r25, Z+3	; 0x03
    2e78:	fc 01       	movw	r30, r24
    2e7a:	82 81       	ldd	r24, Z+2	; 0x02
    2e7c:	93 81       	ldd	r25, Z+3	; 0x03
    2e7e:	63 e0       	ldi	r22, 0x03	; 3
    2e80:	0e 94 00 0e 	call	0x1c00	; 0x1c00 <_ZN6Motor24isAtEN12LimitSwitch38PositionE>
    2e84:	8a 83       	std	Y+2, r24	; 0x02
			bool m3_rdy = status->m3->isAt(M3_SIDE_FORWARD);
    2e86:	8e 81       	ldd	r24, Y+6	; 0x06
    2e88:	9f 81       	ldd	r25, Y+7	; 0x07
    2e8a:	fc 01       	movw	r30, r24
    2e8c:	82 81       	ldd	r24, Z+2	; 0x02
    2e8e:	93 81       	ldd	r25, Z+3	; 0x03
    2e90:	fc 01       	movw	r30, r24
    2e92:	84 81       	ldd	r24, Z+4	; 0x04
    2e94:	95 81       	ldd	r25, Z+5	; 0x05
    2e96:	61 e0       	ldi	r22, 0x01	; 1
    2e98:	0e 94 a4 08 	call	0x1148	; 0x1148 <_ZN5Motor4isAtENS_4SideE>
    2e9c:	8b 83       	std	Y+3, r24	; 0x03
			bool m4_rdy = m4_at_open();
    2e9e:	8e 81       	ldd	r24, Y+6	; 0x06
    2ea0:	9f 81       	ldd	r25, Y+7	; 0x07
    2ea2:	0e 94 c2 15 	call	0x2b84	; 0x2b84 <_ZN16CalibrationState10m4_at_openEv>
    2ea6:	8c 83       	std	Y+4, r24	; 0x04
			bool m5_rdy = status->m5->isAt(M5_SIDE_DOWN);
    2ea8:	8e 81       	ldd	r24, Y+6	; 0x06
    2eaa:	9f 81       	ldd	r25, Y+7	; 0x07
    2eac:	fc 01       	movw	r30, r24
    2eae:	82 81       	ldd	r24, Z+2	; 0x02
    2eb0:	93 81       	ldd	r25, Z+3	; 0x03
    2eb2:	fc 01       	movw	r30, r24
    2eb4:	80 85       	ldd	r24, Z+8	; 0x08
    2eb6:	91 85       	ldd	r25, Z+9	; 0x09
    2eb8:	62 e0       	ldi	r22, 0x02	; 2
    2eba:	0e 94 a4 08 	call	0x1148	; 0x1148 <_ZN5Motor4isAtENS_4SideE>
    2ebe:	8d 83       	std	Y+5, r24	; 0x05
    
			if (m1_rdy && m2_rdy && m3_rdy && m4_rdy && m5_rdy) {
    2ec0:	89 81       	ldd	r24, Y+1	; 0x01
    2ec2:	88 23       	and	r24, r24
    2ec4:	71 f0       	breq	.+28     	; 0x2ee2 <_ZN16CalibrationState17check_transitionsEv+0x96>
    2ec6:	8a 81       	ldd	r24, Y+2	; 0x02
    2ec8:	88 23       	and	r24, r24
    2eca:	59 f0       	breq	.+22     	; 0x2ee2 <_ZN16CalibrationState17check_transitionsEv+0x96>
    2ecc:	8b 81       	ldd	r24, Y+3	; 0x03
    2ece:	88 23       	and	r24, r24
    2ed0:	41 f0       	breq	.+16     	; 0x2ee2 <_ZN16CalibrationState17check_transitionsEv+0x96>
    2ed2:	8c 81       	ldd	r24, Y+4	; 0x04
    2ed4:	88 23       	and	r24, r24
    2ed6:	29 f0       	breq	.+10     	; 0x2ee2 <_ZN16CalibrationState17check_transitionsEv+0x96>
    2ed8:	8d 81       	ldd	r24, Y+5	; 0x05
    2eda:	88 23       	and	r24, r24
    2edc:	11 f0       	breq	.+4      	; 0x2ee2 <_ZN16CalibrationState17check_transitionsEv+0x96>
				return States::Idle;
    2ede:	82 e0       	ldi	r24, 0x02	; 2
    2ee0:	01 c0       	rjmp	.+2      	; 0x2ee4 <_ZN16CalibrationState17check_transitionsEv+0x98>
			}
			return States::NO_CHANGE;
    2ee2:	8f ef       	ldi	r24, 0xFF	; 255
		}
    2ee4:	27 96       	adiw	r28, 0x07	; 7
    2ee6:	0f b6       	in	r0, 0x3f	; 63
    2ee8:	f8 94       	cli
    2eea:	de bf       	out	0x3e, r29	; 62
    2eec:	0f be       	out	0x3f, r0	; 63
    2eee:	cd bf       	out	0x3d, r28	; 61
    2ef0:	df 91       	pop	r29
    2ef2:	cf 91       	pop	r28
    2ef4:	08 95       	ret

00002ef6 <_ZN9IdleStateC1EP6Status>:
/*		       IDLE			    */
/* ============================ */

class IdleState : public StateActionBase {
	public:
		explicit IdleState(Status* s) : StateActionBase(s) {}
    2ef6:	cf 93       	push	r28
    2ef8:	df 93       	push	r29
    2efa:	00 d0       	rcall	.+0      	; 0x2efc <_ZN9IdleStateC1EP6Status+0x6>
    2efc:	00 d0       	rcall	.+0      	; 0x2efe <_ZN9IdleStateC1EP6Status+0x8>
    2efe:	cd b7       	in	r28, 0x3d	; 61
    2f00:	de b7       	in	r29, 0x3e	; 62
    2f02:	9a 83       	std	Y+2, r25	; 0x02
    2f04:	89 83       	std	Y+1, r24	; 0x01
    2f06:	7c 83       	std	Y+4, r23	; 0x04
    2f08:	6b 83       	std	Y+3, r22	; 0x03
    2f0a:	89 81       	ldd	r24, Y+1	; 0x01
    2f0c:	9a 81       	ldd	r25, Y+2	; 0x02
    2f0e:	2b 81       	ldd	r18, Y+3	; 0x03
    2f10:	3c 81       	ldd	r19, Y+4	; 0x04
    2f12:	b9 01       	movw	r22, r18
    2f14:	0e 94 0f 14 	call	0x281e	; 0x281e <_ZN15StateActionBaseC1EP6Status>
    2f18:	21 e6       	ldi	r18, 0x61	; 97
    2f1a:	32 e0       	ldi	r19, 0x02	; 2
    2f1c:	89 81       	ldd	r24, Y+1	; 0x01
    2f1e:	9a 81       	ldd	r25, Y+2	; 0x02
    2f20:	fc 01       	movw	r30, r24
    2f22:	31 83       	std	Z+1, r19	; 0x01
    2f24:	20 83       	st	Z, r18
    2f26:	00 00       	nop
    2f28:	0f 90       	pop	r0
    2f2a:	0f 90       	pop	r0
    2f2c:	0f 90       	pop	r0
    2f2e:	0f 90       	pop	r0
    2f30:	df 91       	pop	r29
    2f32:	cf 91       	pop	r28
    2f34:	08 95       	ret

00002f36 <_ZN9IdleState5entryEv>:
			
		void entry() override {
    2f36:	cf 93       	push	r28
    2f38:	df 93       	push	r29
    2f3a:	00 d0       	rcall	.+0      	; 0x2f3c <_ZN9IdleState5entryEv+0x6>
    2f3c:	cd b7       	in	r28, 0x3d	; 61
    2f3e:	de b7       	in	r29, 0x3e	; 62
    2f40:	9a 83       	std	Y+2, r25	; 0x02
    2f42:	89 83       	std	Y+1, r24	; 0x01
			status->led->on();
    2f44:	89 81       	ldd	r24, Y+1	; 0x01
    2f46:	9a 81       	ldd	r25, Y+2	; 0x02
    2f48:	fc 01       	movw	r30, r24
    2f4a:	82 81       	ldd	r24, Z+2	; 0x02
    2f4c:	93 81       	ldd	r25, Z+3	; 0x03
    2f4e:	fc 01       	movw	r30, r24
    2f50:	86 89       	ldd	r24, Z+22	; 0x16
    2f52:	97 89       	ldd	r25, Z+23	; 0x17
    2f54:	0e 94 08 04 	call	0x810	; 0x810 <_ZN3Led2onEv>
			status->game_running = false;
    2f58:	89 81       	ldd	r24, Y+1	; 0x01
    2f5a:	9a 81       	ldd	r25, Y+2	; 0x02
    2f5c:	fc 01       	movw	r30, r24
    2f5e:	82 81       	ldd	r24, Z+2	; 0x02
    2f60:	93 81       	ldd	r25, Z+3	; 0x03
    2f62:	fc 01       	movw	r30, r24
    2f64:	10 a2       	std	Z+32, r1	; 0x20
		}
    2f66:	00 00       	nop
    2f68:	0f 90       	pop	r0
    2f6a:	0f 90       	pop	r0
    2f6c:	df 91       	pop	r29
    2f6e:	cf 91       	pop	r28
    2f70:	08 95       	ret

00002f72 <_ZN9IdleState17check_transitionsEv>:
		
		States check_transitions() override {
    2f72:	cf 93       	push	r28
    2f74:	df 93       	push	r29
    2f76:	00 d0       	rcall	.+0      	; 0x2f78 <_ZN9IdleState17check_transitionsEv+0x6>
    2f78:	cd b7       	in	r28, 0x3d	; 61
    2f7a:	de b7       	in	r29, 0x3e	; 62
    2f7c:	9a 83       	std	Y+2, r25	; 0x02
    2f7e:	89 83       	std	Y+1, r24	; 0x01
			if (status->sw6->consumeClick()) {
    2f80:	89 81       	ldd	r24, Y+1	; 0x01
    2f82:	9a 81       	ldd	r25, Y+2	; 0x02
    2f84:	fc 01       	movw	r30, r24
    2f86:	82 81       	ldd	r24, Z+2	; 0x02
    2f88:	93 81       	ldd	r25, Z+3	; 0x03
    2f8a:	fc 01       	movw	r30, r24
    2f8c:	84 89       	ldd	r24, Z+20	; 0x14
    2f8e:	95 89       	ldd	r25, Z+21	; 0x15
    2f90:	0e 94 a4 11 	call	0x2348	; 0x2348 <_ZN10SwitchUser12consumeClickEv>
    2f94:	88 23       	and	r24, r24
    2f96:	11 f0       	breq	.+4      	; 0x2f9c <_ZN9IdleState17check_transitionsEv+0x2a>
				return States::Carga;
    2f98:	83 e0       	ldi	r24, 0x03	; 3
    2f9a:	01 c0       	rjmp	.+2      	; 0x2f9e <_ZN9IdleState17check_transitionsEv+0x2c>
			}
			return States::NO_CHANGE;
    2f9c:	8f ef       	ldi	r24, 0xFF	; 255
		}
    2f9e:	0f 90       	pop	r0
    2fa0:	0f 90       	pop	r0
    2fa2:	df 91       	pop	r29
    2fa4:	cf 91       	pop	r28
    2fa6:	08 95       	ret

00002fa8 <_ZN9IdleState4exitEv>:
		
		void exit() override {
    2fa8:	cf 93       	push	r28
    2faa:	df 93       	push	r29
    2fac:	00 d0       	rcall	.+0      	; 0x2fae <_ZN9IdleState4exitEv+0x6>
    2fae:	cd b7       	in	r28, 0x3d	; 61
    2fb0:	de b7       	in	r29, 0x3e	; 62
    2fb2:	9a 83       	std	Y+2, r25	; 0x02
    2fb4:	89 83       	std	Y+1, r24	; 0x01
			status->score = 0;
    2fb6:	89 81       	ldd	r24, Y+1	; 0x01
    2fb8:	9a 81       	ldd	r25, Y+2	; 0x02
    2fba:	fc 01       	movw	r30, r24
    2fbc:	82 81       	ldd	r24, Z+2	; 0x02
    2fbe:	93 81       	ldd	r25, Z+3	; 0x03
    2fc0:	fc 01       	movw	r30, r24
    2fc2:	16 8e       	std	Z+30, r1	; 0x1e
			status->display->setScore(status->score);
    2fc4:	89 81       	ldd	r24, Y+1	; 0x01
    2fc6:	9a 81       	ldd	r25, Y+2	; 0x02
    2fc8:	fc 01       	movw	r30, r24
    2fca:	82 81       	ldd	r24, Z+2	; 0x02
    2fcc:	93 81       	ldd	r25, Z+3	; 0x03
    2fce:	fc 01       	movw	r30, r24
    2fd0:	26 8d       	ldd	r18, Z+30	; 0x1e
    2fd2:	89 81       	ldd	r24, Y+1	; 0x01
    2fd4:	9a 81       	ldd	r25, Y+2	; 0x02
    2fd6:	fc 01       	movw	r30, r24
    2fd8:	82 81       	ldd	r24, Z+2	; 0x02
    2fda:	93 81       	ldd	r25, Z+3	; 0x03
    2fdc:	fc 01       	movw	r30, r24
    2fde:	80 8d       	ldd	r24, Z+24	; 0x18
    2fe0:	91 8d       	ldd	r25, Z+25	; 0x19
    2fe2:	62 2f       	mov	r22, r18
    2fe4:	0e 94 9d 02 	call	0x53a	; 0x53a <_ZN7Display8setScoreEh>
			status->game_start_time = status->current_time;
    2fe8:	89 81       	ldd	r24, Y+1	; 0x01
    2fea:	9a 81       	ldd	r25, Y+2	; 0x02
    2fec:	fc 01       	movw	r30, r24
    2fee:	22 81       	ldd	r18, Z+2	; 0x02
    2ff0:	33 81       	ldd	r19, Z+3	; 0x03
    2ff2:	89 81       	ldd	r24, Y+1	; 0x01
    2ff4:	9a 81       	ldd	r25, Y+2	; 0x02
    2ff6:	fc 01       	movw	r30, r24
    2ff8:	82 81       	ldd	r24, Z+2	; 0x02
    2ffa:	93 81       	ldd	r25, Z+3	; 0x03
    2ffc:	fc 01       	movw	r30, r24
    2ffe:	86 a1       	ldd	r24, Z+38	; 0x26
    3000:	97 a1       	ldd	r25, Z+39	; 0x27
    3002:	a0 a5       	ldd	r26, Z+40	; 0x28
    3004:	b1 a5       	ldd	r27, Z+41	; 0x29
    3006:	f9 01       	movw	r30, r18
    3008:	82 a3       	std	Z+34, r24	; 0x22
    300a:	93 a3       	std	Z+35, r25	; 0x23
    300c:	a4 a3       	std	Z+36, r26	; 0x24
    300e:	b5 a3       	std	Z+37, r27	; 0x25
			status->is_last_turn = false;
    3010:	89 81       	ldd	r24, Y+1	; 0x01
    3012:	9a 81       	ldd	r25, Y+2	; 0x02
    3014:	fc 01       	movw	r30, r24
    3016:	82 81       	ldd	r24, Z+2	; 0x02
    3018:	93 81       	ldd	r25, Z+3	; 0x03
    301a:	fc 01       	movw	r30, r24
    301c:	17 8e       	std	Z+31, r1	; 0x1f
			status->game_running = true;
    301e:	89 81       	ldd	r24, Y+1	; 0x01
    3020:	9a 81       	ldd	r25, Y+2	; 0x02
    3022:	fc 01       	movw	r30, r24
    3024:	82 81       	ldd	r24, Z+2	; 0x02
    3026:	93 81       	ldd	r25, Z+3	; 0x03
    3028:	21 e0       	ldi	r18, 0x01	; 1
    302a:	fc 01       	movw	r30, r24
    302c:	20 a3       	std	Z+32, r18	; 0x20
			status->pinsManager->reset();
    302e:	89 81       	ldd	r24, Y+1	; 0x01
    3030:	9a 81       	ldd	r25, Y+2	; 0x02
    3032:	fc 01       	movw	r30, r24
    3034:	82 81       	ldd	r24, Z+2	; 0x02
    3036:	93 81       	ldd	r25, Z+3	; 0x03
    3038:	fc 01       	movw	r30, r24
    303a:	82 8d       	ldd	r24, Z+26	; 0x1a
    303c:	93 8d       	ldd	r25, Z+27	; 0x1b
    303e:	0e 94 25 10 	call	0x204a	; 0x204a <_ZN11PinsManager5resetEv>
			status->led->off();
    3042:	89 81       	ldd	r24, Y+1	; 0x01
    3044:	9a 81       	ldd	r25, Y+2	; 0x02
    3046:	fc 01       	movw	r30, r24
    3048:	82 81       	ldd	r24, Z+2	; 0x02
    304a:	93 81       	ldd	r25, Z+3	; 0x03
    304c:	fc 01       	movw	r30, r24
    304e:	86 89       	ldd	r24, Z+22	; 0x16
    3050:	97 89       	ldd	r25, Z+23	; 0x17
    3052:	0e 94 2d 04 	call	0x85a	; 0x85a <_ZN3Led3offEv>
		}
    3056:	00 00       	nop
    3058:	0f 90       	pop	r0
    305a:	0f 90       	pop	r0
    305c:	df 91       	pop	r29
    305e:	cf 91       	pop	r28
    3060:	08 95       	ret

00003062 <_ZN10CargaStateC1EP6Status>:
	private:
		uint8_t step_m12 = 0;
		uint8_t step_m34 = 0;
		uint32_t timer_m1 = 0;
	public:
		explicit CargaState(Status* s) : StateActionBase(s) {}
    3062:	cf 93       	push	r28
    3064:	df 93       	push	r29
    3066:	00 d0       	rcall	.+0      	; 0x3068 <_ZN10CargaStateC1EP6Status+0x6>
    3068:	00 d0       	rcall	.+0      	; 0x306a <_ZN10CargaStateC1EP6Status+0x8>
    306a:	cd b7       	in	r28, 0x3d	; 61
    306c:	de b7       	in	r29, 0x3e	; 62
    306e:	9a 83       	std	Y+2, r25	; 0x02
    3070:	89 83       	std	Y+1, r24	; 0x01
    3072:	7c 83       	std	Y+4, r23	; 0x04
    3074:	6b 83       	std	Y+3, r22	; 0x03
    3076:	89 81       	ldd	r24, Y+1	; 0x01
    3078:	9a 81       	ldd	r25, Y+2	; 0x02
    307a:	2b 81       	ldd	r18, Y+3	; 0x03
    307c:	3c 81       	ldd	r19, Y+4	; 0x04
    307e:	b9 01       	movw	r22, r18
    3080:	0e 94 0f 14 	call	0x281e	; 0x281e <_ZN15StateActionBaseC1EP6Status>
    3084:	25 e5       	ldi	r18, 0x55	; 85
    3086:	32 e0       	ldi	r19, 0x02	; 2
    3088:	89 81       	ldd	r24, Y+1	; 0x01
    308a:	9a 81       	ldd	r25, Y+2	; 0x02
    308c:	fc 01       	movw	r30, r24
    308e:	31 83       	std	Z+1, r19	; 0x01
    3090:	20 83       	st	Z, r18
    3092:	89 81       	ldd	r24, Y+1	; 0x01
    3094:	9a 81       	ldd	r25, Y+2	; 0x02
    3096:	fc 01       	movw	r30, r24
    3098:	14 82       	std	Z+4, r1	; 0x04
    309a:	89 81       	ldd	r24, Y+1	; 0x01
    309c:	9a 81       	ldd	r25, Y+2	; 0x02
    309e:	fc 01       	movw	r30, r24
    30a0:	15 82       	std	Z+5, r1	; 0x05
    30a2:	89 81       	ldd	r24, Y+1	; 0x01
    30a4:	9a 81       	ldd	r25, Y+2	; 0x02
    30a6:	fc 01       	movw	r30, r24
    30a8:	16 82       	std	Z+6, r1	; 0x06
    30aa:	17 82       	std	Z+7, r1	; 0x07
    30ac:	10 86       	std	Z+8, r1	; 0x08
    30ae:	11 86       	std	Z+9, r1	; 0x09
    30b0:	00 00       	nop
    30b2:	0f 90       	pop	r0
    30b4:	0f 90       	pop	r0
    30b6:	0f 90       	pop	r0
    30b8:	0f 90       	pop	r0
    30ba:	df 91       	pop	r29
    30bc:	cf 91       	pop	r28
    30be:	08 95       	ret

000030c0 <_ZN10CargaState5entryEv>:

		void entry() override {
    30c0:	0f 93       	push	r16
    30c2:	cf 93       	push	r28
    30c4:	df 93       	push	r29
    30c6:	00 d0       	rcall	.+0      	; 0x30c8 <_ZN10CargaState5entryEv+0x8>
    30c8:	00 d0       	rcall	.+0      	; 0x30ca <_ZN10CargaState5entryEv+0xa>
    30ca:	cd b7       	in	r28, 0x3d	; 61
    30cc:	de b7       	in	r29, 0x3e	; 62
    30ce:	9a 83       	std	Y+2, r25	; 0x02
    30d0:	89 83       	std	Y+1, r24	; 0x01
			step_m12 = 0;
    30d2:	89 81       	ldd	r24, Y+1	; 0x01
    30d4:	9a 81       	ldd	r25, Y+2	; 0x02
    30d6:	fc 01       	movw	r30, r24
    30d8:	14 82       	std	Z+4, r1	; 0x04
			timer_m1 = 0;
    30da:	89 81       	ldd	r24, Y+1	; 0x01
    30dc:	9a 81       	ldd	r25, Y+2	; 0x02
    30de:	fc 01       	movw	r30, r24
    30e0:	16 82       	std	Z+6, r1	; 0x06
    30e2:	17 82       	std	Z+7, r1	; 0x07
    30e4:	10 86       	std	Z+8, r1	; 0x08
    30e6:	11 86       	std	Z+9, r1	; 0x09
			
			if (status->is_armed) {
    30e8:	89 81       	ldd	r24, Y+1	; 0x01
    30ea:	9a 81       	ldd	r25, Y+2	; 0x02
    30ec:	fc 01       	movw	r30, r24
    30ee:	82 81       	ldd	r24, Z+2	; 0x02
    30f0:	93 81       	ldd	r25, Z+3	; 0x03
    30f2:	fc 01       	movw	r30, r24
    30f4:	81 a1       	ldd	r24, Z+33	; 0x21
    30f6:	88 23       	and	r24, r24
    30f8:	19 f1       	breq	.+70     	; 0x3140 <_ZN10CargaState5entryEv+0x80>
				step_m34 = 4;
    30fa:	89 81       	ldd	r24, Y+1	; 0x01
    30fc:	9a 81       	ldd	r25, Y+2	; 0x02
    30fe:	24 e0       	ldi	r18, 0x04	; 4
    3100:	fc 01       	movw	r30, r24
    3102:	25 83       	std	Z+5, r18	; 0x05
				status->m1->move(M1_DIR_UP, status->current_time);
    3104:	89 81       	ldd	r24, Y+1	; 0x01
    3106:	9a 81       	ldd	r25, Y+2	; 0x02
    3108:	fc 01       	movw	r30, r24
    310a:	82 81       	ldd	r24, Z+2	; 0x02
    310c:	93 81       	ldd	r25, Z+3	; 0x03
    310e:	fc 01       	movw	r30, r24
    3110:	86 a1       	ldd	r24, Z+38	; 0x26
    3112:	97 a1       	ldd	r25, Z+39	; 0x27
    3114:	a0 a5       	ldd	r26, Z+40	; 0x28
    3116:	b1 a5       	ldd	r27, Z+41	; 0x29
    3118:	29 81       	ldd	r18, Y+1	; 0x01
    311a:	3a 81       	ldd	r19, Y+2	; 0x02
    311c:	f9 01       	movw	r30, r18
    311e:	22 81       	ldd	r18, Z+2	; 0x02
    3120:	33 81       	ldd	r19, Z+3	; 0x03
    3122:	f9 01       	movw	r30, r18
    3124:	01 90       	ld	r0, Z+
    3126:	f0 81       	ld	r31, Z
    3128:	e0 2d       	mov	r30, r0
    312a:	fc 83       	std	Y+4, r31	; 0x04
    312c:	eb 83       	std	Y+3, r30	; 0x03
    312e:	0c ec       	ldi	r16, 0xCC	; 204
    3130:	9c 01       	movw	r18, r24
    3132:	ad 01       	movw	r20, r26
    3134:	61 e0       	ldi	r22, 0x01	; 1
    3136:	8b 81       	ldd	r24, Y+3	; 0x03
    3138:	9c 81       	ldd	r25, Y+4	; 0x04
    313a:	0e 94 5c 07 	call	0xeb8	; 0xeb8 <_ZN5Motor4moveEbmh>
			} else {
				step_m34 = 0;
				status->m4->move(M4_DIR_OPEN, status->current_time);
			}
		}
    313e:	21 c0       	rjmp	.+66     	; 0x3182 <_ZN10CargaState5entryEv+0xc2>
			
			if (status->is_armed) {
				step_m34 = 4;
				status->m1->move(M1_DIR_UP, status->current_time);
			} else {
				step_m34 = 0;
    3140:	89 81       	ldd	r24, Y+1	; 0x01
    3142:	9a 81       	ldd	r25, Y+2	; 0x02
    3144:	fc 01       	movw	r30, r24
    3146:	15 82       	std	Z+5, r1	; 0x05
				status->m4->move(M4_DIR_OPEN, status->current_time);
    3148:	89 81       	ldd	r24, Y+1	; 0x01
    314a:	9a 81       	ldd	r25, Y+2	; 0x02
    314c:	fc 01       	movw	r30, r24
    314e:	82 81       	ldd	r24, Z+2	; 0x02
    3150:	93 81       	ldd	r25, Z+3	; 0x03
    3152:	fc 01       	movw	r30, r24
    3154:	86 a1       	ldd	r24, Z+38	; 0x26
    3156:	97 a1       	ldd	r25, Z+39	; 0x27
    3158:	a0 a5       	ldd	r26, Z+40	; 0x28
    315a:	b1 a5       	ldd	r27, Z+41	; 0x29
    315c:	29 81       	ldd	r18, Y+1	; 0x01
    315e:	3a 81       	ldd	r19, Y+2	; 0x02
    3160:	f9 01       	movw	r30, r18
    3162:	22 81       	ldd	r18, Z+2	; 0x02
    3164:	33 81       	ldd	r19, Z+3	; 0x03
    3166:	f9 01       	movw	r30, r18
    3168:	06 80       	ldd	r0, Z+6	; 0x06
    316a:	f7 81       	ldd	r31, Z+7	; 0x07
    316c:	e0 2d       	mov	r30, r0
    316e:	fc 83       	std	Y+4, r31	; 0x04
    3170:	eb 83       	std	Y+3, r30	; 0x03
    3172:	0c ec       	ldi	r16, 0xCC	; 204
    3174:	9c 01       	movw	r18, r24
    3176:	ad 01       	movw	r20, r26
    3178:	60 e0       	ldi	r22, 0x00	; 0
    317a:	8b 81       	ldd	r24, Y+3	; 0x03
    317c:	9c 81       	ldd	r25, Y+4	; 0x04
    317e:	0e 94 5c 07 	call	0xeb8	; 0xeb8 <_ZN5Motor4moveEbmh>
			}
		}
    3182:	00 00       	nop
    3184:	0f 90       	pop	r0
    3186:	0f 90       	pop	r0
    3188:	0f 90       	pop	r0
    318a:	0f 90       	pop	r0
    318c:	df 91       	pop	r29
    318e:	cf 91       	pop	r28
    3190:	0f 91       	pop	r16
    3192:	08 95       	ret

00003194 <_ZN10CargaState3runEv>:
				
		void run() override {
    3194:	ef 92       	push	r14
    3196:	ff 92       	push	r15
    3198:	0f 93       	push	r16
    319a:	1f 93       	push	r17
    319c:	cf 93       	push	r28
    319e:	df 93       	push	r29
    31a0:	00 d0       	rcall	.+0      	; 0x31a2 <_ZN10CargaState3runEv+0xe>
    31a2:	00 d0       	rcall	.+0      	; 0x31a4 <_ZN10CargaState3runEv+0x10>
    31a4:	cd b7       	in	r28, 0x3d	; 61
    31a6:	de b7       	in	r29, 0x3e	; 62
    31a8:	9a 83       	std	Y+2, r25	; 0x02
    31aa:	89 83       	std	Y+1, r24	; 0x01
			// ==========================================
			// FASE 1: Secuencia de M3 y M4 (Bolos)
			// ==========================================
			if (step_m34 == 0 && status->m4->isAt(M4_SIDE_OPEN)) {
    31ac:	89 81       	ldd	r24, Y+1	; 0x01
    31ae:	9a 81       	ldd	r25, Y+2	; 0x02
    31b0:	fc 01       	movw	r30, r24
    31b2:	85 81       	ldd	r24, Z+5	; 0x05
    31b4:	88 23       	and	r24, r24
    31b6:	79 f4       	brne	.+30     	; 0x31d6 <_ZN10CargaState3runEv+0x42>
    31b8:	89 81       	ldd	r24, Y+1	; 0x01
    31ba:	9a 81       	ldd	r25, Y+2	; 0x02
    31bc:	fc 01       	movw	r30, r24
    31be:	82 81       	ldd	r24, Z+2	; 0x02
    31c0:	93 81       	ldd	r25, Z+3	; 0x03
    31c2:	fc 01       	movw	r30, r24
    31c4:	86 81       	ldd	r24, Z+6	; 0x06
    31c6:	97 81       	ldd	r25, Z+7	; 0x07
    31c8:	62 e0       	ldi	r22, 0x02	; 2
    31ca:	0e 94 a4 08 	call	0x1148	; 0x1148 <_ZN5Motor4isAtENS_4SideE>
    31ce:	88 23       	and	r24, r24
    31d0:	11 f0       	breq	.+4      	; 0x31d6 <_ZN10CargaState3runEv+0x42>
    31d2:	81 e0       	ldi	r24, 0x01	; 1
    31d4:	01 c0       	rjmp	.+2      	; 0x31d8 <_ZN10CargaState3runEv+0x44>
    31d6:	80 e0       	ldi	r24, 0x00	; 0
    31d8:	88 23       	and	r24, r24
    31da:	19 f1       	breq	.+70     	; 0x3222 <_ZN10CargaState3runEv+0x8e>
				status->m3->move(M3_DIR_FORWARD, status->current_time, 255);
    31dc:	89 81       	ldd	r24, Y+1	; 0x01
    31de:	9a 81       	ldd	r25, Y+2	; 0x02
    31e0:	fc 01       	movw	r30, r24
    31e2:	82 81       	ldd	r24, Z+2	; 0x02
    31e4:	93 81       	ldd	r25, Z+3	; 0x03
    31e6:	fc 01       	movw	r30, r24
    31e8:	86 a1       	ldd	r24, Z+38	; 0x26
    31ea:	97 a1       	ldd	r25, Z+39	; 0x27
    31ec:	a0 a5       	ldd	r26, Z+40	; 0x28
    31ee:	b1 a5       	ldd	r27, Z+41	; 0x29
    31f0:	29 81       	ldd	r18, Y+1	; 0x01
    31f2:	3a 81       	ldd	r19, Y+2	; 0x02
    31f4:	f9 01       	movw	r30, r18
    31f6:	22 81       	ldd	r18, Z+2	; 0x02
    31f8:	33 81       	ldd	r19, Z+3	; 0x03
    31fa:	f9 01       	movw	r30, r18
    31fc:	04 80       	ldd	r0, Z+4	; 0x04
    31fe:	f5 81       	ldd	r31, Z+5	; 0x05
    3200:	e0 2d       	mov	r30, r0
    3202:	fc 83       	std	Y+4, r31	; 0x04
    3204:	eb 83       	std	Y+3, r30	; 0x03
    3206:	0f ef       	ldi	r16, 0xFF	; 255
    3208:	9c 01       	movw	r18, r24
    320a:	ad 01       	movw	r20, r26
    320c:	61 e0       	ldi	r22, 0x01	; 1
    320e:	8b 81       	ldd	r24, Y+3	; 0x03
    3210:	9c 81       	ldd	r25, Y+4	; 0x04
    3212:	0e 94 5c 07 	call	0xeb8	; 0xeb8 <_ZN5Motor4moveEbmh>
				step_m34 = 1;
    3216:	89 81       	ldd	r24, Y+1	; 0x01
    3218:	9a 81       	ldd	r25, Y+2	; 0x02
    321a:	21 e0       	ldi	r18, 0x01	; 1
    321c:	fc 01       	movw	r30, r24
    321e:	25 83       	std	Z+5, r18	; 0x05
    3220:	b8 c0       	rjmp	.+368    	; 0x3392 <_ZN10CargaState3runEv+0x1fe>
			}
			else if (step_m34 == 1 && status->m3->isAt(M3_SIDE_FORWARD)) {
    3222:	89 81       	ldd	r24, Y+1	; 0x01
    3224:	9a 81       	ldd	r25, Y+2	; 0x02
    3226:	fc 01       	movw	r30, r24
    3228:	85 81       	ldd	r24, Z+5	; 0x05
    322a:	81 30       	cpi	r24, 0x01	; 1
    322c:	79 f4       	brne	.+30     	; 0x324c <_ZN10CargaState3runEv+0xb8>
    322e:	89 81       	ldd	r24, Y+1	; 0x01
    3230:	9a 81       	ldd	r25, Y+2	; 0x02
    3232:	fc 01       	movw	r30, r24
    3234:	82 81       	ldd	r24, Z+2	; 0x02
    3236:	93 81       	ldd	r25, Z+3	; 0x03
    3238:	fc 01       	movw	r30, r24
    323a:	84 81       	ldd	r24, Z+4	; 0x04
    323c:	95 81       	ldd	r25, Z+5	; 0x05
    323e:	61 e0       	ldi	r22, 0x01	; 1
    3240:	0e 94 a4 08 	call	0x1148	; 0x1148 <_ZN5Motor4isAtENS_4SideE>
    3244:	88 23       	and	r24, r24
    3246:	11 f0       	breq	.+4      	; 0x324c <_ZN10CargaState3runEv+0xb8>
    3248:	81 e0       	ldi	r24, 0x01	; 1
    324a:	01 c0       	rjmp	.+2      	; 0x324e <_ZN10CargaState3runEv+0xba>
    324c:	80 e0       	ldi	r24, 0x00	; 0
    324e:	88 23       	and	r24, r24
    3250:	19 f1       	breq	.+70     	; 0x3298 <_ZN10CargaState3runEv+0x104>
				status->m4->move(M4_DIR_CLOSE, status->current_time);
    3252:	89 81       	ldd	r24, Y+1	; 0x01
    3254:	9a 81       	ldd	r25, Y+2	; 0x02
    3256:	fc 01       	movw	r30, r24
    3258:	82 81       	ldd	r24, Z+2	; 0x02
    325a:	93 81       	ldd	r25, Z+3	; 0x03
    325c:	fc 01       	movw	r30, r24
    325e:	86 a1       	ldd	r24, Z+38	; 0x26
    3260:	97 a1       	ldd	r25, Z+39	; 0x27
    3262:	a0 a5       	ldd	r26, Z+40	; 0x28
    3264:	b1 a5       	ldd	r27, Z+41	; 0x29
    3266:	29 81       	ldd	r18, Y+1	; 0x01
    3268:	3a 81       	ldd	r19, Y+2	; 0x02
    326a:	f9 01       	movw	r30, r18
    326c:	22 81       	ldd	r18, Z+2	; 0x02
    326e:	33 81       	ldd	r19, Z+3	; 0x03
    3270:	f9 01       	movw	r30, r18
    3272:	06 80       	ldd	r0, Z+6	; 0x06
    3274:	f7 81       	ldd	r31, Z+7	; 0x07
    3276:	e0 2d       	mov	r30, r0
    3278:	fc 83       	std	Y+4, r31	; 0x04
    327a:	eb 83       	std	Y+3, r30	; 0x03
    327c:	0c ec       	ldi	r16, 0xCC	; 204
    327e:	9c 01       	movw	r18, r24
    3280:	ad 01       	movw	r20, r26
    3282:	61 e0       	ldi	r22, 0x01	; 1
    3284:	8b 81       	ldd	r24, Y+3	; 0x03
    3286:	9c 81       	ldd	r25, Y+4	; 0x04
    3288:	0e 94 5c 07 	call	0xeb8	; 0xeb8 <_ZN5Motor4moveEbmh>
				step_m34 = 2;
    328c:	89 81       	ldd	r24, Y+1	; 0x01
    328e:	9a 81       	ldd	r25, Y+2	; 0x02
    3290:	22 e0       	ldi	r18, 0x02	; 2
    3292:	fc 01       	movw	r30, r24
    3294:	25 83       	std	Z+5, r18	; 0x05
    3296:	7d c0       	rjmp	.+250    	; 0x3392 <_ZN10CargaState3runEv+0x1fe>
			}
			else if (step_m34 == 2 && status->m4->isAt(M4_SIDE_CLOSE)) {
    3298:	89 81       	ldd	r24, Y+1	; 0x01
    329a:	9a 81       	ldd	r25, Y+2	; 0x02
    329c:	fc 01       	movw	r30, r24
    329e:	85 81       	ldd	r24, Z+5	; 0x05
    32a0:	82 30       	cpi	r24, 0x02	; 2
    32a2:	79 f4       	brne	.+30     	; 0x32c2 <_ZN10CargaState3runEv+0x12e>
    32a4:	89 81       	ldd	r24, Y+1	; 0x01
    32a6:	9a 81       	ldd	r25, Y+2	; 0x02
    32a8:	fc 01       	movw	r30, r24
    32aa:	82 81       	ldd	r24, Z+2	; 0x02
    32ac:	93 81       	ldd	r25, Z+3	; 0x03
    32ae:	fc 01       	movw	r30, r24
    32b0:	86 81       	ldd	r24, Z+6	; 0x06
    32b2:	97 81       	ldd	r25, Z+7	; 0x07
    32b4:	61 e0       	ldi	r22, 0x01	; 1
    32b6:	0e 94 a4 08 	call	0x1148	; 0x1148 <_ZN5Motor4isAtENS_4SideE>
    32ba:	88 23       	and	r24, r24
    32bc:	11 f0       	breq	.+4      	; 0x32c2 <_ZN10CargaState3runEv+0x12e>
    32be:	81 e0       	ldi	r24, 0x01	; 1
    32c0:	01 c0       	rjmp	.+2      	; 0x32c4 <_ZN10CargaState3runEv+0x130>
    32c2:	80 e0       	ldi	r24, 0x00	; 0
    32c4:	88 23       	and	r24, r24
    32c6:	19 f1       	breq	.+70     	; 0x330e <_ZN10CargaState3runEv+0x17a>
				status->m3->move(M3_DIR_BACKWARD, status->current_time, 255);
    32c8:	89 81       	ldd	r24, Y+1	; 0x01
    32ca:	9a 81       	ldd	r25, Y+2	; 0x02
    32cc:	fc 01       	movw	r30, r24
    32ce:	82 81       	ldd	r24, Z+2	; 0x02
    32d0:	93 81       	ldd	r25, Z+3	; 0x03
    32d2:	fc 01       	movw	r30, r24
    32d4:	86 a1       	ldd	r24, Z+38	; 0x26
    32d6:	97 a1       	ldd	r25, Z+39	; 0x27
    32d8:	a0 a5       	ldd	r26, Z+40	; 0x28
    32da:	b1 a5       	ldd	r27, Z+41	; 0x29
    32dc:	29 81       	ldd	r18, Y+1	; 0x01
    32de:	3a 81       	ldd	r19, Y+2	; 0x02
    32e0:	f9 01       	movw	r30, r18
    32e2:	22 81       	ldd	r18, Z+2	; 0x02
    32e4:	33 81       	ldd	r19, Z+3	; 0x03
    32e6:	f9 01       	movw	r30, r18
    32e8:	04 80       	ldd	r0, Z+4	; 0x04
    32ea:	f5 81       	ldd	r31, Z+5	; 0x05
    32ec:	e0 2d       	mov	r30, r0
    32ee:	fc 83       	std	Y+4, r31	; 0x04
    32f0:	eb 83       	std	Y+3, r30	; 0x03
    32f2:	0f ef       	ldi	r16, 0xFF	; 255
    32f4:	9c 01       	movw	r18, r24
    32f6:	ad 01       	movw	r20, r26
    32f8:	60 e0       	ldi	r22, 0x00	; 0
    32fa:	8b 81       	ldd	r24, Y+3	; 0x03
    32fc:	9c 81       	ldd	r25, Y+4	; 0x04
    32fe:	0e 94 5c 07 	call	0xeb8	; 0xeb8 <_ZN5Motor4moveEbmh>
				step_m34 = 3;
    3302:	89 81       	ldd	r24, Y+1	; 0x01
    3304:	9a 81       	ldd	r25, Y+2	; 0x02
    3306:	23 e0       	ldi	r18, 0x03	; 3
    3308:	fc 01       	movw	r30, r24
    330a:	25 83       	std	Z+5, r18	; 0x05
    330c:	42 c0       	rjmp	.+132    	; 0x3392 <_ZN10CargaState3runEv+0x1fe>
			}
			else if (step_m34 == 3 && status->m3->isAt(M3_SIDE_BACKWARD)) {
    330e:	89 81       	ldd	r24, Y+1	; 0x01
    3310:	9a 81       	ldd	r25, Y+2	; 0x02
    3312:	fc 01       	movw	r30, r24
    3314:	85 81       	ldd	r24, Z+5	; 0x05
    3316:	83 30       	cpi	r24, 0x03	; 3
    3318:	79 f4       	brne	.+30     	; 0x3338 <_ZN10CargaState3runEv+0x1a4>
    331a:	89 81       	ldd	r24, Y+1	; 0x01
    331c:	9a 81       	ldd	r25, Y+2	; 0x02
    331e:	fc 01       	movw	r30, r24
    3320:	82 81       	ldd	r24, Z+2	; 0x02
    3322:	93 81       	ldd	r25, Z+3	; 0x03
    3324:	fc 01       	movw	r30, r24
    3326:	84 81       	ldd	r24, Z+4	; 0x04
    3328:	95 81       	ldd	r25, Z+5	; 0x05
    332a:	62 e0       	ldi	r22, 0x02	; 2
    332c:	0e 94 a4 08 	call	0x1148	; 0x1148 <_ZN5Motor4isAtENS_4SideE>
    3330:	88 23       	and	r24, r24
    3332:	11 f0       	breq	.+4      	; 0x3338 <_ZN10CargaState3runEv+0x1a4>
    3334:	81 e0       	ldi	r24, 0x01	; 1
    3336:	01 c0       	rjmp	.+2      	; 0x333a <_ZN10CargaState3runEv+0x1a6>
    3338:	80 e0       	ldi	r24, 0x00	; 0
    333a:	88 23       	and	r24, r24
    333c:	51 f1       	breq	.+84     	; 0x3392 <_ZN10CargaState3runEv+0x1fe>
				step_m34 = 4; // Finalizada la Fase 1
    333e:	89 81       	ldd	r24, Y+1	; 0x01
    3340:	9a 81       	ldd	r25, Y+2	; 0x02
    3342:	24 e0       	ldi	r18, 0x04	; 4
    3344:	fc 01       	movw	r30, r24
    3346:	25 83       	std	Z+5, r18	; 0x05
				
				status->is_armed = true; // --- NUEVO: Guardamos que ya se han armado si veníamos de Idle
    3348:	89 81       	ldd	r24, Y+1	; 0x01
    334a:	9a 81       	ldd	r25, Y+2	; 0x02
    334c:	fc 01       	movw	r30, r24
    334e:	82 81       	ldd	r24, Z+2	; 0x02
    3350:	93 81       	ldd	r25, Z+3	; 0x03
    3352:	21 e0       	ldi	r18, 0x01	; 1
    3354:	fc 01       	movw	r30, r24
    3356:	21 a3       	std	Z+33, r18	; 0x21
				
				// AHORA damos permiso a M1 para arrancar la Fase 2
				status->m1->move(M1_DIR_UP, status->current_time);
    3358:	89 81       	ldd	r24, Y+1	; 0x01
    335a:	9a 81       	ldd	r25, Y+2	; 0x02
    335c:	fc 01       	movw	r30, r24
    335e:	82 81       	ldd	r24, Z+2	; 0x02
    3360:	93 81       	ldd	r25, Z+3	; 0x03
    3362:	fc 01       	movw	r30, r24
    3364:	86 a1       	ldd	r24, Z+38	; 0x26
    3366:	97 a1       	ldd	r25, Z+39	; 0x27
    3368:	a0 a5       	ldd	r26, Z+40	; 0x28
    336a:	b1 a5       	ldd	r27, Z+41	; 0x29
    336c:	29 81       	ldd	r18, Y+1	; 0x01
    336e:	3a 81       	ldd	r19, Y+2	; 0x02
    3370:	f9 01       	movw	r30, r18
    3372:	22 81       	ldd	r18, Z+2	; 0x02
    3374:	33 81       	ldd	r19, Z+3	; 0x03
    3376:	f9 01       	movw	r30, r18
    3378:	01 90       	ld	r0, Z+
    337a:	f0 81       	ld	r31, Z
    337c:	e0 2d       	mov	r30, r0
    337e:	fc 83       	std	Y+4, r31	; 0x04
    3380:	eb 83       	std	Y+3, r30	; 0x03
    3382:	0c ec       	ldi	r16, 0xCC	; 204
    3384:	9c 01       	movw	r18, r24
    3386:	ad 01       	movw	r20, r26
    3388:	61 e0       	ldi	r22, 0x01	; 1
    338a:	8b 81       	ldd	r24, Y+3	; 0x03
    338c:	9c 81       	ldd	r25, Y+4	; 0x04
    338e:	0e 94 5c 07 	call	0xeb8	; 0xeb8 <_ZN5Motor4moveEbmh>
			
			// ==========================================
			// FASE 2: Secuencia de M1 y M2 (Recarga)
			// Solo se ejecuta si la Fase 1 ha terminado (step_m34 == 4)
			// ==========================================
			if (step_m34 == 4) {
    3392:	89 81       	ldd	r24, Y+1	; 0x01
    3394:	9a 81       	ldd	r25, Y+2	; 0x02
    3396:	fc 01       	movw	r30, r24
    3398:	85 81       	ldd	r24, Z+5	; 0x05
    339a:	84 30       	cpi	r24, 0x04	; 4
    339c:	09 f0       	breq	.+2      	; 0x33a0 <_ZN10CargaState3runEv+0x20c>
    339e:	0f c1       	rjmp	.+542    	; 0x35be <_ZN10CargaState3runEv+0x42a>
				if(step_m12 == 0 && status->m1->isAt(M1_SIDE_UP)) {
    33a0:	89 81       	ldd	r24, Y+1	; 0x01
    33a2:	9a 81       	ldd	r25, Y+2	; 0x02
    33a4:	fc 01       	movw	r30, r24
    33a6:	84 81       	ldd	r24, Z+4	; 0x04
    33a8:	88 23       	and	r24, r24
    33aa:	79 f4       	brne	.+30     	; 0x33ca <_ZN10CargaState3runEv+0x236>
    33ac:	89 81       	ldd	r24, Y+1	; 0x01
    33ae:	9a 81       	ldd	r25, Y+2	; 0x02
    33b0:	fc 01       	movw	r30, r24
    33b2:	82 81       	ldd	r24, Z+2	; 0x02
    33b4:	93 81       	ldd	r25, Z+3	; 0x03
    33b6:	fc 01       	movw	r30, r24
    33b8:	80 81       	ld	r24, Z
    33ba:	91 81       	ldd	r25, Z+1	; 0x01
    33bc:	61 e0       	ldi	r22, 0x01	; 1
    33be:	0e 94 a4 08 	call	0x1148	; 0x1148 <_ZN5Motor4isAtENS_4SideE>
    33c2:	88 23       	and	r24, r24
    33c4:	11 f0       	breq	.+4      	; 0x33ca <_ZN10CargaState3runEv+0x236>
    33c6:	81 e0       	ldi	r24, 0x01	; 1
    33c8:	01 c0       	rjmp	.+2      	; 0x33cc <_ZN10CargaState3runEv+0x238>
    33ca:	80 e0       	ldi	r24, 0x00	; 0
    33cc:	88 23       	and	r24, r24
    33ce:	09 f4       	brne	.+2      	; 0x33d2 <_ZN10CargaState3runEv+0x23e>
    33d0:	62 c0       	rjmp	.+196    	; 0x3496 <_ZN10CargaState3runEv+0x302>
					// Asumiendo que usas LimitSwitch3::Position::RIGHT (o tu define M2_POS_RIGHT)
					if (status->m2->isAt(LimitSwitch3::Position::RIGHT)) { 
    33d2:	89 81       	ldd	r24, Y+1	; 0x01
    33d4:	9a 81       	ldd	r25, Y+2	; 0x02
    33d6:	fc 01       	movw	r30, r24
    33d8:	82 81       	ldd	r24, Z+2	; 0x02
    33da:	93 81       	ldd	r25, Z+3	; 0x03
    33dc:	fc 01       	movw	r30, r24
    33de:	82 81       	ldd	r24, Z+2	; 0x02
    33e0:	93 81       	ldd	r25, Z+3	; 0x03
    33e2:	63 e0       	ldi	r22, 0x03	; 3
    33e4:	0e 94 00 0e 	call	0x1c00	; 0x1c00 <_ZN6Motor24isAtEN12LimitSwitch38PositionE>
    33e8:	88 23       	and	r24, r24
    33ea:	19 f1       	breq	.+70     	; 0x3432 <_ZN10CargaState3runEv+0x29e>
						status->m1->move(M1_DIR_DOWN, status->current_time);
    33ec:	89 81       	ldd	r24, Y+1	; 0x01
    33ee:	9a 81       	ldd	r25, Y+2	; 0x02
    33f0:	fc 01       	movw	r30, r24
    33f2:	82 81       	ldd	r24, Z+2	; 0x02
    33f4:	93 81       	ldd	r25, Z+3	; 0x03
    33f6:	fc 01       	movw	r30, r24
    33f8:	86 a1       	ldd	r24, Z+38	; 0x26
    33fa:	97 a1       	ldd	r25, Z+39	; 0x27
    33fc:	a0 a5       	ldd	r26, Z+40	; 0x28
    33fe:	b1 a5       	ldd	r27, Z+41	; 0x29
    3400:	29 81       	ldd	r18, Y+1	; 0x01
    3402:	3a 81       	ldd	r19, Y+2	; 0x02
    3404:	f9 01       	movw	r30, r18
    3406:	22 81       	ldd	r18, Z+2	; 0x02
    3408:	33 81       	ldd	r19, Z+3	; 0x03
    340a:	f9 01       	movw	r30, r18
    340c:	01 90       	ld	r0, Z+
    340e:	f0 81       	ld	r31, Z
    3410:	e0 2d       	mov	r30, r0
    3412:	fc 83       	std	Y+4, r31	; 0x04
    3414:	eb 83       	std	Y+3, r30	; 0x03
    3416:	0c ec       	ldi	r16, 0xCC	; 204
    3418:	9c 01       	movw	r18, r24
    341a:	ad 01       	movw	r20, r26
    341c:	60 e0       	ldi	r22, 0x00	; 0
    341e:	8b 81       	ldd	r24, Y+3	; 0x03
    3420:	9c 81       	ldd	r25, Y+4	; 0x04
    3422:	0e 94 5c 07 	call	0xeb8	; 0xeb8 <_ZN5Motor4moveEbmh>
						step_m12 = 1;
    3426:	89 81       	ldd	r24, Y+1	; 0x01
    3428:	9a 81       	ldd	r25, Y+2	; 0x02
    342a:	21 e0       	ldi	r18, 0x01	; 1
    342c:	fc 01       	movw	r30, r24
    342e:	24 83       	std	Z+4, r18	; 0x04
				}
				else if (step_m12 == 3 && status->m1->isAt(M1_SIDE_UP)) {
					step_m12 = 4; // Finalizada la Fase 2
				}
			}
		}
    3430:	c6 c0       	rjmp	.+396    	; 0x35be <_ZN10CargaState3runEv+0x42a>
					// Asumiendo que usas LimitSwitch3::Position::RIGHT (o tu define M2_POS_RIGHT)
					if (status->m2->isAt(LimitSwitch3::Position::RIGHT)) { 
						status->m1->move(M1_DIR_DOWN, status->current_time);
						step_m12 = 1;
					}
					else if (!status->m2->isMoving()) {
    3432:	89 81       	ldd	r24, Y+1	; 0x01
    3434:	9a 81       	ldd	r25, Y+2	; 0x02
    3436:	fc 01       	movw	r30, r24
    3438:	82 81       	ldd	r24, Z+2	; 0x02
    343a:	93 81       	ldd	r25, Z+3	; 0x03
    343c:	fc 01       	movw	r30, r24
    343e:	82 81       	ldd	r24, Z+2	; 0x02
    3440:	93 81       	ldd	r25, Z+3	; 0x03
    3442:	0e 94 2f 0e 	call	0x1c5e	; 0x1c5e <_ZN6Motor28isMovingEv>
    3446:	98 2f       	mov	r25, r24
    3448:	81 e0       	ldi	r24, 0x01	; 1
    344a:	89 27       	eor	r24, r25
    344c:	88 23       	and	r24, r24
    344e:	09 f4       	brne	.+2      	; 0x3452 <_ZN10CargaState3runEv+0x2be>
    3450:	b6 c0       	rjmp	.+364    	; 0x35be <_ZN10CargaState3runEv+0x42a>
						status->m2->move(M2_DIR_RIGHT, LimitSwitch3::Position::RIGHT, status->current_time);
    3452:	89 81       	ldd	r24, Y+1	; 0x01
    3454:	9a 81       	ldd	r25, Y+2	; 0x02
    3456:	fc 01       	movw	r30, r24
    3458:	82 81       	ldd	r24, Z+2	; 0x02
    345a:	93 81       	ldd	r25, Z+3	; 0x03
    345c:	fc 01       	movw	r30, r24
    345e:	86 a1       	ldd	r24, Z+38	; 0x26
    3460:	97 a1       	ldd	r25, Z+39	; 0x27
    3462:	a0 a5       	ldd	r26, Z+40	; 0x28
    3464:	b1 a5       	ldd	r27, Z+41	; 0x29
    3466:	29 81       	ldd	r18, Y+1	; 0x01
    3468:	3a 81       	ldd	r19, Y+2	; 0x02
    346a:	f9 01       	movw	r30, r18
    346c:	22 81       	ldd	r18, Z+2	; 0x02
    346e:	33 81       	ldd	r19, Z+3	; 0x03
    3470:	f9 01       	movw	r30, r18
    3472:	02 80       	ldd	r0, Z+2	; 0x02
    3474:	f3 81       	ldd	r31, Z+3	; 0x03
    3476:	e0 2d       	mov	r30, r0
    3478:	fc 83       	std	Y+4, r31	; 0x04
    347a:	eb 83       	std	Y+3, r30	; 0x03
    347c:	0f 2e       	mov	r0, r31
    347e:	fc ec       	ldi	r31, 0xCC	; 204
    3480:	ef 2e       	mov	r14, r31
    3482:	f0 2d       	mov	r31, r0
    3484:	8c 01       	movw	r16, r24
    3486:	9d 01       	movw	r18, r26
    3488:	43 e0       	ldi	r20, 0x03	; 3
    348a:	60 e0       	ldi	r22, 0x00	; 0
    348c:	8b 81       	ldd	r24, Y+3	; 0x03
    348e:	9c 81       	ldd	r25, Y+4	; 0x04
    3490:	0e 94 06 0c 	call	0x180c	; 0x180c <_ZN6Motor24moveEbN12LimitSwitch38PositionEmh>
				}
				else if (step_m12 == 3 && status->m1->isAt(M1_SIDE_UP)) {
					step_m12 = 4; // Finalizada la Fase 2
				}
			}
		}
    3494:	94 c0       	rjmp	.+296    	; 0x35be <_ZN10CargaState3runEv+0x42a>
					}
					else if (!status->m2->isMoving()) {
						status->m2->move(M2_DIR_RIGHT, LimitSwitch3::Position::RIGHT, status->current_time);
					}
				}
				else if (step_m12 == 1 && status->m1->isAt(M1_SIDE_DOWN)) {
    3496:	89 81       	ldd	r24, Y+1	; 0x01
    3498:	9a 81       	ldd	r25, Y+2	; 0x02
    349a:	fc 01       	movw	r30, r24
    349c:	84 81       	ldd	r24, Z+4	; 0x04
    349e:	81 30       	cpi	r24, 0x01	; 1
    34a0:	79 f4       	brne	.+30     	; 0x34c0 <_ZN10CargaState3runEv+0x32c>
    34a2:	89 81       	ldd	r24, Y+1	; 0x01
    34a4:	9a 81       	ldd	r25, Y+2	; 0x02
    34a6:	fc 01       	movw	r30, r24
    34a8:	82 81       	ldd	r24, Z+2	; 0x02
    34aa:	93 81       	ldd	r25, Z+3	; 0x03
    34ac:	fc 01       	movw	r30, r24
    34ae:	80 81       	ld	r24, Z
    34b0:	91 81       	ldd	r25, Z+1	; 0x01
    34b2:	62 e0       	ldi	r22, 0x02	; 2
    34b4:	0e 94 a4 08 	call	0x1148	; 0x1148 <_ZN5Motor4isAtENS_4SideE>
    34b8:	88 23       	and	r24, r24
    34ba:	11 f0       	breq	.+4      	; 0x34c0 <_ZN10CargaState3runEv+0x32c>
    34bc:	81 e0       	ldi	r24, 0x01	; 1
    34be:	01 c0       	rjmp	.+2      	; 0x34c2 <_ZN10CargaState3runEv+0x32e>
    34c0:	80 e0       	ldi	r24, 0x00	; 0
    34c2:	88 23       	and	r24, r24
    34c4:	b9 f0       	breq	.+46     	; 0x34f4 <_ZN10CargaState3runEv+0x360>
					timer_m1 = status->current_time;
    34c6:	89 81       	ldd	r24, Y+1	; 0x01
    34c8:	9a 81       	ldd	r25, Y+2	; 0x02
    34ca:	fc 01       	movw	r30, r24
    34cc:	82 81       	ldd	r24, Z+2	; 0x02
    34ce:	93 81       	ldd	r25, Z+3	; 0x03
    34d0:	fc 01       	movw	r30, r24
    34d2:	86 a1       	ldd	r24, Z+38	; 0x26
    34d4:	97 a1       	ldd	r25, Z+39	; 0x27
    34d6:	a0 a5       	ldd	r26, Z+40	; 0x28
    34d8:	b1 a5       	ldd	r27, Z+41	; 0x29
    34da:	29 81       	ldd	r18, Y+1	; 0x01
    34dc:	3a 81       	ldd	r19, Y+2	; 0x02
    34de:	f9 01       	movw	r30, r18
    34e0:	86 83       	std	Z+6, r24	; 0x06
    34e2:	97 83       	std	Z+7, r25	; 0x07
    34e4:	a0 87       	std	Z+8, r26	; 0x08
    34e6:	b1 87       	std	Z+9, r27	; 0x09
					step_m12 = 2;
    34e8:	89 81       	ldd	r24, Y+1	; 0x01
    34ea:	9a 81       	ldd	r25, Y+2	; 0x02
    34ec:	22 e0       	ldi	r18, 0x02	; 2
    34ee:	fc 01       	movw	r30, r24
    34f0:	24 83       	std	Z+4, r18	; 0x04
				}
				else if (step_m12 == 3 && status->m1->isAt(M1_SIDE_UP)) {
					step_m12 = 4; // Finalizada la Fase 2
				}
			}
		}
    34f2:	65 c0       	rjmp	.+202    	; 0x35be <_ZN10CargaState3runEv+0x42a>
				}
				else if (step_m12 == 1 && status->m1->isAt(M1_SIDE_DOWN)) {
					timer_m1 = status->current_time;
					step_m12 = 2;
				}
				else if (step_m12 == 2 && (status->current_time - timer_m1) >= 1000) {
    34f4:	89 81       	ldd	r24, Y+1	; 0x01
    34f6:	9a 81       	ldd	r25, Y+2	; 0x02
    34f8:	fc 01       	movw	r30, r24
    34fa:	84 81       	ldd	r24, Z+4	; 0x04
    34fc:	82 30       	cpi	r24, 0x02	; 2
    34fe:	09 f0       	breq	.+2      	; 0x3502 <_ZN10CargaState3runEv+0x36e>
    3500:	41 c0       	rjmp	.+130    	; 0x3584 <_ZN10CargaState3runEv+0x3f0>
    3502:	89 81       	ldd	r24, Y+1	; 0x01
    3504:	9a 81       	ldd	r25, Y+2	; 0x02
    3506:	fc 01       	movw	r30, r24
    3508:	82 81       	ldd	r24, Z+2	; 0x02
    350a:	93 81       	ldd	r25, Z+3	; 0x03
    350c:	fc 01       	movw	r30, r24
    350e:	26 a1       	ldd	r18, Z+38	; 0x26
    3510:	37 a1       	ldd	r19, Z+39	; 0x27
    3512:	40 a5       	ldd	r20, Z+40	; 0x28
    3514:	51 a5       	ldd	r21, Z+41	; 0x29
    3516:	89 81       	ldd	r24, Y+1	; 0x01
    3518:	9a 81       	ldd	r25, Y+2	; 0x02
    351a:	fc 01       	movw	r30, r24
    351c:	86 81       	ldd	r24, Z+6	; 0x06
    351e:	97 81       	ldd	r25, Z+7	; 0x07
    3520:	a0 85       	ldd	r26, Z+8	; 0x08
    3522:	b1 85       	ldd	r27, Z+9	; 0x09
    3524:	79 01       	movw	r14, r18
    3526:	8a 01       	movw	r16, r20
    3528:	e8 1a       	sub	r14, r24
    352a:	f9 0a       	sbc	r15, r25
    352c:	0a 0b       	sbc	r16, r26
    352e:	1b 0b       	sbc	r17, r27
    3530:	d8 01       	movw	r26, r16
    3532:	c7 01       	movw	r24, r14
    3534:	88 3e       	cpi	r24, 0xE8	; 232
    3536:	93 40       	sbci	r25, 0x03	; 3
    3538:	a1 05       	cpc	r26, r1
    353a:	b1 05       	cpc	r27, r1
    353c:	18 f1       	brcs	.+70     	; 0x3584 <_ZN10CargaState3runEv+0x3f0>
					status->m1->move(M1_DIR_UP, status->current_time);
    353e:	89 81       	ldd	r24, Y+1	; 0x01
    3540:	9a 81       	ldd	r25, Y+2	; 0x02
    3542:	fc 01       	movw	r30, r24
    3544:	82 81       	ldd	r24, Z+2	; 0x02
    3546:	93 81       	ldd	r25, Z+3	; 0x03
    3548:	fc 01       	movw	r30, r24
    354a:	86 a1       	ldd	r24, Z+38	; 0x26
    354c:	97 a1       	ldd	r25, Z+39	; 0x27
    354e:	a0 a5       	ldd	r26, Z+40	; 0x28
    3550:	b1 a5       	ldd	r27, Z+41	; 0x29
    3552:	29 81       	ldd	r18, Y+1	; 0x01
    3554:	3a 81       	ldd	r19, Y+2	; 0x02
    3556:	f9 01       	movw	r30, r18
    3558:	22 81       	ldd	r18, Z+2	; 0x02
    355a:	33 81       	ldd	r19, Z+3	; 0x03
    355c:	f9 01       	movw	r30, r18
    355e:	01 90       	ld	r0, Z+
    3560:	f0 81       	ld	r31, Z
    3562:	e0 2d       	mov	r30, r0
    3564:	fc 83       	std	Y+4, r31	; 0x04
    3566:	eb 83       	std	Y+3, r30	; 0x03
    3568:	0c ec       	ldi	r16, 0xCC	; 204
    356a:	9c 01       	movw	r18, r24
    356c:	ad 01       	movw	r20, r26
    356e:	61 e0       	ldi	r22, 0x01	; 1
    3570:	8b 81       	ldd	r24, Y+3	; 0x03
    3572:	9c 81       	ldd	r25, Y+4	; 0x04
    3574:	0e 94 5c 07 	call	0xeb8	; 0xeb8 <_ZN5Motor4moveEbmh>
					step_m12 = 3;
    3578:	89 81       	ldd	r24, Y+1	; 0x01
    357a:	9a 81       	ldd	r25, Y+2	; 0x02
    357c:	23 e0       	ldi	r18, 0x03	; 3
    357e:	fc 01       	movw	r30, r24
    3580:	24 83       	std	Z+4, r18	; 0x04
				}
				else if (step_m12 == 3 && status->m1->isAt(M1_SIDE_UP)) {
					step_m12 = 4; // Finalizada la Fase 2
				}
			}
		}
    3582:	1d c0       	rjmp	.+58     	; 0x35be <_ZN10CargaState3runEv+0x42a>
				}
				else if (step_m12 == 2 && (status->current_time - timer_m1) >= 1000) {
					status->m1->move(M1_DIR_UP, status->current_time);
					step_m12 = 3;
				}
				else if (step_m12 == 3 && status->m1->isAt(M1_SIDE_UP)) {
    3584:	89 81       	ldd	r24, Y+1	; 0x01
    3586:	9a 81       	ldd	r25, Y+2	; 0x02
    3588:	fc 01       	movw	r30, r24
    358a:	84 81       	ldd	r24, Z+4	; 0x04
    358c:	83 30       	cpi	r24, 0x03	; 3
    358e:	79 f4       	brne	.+30     	; 0x35ae <_ZN10CargaState3runEv+0x41a>
    3590:	89 81       	ldd	r24, Y+1	; 0x01
    3592:	9a 81       	ldd	r25, Y+2	; 0x02
    3594:	fc 01       	movw	r30, r24
    3596:	82 81       	ldd	r24, Z+2	; 0x02
    3598:	93 81       	ldd	r25, Z+3	; 0x03
    359a:	fc 01       	movw	r30, r24
    359c:	80 81       	ld	r24, Z
    359e:	91 81       	ldd	r25, Z+1	; 0x01
    35a0:	61 e0       	ldi	r22, 0x01	; 1
    35a2:	0e 94 a4 08 	call	0x1148	; 0x1148 <_ZN5Motor4isAtENS_4SideE>
    35a6:	88 23       	and	r24, r24
    35a8:	11 f0       	breq	.+4      	; 0x35ae <_ZN10CargaState3runEv+0x41a>
    35aa:	81 e0       	ldi	r24, 0x01	; 1
    35ac:	01 c0       	rjmp	.+2      	; 0x35b0 <_ZN10CargaState3runEv+0x41c>
    35ae:	80 e0       	ldi	r24, 0x00	; 0
    35b0:	88 23       	and	r24, r24
    35b2:	29 f0       	breq	.+10     	; 0x35be <_ZN10CargaState3runEv+0x42a>
					step_m12 = 4; // Finalizada la Fase 2
    35b4:	89 81       	ldd	r24, Y+1	; 0x01
    35b6:	9a 81       	ldd	r25, Y+2	; 0x02
    35b8:	24 e0       	ldi	r18, 0x04	; 4
    35ba:	fc 01       	movw	r30, r24
    35bc:	24 83       	std	Z+4, r18	; 0x04
				}
			}
		}
    35be:	00 00       	nop
    35c0:	0f 90       	pop	r0
    35c2:	0f 90       	pop	r0
    35c4:	0f 90       	pop	r0
    35c6:	0f 90       	pop	r0
    35c8:	df 91       	pop	r29
    35ca:	cf 91       	pop	r28
    35cc:	1f 91       	pop	r17
    35ce:	0f 91       	pop	r16
    35d0:	ff 90       	pop	r15
    35d2:	ef 90       	pop	r14
    35d4:	08 95       	ret

000035d6 <_ZN10CargaState17check_transitionsEv>:
		
		States check_transitions() override {
    35d6:	cf 93       	push	r28
    35d8:	df 93       	push	r29
    35da:	00 d0       	rcall	.+0      	; 0x35dc <_ZN10CargaState17check_transitionsEv+0x6>
    35dc:	cd b7       	in	r28, 0x3d	; 61
    35de:	de b7       	in	r29, 0x3e	; 62
    35e0:	9a 83       	std	Y+2, r25	; 0x02
    35e2:	89 83       	std	Y+1, r24	; 0x01
			if (step_m12 == 4 && step_m34 == 4) {
    35e4:	89 81       	ldd	r24, Y+1	; 0x01
    35e6:	9a 81       	ldd	r25, Y+2	; 0x02
    35e8:	fc 01       	movw	r30, r24
    35ea:	84 81       	ldd	r24, Z+4	; 0x04
    35ec:	84 30       	cpi	r24, 0x04	; 4
    35ee:	41 f4       	brne	.+16     	; 0x3600 <_ZN10CargaState17check_transitionsEv+0x2a>
    35f0:	89 81       	ldd	r24, Y+1	; 0x01
    35f2:	9a 81       	ldd	r25, Y+2	; 0x02
    35f4:	fc 01       	movw	r30, r24
    35f6:	85 81       	ldd	r24, Z+5	; 0x05
    35f8:	84 30       	cpi	r24, 0x04	; 4
    35fa:	11 f4       	brne	.+4      	; 0x3600 <_ZN10CargaState17check_transitionsEv+0x2a>
				return States::Armado;
    35fc:	84 e0       	ldi	r24, 0x04	; 4
    35fe:	01 c0       	rjmp	.+2      	; 0x3602 <_ZN10CargaState17check_transitionsEv+0x2c>
			}
			return States::NO_CHANGE;
    3600:	8f ef       	ldi	r24, 0xFF	; 255
		}
    3602:	0f 90       	pop	r0
    3604:	0f 90       	pop	r0
    3606:	df 91       	pop	r29
    3608:	cf 91       	pop	r28
    360a:	08 95       	ret

0000360c <_ZN11ArmadoStateC1EP6Status>:

class ArmadoState : public StateActionBase {
	private:
	bool going_left = true; 
	public:
	explicit ArmadoState(Status* s) : StateActionBase(s) {}
    360c:	cf 93       	push	r28
    360e:	df 93       	push	r29
    3610:	00 d0       	rcall	.+0      	; 0x3612 <_ZN11ArmadoStateC1EP6Status+0x6>
    3612:	00 d0       	rcall	.+0      	; 0x3614 <_ZN11ArmadoStateC1EP6Status+0x8>
    3614:	cd b7       	in	r28, 0x3d	; 61
    3616:	de b7       	in	r29, 0x3e	; 62
    3618:	9a 83       	std	Y+2, r25	; 0x02
    361a:	89 83       	std	Y+1, r24	; 0x01
    361c:	7c 83       	std	Y+4, r23	; 0x04
    361e:	6b 83       	std	Y+3, r22	; 0x03
    3620:	89 81       	ldd	r24, Y+1	; 0x01
    3622:	9a 81       	ldd	r25, Y+2	; 0x02
    3624:	2b 81       	ldd	r18, Y+3	; 0x03
    3626:	3c 81       	ldd	r19, Y+4	; 0x04
    3628:	b9 01       	movw	r22, r18
    362a:	0e 94 0f 14 	call	0x281e	; 0x281e <_ZN15StateActionBaseC1EP6Status>
    362e:	29 e4       	ldi	r18, 0x49	; 73
    3630:	32 e0       	ldi	r19, 0x02	; 2
    3632:	89 81       	ldd	r24, Y+1	; 0x01
    3634:	9a 81       	ldd	r25, Y+2	; 0x02
    3636:	fc 01       	movw	r30, r24
    3638:	31 83       	std	Z+1, r19	; 0x01
    363a:	20 83       	st	Z, r18
    363c:	89 81       	ldd	r24, Y+1	; 0x01
    363e:	9a 81       	ldd	r25, Y+2	; 0x02
    3640:	21 e0       	ldi	r18, 0x01	; 1
    3642:	fc 01       	movw	r30, r24
    3644:	24 83       	std	Z+4, r18	; 0x04
    3646:	00 00       	nop
    3648:	0f 90       	pop	r0
    364a:	0f 90       	pop	r0
    364c:	0f 90       	pop	r0
    364e:	0f 90       	pop	r0
    3650:	df 91       	pop	r29
    3652:	cf 91       	pop	r28
    3654:	08 95       	ret

00003656 <_ZN11ArmadoState5entryEv>:
	
	void entry() override {
    3656:	ef 92       	push	r14
    3658:	0f 93       	push	r16
    365a:	1f 93       	push	r17
    365c:	cf 93       	push	r28
    365e:	df 93       	push	r29
    3660:	00 d0       	rcall	.+0      	; 0x3662 <_ZN11ArmadoState5entryEv+0xc>
    3662:	00 d0       	rcall	.+0      	; 0x3664 <_ZN11ArmadoState5entryEv+0xe>
    3664:	cd b7       	in	r28, 0x3d	; 61
    3666:	de b7       	in	r29, 0x3e	; 62
    3668:	9a 83       	std	Y+2, r25	; 0x02
    366a:	89 83       	std	Y+1, r24	; 0x01
		status->led->on();
    366c:	89 81       	ldd	r24, Y+1	; 0x01
    366e:	9a 81       	ldd	r25, Y+2	; 0x02
    3670:	fc 01       	movw	r30, r24
    3672:	82 81       	ldd	r24, Z+2	; 0x02
    3674:	93 81       	ldd	r25, Z+3	; 0x03
    3676:	fc 01       	movw	r30, r24
    3678:	86 89       	ldd	r24, Z+22	; 0x16
    367a:	97 89       	ldd	r25, Z+23	; 0x17
    367c:	0e 94 08 04 	call	0x810	; 0x810 <_ZN3Led2onEv>
		going_left = true;
    3680:	89 81       	ldd	r24, Y+1	; 0x01
    3682:	9a 81       	ldd	r25, Y+2	; 0x02
    3684:	21 e0       	ldi	r18, 0x01	; 1
    3686:	fc 01       	movw	r30, r24
    3688:	24 83       	std	Z+4, r18	; 0x04
		
		// M2 viene del extremo DERECHO (al final de Carga). 
		// Lo mandamos al IZQUIERDO para iniciar el barrido. 
		// Al hacerlo, pasará por el centro ignorándolo gracias a tu clase Motor2.
		status->m2->move(M2_DIR_LEFT, LimitSwitch3::Position::LEFT, status->current_time, 153);
    368a:	89 81       	ldd	r24, Y+1	; 0x01
    368c:	9a 81       	ldd	r25, Y+2	; 0x02
    368e:	fc 01       	movw	r30, r24
    3690:	82 81       	ldd	r24, Z+2	; 0x02
    3692:	93 81       	ldd	r25, Z+3	; 0x03
    3694:	fc 01       	movw	r30, r24
    3696:	86 a1       	ldd	r24, Z+38	; 0x26
    3698:	97 a1       	ldd	r25, Z+39	; 0x27
    369a:	a0 a5       	ldd	r26, Z+40	; 0x28
    369c:	b1 a5       	ldd	r27, Z+41	; 0x29
    369e:	29 81       	ldd	r18, Y+1	; 0x01
    36a0:	3a 81       	ldd	r19, Y+2	; 0x02
    36a2:	f9 01       	movw	r30, r18
    36a4:	22 81       	ldd	r18, Z+2	; 0x02
    36a6:	33 81       	ldd	r19, Z+3	; 0x03
    36a8:	f9 01       	movw	r30, r18
    36aa:	02 80       	ldd	r0, Z+2	; 0x02
    36ac:	f3 81       	ldd	r31, Z+3	; 0x03
    36ae:	e0 2d       	mov	r30, r0
    36b0:	fc 83       	std	Y+4, r31	; 0x04
    36b2:	eb 83       	std	Y+3, r30	; 0x03
    36b4:	0f 2e       	mov	r0, r31
    36b6:	f9 e9       	ldi	r31, 0x99	; 153
    36b8:	ef 2e       	mov	r14, r31
    36ba:	f0 2d       	mov	r31, r0
    36bc:	8c 01       	movw	r16, r24
    36be:	9d 01       	movw	r18, r26
    36c0:	41 e0       	ldi	r20, 0x01	; 1
    36c2:	61 e0       	ldi	r22, 0x01	; 1
    36c4:	8b 81       	ldd	r24, Y+3	; 0x03
    36c6:	9c 81       	ldd	r25, Y+4	; 0x04
    36c8:	0e 94 06 0c 	call	0x180c	; 0x180c <_ZN6Motor24moveEbN12LimitSwitch38PositionEmh>
	}
    36cc:	00 00       	nop
    36ce:	0f 90       	pop	r0
    36d0:	0f 90       	pop	r0
    36d2:	0f 90       	pop	r0
    36d4:	0f 90       	pop	r0
    36d6:	df 91       	pop	r29
    36d8:	cf 91       	pop	r28
    36da:	1f 91       	pop	r17
    36dc:	0f 91       	pop	r16
    36de:	ef 90       	pop	r14
    36e0:	08 95       	ret

000036e2 <_ZN11ArmadoState3runEv>:
	
	void run() override {
    36e2:	ef 92       	push	r14
    36e4:	0f 93       	push	r16
    36e6:	1f 93       	push	r17
    36e8:	cf 93       	push	r28
    36ea:	df 93       	push	r29
    36ec:	00 d0       	rcall	.+0      	; 0x36ee <_ZN11ArmadoState3runEv+0xc>
    36ee:	00 d0       	rcall	.+0      	; 0x36f0 <_ZN11ArmadoState3runEv+0xe>
    36f0:	cd b7       	in	r28, 0x3d	; 61
    36f2:	de b7       	in	r29, 0x3e	; 62
    36f4:	9a 83       	std	Y+2, r25	; 0x02
    36f6:	89 83       	std	Y+1, r24	; 0x01
		if (!status->m2->isMoving()) {
    36f8:	89 81       	ldd	r24, Y+1	; 0x01
    36fa:	9a 81       	ldd	r25, Y+2	; 0x02
    36fc:	fc 01       	movw	r30, r24
    36fe:	82 81       	ldd	r24, Z+2	; 0x02
    3700:	93 81       	ldd	r25, Z+3	; 0x03
    3702:	fc 01       	movw	r30, r24
    3704:	82 81       	ldd	r24, Z+2	; 0x02
    3706:	93 81       	ldd	r25, Z+3	; 0x03
    3708:	0e 94 2f 0e 	call	0x1c5e	; 0x1c5e <_ZN6Motor28isMovingEv>
    370c:	98 2f       	mov	r25, r24
    370e:	81 e0       	ldi	r24, 0x01	; 1
    3710:	89 27       	eor	r24, r25
    3712:	88 23       	and	r24, r24
    3714:	09 f4       	brne	.+2      	; 0x3718 <_ZN11ArmadoState3runEv+0x36>
    3716:	b1 c0       	rjmp	.+354    	; 0x387a <_ZN11ArmadoState3runEv+0x198>
			
			if (going_left) {
    3718:	89 81       	ldd	r24, Y+1	; 0x01
    371a:	9a 81       	ldd	r25, Y+2	; 0x02
    371c:	fc 01       	movw	r30, r24
    371e:	84 81       	ldd	r24, Z+4	; 0x04
    3720:	88 23       	and	r24, r24
    3722:	09 f4       	brne	.+2      	; 0x3726 <_ZN11ArmadoState3runEv+0x44>
    3724:	55 c0       	rjmp	.+170    	; 0x37d0 <_ZN11ArmadoState3runEv+0xee>
				// Si íbamos a la izquierda y llegamos a la izquierda
				if(status->m2->isAt(LimitSwitch3::Position::LEFT)) {
    3726:	89 81       	ldd	r24, Y+1	; 0x01
    3728:	9a 81       	ldd	r25, Y+2	; 0x02
    372a:	fc 01       	movw	r30, r24
    372c:	82 81       	ldd	r24, Z+2	; 0x02
    372e:	93 81       	ldd	r25, Z+3	; 0x03
    3730:	fc 01       	movw	r30, r24
    3732:	82 81       	ldd	r24, Z+2	; 0x02
    3734:	93 81       	ldd	r25, Z+3	; 0x03
    3736:	61 e0       	ldi	r22, 0x01	; 1
    3738:	0e 94 00 0e 	call	0x1c00	; 0x1c00 <_ZN6Motor24isAtEN12LimitSwitch38PositionE>
    373c:	88 23       	and	r24, r24
    373e:	31 f1       	breq	.+76     	; 0x378c <_ZN11ArmadoState3runEv+0xaa>
					going_left = false; // Rebotar hacia la derecha (pero solo hasta el MEDIO)
    3740:	89 81       	ldd	r24, Y+1	; 0x01
    3742:	9a 81       	ldd	r25, Y+2	; 0x02
    3744:	fc 01       	movw	r30, r24
    3746:	14 82       	std	Z+4, r1	; 0x04
					status->m2->move(M2_DIR_RIGHT, LimitSwitch3::Position::MIDDLE, status->current_time, 153);
    3748:	89 81       	ldd	r24, Y+1	; 0x01
    374a:	9a 81       	ldd	r25, Y+2	; 0x02
    374c:	fc 01       	movw	r30, r24
    374e:	82 81       	ldd	r24, Z+2	; 0x02
    3750:	93 81       	ldd	r25, Z+3	; 0x03
    3752:	fc 01       	movw	r30, r24
    3754:	86 a1       	ldd	r24, Z+38	; 0x26
    3756:	97 a1       	ldd	r25, Z+39	; 0x27
    3758:	a0 a5       	ldd	r26, Z+40	; 0x28
    375a:	b1 a5       	ldd	r27, Z+41	; 0x29
    375c:	29 81       	ldd	r18, Y+1	; 0x01
    375e:	3a 81       	ldd	r19, Y+2	; 0x02
    3760:	f9 01       	movw	r30, r18
    3762:	22 81       	ldd	r18, Z+2	; 0x02
    3764:	33 81       	ldd	r19, Z+3	; 0x03
    3766:	f9 01       	movw	r30, r18
    3768:	02 80       	ldd	r0, Z+2	; 0x02
    376a:	f3 81       	ldd	r31, Z+3	; 0x03
    376c:	e0 2d       	mov	r30, r0
    376e:	fc 83       	std	Y+4, r31	; 0x04
    3770:	eb 83       	std	Y+3, r30	; 0x03
    3772:	0f 2e       	mov	r0, r31
    3774:	f9 e9       	ldi	r31, 0x99	; 153
    3776:	ef 2e       	mov	r14, r31
    3778:	f0 2d       	mov	r31, r0
    377a:	8c 01       	movw	r16, r24
    377c:	9d 01       	movw	r18, r26
    377e:	42 e0       	ldi	r20, 0x02	; 2
    3780:	60 e0       	ldi	r22, 0x00	; 0
    3782:	8b 81       	ldd	r24, Y+3	; 0x03
    3784:	9c 81       	ldd	r25, Y+4	; 0x04
    3786:	0e 94 06 0c 	call	0x180c	; 0x180c <_ZN6Motor24moveEbN12LimitSwitch38PositionEmh>
					// Nos aseguramos de que el destino es siempre MIDDLE, y nunca enviarlo a RIGHT
					status->m2->move(M2_DIR_RIGHT, LimitSwitch3::Position::MIDDLE, status->current_time, 153);
				}
			}
		}
	}
    378a:	77 c0       	rjmp	.+238    	; 0x387a <_ZN11ArmadoState3runEv+0x198>
				if(status->m2->isAt(LimitSwitch3::Position::LEFT)) {
					going_left = false; // Rebotar hacia la derecha (pero solo hasta el MEDIO)
					status->m2->move(M2_DIR_RIGHT, LimitSwitch3::Position::MIDDLE, status->current_time, 153);
				} else {
					// Rescate por si se detiene antes de tiempo
					status->m2->move(M2_DIR_LEFT, LimitSwitch3::Position::LEFT, status->current_time, 153);
    378c:	89 81       	ldd	r24, Y+1	; 0x01
    378e:	9a 81       	ldd	r25, Y+2	; 0x02
    3790:	fc 01       	movw	r30, r24
    3792:	82 81       	ldd	r24, Z+2	; 0x02
    3794:	93 81       	ldd	r25, Z+3	; 0x03
    3796:	fc 01       	movw	r30, r24
    3798:	86 a1       	ldd	r24, Z+38	; 0x26
    379a:	97 a1       	ldd	r25, Z+39	; 0x27
    379c:	a0 a5       	ldd	r26, Z+40	; 0x28
    379e:	b1 a5       	ldd	r27, Z+41	; 0x29
    37a0:	29 81       	ldd	r18, Y+1	; 0x01
    37a2:	3a 81       	ldd	r19, Y+2	; 0x02
    37a4:	f9 01       	movw	r30, r18
    37a6:	22 81       	ldd	r18, Z+2	; 0x02
    37a8:	33 81       	ldd	r19, Z+3	; 0x03
    37aa:	f9 01       	movw	r30, r18
    37ac:	02 80       	ldd	r0, Z+2	; 0x02
    37ae:	f3 81       	ldd	r31, Z+3	; 0x03
    37b0:	e0 2d       	mov	r30, r0
    37b2:	fc 83       	std	Y+4, r31	; 0x04
    37b4:	eb 83       	std	Y+3, r30	; 0x03
    37b6:	0f 2e       	mov	r0, r31
    37b8:	f9 e9       	ldi	r31, 0x99	; 153
    37ba:	ef 2e       	mov	r14, r31
    37bc:	f0 2d       	mov	r31, r0
    37be:	8c 01       	movw	r16, r24
    37c0:	9d 01       	movw	r18, r26
    37c2:	41 e0       	ldi	r20, 0x01	; 1
    37c4:	61 e0       	ldi	r22, 0x01	; 1
    37c6:	8b 81       	ldd	r24, Y+3	; 0x03
    37c8:	9c 81       	ldd	r25, Y+4	; 0x04
    37ca:	0e 94 06 0c 	call	0x180c	; 0x180c <_ZN6Motor24moveEbN12LimitSwitch38PositionEmh>
					// Nos aseguramos de que el destino es siempre MIDDLE, y nunca enviarlo a RIGHT
					status->m2->move(M2_DIR_RIGHT, LimitSwitch3::Position::MIDDLE, status->current_time, 153);
				}
			}
		}
	}
    37ce:	55 c0       	rjmp	.+170    	; 0x387a <_ZN11ArmadoState3runEv+0x198>
					// Rescate por si se detiene antes de tiempo
					status->m2->move(M2_DIR_LEFT, LimitSwitch3::Position::LEFT, status->current_time, 153);
				}
			} else {
				// Si íbamos hacia la derecha (hacia el CENTRO) y llegamos al CENTRO
				if (status->m2->isAt(LimitSwitch3::Position::MIDDLE)) {
    37d0:	89 81       	ldd	r24, Y+1	; 0x01
    37d2:	9a 81       	ldd	r25, Y+2	; 0x02
    37d4:	fc 01       	movw	r30, r24
    37d6:	82 81       	ldd	r24, Z+2	; 0x02
    37d8:	93 81       	ldd	r25, Z+3	; 0x03
    37da:	fc 01       	movw	r30, r24
    37dc:	82 81       	ldd	r24, Z+2	; 0x02
    37de:	93 81       	ldd	r25, Z+3	; 0x03
    37e0:	62 e0       	ldi	r22, 0x02	; 2
    37e2:	0e 94 00 0e 	call	0x1c00	; 0x1c00 <_ZN6Motor24isAtEN12LimitSwitch38PositionE>
    37e6:	88 23       	and	r24, r24
    37e8:	39 f1       	breq	.+78     	; 0x3838 <_ZN11ArmadoState3runEv+0x156>
					going_left = true; // Rebotar hacia la izquierda
    37ea:	89 81       	ldd	r24, Y+1	; 0x01
    37ec:	9a 81       	ldd	r25, Y+2	; 0x02
    37ee:	21 e0       	ldi	r18, 0x01	; 1
    37f0:	fc 01       	movw	r30, r24
    37f2:	24 83       	std	Z+4, r18	; 0x04
					status->m2->move(M2_DIR_LEFT, LimitSwitch3::Position::LEFT, status->current_time, 153);
    37f4:	89 81       	ldd	r24, Y+1	; 0x01
    37f6:	9a 81       	ldd	r25, Y+2	; 0x02
    37f8:	fc 01       	movw	r30, r24
    37fa:	82 81       	ldd	r24, Z+2	; 0x02
    37fc:	93 81       	ldd	r25, Z+3	; 0x03
    37fe:	fc 01       	movw	r30, r24
    3800:	86 a1       	ldd	r24, Z+38	; 0x26
    3802:	97 a1       	ldd	r25, Z+39	; 0x27
    3804:	a0 a5       	ldd	r26, Z+40	; 0x28
    3806:	b1 a5       	ldd	r27, Z+41	; 0x29
    3808:	29 81       	ldd	r18, Y+1	; 0x01
    380a:	3a 81       	ldd	r19, Y+2	; 0x02
    380c:	f9 01       	movw	r30, r18
    380e:	22 81       	ldd	r18, Z+2	; 0x02
    3810:	33 81       	ldd	r19, Z+3	; 0x03
    3812:	f9 01       	movw	r30, r18
    3814:	02 80       	ldd	r0, Z+2	; 0x02
    3816:	f3 81       	ldd	r31, Z+3	; 0x03
    3818:	e0 2d       	mov	r30, r0
    381a:	fc 83       	std	Y+4, r31	; 0x04
    381c:	eb 83       	std	Y+3, r30	; 0x03
    381e:	0f 2e       	mov	r0, r31
    3820:	f9 e9       	ldi	r31, 0x99	; 153
    3822:	ef 2e       	mov	r14, r31
    3824:	f0 2d       	mov	r31, r0
    3826:	8c 01       	movw	r16, r24
    3828:	9d 01       	movw	r18, r26
    382a:	41 e0       	ldi	r20, 0x01	; 1
    382c:	61 e0       	ldi	r22, 0x01	; 1
    382e:	8b 81       	ldd	r24, Y+3	; 0x03
    3830:	9c 81       	ldd	r25, Y+4	; 0x04
    3832:	0e 94 06 0c 	call	0x180c	; 0x180c <_ZN6Motor24moveEbN12LimitSwitch38PositionEmh>
					// Nos aseguramos de que el destino es siempre MIDDLE, y nunca enviarlo a RIGHT
					status->m2->move(M2_DIR_RIGHT, LimitSwitch3::Position::MIDDLE, status->current_time, 153);
				}
			}
		}
	}
    3836:	21 c0       	rjmp	.+66     	; 0x387a <_ZN11ArmadoState3runEv+0x198>
					going_left = true; // Rebotar hacia la izquierda
					status->m2->move(M2_DIR_LEFT, LimitSwitch3::Position::LEFT, status->current_time, 153);
				}
				else {
					// Nos aseguramos de que el destino es siempre MIDDLE, y nunca enviarlo a RIGHT
					status->m2->move(M2_DIR_RIGHT, LimitSwitch3::Position::MIDDLE, status->current_time, 153);
    3838:	89 81       	ldd	r24, Y+1	; 0x01
    383a:	9a 81       	ldd	r25, Y+2	; 0x02
    383c:	fc 01       	movw	r30, r24
    383e:	82 81       	ldd	r24, Z+2	; 0x02
    3840:	93 81       	ldd	r25, Z+3	; 0x03
    3842:	fc 01       	movw	r30, r24
    3844:	86 a1       	ldd	r24, Z+38	; 0x26
    3846:	97 a1       	ldd	r25, Z+39	; 0x27
    3848:	a0 a5       	ldd	r26, Z+40	; 0x28
    384a:	b1 a5       	ldd	r27, Z+41	; 0x29
    384c:	29 81       	ldd	r18, Y+1	; 0x01
    384e:	3a 81       	ldd	r19, Y+2	; 0x02
    3850:	f9 01       	movw	r30, r18
    3852:	22 81       	ldd	r18, Z+2	; 0x02
    3854:	33 81       	ldd	r19, Z+3	; 0x03
    3856:	f9 01       	movw	r30, r18
    3858:	02 80       	ldd	r0, Z+2	; 0x02
    385a:	f3 81       	ldd	r31, Z+3	; 0x03
    385c:	e0 2d       	mov	r30, r0
    385e:	fc 83       	std	Y+4, r31	; 0x04
    3860:	eb 83       	std	Y+3, r30	; 0x03
    3862:	0f 2e       	mov	r0, r31
    3864:	f9 e9       	ldi	r31, 0x99	; 153
    3866:	ef 2e       	mov	r14, r31
    3868:	f0 2d       	mov	r31, r0
    386a:	8c 01       	movw	r16, r24
    386c:	9d 01       	movw	r18, r26
    386e:	42 e0       	ldi	r20, 0x02	; 2
    3870:	60 e0       	ldi	r22, 0x00	; 0
    3872:	8b 81       	ldd	r24, Y+3	; 0x03
    3874:	9c 81       	ldd	r25, Y+4	; 0x04
    3876:	0e 94 06 0c 	call	0x180c	; 0x180c <_ZN6Motor24moveEbN12LimitSwitch38PositionEmh>
				}
			}
		}
	}
    387a:	00 00       	nop
    387c:	0f 90       	pop	r0
    387e:	0f 90       	pop	r0
    3880:	0f 90       	pop	r0
    3882:	0f 90       	pop	r0
    3884:	df 91       	pop	r29
    3886:	cf 91       	pop	r28
    3888:	1f 91       	pop	r17
    388a:	0f 91       	pop	r16
    388c:	ef 90       	pop	r14
    388e:	08 95       	ret

00003890 <_ZN11ArmadoState17check_transitionsEv>:
	
	States check_transitions() override {
    3890:	cf 93       	push	r28
    3892:	df 93       	push	r29
    3894:	00 d0       	rcall	.+0      	; 0x3896 <_ZN11ArmadoState17check_transitionsEv+0x6>
    3896:	cd b7       	in	r28, 0x3d	; 61
    3898:	de b7       	in	r29, 0x3e	; 62
    389a:	9a 83       	std	Y+2, r25	; 0x02
    389c:	89 83       	std	Y+1, r24	; 0x01
		if (status->sw6->consumeClick()) {
    389e:	89 81       	ldd	r24, Y+1	; 0x01
    38a0:	9a 81       	ldd	r25, Y+2	; 0x02
    38a2:	fc 01       	movw	r30, r24
    38a4:	82 81       	ldd	r24, Z+2	; 0x02
    38a6:	93 81       	ldd	r25, Z+3	; 0x03
    38a8:	fc 01       	movw	r30, r24
    38aa:	84 89       	ldd	r24, Z+20	; 0x14
    38ac:	95 89       	ldd	r25, Z+21	; 0x15
    38ae:	0e 94 a4 11 	call	0x2348	; 0x2348 <_ZN10SwitchUser12consumeClickEv>
    38b2:	88 23       	and	r24, r24
    38b4:	11 f0       	breq	.+4      	; 0x38ba <_ZN11ArmadoState17check_transitionsEv+0x2a>
			return States::Disparo;
    38b6:	85 e0       	ldi	r24, 0x05	; 5
    38b8:	01 c0       	rjmp	.+2      	; 0x38bc <_ZN11ArmadoState17check_transitionsEv+0x2c>
		}
		return States::NO_CHANGE;
    38ba:	8f ef       	ldi	r24, 0xFF	; 255
	}
    38bc:	0f 90       	pop	r0
    38be:	0f 90       	pop	r0
    38c0:	df 91       	pop	r29
    38c2:	cf 91       	pop	r28
    38c4:	08 95       	ret

000038c6 <_ZN11ArmadoState4exitEv>:
	
	void exit() override {
    38c6:	cf 93       	push	r28
    38c8:	df 93       	push	r29
    38ca:	00 d0       	rcall	.+0      	; 0x38cc <_ZN11ArmadoState4exitEv+0x6>
    38cc:	cd b7       	in	r28, 0x3d	; 61
    38ce:	de b7       	in	r29, 0x3e	; 62
    38d0:	9a 83       	std	Y+2, r25	; 0x02
    38d2:	89 83       	std	Y+1, r24	; 0x01
		status->led->off();
    38d4:	89 81       	ldd	r24, Y+1	; 0x01
    38d6:	9a 81       	ldd	r25, Y+2	; 0x02
    38d8:	fc 01       	movw	r30, r24
    38da:	82 81       	ldd	r24, Z+2	; 0x02
    38dc:	93 81       	ldd	r25, Z+3	; 0x03
    38de:	fc 01       	movw	r30, r24
    38e0:	86 89       	ldd	r24, Z+22	; 0x16
    38e2:	97 89       	ldd	r25, Z+23	; 0x17
    38e4:	0e 94 2d 04 	call	0x85a	; 0x85a <_ZN3Led3offEv>
		status->m2->stop(); // Congelamos el motor en la posición exacta donde disparó el jugador
    38e8:	89 81       	ldd	r24, Y+1	; 0x01
    38ea:	9a 81       	ldd	r25, Y+2	; 0x02
    38ec:	fc 01       	movw	r30, r24
    38ee:	82 81       	ldd	r24, Z+2	; 0x02
    38f0:	93 81       	ldd	r25, Z+3	; 0x03
    38f2:	fc 01       	movw	r30, r24
    38f4:	82 81       	ldd	r24, Z+2	; 0x02
    38f6:	93 81       	ldd	r25, Z+3	; 0x03
    38f8:	0e 94 9a 0c 	call	0x1934	; 0x1934 <_ZN6Motor24stopEv>
	}
    38fc:	00 00       	nop
    38fe:	0f 90       	pop	r0
    3900:	0f 90       	pop	r0
    3902:	df 91       	pop	r29
    3904:	cf 91       	pop	r28
    3906:	08 95       	ret

00003908 <_ZN12DisparoStateC1EP6Status>:
	private:
	uint32_t start_time = 0;
	bool m2_finished = false;
	
	public:
	explicit DisparoState(Status* s) : StateActionBase(s) {}
    3908:	cf 93       	push	r28
    390a:	df 93       	push	r29
    390c:	00 d0       	rcall	.+0      	; 0x390e <_ZN12DisparoStateC1EP6Status+0x6>
    390e:	00 d0       	rcall	.+0      	; 0x3910 <_ZN12DisparoStateC1EP6Status+0x8>
    3910:	cd b7       	in	r28, 0x3d	; 61
    3912:	de b7       	in	r29, 0x3e	; 62
    3914:	9a 83       	std	Y+2, r25	; 0x02
    3916:	89 83       	std	Y+1, r24	; 0x01
    3918:	7c 83       	std	Y+4, r23	; 0x04
    391a:	6b 83       	std	Y+3, r22	; 0x03
    391c:	89 81       	ldd	r24, Y+1	; 0x01
    391e:	9a 81       	ldd	r25, Y+2	; 0x02
    3920:	2b 81       	ldd	r18, Y+3	; 0x03
    3922:	3c 81       	ldd	r19, Y+4	; 0x04
    3924:	b9 01       	movw	r22, r18
    3926:	0e 94 0f 14 	call	0x281e	; 0x281e <_ZN15StateActionBaseC1EP6Status>
    392a:	2d e3       	ldi	r18, 0x3D	; 61
    392c:	32 e0       	ldi	r19, 0x02	; 2
    392e:	89 81       	ldd	r24, Y+1	; 0x01
    3930:	9a 81       	ldd	r25, Y+2	; 0x02
    3932:	fc 01       	movw	r30, r24
    3934:	31 83       	std	Z+1, r19	; 0x01
    3936:	20 83       	st	Z, r18
    3938:	89 81       	ldd	r24, Y+1	; 0x01
    393a:	9a 81       	ldd	r25, Y+2	; 0x02
    393c:	fc 01       	movw	r30, r24
    393e:	14 82       	std	Z+4, r1	; 0x04
    3940:	15 82       	std	Z+5, r1	; 0x05
    3942:	16 82       	std	Z+6, r1	; 0x06
    3944:	17 82       	std	Z+7, r1	; 0x07
    3946:	89 81       	ldd	r24, Y+1	; 0x01
    3948:	9a 81       	ldd	r25, Y+2	; 0x02
    394a:	fc 01       	movw	r30, r24
    394c:	10 86       	std	Z+8, r1	; 0x08
    394e:	00 00       	nop
    3950:	0f 90       	pop	r0
    3952:	0f 90       	pop	r0
    3954:	0f 90       	pop	r0
    3956:	0f 90       	pop	r0
    3958:	df 91       	pop	r29
    395a:	cf 91       	pop	r28
    395c:	08 95       	ret

0000395e <_ZN12DisparoState5entryEv>:

	void entry() override {
    395e:	0f 93       	push	r16
    3960:	cf 93       	push	r28
    3962:	df 93       	push	r29
    3964:	00 d0       	rcall	.+0      	; 0x3966 <_ZN12DisparoState5entryEv+0x8>
    3966:	00 d0       	rcall	.+0      	; 0x3968 <_ZN12DisparoState5entryEv+0xa>
    3968:	cd b7       	in	r28, 0x3d	; 61
    396a:	de b7       	in	r29, 0x3e	; 62
    396c:	9a 83       	std	Y+2, r25	; 0x02
    396e:	89 83       	std	Y+1, r24	; 0x01
		status->pinsManager->reset();
    3970:	89 81       	ldd	r24, Y+1	; 0x01
    3972:	9a 81       	ldd	r25, Y+2	; 0x02
    3974:	fc 01       	movw	r30, r24
    3976:	82 81       	ldd	r24, Z+2	; 0x02
    3978:	93 81       	ldd	r25, Z+3	; 0x03
    397a:	fc 01       	movw	r30, r24
    397c:	82 8d       	ldd	r24, Z+26	; 0x1a
    397e:	93 8d       	ldd	r25, Z+27	; 0x1b
    3980:	0e 94 25 10 	call	0x204a	; 0x204a <_ZN11PinsManager5resetEv>

		start_time = status->current_time;
    3984:	89 81       	ldd	r24, Y+1	; 0x01
    3986:	9a 81       	ldd	r25, Y+2	; 0x02
    3988:	fc 01       	movw	r30, r24
    398a:	82 81       	ldd	r24, Z+2	; 0x02
    398c:	93 81       	ldd	r25, Z+3	; 0x03
    398e:	fc 01       	movw	r30, r24
    3990:	86 a1       	ldd	r24, Z+38	; 0x26
    3992:	97 a1       	ldd	r25, Z+39	; 0x27
    3994:	a0 a5       	ldd	r26, Z+40	; 0x28
    3996:	b1 a5       	ldd	r27, Z+41	; 0x29
    3998:	29 81       	ldd	r18, Y+1	; 0x01
    399a:	3a 81       	ldd	r19, Y+2	; 0x02
    399c:	f9 01       	movw	r30, r18
    399e:	84 83       	std	Z+4, r24	; 0x04
    39a0:	95 83       	std	Z+5, r25	; 0x05
    39a2:	a6 83       	std	Z+6, r26	; 0x06
    39a4:	b7 83       	std	Z+7, r27	; 0x07
		m2_finished = false;
    39a6:	89 81       	ldd	r24, Y+1	; 0x01
    39a8:	9a 81       	ldd	r25, Y+2	; 0x02
    39aa:	fc 01       	movw	r30, r24
    39ac:	10 86       	std	Z+8, r1	; 0x08
		
		status->is_armed = false; 
    39ae:	89 81       	ldd	r24, Y+1	; 0x01
    39b0:	9a 81       	ldd	r25, Y+2	; 0x02
    39b2:	fc 01       	movw	r30, r24
    39b4:	82 81       	ldd	r24, Z+2	; 0x02
    39b6:	93 81       	ldd	r25, Z+3	; 0x03
    39b8:	fc 01       	movw	r30, r24
    39ba:	11 a2       	std	Z+33, r1	; 0x21
		
		// --- CRÍTICO: Abrimos M4 instantáneamente. 
		// Como es el retenedor, esto es lo que dispara físicamente la bola.
		status->m4->move(M4_DIR_OPEN, status->current_time);
    39bc:	89 81       	ldd	r24, Y+1	; 0x01
    39be:	9a 81       	ldd	r25, Y+2	; 0x02
    39c0:	fc 01       	movw	r30, r24
    39c2:	82 81       	ldd	r24, Z+2	; 0x02
    39c4:	93 81       	ldd	r25, Z+3	; 0x03
    39c6:	fc 01       	movw	r30, r24
    39c8:	86 a1       	ldd	r24, Z+38	; 0x26
    39ca:	97 a1       	ldd	r25, Z+39	; 0x27
    39cc:	a0 a5       	ldd	r26, Z+40	; 0x28
    39ce:	b1 a5       	ldd	r27, Z+41	; 0x29
    39d0:	29 81       	ldd	r18, Y+1	; 0x01
    39d2:	3a 81       	ldd	r19, Y+2	; 0x02
    39d4:	f9 01       	movw	r30, r18
    39d6:	22 81       	ldd	r18, Z+2	; 0x02
    39d8:	33 81       	ldd	r19, Z+3	; 0x03
    39da:	f9 01       	movw	r30, r18
    39dc:	06 80       	ldd	r0, Z+6	; 0x06
    39de:	f7 81       	ldd	r31, Z+7	; 0x07
    39e0:	e0 2d       	mov	r30, r0
    39e2:	fc 83       	std	Y+4, r31	; 0x04
    39e4:	eb 83       	std	Y+3, r30	; 0x03
    39e6:	0c ec       	ldi	r16, 0xCC	; 204
    39e8:	9c 01       	movw	r18, r24
    39ea:	ad 01       	movw	r20, r26
    39ec:	60 e0       	ldi	r22, 0x00	; 0
    39ee:	8b 81       	ldd	r24, Y+3	; 0x03
    39f0:	9c 81       	ldd	r25, Y+4	; 0x04
    39f2:	0e 94 5c 07 	call	0xeb8	; 0xeb8 <_ZN5Motor4moveEbmh>
	}
    39f6:	00 00       	nop
    39f8:	0f 90       	pop	r0
    39fa:	0f 90       	pop	r0
    39fc:	0f 90       	pop	r0
    39fe:	0f 90       	pop	r0
    3a00:	df 91       	pop	r29
    3a02:	cf 91       	pop	r28
    3a04:	0f 91       	pop	r16
    3a06:	08 95       	ret

00003a08 <_ZN12DisparoState3runEv>:

	void run() override {
    3a08:	ef 92       	push	r14
    3a0a:	ff 92       	push	r15
    3a0c:	0f 93       	push	r16
    3a0e:	1f 93       	push	r17
    3a10:	cf 93       	push	r28
    3a12:	df 93       	push	r29
    3a14:	00 d0       	rcall	.+0      	; 0x3a16 <_ZN12DisparoState3runEv+0xe>
    3a16:	00 d0       	rcall	.+0      	; 0x3a18 <_ZN12DisparoState3runEv+0x10>
    3a18:	cd b7       	in	r28, 0x3d	; 61
    3a1a:	de b7       	in	r29, 0x3e	; 62
    3a1c:	9a 83       	std	Y+2, r25	; 0x02
    3a1e:	89 83       	std	Y+1, r24	; 0x01
		// Pasados 3 segundos del disparo, mandamos M2 a su zona de aparcamiento
		if ((status->current_time - start_time) >= 3000) {
    3a20:	89 81       	ldd	r24, Y+1	; 0x01
    3a22:	9a 81       	ldd	r25, Y+2	; 0x02
    3a24:	fc 01       	movw	r30, r24
    3a26:	82 81       	ldd	r24, Z+2	; 0x02
    3a28:	93 81       	ldd	r25, Z+3	; 0x03
    3a2a:	fc 01       	movw	r30, r24
    3a2c:	26 a1       	ldd	r18, Z+38	; 0x26
    3a2e:	37 a1       	ldd	r19, Z+39	; 0x27
    3a30:	40 a5       	ldd	r20, Z+40	; 0x28
    3a32:	51 a5       	ldd	r21, Z+41	; 0x29
    3a34:	89 81       	ldd	r24, Y+1	; 0x01
    3a36:	9a 81       	ldd	r25, Y+2	; 0x02
    3a38:	fc 01       	movw	r30, r24
    3a3a:	84 81       	ldd	r24, Z+4	; 0x04
    3a3c:	95 81       	ldd	r25, Z+5	; 0x05
    3a3e:	a6 81       	ldd	r26, Z+6	; 0x06
    3a40:	b7 81       	ldd	r27, Z+7	; 0x07
    3a42:	79 01       	movw	r14, r18
    3a44:	8a 01       	movw	r16, r20
    3a46:	e8 1a       	sub	r14, r24
    3a48:	f9 0a       	sbc	r15, r25
    3a4a:	0a 0b       	sbc	r16, r26
    3a4c:	1b 0b       	sbc	r17, r27
    3a4e:	d8 01       	movw	r26, r16
    3a50:	c7 01       	movw	r24, r14
    3a52:	88 3b       	cpi	r24, 0xB8	; 184
    3a54:	9b 40       	sbci	r25, 0x0B	; 11
    3a56:	a1 05       	cpc	r26, r1
    3a58:	b1 05       	cpc	r27, r1
    3a5a:	08 f4       	brcc	.+2      	; 0x3a5e <_ZN12DisparoState3runEv+0x56>
    3a5c:	4c c0       	rjmp	.+152    	; 0x3af6 <_ZN12DisparoState3runEv+0xee>
			if (!m2_finished) {
    3a5e:	89 81       	ldd	r24, Y+1	; 0x01
    3a60:	9a 81       	ldd	r25, Y+2	; 0x02
    3a62:	fc 01       	movw	r30, r24
    3a64:	90 85       	ldd	r25, Z+8	; 0x08
    3a66:	81 e0       	ldi	r24, 0x01	; 1
    3a68:	89 27       	eor	r24, r25
    3a6a:	88 23       	and	r24, r24
    3a6c:	09 f4       	brne	.+2      	; 0x3a70 <_ZN12DisparoState3runEv+0x68>
    3a6e:	43 c0       	rjmp	.+134    	; 0x3af6 <_ZN12DisparoState3runEv+0xee>
				if (status->m2->isAt(LimitSwitch3::Position::RIGHT)) {
    3a70:	89 81       	ldd	r24, Y+1	; 0x01
    3a72:	9a 81       	ldd	r25, Y+2	; 0x02
    3a74:	fc 01       	movw	r30, r24
    3a76:	82 81       	ldd	r24, Z+2	; 0x02
    3a78:	93 81       	ldd	r25, Z+3	; 0x03
    3a7a:	fc 01       	movw	r30, r24
    3a7c:	82 81       	ldd	r24, Z+2	; 0x02
    3a7e:	93 81       	ldd	r25, Z+3	; 0x03
    3a80:	63 e0       	ldi	r22, 0x03	; 3
    3a82:	0e 94 00 0e 	call	0x1c00	; 0x1c00 <_ZN6Motor24isAtEN12LimitSwitch38PositionE>
    3a86:	88 23       	and	r24, r24
    3a88:	31 f0       	breq	.+12     	; 0x3a96 <_ZN12DisparoState3runEv+0x8e>
					m2_finished = true;
    3a8a:	89 81       	ldd	r24, Y+1	; 0x01
    3a8c:	9a 81       	ldd	r25, Y+2	; 0x02
    3a8e:	21 e0       	ldi	r18, 0x01	; 1
    3a90:	fc 01       	movw	r30, r24
    3a92:	20 87       	std	Z+8, r18	; 0x08
				else if (!status->m2->isMoving()) {
					status->m2->startHoming(M2_DIR_RIGHT, LimitSwitch3::Position::RIGHT, status->current_time);
				}
			}
		}
	}
    3a94:	30 c0       	rjmp	.+96     	; 0x3af6 <_ZN12DisparoState3runEv+0xee>
		if ((status->current_time - start_time) >= 3000) {
			if (!m2_finished) {
				if (status->m2->isAt(LimitSwitch3::Position::RIGHT)) {
					m2_finished = true;
				}
				else if (!status->m2->isMoving()) {
    3a96:	89 81       	ldd	r24, Y+1	; 0x01
    3a98:	9a 81       	ldd	r25, Y+2	; 0x02
    3a9a:	fc 01       	movw	r30, r24
    3a9c:	82 81       	ldd	r24, Z+2	; 0x02
    3a9e:	93 81       	ldd	r25, Z+3	; 0x03
    3aa0:	fc 01       	movw	r30, r24
    3aa2:	82 81       	ldd	r24, Z+2	; 0x02
    3aa4:	93 81       	ldd	r25, Z+3	; 0x03
    3aa6:	0e 94 2f 0e 	call	0x1c5e	; 0x1c5e <_ZN6Motor28isMovingEv>
    3aaa:	98 2f       	mov	r25, r24
    3aac:	81 e0       	ldi	r24, 0x01	; 1
    3aae:	89 27       	eor	r24, r25
    3ab0:	88 23       	and	r24, r24
    3ab2:	09 f1       	breq	.+66     	; 0x3af6 <_ZN12DisparoState3runEv+0xee>
					status->m2->startHoming(M2_DIR_RIGHT, LimitSwitch3::Position::RIGHT, status->current_time);
    3ab4:	89 81       	ldd	r24, Y+1	; 0x01
    3ab6:	9a 81       	ldd	r25, Y+2	; 0x02
    3ab8:	fc 01       	movw	r30, r24
    3aba:	82 81       	ldd	r24, Z+2	; 0x02
    3abc:	93 81       	ldd	r25, Z+3	; 0x03
    3abe:	fc 01       	movw	r30, r24
    3ac0:	86 a1       	ldd	r24, Z+38	; 0x26
    3ac2:	97 a1       	ldd	r25, Z+39	; 0x27
    3ac4:	a0 a5       	ldd	r26, Z+40	; 0x28
    3ac6:	b1 a5       	ldd	r27, Z+41	; 0x29
    3ac8:	29 81       	ldd	r18, Y+1	; 0x01
    3aca:	3a 81       	ldd	r19, Y+2	; 0x02
    3acc:	f9 01       	movw	r30, r18
    3ace:	22 81       	ldd	r18, Z+2	; 0x02
    3ad0:	33 81       	ldd	r19, Z+3	; 0x03
    3ad2:	f9 01       	movw	r30, r18
    3ad4:	02 80       	ldd	r0, Z+2	; 0x02
    3ad6:	f3 81       	ldd	r31, Z+3	; 0x03
    3ad8:	e0 2d       	mov	r30, r0
    3ada:	fc 83       	std	Y+4, r31	; 0x04
    3adc:	eb 83       	std	Y+3, r30	; 0x03
    3ade:	0f 2e       	mov	r0, r31
    3ae0:	fc ec       	ldi	r31, 0xCC	; 204
    3ae2:	ef 2e       	mov	r14, r31
    3ae4:	f0 2d       	mov	r31, r0
    3ae6:	8c 01       	movw	r16, r24
    3ae8:	9d 01       	movw	r18, r26
    3aea:	43 e0       	ldi	r20, 0x03	; 3
    3aec:	60 e0       	ldi	r22, 0x00	; 0
    3aee:	8b 81       	ldd	r24, Y+3	; 0x03
    3af0:	9c 81       	ldd	r25, Y+4	; 0x04
    3af2:	0e 94 74 0b 	call	0x16e8	; 0x16e8 <_ZN6Motor211startHomingEbN12LimitSwitch38PositionEmh>
				}
			}
		}
	}
    3af6:	00 00       	nop
    3af8:	0f 90       	pop	r0
    3afa:	0f 90       	pop	r0
    3afc:	0f 90       	pop	r0
    3afe:	0f 90       	pop	r0
    3b00:	df 91       	pop	r29
    3b02:	cf 91       	pop	r28
    3b04:	1f 91       	pop	r17
    3b06:	0f 91       	pop	r16
    3b08:	ff 90       	pop	r15
    3b0a:	ef 90       	pop	r14
    3b0c:	08 95       	ret

00003b0e <_ZN12DisparoState17check_transitionsEv>:

	States check_transitions() override {
    3b0e:	ef 92       	push	r14
    3b10:	ff 92       	push	r15
    3b12:	0f 93       	push	r16
    3b14:	1f 93       	push	r17
    3b16:	cf 93       	push	r28
    3b18:	df 93       	push	r29
    3b1a:	00 d0       	rcall	.+0      	; 0x3b1c <_ZN12DisparoState17check_transitionsEv+0xe>
    3b1c:	cd b7       	in	r28, 0x3d	; 61
    3b1e:	de b7       	in	r29, 0x3e	; 62
    3b20:	9a 83       	std	Y+2, r25	; 0x02
    3b22:	89 83       	std	Y+1, r24	; 0x01
		// Salimos cuando pasen los 5 segundos totales de espera de la bola
		// Y confirmemos que la compuerta M4 se abrió completamente (vástago liberado)
		// Y M2 esté aparcado.
		if ((status->current_time - start_time >= 5000) && m2_finished && status->m4->isAt(M4_SIDE_OPEN)) {
    3b24:	89 81       	ldd	r24, Y+1	; 0x01
    3b26:	9a 81       	ldd	r25, Y+2	; 0x02
    3b28:	fc 01       	movw	r30, r24
    3b2a:	82 81       	ldd	r24, Z+2	; 0x02
    3b2c:	93 81       	ldd	r25, Z+3	; 0x03
    3b2e:	fc 01       	movw	r30, r24
    3b30:	26 a1       	ldd	r18, Z+38	; 0x26
    3b32:	37 a1       	ldd	r19, Z+39	; 0x27
    3b34:	40 a5       	ldd	r20, Z+40	; 0x28
    3b36:	51 a5       	ldd	r21, Z+41	; 0x29
    3b38:	89 81       	ldd	r24, Y+1	; 0x01
    3b3a:	9a 81       	ldd	r25, Y+2	; 0x02
    3b3c:	fc 01       	movw	r30, r24
    3b3e:	84 81       	ldd	r24, Z+4	; 0x04
    3b40:	95 81       	ldd	r25, Z+5	; 0x05
    3b42:	a6 81       	ldd	r26, Z+6	; 0x06
    3b44:	b7 81       	ldd	r27, Z+7	; 0x07
    3b46:	79 01       	movw	r14, r18
    3b48:	8a 01       	movw	r16, r20
    3b4a:	e8 1a       	sub	r14, r24
    3b4c:	f9 0a       	sbc	r15, r25
    3b4e:	0a 0b       	sbc	r16, r26
    3b50:	1b 0b       	sbc	r17, r27
    3b52:	d8 01       	movw	r26, r16
    3b54:	c7 01       	movw	r24, r14
    3b56:	88 38       	cpi	r24, 0x88	; 136
    3b58:	93 41       	sbci	r25, 0x13	; 19
    3b5a:	a1 05       	cpc	r26, r1
    3b5c:	b1 05       	cpc	r27, r1
    3b5e:	a8 f0       	brcs	.+42     	; 0x3b8a <_ZN12DisparoState17check_transitionsEv+0x7c>
    3b60:	89 81       	ldd	r24, Y+1	; 0x01
    3b62:	9a 81       	ldd	r25, Y+2	; 0x02
    3b64:	fc 01       	movw	r30, r24
    3b66:	80 85       	ldd	r24, Z+8	; 0x08
    3b68:	88 23       	and	r24, r24
    3b6a:	79 f0       	breq	.+30     	; 0x3b8a <_ZN12DisparoState17check_transitionsEv+0x7c>
    3b6c:	89 81       	ldd	r24, Y+1	; 0x01
    3b6e:	9a 81       	ldd	r25, Y+2	; 0x02
    3b70:	fc 01       	movw	r30, r24
    3b72:	82 81       	ldd	r24, Z+2	; 0x02
    3b74:	93 81       	ldd	r25, Z+3	; 0x03
    3b76:	fc 01       	movw	r30, r24
    3b78:	86 81       	ldd	r24, Z+6	; 0x06
    3b7a:	97 81       	ldd	r25, Z+7	; 0x07
    3b7c:	62 e0       	ldi	r22, 0x02	; 2
    3b7e:	0e 94 a4 08 	call	0x1148	; 0x1148 <_ZN5Motor4isAtENS_4SideE>
    3b82:	88 23       	and	r24, r24
    3b84:	11 f0       	breq	.+4      	; 0x3b8a <_ZN12DisparoState17check_transitionsEv+0x7c>
    3b86:	81 e0       	ldi	r24, 0x01	; 1
    3b88:	01 c0       	rjmp	.+2      	; 0x3b8c <_ZN12DisparoState17check_transitionsEv+0x7e>
    3b8a:	80 e0       	ldi	r24, 0x00	; 0
    3b8c:	88 23       	and	r24, r24
    3b8e:	11 f0       	breq	.+4      	; 0x3b94 <_ZN12DisparoState17check_transitionsEv+0x86>
			return States::Retorno;
    3b90:	86 e0       	ldi	r24, 0x06	; 6
    3b92:	01 c0       	rjmp	.+2      	; 0x3b96 <_ZN12DisparoState17check_transitionsEv+0x88>
		}
		return States::NO_CHANGE;
    3b94:	8f ef       	ldi	r24, 0xFF	; 255
	}
    3b96:	0f 90       	pop	r0
    3b98:	0f 90       	pop	r0
    3b9a:	df 91       	pop	r29
    3b9c:	cf 91       	pop	r28
    3b9e:	1f 91       	pop	r17
    3ba0:	0f 91       	pop	r16
    3ba2:	ff 90       	pop	r15
    3ba4:	ef 90       	pop	r14
    3ba6:	08 95       	ret

00003ba8 <_ZN12DisparoState4exitEv>:
	
	void exit() override {
    3ba8:	cf 93       	push	r28
    3baa:	df 93       	push	r29
    3bac:	00 d0       	rcall	.+0      	; 0x3bae <_ZN12DisparoState4exitEv+0x6>
    3bae:	cd b7       	in	r28, 0x3d	; 61
    3bb0:	de b7       	in	r29, 0x3e	; 62
    3bb2:	9a 83       	std	Y+2, r25	; 0x02
    3bb4:	89 83       	std	Y+1, r24	; 0x01
		status->score += status->pinsManager->getScore();
    3bb6:	89 81       	ldd	r24, Y+1	; 0x01
    3bb8:	9a 81       	ldd	r25, Y+2	; 0x02
    3bba:	fc 01       	movw	r30, r24
    3bbc:	82 81       	ldd	r24, Z+2	; 0x02
    3bbe:	93 81       	ldd	r25, Z+3	; 0x03
    3bc0:	fc 01       	movw	r30, r24
    3bc2:	82 8d       	ldd	r24, Z+26	; 0x1a
    3bc4:	93 8d       	ldd	r25, Z+27	; 0x1b
    3bc6:	0e 94 15 10 	call	0x202a	; 0x202a <_ZN11PinsManager8getScoreEv>
    3bca:	48 2f       	mov	r20, r24
    3bcc:	89 81       	ldd	r24, Y+1	; 0x01
    3bce:	9a 81       	ldd	r25, Y+2	; 0x02
    3bd0:	fc 01       	movw	r30, r24
    3bd2:	82 81       	ldd	r24, Z+2	; 0x02
    3bd4:	93 81       	ldd	r25, Z+3	; 0x03
    3bd6:	29 81       	ldd	r18, Y+1	; 0x01
    3bd8:	3a 81       	ldd	r19, Y+2	; 0x02
    3bda:	f9 01       	movw	r30, r18
    3bdc:	22 81       	ldd	r18, Z+2	; 0x02
    3bde:	33 81       	ldd	r19, Z+3	; 0x03
    3be0:	f9 01       	movw	r30, r18
    3be2:	26 8d       	ldd	r18, Z+30	; 0x1e
    3be4:	24 0f       	add	r18, r20
    3be6:	fc 01       	movw	r30, r24
    3be8:	26 8f       	std	Z+30, r18	; 0x1e
		status->display->setScore(status->score);
    3bea:	89 81       	ldd	r24, Y+1	; 0x01
    3bec:	9a 81       	ldd	r25, Y+2	; 0x02
    3bee:	fc 01       	movw	r30, r24
    3bf0:	82 81       	ldd	r24, Z+2	; 0x02
    3bf2:	93 81       	ldd	r25, Z+3	; 0x03
    3bf4:	fc 01       	movw	r30, r24
    3bf6:	26 8d       	ldd	r18, Z+30	; 0x1e
    3bf8:	89 81       	ldd	r24, Y+1	; 0x01
    3bfa:	9a 81       	ldd	r25, Y+2	; 0x02
    3bfc:	fc 01       	movw	r30, r24
    3bfe:	82 81       	ldd	r24, Z+2	; 0x02
    3c00:	93 81       	ldd	r25, Z+3	; 0x03
    3c02:	fc 01       	movw	r30, r24
    3c04:	80 8d       	ldd	r24, Z+24	; 0x18
    3c06:	91 8d       	ldd	r25, Z+25	; 0x19
    3c08:	62 2f       	mov	r22, r18
    3c0a:	0e 94 9d 02 	call	0x53a	; 0x53a <_ZN7Display8setScoreEh>
		
		status->pinsManager->reset();
    3c0e:	89 81       	ldd	r24, Y+1	; 0x01
    3c10:	9a 81       	ldd	r25, Y+2	; 0x02
    3c12:	fc 01       	movw	r30, r24
    3c14:	82 81       	ldd	r24, Z+2	; 0x02
    3c16:	93 81       	ldd	r25, Z+3	; 0x03
    3c18:	fc 01       	movw	r30, r24
    3c1a:	82 8d       	ldd	r24, Z+26	; 0x1a
    3c1c:	93 8d       	ldd	r25, Z+27	; 0x1b
    3c1e:	0e 94 25 10 	call	0x204a	; 0x204a <_ZN11PinsManager5resetEv>
	}
    3c22:	00 00       	nop
    3c24:	0f 90       	pop	r0
    3c26:	0f 90       	pop	r0
    3c28:	df 91       	pop	r29
    3c2a:	cf 91       	pop	r28
    3c2c:	08 95       	ret

00003c2e <_ZN12RetornoStateC1EP6Status>:
	private:
		uint8_t step_m5 = 0;
		uint8_t step_m34 = 0; // --- NUEVO: Control paralelo de M3 y M4
		
	public:
		explicit RetornoState(Status* s) : StateActionBase(s) {}
    3c2e:	cf 93       	push	r28
    3c30:	df 93       	push	r29
    3c32:	00 d0       	rcall	.+0      	; 0x3c34 <_ZN12RetornoStateC1EP6Status+0x6>
    3c34:	00 d0       	rcall	.+0      	; 0x3c36 <_ZN12RetornoStateC1EP6Status+0x8>
    3c36:	cd b7       	in	r28, 0x3d	; 61
    3c38:	de b7       	in	r29, 0x3e	; 62
    3c3a:	9a 83       	std	Y+2, r25	; 0x02
    3c3c:	89 83       	std	Y+1, r24	; 0x01
    3c3e:	7c 83       	std	Y+4, r23	; 0x04
    3c40:	6b 83       	std	Y+3, r22	; 0x03
    3c42:	89 81       	ldd	r24, Y+1	; 0x01
    3c44:	9a 81       	ldd	r25, Y+2	; 0x02
    3c46:	2b 81       	ldd	r18, Y+3	; 0x03
    3c48:	3c 81       	ldd	r19, Y+4	; 0x04
    3c4a:	b9 01       	movw	r22, r18
    3c4c:	0e 94 0f 14 	call	0x281e	; 0x281e <_ZN15StateActionBaseC1EP6Status>
    3c50:	21 e3       	ldi	r18, 0x31	; 49
    3c52:	32 e0       	ldi	r19, 0x02	; 2
    3c54:	89 81       	ldd	r24, Y+1	; 0x01
    3c56:	9a 81       	ldd	r25, Y+2	; 0x02
    3c58:	fc 01       	movw	r30, r24
    3c5a:	31 83       	std	Z+1, r19	; 0x01
    3c5c:	20 83       	st	Z, r18
    3c5e:	89 81       	ldd	r24, Y+1	; 0x01
    3c60:	9a 81       	ldd	r25, Y+2	; 0x02
    3c62:	fc 01       	movw	r30, r24
    3c64:	14 82       	std	Z+4, r1	; 0x04
    3c66:	89 81       	ldd	r24, Y+1	; 0x01
    3c68:	9a 81       	ldd	r25, Y+2	; 0x02
    3c6a:	fc 01       	movw	r30, r24
    3c6c:	15 82       	std	Z+5, r1	; 0x05
    3c6e:	00 00       	nop
    3c70:	0f 90       	pop	r0
    3c72:	0f 90       	pop	r0
    3c74:	0f 90       	pop	r0
    3c76:	0f 90       	pop	r0
    3c78:	df 91       	pop	r29
    3c7a:	cf 91       	pop	r28
    3c7c:	08 95       	ret

00003c7e <_ZN12RetornoState5entryEv>:

		void entry() override {
    3c7e:	0f 93       	push	r16
    3c80:	cf 93       	push	r28
    3c82:	df 93       	push	r29
    3c84:	00 d0       	rcall	.+0      	; 0x3c86 <_ZN12RetornoState5entryEv+0x8>
    3c86:	00 d0       	rcall	.+0      	; 0x3c88 <_ZN12RetornoState5entryEv+0xa>
    3c88:	cd b7       	in	r28, 0x3d	; 61
    3c8a:	de b7       	in	r29, 0x3e	; 62
    3c8c:	9a 83       	std	Y+2, r25	; 0x02
    3c8e:	89 83       	std	Y+1, r24	; 0x01
			step_m5 = 0;
    3c90:	89 81       	ldd	r24, Y+1	; 0x01
    3c92:	9a 81       	ldd	r25, Y+2	; 0x02
    3c94:	fc 01       	movw	r30, r24
    3c96:	14 82       	std	Z+4, r1	; 0x04
			step_m34 = 0;
    3c98:	89 81       	ldd	r24, Y+1	; 0x01
    3c9a:	9a 81       	ldd	r25, Y+2	; 0x02
    3c9c:	fc 01       	movw	r30, r24
    3c9e:	15 82       	std	Z+5, r1	; 0x05
			
			// Arrancamos el movimiento nada más entrar al estado
			status->m5->move(M5_DIR_UP, status->current_time, 255);
    3ca0:	89 81       	ldd	r24, Y+1	; 0x01
    3ca2:	9a 81       	ldd	r25, Y+2	; 0x02
    3ca4:	fc 01       	movw	r30, r24
    3ca6:	82 81       	ldd	r24, Z+2	; 0x02
    3ca8:	93 81       	ldd	r25, Z+3	; 0x03
    3caa:	fc 01       	movw	r30, r24
    3cac:	86 a1       	ldd	r24, Z+38	; 0x26
    3cae:	97 a1       	ldd	r25, Z+39	; 0x27
    3cb0:	a0 a5       	ldd	r26, Z+40	; 0x28
    3cb2:	b1 a5       	ldd	r27, Z+41	; 0x29
    3cb4:	29 81       	ldd	r18, Y+1	; 0x01
    3cb6:	3a 81       	ldd	r19, Y+2	; 0x02
    3cb8:	f9 01       	movw	r30, r18
    3cba:	22 81       	ldd	r18, Z+2	; 0x02
    3cbc:	33 81       	ldd	r19, Z+3	; 0x03
    3cbe:	f9 01       	movw	r30, r18
    3cc0:	00 84       	ldd	r0, Z+8	; 0x08
    3cc2:	f1 85       	ldd	r31, Z+9	; 0x09
    3cc4:	e0 2d       	mov	r30, r0
    3cc6:	fc 83       	std	Y+4, r31	; 0x04
    3cc8:	eb 83       	std	Y+3, r30	; 0x03
    3cca:	0f ef       	ldi	r16, 0xFF	; 255
    3ccc:	9c 01       	movw	r18, r24
    3cce:	ad 01       	movw	r20, r26
    3cd0:	61 e0       	ldi	r22, 0x01	; 1
    3cd2:	8b 81       	ldd	r24, Y+3	; 0x03
    3cd4:	9c 81       	ldd	r25, Y+4	; 0x04
    3cd6:	0e 94 5c 07 	call	0xeb8	; 0xeb8 <_ZN5Motor4moveEbmh>

			// --- NUEVO: Si no es el último turno, arrancamos la compuerta de los bolos
			if (!status->is_last_turn) {
    3cda:	89 81       	ldd	r24, Y+1	; 0x01
    3cdc:	9a 81       	ldd	r25, Y+2	; 0x02
    3cde:	fc 01       	movw	r30, r24
    3ce0:	82 81       	ldd	r24, Z+2	; 0x02
    3ce2:	93 81       	ldd	r25, Z+3	; 0x03
    3ce4:	fc 01       	movw	r30, r24
    3ce6:	97 8d       	ldd	r25, Z+31	; 0x1f
    3ce8:	81 e0       	ldi	r24, 0x01	; 1
    3cea:	89 27       	eor	r24, r25
    3cec:	88 23       	and	r24, r24
    3cee:	e9 f0       	breq	.+58     	; 0x3d2a <_ZN12RetornoState5entryEv+0xac>
				status->m4->move(M4_DIR_OPEN, status->current_time);
    3cf0:	89 81       	ldd	r24, Y+1	; 0x01
    3cf2:	9a 81       	ldd	r25, Y+2	; 0x02
    3cf4:	fc 01       	movw	r30, r24
    3cf6:	82 81       	ldd	r24, Z+2	; 0x02
    3cf8:	93 81       	ldd	r25, Z+3	; 0x03
    3cfa:	fc 01       	movw	r30, r24
    3cfc:	86 a1       	ldd	r24, Z+38	; 0x26
    3cfe:	97 a1       	ldd	r25, Z+39	; 0x27
    3d00:	a0 a5       	ldd	r26, Z+40	; 0x28
    3d02:	b1 a5       	ldd	r27, Z+41	; 0x29
    3d04:	29 81       	ldd	r18, Y+1	; 0x01
    3d06:	3a 81       	ldd	r19, Y+2	; 0x02
    3d08:	f9 01       	movw	r30, r18
    3d0a:	22 81       	ldd	r18, Z+2	; 0x02
    3d0c:	33 81       	ldd	r19, Z+3	; 0x03
    3d0e:	f9 01       	movw	r30, r18
    3d10:	06 80       	ldd	r0, Z+6	; 0x06
    3d12:	f7 81       	ldd	r31, Z+7	; 0x07
    3d14:	e0 2d       	mov	r30, r0
    3d16:	fc 83       	std	Y+4, r31	; 0x04
    3d18:	eb 83       	std	Y+3, r30	; 0x03
    3d1a:	0c ec       	ldi	r16, 0xCC	; 204
    3d1c:	9c 01       	movw	r18, r24
    3d1e:	ad 01       	movw	r20, r26
    3d20:	60 e0       	ldi	r22, 0x00	; 0
    3d22:	8b 81       	ldd	r24, Y+3	; 0x03
    3d24:	9c 81       	ldd	r25, Y+4	; 0x04
    3d26:	0e 94 5c 07 	call	0xeb8	; 0xeb8 <_ZN5Motor4moveEbmh>
			}
		}
    3d2a:	00 00       	nop
    3d2c:	0f 90       	pop	r0
    3d2e:	0f 90       	pop	r0
    3d30:	0f 90       	pop	r0
    3d32:	0f 90       	pop	r0
    3d34:	df 91       	pop	r29
    3d36:	cf 91       	pop	r28
    3d38:	0f 91       	pop	r16
    3d3a:	08 95       	ret

00003d3c <_ZN12RetornoState3runEv>:
				
		void run() override {
    3d3c:	0f 93       	push	r16
    3d3e:	cf 93       	push	r28
    3d40:	df 93       	push	r29
    3d42:	00 d0       	rcall	.+0      	; 0x3d44 <_ZN12RetornoState3runEv+0x8>
    3d44:	00 d0       	rcall	.+0      	; 0x3d46 <_ZN12RetornoState3runEv+0xa>
    3d46:	cd b7       	in	r28, 0x3d	; 61
    3d48:	de b7       	in	r29, 0x3e	; 62
    3d4a:	9a 83       	std	Y+2, r25	; 0x02
    3d4c:	89 83       	std	Y+1, r24	; 0x01
			// Si el tiempo NO se ha agotado (Turno Normal)
			if (!status->is_last_turn) {
    3d4e:	89 81       	ldd	r24, Y+1	; 0x01
    3d50:	9a 81       	ldd	r25, Y+2	; 0x02
    3d52:	fc 01       	movw	r30, r24
    3d54:	82 81       	ldd	r24, Z+2	; 0x02
    3d56:	93 81       	ldd	r25, Z+3	; 0x03
    3d58:	fc 01       	movw	r30, r24
    3d5a:	97 8d       	ldd	r25, Z+31	; 0x1f
    3d5c:	81 e0       	ldi	r24, 0x01	; 1
    3d5e:	89 27       	eor	r24, r25
    3d60:	88 23       	and	r24, r24
    3d62:	09 f4       	brne	.+2      	; 0x3d66 <_ZN12RetornoState3runEv+0x2a>
    3d64:	12 c1       	rjmp	.+548    	; 0x3f8a <_ZN12RetornoState3runEv+0x24e>
				
				// --- LÓGICA M5 (Pelota) ---
				if (step_m5 == 0 && status->m5->isAt(M5_SIDE_UP)) {
    3d66:	89 81       	ldd	r24, Y+1	; 0x01
    3d68:	9a 81       	ldd	r25, Y+2	; 0x02
    3d6a:	fc 01       	movw	r30, r24
    3d6c:	84 81       	ldd	r24, Z+4	; 0x04
    3d6e:	88 23       	and	r24, r24
    3d70:	79 f4       	brne	.+30     	; 0x3d90 <_ZN12RetornoState3runEv+0x54>
    3d72:	89 81       	ldd	r24, Y+1	; 0x01
    3d74:	9a 81       	ldd	r25, Y+2	; 0x02
    3d76:	fc 01       	movw	r30, r24
    3d78:	82 81       	ldd	r24, Z+2	; 0x02
    3d7a:	93 81       	ldd	r25, Z+3	; 0x03
    3d7c:	fc 01       	movw	r30, r24
    3d7e:	80 85       	ldd	r24, Z+8	; 0x08
    3d80:	91 85       	ldd	r25, Z+9	; 0x09
    3d82:	61 e0       	ldi	r22, 0x01	; 1
    3d84:	0e 94 a4 08 	call	0x1148	; 0x1148 <_ZN5Motor4isAtENS_4SideE>
    3d88:	88 23       	and	r24, r24
    3d8a:	11 f0       	breq	.+4      	; 0x3d90 <_ZN12RetornoState3runEv+0x54>
    3d8c:	81 e0       	ldi	r24, 0x01	; 1
    3d8e:	01 c0       	rjmp	.+2      	; 0x3d92 <_ZN12RetornoState3runEv+0x56>
    3d90:	80 e0       	ldi	r24, 0x00	; 0
    3d92:	88 23       	and	r24, r24
    3d94:	11 f1       	breq	.+68     	; 0x3dda <_ZN12RetornoState3runEv+0x9e>
					status->m5->move(M5_DIR_DOWN, status->current_time, 255);
    3d96:	89 81       	ldd	r24, Y+1	; 0x01
    3d98:	9a 81       	ldd	r25, Y+2	; 0x02
    3d9a:	fc 01       	movw	r30, r24
    3d9c:	82 81       	ldd	r24, Z+2	; 0x02
    3d9e:	93 81       	ldd	r25, Z+3	; 0x03
    3da0:	fc 01       	movw	r30, r24
    3da2:	86 a1       	ldd	r24, Z+38	; 0x26
    3da4:	97 a1       	ldd	r25, Z+39	; 0x27
    3da6:	a0 a5       	ldd	r26, Z+40	; 0x28
    3da8:	b1 a5       	ldd	r27, Z+41	; 0x29
    3daa:	29 81       	ldd	r18, Y+1	; 0x01
    3dac:	3a 81       	ldd	r19, Y+2	; 0x02
    3dae:	f9 01       	movw	r30, r18
    3db0:	22 81       	ldd	r18, Z+2	; 0x02
    3db2:	33 81       	ldd	r19, Z+3	; 0x03
    3db4:	f9 01       	movw	r30, r18
    3db6:	00 84       	ldd	r0, Z+8	; 0x08
    3db8:	f1 85       	ldd	r31, Z+9	; 0x09
    3dba:	e0 2d       	mov	r30, r0
    3dbc:	fc 83       	std	Y+4, r31	; 0x04
    3dbe:	eb 83       	std	Y+3, r30	; 0x03
    3dc0:	0f ef       	ldi	r16, 0xFF	; 255
    3dc2:	9c 01       	movw	r18, r24
    3dc4:	ad 01       	movw	r20, r26
    3dc6:	60 e0       	ldi	r22, 0x00	; 0
    3dc8:	8b 81       	ldd	r24, Y+3	; 0x03
    3dca:	9c 81       	ldd	r25, Y+4	; 0x04
    3dcc:	0e 94 5c 07 	call	0xeb8	; 0xeb8 <_ZN5Motor4moveEbmh>
					step_m5 = 1;
    3dd0:	89 81       	ldd	r24, Y+1	; 0x01
    3dd2:	9a 81       	ldd	r25, Y+2	; 0x02
    3dd4:	21 e0       	ldi	r18, 0x01	; 1
    3dd6:	fc 01       	movw	r30, r24
    3dd8:	24 83       	std	Z+4, r18	; 0x04
				}

				// --- NUEVO: LÓGICA PARALELA M3/M4 (Bolos) ---
				// Paso 0: Como M4 ya viene abierto del disparo, empezamos mandando a M3 adelante.
				if (step_m34 == 0 && status->m4->isAt(M4_SIDE_OPEN)) {
    3dda:	89 81       	ldd	r24, Y+1	; 0x01
    3ddc:	9a 81       	ldd	r25, Y+2	; 0x02
    3dde:	fc 01       	movw	r30, r24
    3de0:	85 81       	ldd	r24, Z+5	; 0x05
    3de2:	88 23       	and	r24, r24
    3de4:	79 f4       	brne	.+30     	; 0x3e04 <_ZN12RetornoState3runEv+0xc8>
    3de6:	89 81       	ldd	r24, Y+1	; 0x01
    3de8:	9a 81       	ldd	r25, Y+2	; 0x02
    3dea:	fc 01       	movw	r30, r24
    3dec:	82 81       	ldd	r24, Z+2	; 0x02
    3dee:	93 81       	ldd	r25, Z+3	; 0x03
    3df0:	fc 01       	movw	r30, r24
    3df2:	86 81       	ldd	r24, Z+6	; 0x06
    3df4:	97 81       	ldd	r25, Z+7	; 0x07
    3df6:	62 e0       	ldi	r22, 0x02	; 2
    3df8:	0e 94 a4 08 	call	0x1148	; 0x1148 <_ZN5Motor4isAtENS_4SideE>
    3dfc:	88 23       	and	r24, r24
    3dfe:	11 f0       	breq	.+4      	; 0x3e04 <_ZN12RetornoState3runEv+0xc8>
    3e00:	81 e0       	ldi	r24, 0x01	; 1
    3e02:	01 c0       	rjmp	.+2      	; 0x3e06 <_ZN12RetornoState3runEv+0xca>
    3e04:	80 e0       	ldi	r24, 0x00	; 0
    3e06:	88 23       	and	r24, r24
    3e08:	19 f1       	breq	.+70     	; 0x3e50 <_ZN12RetornoState3runEv+0x114>
					status->m3->move(M3_DIR_FORWARD, status->current_time, 255);
    3e0a:	89 81       	ldd	r24, Y+1	; 0x01
    3e0c:	9a 81       	ldd	r25, Y+2	; 0x02
    3e0e:	fc 01       	movw	r30, r24
    3e10:	82 81       	ldd	r24, Z+2	; 0x02
    3e12:	93 81       	ldd	r25, Z+3	; 0x03
    3e14:	fc 01       	movw	r30, r24
    3e16:	86 a1       	ldd	r24, Z+38	; 0x26
    3e18:	97 a1       	ldd	r25, Z+39	; 0x27
    3e1a:	a0 a5       	ldd	r26, Z+40	; 0x28
    3e1c:	b1 a5       	ldd	r27, Z+41	; 0x29
    3e1e:	29 81       	ldd	r18, Y+1	; 0x01
    3e20:	3a 81       	ldd	r19, Y+2	; 0x02
    3e22:	f9 01       	movw	r30, r18
    3e24:	22 81       	ldd	r18, Z+2	; 0x02
    3e26:	33 81       	ldd	r19, Z+3	; 0x03
    3e28:	f9 01       	movw	r30, r18
    3e2a:	04 80       	ldd	r0, Z+4	; 0x04
    3e2c:	f5 81       	ldd	r31, Z+5	; 0x05
    3e2e:	e0 2d       	mov	r30, r0
    3e30:	fc 83       	std	Y+4, r31	; 0x04
    3e32:	eb 83       	std	Y+3, r30	; 0x03
    3e34:	0f ef       	ldi	r16, 0xFF	; 255
    3e36:	9c 01       	movw	r18, r24
    3e38:	ad 01       	movw	r20, r26
    3e3a:	61 e0       	ldi	r22, 0x01	; 1
    3e3c:	8b 81       	ldd	r24, Y+3	; 0x03
    3e3e:	9c 81       	ldd	r25, Y+4	; 0x04
    3e40:	0e 94 5c 07 	call	0xeb8	; 0xeb8 <_ZN5Motor4moveEbmh>
					step_m34 = 1;
    3e44:	89 81       	ldd	r24, Y+1	; 0x01
    3e46:	9a 81       	ldd	r25, Y+2	; 0x02
    3e48:	21 e0       	ldi	r18, 0x01	; 1
    3e4a:	fc 01       	movw	r30, r24
    3e4c:	25 83       	std	Z+5, r18	; 0x05
				if (step_m5 == 0 && status->m5->isAt(M5_SIDE_UP)) {
					status->m5->move(M5_DIR_DOWN, status->current_time, 255);
					step_m5 = 1;
				}
			}
		}
    3e4e:	d7 c0       	rjmp	.+430    	; 0x3ffe <_ZN12RetornoState3runEv+0x2c2>
				// Paso 0: Como M4 ya viene abierto del disparo, empezamos mandando a M3 adelante.
				if (step_m34 == 0 && status->m4->isAt(M4_SIDE_OPEN)) {
					status->m3->move(M3_DIR_FORWARD, status->current_time, 255);
					step_m34 = 1;
				}
				else if (step_m34 == 1 && status->m3->isAt(M3_SIDE_FORWARD)) {
    3e50:	89 81       	ldd	r24, Y+1	; 0x01
    3e52:	9a 81       	ldd	r25, Y+2	; 0x02
    3e54:	fc 01       	movw	r30, r24
    3e56:	85 81       	ldd	r24, Z+5	; 0x05
    3e58:	81 30       	cpi	r24, 0x01	; 1
    3e5a:	79 f4       	brne	.+30     	; 0x3e7a <_ZN12RetornoState3runEv+0x13e>
    3e5c:	89 81       	ldd	r24, Y+1	; 0x01
    3e5e:	9a 81       	ldd	r25, Y+2	; 0x02
    3e60:	fc 01       	movw	r30, r24
    3e62:	82 81       	ldd	r24, Z+2	; 0x02
    3e64:	93 81       	ldd	r25, Z+3	; 0x03
    3e66:	fc 01       	movw	r30, r24
    3e68:	84 81       	ldd	r24, Z+4	; 0x04
    3e6a:	95 81       	ldd	r25, Z+5	; 0x05
    3e6c:	61 e0       	ldi	r22, 0x01	; 1
    3e6e:	0e 94 a4 08 	call	0x1148	; 0x1148 <_ZN5Motor4isAtENS_4SideE>
    3e72:	88 23       	and	r24, r24
    3e74:	11 f0       	breq	.+4      	; 0x3e7a <_ZN12RetornoState3runEv+0x13e>
    3e76:	81 e0       	ldi	r24, 0x01	; 1
    3e78:	01 c0       	rjmp	.+2      	; 0x3e7c <_ZN12RetornoState3runEv+0x140>
    3e7a:	80 e0       	ldi	r24, 0x00	; 0
    3e7c:	88 23       	and	r24, r24
    3e7e:	19 f1       	breq	.+70     	; 0x3ec6 <_ZN12RetornoState3runEv+0x18a>
					// Paso 1: M3 llegó adelante. Cerramos la compuerta M4.
					status->m4->move(M4_DIR_CLOSE, status->current_time);
    3e80:	89 81       	ldd	r24, Y+1	; 0x01
    3e82:	9a 81       	ldd	r25, Y+2	; 0x02
    3e84:	fc 01       	movw	r30, r24
    3e86:	82 81       	ldd	r24, Z+2	; 0x02
    3e88:	93 81       	ldd	r25, Z+3	; 0x03
    3e8a:	fc 01       	movw	r30, r24
    3e8c:	86 a1       	ldd	r24, Z+38	; 0x26
    3e8e:	97 a1       	ldd	r25, Z+39	; 0x27
    3e90:	a0 a5       	ldd	r26, Z+40	; 0x28
    3e92:	b1 a5       	ldd	r27, Z+41	; 0x29
    3e94:	29 81       	ldd	r18, Y+1	; 0x01
    3e96:	3a 81       	ldd	r19, Y+2	; 0x02
    3e98:	f9 01       	movw	r30, r18
    3e9a:	22 81       	ldd	r18, Z+2	; 0x02
    3e9c:	33 81       	ldd	r19, Z+3	; 0x03
    3e9e:	f9 01       	movw	r30, r18
    3ea0:	06 80       	ldd	r0, Z+6	; 0x06
    3ea2:	f7 81       	ldd	r31, Z+7	; 0x07
    3ea4:	e0 2d       	mov	r30, r0
    3ea6:	fc 83       	std	Y+4, r31	; 0x04
    3ea8:	eb 83       	std	Y+3, r30	; 0x03
    3eaa:	0c ec       	ldi	r16, 0xCC	; 204
    3eac:	9c 01       	movw	r18, r24
    3eae:	ad 01       	movw	r20, r26
    3eb0:	61 e0       	ldi	r22, 0x01	; 1
    3eb2:	8b 81       	ldd	r24, Y+3	; 0x03
    3eb4:	9c 81       	ldd	r25, Y+4	; 0x04
    3eb6:	0e 94 5c 07 	call	0xeb8	; 0xeb8 <_ZN5Motor4moveEbmh>
					step_m34 = 2;
    3eba:	89 81       	ldd	r24, Y+1	; 0x01
    3ebc:	9a 81       	ldd	r25, Y+2	; 0x02
    3ebe:	22 e0       	ldi	r18, 0x02	; 2
    3ec0:	fc 01       	movw	r30, r24
    3ec2:	25 83       	std	Z+5, r18	; 0x05
				if (step_m5 == 0 && status->m5->isAt(M5_SIDE_UP)) {
					status->m5->move(M5_DIR_DOWN, status->current_time, 255);
					step_m5 = 1;
				}
			}
		}
    3ec4:	9c c0       	rjmp	.+312    	; 0x3ffe <_ZN12RetornoState3runEv+0x2c2>
				else if (step_m34 == 1 && status->m3->isAt(M3_SIDE_FORWARD)) {
					// Paso 1: M3 llegó adelante. Cerramos la compuerta M4.
					status->m4->move(M4_DIR_CLOSE, status->current_time);
					step_m34 = 2;
				}
				else if (step_m34 == 2 && status->m4->isAt(M4_SIDE_CLOSE)) {
    3ec6:	89 81       	ldd	r24, Y+1	; 0x01
    3ec8:	9a 81       	ldd	r25, Y+2	; 0x02
    3eca:	fc 01       	movw	r30, r24
    3ecc:	85 81       	ldd	r24, Z+5	; 0x05
    3ece:	82 30       	cpi	r24, 0x02	; 2
    3ed0:	79 f4       	brne	.+30     	; 0x3ef0 <_ZN12RetornoState3runEv+0x1b4>
    3ed2:	89 81       	ldd	r24, Y+1	; 0x01
    3ed4:	9a 81       	ldd	r25, Y+2	; 0x02
    3ed6:	fc 01       	movw	r30, r24
    3ed8:	82 81       	ldd	r24, Z+2	; 0x02
    3eda:	93 81       	ldd	r25, Z+3	; 0x03
    3edc:	fc 01       	movw	r30, r24
    3ede:	86 81       	ldd	r24, Z+6	; 0x06
    3ee0:	97 81       	ldd	r25, Z+7	; 0x07
    3ee2:	61 e0       	ldi	r22, 0x01	; 1
    3ee4:	0e 94 a4 08 	call	0x1148	; 0x1148 <_ZN5Motor4isAtENS_4SideE>
    3ee8:	88 23       	and	r24, r24
    3eea:	11 f0       	breq	.+4      	; 0x3ef0 <_ZN12RetornoState3runEv+0x1b4>
    3eec:	81 e0       	ldi	r24, 0x01	; 1
    3eee:	01 c0       	rjmp	.+2      	; 0x3ef2 <_ZN12RetornoState3runEv+0x1b6>
    3ef0:	80 e0       	ldi	r24, 0x00	; 0
    3ef2:	88 23       	and	r24, r24
    3ef4:	19 f1       	breq	.+70     	; 0x3f3c <_ZN12RetornoState3runEv+0x200>
					// Paso 2: Compuerta cerrada. Retiramos a M3 hacia atrás.
					status->m3->move(M3_DIR_BACKWARD, status->current_time, 255);
    3ef6:	89 81       	ldd	r24, Y+1	; 0x01
    3ef8:	9a 81       	ldd	r25, Y+2	; 0x02
    3efa:	fc 01       	movw	r30, r24
    3efc:	82 81       	ldd	r24, Z+2	; 0x02
    3efe:	93 81       	ldd	r25, Z+3	; 0x03
    3f00:	fc 01       	movw	r30, r24
    3f02:	86 a1       	ldd	r24, Z+38	; 0x26
    3f04:	97 a1       	ldd	r25, Z+39	; 0x27
    3f06:	a0 a5       	ldd	r26, Z+40	; 0x28
    3f08:	b1 a5       	ldd	r27, Z+41	; 0x29
    3f0a:	29 81       	ldd	r18, Y+1	; 0x01
    3f0c:	3a 81       	ldd	r19, Y+2	; 0x02
    3f0e:	f9 01       	movw	r30, r18
    3f10:	22 81       	ldd	r18, Z+2	; 0x02
    3f12:	33 81       	ldd	r19, Z+3	; 0x03
    3f14:	f9 01       	movw	r30, r18
    3f16:	04 80       	ldd	r0, Z+4	; 0x04
    3f18:	f5 81       	ldd	r31, Z+5	; 0x05
    3f1a:	e0 2d       	mov	r30, r0
    3f1c:	fc 83       	std	Y+4, r31	; 0x04
    3f1e:	eb 83       	std	Y+3, r30	; 0x03
    3f20:	0f ef       	ldi	r16, 0xFF	; 255
    3f22:	9c 01       	movw	r18, r24
    3f24:	ad 01       	movw	r20, r26
    3f26:	60 e0       	ldi	r22, 0x00	; 0
    3f28:	8b 81       	ldd	r24, Y+3	; 0x03
    3f2a:	9c 81       	ldd	r25, Y+4	; 0x04
    3f2c:	0e 94 5c 07 	call	0xeb8	; 0xeb8 <_ZN5Motor4moveEbmh>
					step_m34 = 3;
    3f30:	89 81       	ldd	r24, Y+1	; 0x01
    3f32:	9a 81       	ldd	r25, Y+2	; 0x02
    3f34:	23 e0       	ldi	r18, 0x03	; 3
    3f36:	fc 01       	movw	r30, r24
    3f38:	25 83       	std	Z+5, r18	; 0x05
				if (step_m5 == 0 && status->m5->isAt(M5_SIDE_UP)) {
					status->m5->move(M5_DIR_DOWN, status->current_time, 255);
					step_m5 = 1;
				}
			}
		}
    3f3a:	61 c0       	rjmp	.+194    	; 0x3ffe <_ZN12RetornoState3runEv+0x2c2>
				else if (step_m34 == 2 && status->m4->isAt(M4_SIDE_CLOSE)) {
					// Paso 2: Compuerta cerrada. Retiramos a M3 hacia atrás.
					status->m3->move(M3_DIR_BACKWARD, status->current_time, 255);
					step_m34 = 3;
				}
				else if (step_m34 == 3 && status->m3->isAt(M3_SIDE_BACKWARD)) {
    3f3c:	89 81       	ldd	r24, Y+1	; 0x01
    3f3e:	9a 81       	ldd	r25, Y+2	; 0x02
    3f40:	fc 01       	movw	r30, r24
    3f42:	85 81       	ldd	r24, Z+5	; 0x05
    3f44:	83 30       	cpi	r24, 0x03	; 3
    3f46:	79 f4       	brne	.+30     	; 0x3f66 <_ZN12RetornoState3runEv+0x22a>
    3f48:	89 81       	ldd	r24, Y+1	; 0x01
    3f4a:	9a 81       	ldd	r25, Y+2	; 0x02
    3f4c:	fc 01       	movw	r30, r24
    3f4e:	82 81       	ldd	r24, Z+2	; 0x02
    3f50:	93 81       	ldd	r25, Z+3	; 0x03
    3f52:	fc 01       	movw	r30, r24
    3f54:	84 81       	ldd	r24, Z+4	; 0x04
    3f56:	95 81       	ldd	r25, Z+5	; 0x05
    3f58:	62 e0       	ldi	r22, 0x02	; 2
    3f5a:	0e 94 a4 08 	call	0x1148	; 0x1148 <_ZN5Motor4isAtENS_4SideE>
    3f5e:	88 23       	and	r24, r24
    3f60:	11 f0       	breq	.+4      	; 0x3f66 <_ZN12RetornoState3runEv+0x22a>
    3f62:	81 e0       	ldi	r24, 0x01	; 1
    3f64:	01 c0       	rjmp	.+2      	; 0x3f68 <_ZN12RetornoState3runEv+0x22c>
    3f66:	80 e0       	ldi	r24, 0x00	; 0
    3f68:	88 23       	and	r24, r24
    3f6a:	09 f4       	brne	.+2      	; 0x3f6e <_ZN12RetornoState3runEv+0x232>
    3f6c:	48 c0       	rjmp	.+144    	; 0x3ffe <_ZN12RetornoState3runEv+0x2c2>
					step_m34 = 4; // Secuencia completada
    3f6e:	89 81       	ldd	r24, Y+1	; 0x01
    3f70:	9a 81       	ldd	r25, Y+2	; 0x02
    3f72:	24 e0       	ldi	r18, 0x04	; 4
    3f74:	fc 01       	movw	r30, r24
    3f76:	25 83       	std	Z+5, r18	; 0x05
					status->is_armed = true; 
    3f78:	89 81       	ldd	r24, Y+1	; 0x01
    3f7a:	9a 81       	ldd	r25, Y+2	; 0x02
    3f7c:	fc 01       	movw	r30, r24
    3f7e:	82 81       	ldd	r24, Z+2	; 0x02
    3f80:	93 81       	ldd	r25, Z+3	; 0x03
    3f82:	21 e0       	ldi	r18, 0x01	; 1
    3f84:	fc 01       	movw	r30, r24
    3f86:	21 a3       	std	Z+33, r18	; 0x21
				if (step_m5 == 0 && status->m5->isAt(M5_SIDE_UP)) {
					status->m5->move(M5_DIR_DOWN, status->current_time, 255);
					step_m5 = 1;
				}
			}
		}
    3f88:	3a c0       	rjmp	.+116    	; 0x3ffe <_ZN12RetornoState3runEv+0x2c2>
					status->is_armed = true; 
				}

			}
			else {
				if (step_m5 == 0 && status->m5->isAt(M5_SIDE_UP)) {
    3f8a:	89 81       	ldd	r24, Y+1	; 0x01
    3f8c:	9a 81       	ldd	r25, Y+2	; 0x02
    3f8e:	fc 01       	movw	r30, r24
    3f90:	84 81       	ldd	r24, Z+4	; 0x04
    3f92:	88 23       	and	r24, r24
    3f94:	79 f4       	brne	.+30     	; 0x3fb4 <_ZN12RetornoState3runEv+0x278>
    3f96:	89 81       	ldd	r24, Y+1	; 0x01
    3f98:	9a 81       	ldd	r25, Y+2	; 0x02
    3f9a:	fc 01       	movw	r30, r24
    3f9c:	82 81       	ldd	r24, Z+2	; 0x02
    3f9e:	93 81       	ldd	r25, Z+3	; 0x03
    3fa0:	fc 01       	movw	r30, r24
    3fa2:	80 85       	ldd	r24, Z+8	; 0x08
    3fa4:	91 85       	ldd	r25, Z+9	; 0x09
    3fa6:	61 e0       	ldi	r22, 0x01	; 1
    3fa8:	0e 94 a4 08 	call	0x1148	; 0x1148 <_ZN5Motor4isAtENS_4SideE>
    3fac:	88 23       	and	r24, r24
    3fae:	11 f0       	breq	.+4      	; 0x3fb4 <_ZN12RetornoState3runEv+0x278>
    3fb0:	81 e0       	ldi	r24, 0x01	; 1
    3fb2:	01 c0       	rjmp	.+2      	; 0x3fb6 <_ZN12RetornoState3runEv+0x27a>
    3fb4:	80 e0       	ldi	r24, 0x00	; 0
    3fb6:	88 23       	and	r24, r24
    3fb8:	11 f1       	breq	.+68     	; 0x3ffe <_ZN12RetornoState3runEv+0x2c2>
					status->m5->move(M5_DIR_DOWN, status->current_time, 255);
    3fba:	89 81       	ldd	r24, Y+1	; 0x01
    3fbc:	9a 81       	ldd	r25, Y+2	; 0x02
    3fbe:	fc 01       	movw	r30, r24
    3fc0:	82 81       	ldd	r24, Z+2	; 0x02
    3fc2:	93 81       	ldd	r25, Z+3	; 0x03
    3fc4:	fc 01       	movw	r30, r24
    3fc6:	86 a1       	ldd	r24, Z+38	; 0x26
    3fc8:	97 a1       	ldd	r25, Z+39	; 0x27
    3fca:	a0 a5       	ldd	r26, Z+40	; 0x28
    3fcc:	b1 a5       	ldd	r27, Z+41	; 0x29
    3fce:	29 81       	ldd	r18, Y+1	; 0x01
    3fd0:	3a 81       	ldd	r19, Y+2	; 0x02
    3fd2:	f9 01       	movw	r30, r18
    3fd4:	22 81       	ldd	r18, Z+2	; 0x02
    3fd6:	33 81       	ldd	r19, Z+3	; 0x03
    3fd8:	f9 01       	movw	r30, r18
    3fda:	00 84       	ldd	r0, Z+8	; 0x08
    3fdc:	f1 85       	ldd	r31, Z+9	; 0x09
    3fde:	e0 2d       	mov	r30, r0
    3fe0:	fc 83       	std	Y+4, r31	; 0x04
    3fe2:	eb 83       	std	Y+3, r30	; 0x03
    3fe4:	0f ef       	ldi	r16, 0xFF	; 255
    3fe6:	9c 01       	movw	r18, r24
    3fe8:	ad 01       	movw	r20, r26
    3fea:	60 e0       	ldi	r22, 0x00	; 0
    3fec:	8b 81       	ldd	r24, Y+3	; 0x03
    3fee:	9c 81       	ldd	r25, Y+4	; 0x04
    3ff0:	0e 94 5c 07 	call	0xeb8	; 0xeb8 <_ZN5Motor4moveEbmh>
					step_m5 = 1;
    3ff4:	89 81       	ldd	r24, Y+1	; 0x01
    3ff6:	9a 81       	ldd	r25, Y+2	; 0x02
    3ff8:	21 e0       	ldi	r18, 0x01	; 1
    3ffa:	fc 01       	movw	r30, r24
    3ffc:	24 83       	std	Z+4, r18	; 0x04
				}
			}
		}
    3ffe:	00 00       	nop
    4000:	0f 90       	pop	r0
    4002:	0f 90       	pop	r0
    4004:	0f 90       	pop	r0
    4006:	0f 90       	pop	r0
    4008:	df 91       	pop	r29
    400a:	cf 91       	pop	r28
    400c:	0f 91       	pop	r16
    400e:	08 95       	ret

00004010 <_ZN12RetornoState17check_transitionsEv>:
		
		States check_transitions() override {
    4010:	cf 93       	push	r28
    4012:	df 93       	push	r29
    4014:	00 d0       	rcall	.+0      	; 0x4016 <_ZN12RetornoState17check_transitionsEv+0x6>
    4016:	cd b7       	in	r28, 0x3d	; 61
    4018:	de b7       	in	r29, 0x3e	; 62
    401a:	9a 83       	std	Y+2, r25	; 0x02
    401c:	89 83       	std	Y+1, r24	; 0x01
			if (!status->is_last_turn) {
    401e:	89 81       	ldd	r24, Y+1	; 0x01
    4020:	9a 81       	ldd	r25, Y+2	; 0x02
    4022:	fc 01       	movw	r30, r24
    4024:	82 81       	ldd	r24, Z+2	; 0x02
    4026:	93 81       	ldd	r25, Z+3	; 0x03
    4028:	fc 01       	movw	r30, r24
    402a:	97 8d       	ldd	r25, Z+31	; 0x1f
    402c:	81 e0       	ldi	r24, 0x01	; 1
    402e:	89 27       	eor	r24, r25
    4030:	88 23       	and	r24, r24
    4032:	01 f1       	breq	.+64     	; 0x4074 <_ZN12RetornoState17check_transitionsEv+0x64>
				// --- NUEVO: Transición espera a que M5 baje Y los bolos (M3/M4) hayan terminado
				if (step_m5 == 1 && status->m5->isAt(M5_SIDE_DOWN) && step_m34 == 4) {
    4034:	89 81       	ldd	r24, Y+1	; 0x01
    4036:	9a 81       	ldd	r25, Y+2	; 0x02
    4038:	fc 01       	movw	r30, r24
    403a:	84 81       	ldd	r24, Z+4	; 0x04
    403c:	81 30       	cpi	r24, 0x01	; 1
    403e:	a9 f4       	brne	.+42     	; 0x406a <_ZN12RetornoState17check_transitionsEv+0x5a>
    4040:	89 81       	ldd	r24, Y+1	; 0x01
    4042:	9a 81       	ldd	r25, Y+2	; 0x02
    4044:	fc 01       	movw	r30, r24
    4046:	82 81       	ldd	r24, Z+2	; 0x02
    4048:	93 81       	ldd	r25, Z+3	; 0x03
    404a:	fc 01       	movw	r30, r24
    404c:	80 85       	ldd	r24, Z+8	; 0x08
    404e:	91 85       	ldd	r25, Z+9	; 0x09
    4050:	62 e0       	ldi	r22, 0x02	; 2
    4052:	0e 94 a4 08 	call	0x1148	; 0x1148 <_ZN5Motor4isAtENS_4SideE>
    4056:	88 23       	and	r24, r24
    4058:	41 f0       	breq	.+16     	; 0x406a <_ZN12RetornoState17check_transitionsEv+0x5a>
    405a:	89 81       	ldd	r24, Y+1	; 0x01
    405c:	9a 81       	ldd	r25, Y+2	; 0x02
    405e:	fc 01       	movw	r30, r24
    4060:	85 81       	ldd	r24, Z+5	; 0x05
    4062:	84 30       	cpi	r24, 0x04	; 4
    4064:	11 f4       	brne	.+4      	; 0x406a <_ZN12RetornoState17check_transitionsEv+0x5a>
    4066:	81 e0       	ldi	r24, 0x01	; 1
    4068:	01 c0       	rjmp	.+2      	; 0x406c <_ZN12RetornoState17check_transitionsEv+0x5c>
    406a:	80 e0       	ldi	r24, 0x00	; 0
    406c:	88 23       	and	r24, r24
    406e:	19 f1       	breq	.+70     	; 0x40b6 <_ZN12RetornoState17check_transitionsEv+0xa6>
					return States::Carga; 
    4070:	83 e0       	ldi	r24, 0x03	; 3
    4072:	22 c0       	rjmp	.+68     	; 0x40b8 <_ZN12RetornoState17check_transitionsEv+0xa8>
				}
			} 
			else {
				// Transición para último turno: Esperamos a que llegue ARRIBA
				if (step_m5 == 1 && status->m5->isAt(M5_SIDE_DOWN)) {
    4074:	89 81       	ldd	r24, Y+1	; 0x01
    4076:	9a 81       	ldd	r25, Y+2	; 0x02
    4078:	fc 01       	movw	r30, r24
    407a:	84 81       	ldd	r24, Z+4	; 0x04
    407c:	81 30       	cpi	r24, 0x01	; 1
    407e:	79 f4       	brne	.+30     	; 0x409e <_ZN12RetornoState17check_transitionsEv+0x8e>
    4080:	89 81       	ldd	r24, Y+1	; 0x01
    4082:	9a 81       	ldd	r25, Y+2	; 0x02
    4084:	fc 01       	movw	r30, r24
    4086:	82 81       	ldd	r24, Z+2	; 0x02
    4088:	93 81       	ldd	r25, Z+3	; 0x03
    408a:	fc 01       	movw	r30, r24
    408c:	80 85       	ldd	r24, Z+8	; 0x08
    408e:	91 85       	ldd	r25, Z+9	; 0x09
    4090:	62 e0       	ldi	r22, 0x02	; 2
    4092:	0e 94 a4 08 	call	0x1148	; 0x1148 <_ZN5Motor4isAtENS_4SideE>
    4096:	88 23       	and	r24, r24
    4098:	11 f0       	breq	.+4      	; 0x409e <_ZN12RetornoState17check_transitionsEv+0x8e>
    409a:	81 e0       	ldi	r24, 0x01	; 1
    409c:	01 c0       	rjmp	.+2      	; 0x40a0 <_ZN12RetornoState17check_transitionsEv+0x90>
    409e:	80 e0       	ldi	r24, 0x00	; 0
    40a0:	88 23       	and	r24, r24
    40a2:	49 f0       	breq	.+18     	; 0x40b6 <_ZN12RetornoState17check_transitionsEv+0xa6>
					status->is_last_turn = false;
    40a4:	89 81       	ldd	r24, Y+1	; 0x01
    40a6:	9a 81       	ldd	r25, Y+2	; 0x02
    40a8:	fc 01       	movw	r30, r24
    40aa:	82 81       	ldd	r24, Z+2	; 0x02
    40ac:	93 81       	ldd	r25, Z+3	; 0x03
    40ae:	fc 01       	movw	r30, r24
    40b0:	17 8e       	std	Z+31, r1	; 0x1f
					return States::Idle; 
    40b2:	82 e0       	ldi	r24, 0x02	; 2
    40b4:	01 c0       	rjmp	.+2      	; 0x40b8 <_ZN12RetornoState17check_transitionsEv+0xa8>
				}
			}
			
			return States::NO_CHANGE;
    40b6:	8f ef       	ldi	r24, 0xFF	; 255
		}
    40b8:	0f 90       	pop	r0
    40ba:	0f 90       	pop	r0
    40bc:	df 91       	pop	r29
    40be:	cf 91       	pop	r28
    40c0:	08 95       	ret

000040c2 <_ZN12StateMachineC1Ev>:

	// States Lookup Array
	StateActionBase* state_actions[NUM_STATES];

	public:
	explicit StateMachine() {
    40c2:	cf 93       	push	r28
    40c4:	df 93       	push	r29
    40c6:	00 d0       	rcall	.+0      	; 0x40c8 <_ZN12StateMachineC1Ev+0x6>
    40c8:	cd b7       	in	r28, 0x3d	; 61
    40ca:	de b7       	in	r29, 0x3e	; 62
    40cc:	9a 83       	std	Y+2, r25	; 0x02
    40ce:	89 83       	std	Y+1, r24	; 0x01
    40d0:	89 81       	ldd	r24, Y+1	; 0x01
    40d2:	9a 81       	ldd	r25, Y+2	; 0x02
    40d4:	0e 94 6a 12 	call	0x24d4	; 0x24d4 <_ZN6StatusC1Ev>
    40d8:	29 81       	ldd	r18, Y+1	; 0x01
    40da:	3a 81       	ldd	r19, Y+2	; 0x02
    40dc:	89 81       	ldd	r24, Y+1	; 0x01
    40de:	9a 81       	ldd	r25, Y+2	; 0x02
    40e0:	8b 96       	adiw	r24, 0x2b	; 43
    40e2:	b9 01       	movw	r22, r18
    40e4:	0e 94 63 14 	call	0x28c6	; 0x28c6 <_ZN9InitStateC1EP6Status>
    40e8:	29 81       	ldd	r18, Y+1	; 0x01
    40ea:	3a 81       	ldd	r19, Y+2	; 0x02
    40ec:	89 81       	ldd	r24, Y+1	; 0x01
    40ee:	9a 81       	ldd	r25, Y+2	; 0x02
    40f0:	8f 96       	adiw	r24, 0x2f	; 47
    40f2:	b9 01       	movw	r22, r18
    40f4:	0e 94 ed 15 	call	0x2bda	; 0x2bda <_ZN16CalibrationStateC1EP6Status>
    40f8:	29 81       	ldd	r18, Y+1	; 0x01
    40fa:	3a 81       	ldd	r19, Y+2	; 0x02
    40fc:	89 81       	ldd	r24, Y+1	; 0x01
    40fe:	9a 81       	ldd	r25, Y+2	; 0x02
    4100:	c5 96       	adiw	r24, 0x35	; 53
    4102:	b9 01       	movw	r22, r18
    4104:	0e 94 7b 17 	call	0x2ef6	; 0x2ef6 <_ZN9IdleStateC1EP6Status>
    4108:	29 81       	ldd	r18, Y+1	; 0x01
    410a:	3a 81       	ldd	r19, Y+2	; 0x02
    410c:	89 81       	ldd	r24, Y+1	; 0x01
    410e:	9a 81       	ldd	r25, Y+2	; 0x02
    4110:	c9 96       	adiw	r24, 0x39	; 57
    4112:	b9 01       	movw	r22, r18
    4114:	0e 94 31 18 	call	0x3062	; 0x3062 <_ZN10CargaStateC1EP6Status>
    4118:	29 81       	ldd	r18, Y+1	; 0x01
    411a:	3a 81       	ldd	r19, Y+2	; 0x02
    411c:	89 81       	ldd	r24, Y+1	; 0x01
    411e:	9a 81       	ldd	r25, Y+2	; 0x02
    4120:	8d 5b       	subi	r24, 0xBD	; 189
    4122:	9f 4f       	sbci	r25, 0xFF	; 255
    4124:	b9 01       	movw	r22, r18
    4126:	0e 94 06 1b 	call	0x360c	; 0x360c <_ZN11ArmadoStateC1EP6Status>
    412a:	29 81       	ldd	r18, Y+1	; 0x01
    412c:	3a 81       	ldd	r19, Y+2	; 0x02
    412e:	89 81       	ldd	r24, Y+1	; 0x01
    4130:	9a 81       	ldd	r25, Y+2	; 0x02
    4132:	88 5b       	subi	r24, 0xB8	; 184
    4134:	9f 4f       	sbci	r25, 0xFF	; 255
    4136:	b9 01       	movw	r22, r18
    4138:	0e 94 84 1c 	call	0x3908	; 0x3908 <_ZN12DisparoStateC1EP6Status>
    413c:	29 81       	ldd	r18, Y+1	; 0x01
    413e:	3a 81       	ldd	r19, Y+2	; 0x02
    4140:	89 81       	ldd	r24, Y+1	; 0x01
    4142:	9a 81       	ldd	r25, Y+2	; 0x02
    4144:	8f 5a       	subi	r24, 0xAF	; 175
    4146:	9f 4f       	sbci	r25, 0xFF	; 255
    4148:	b9 01       	movw	r22, r18
    414a:	0e 94 17 1e 	call	0x3c2e	; 0x3c2e <_ZN12RetornoStateC1EP6Status>
		// Populate lookup array
		state_actions[static_cast<uint8_t>(States::Init)] = &init_state;
    414e:	89 81       	ldd	r24, Y+1	; 0x01
    4150:	9a 81       	ldd	r25, Y+2	; 0x02
    4152:	9c 01       	movw	r18, r24
    4154:	25 5d       	subi	r18, 0xD5	; 213
    4156:	3f 4f       	sbci	r19, 0xFF	; 255
    4158:	89 81       	ldd	r24, Y+1	; 0x01
    415a:	9a 81       	ldd	r25, Y+2	; 0x02
    415c:	89 5a       	subi	r24, 0xA9	; 169
    415e:	9f 4f       	sbci	r25, 0xFF	; 255
    4160:	fc 01       	movw	r30, r24
    4162:	31 83       	std	Z+1, r19	; 0x01
    4164:	20 83       	st	Z, r18
		state_actions[static_cast<uint8_t>(States::Calibration)] = &calibration_state;
    4166:	89 81       	ldd	r24, Y+1	; 0x01
    4168:	9a 81       	ldd	r25, Y+2	; 0x02
    416a:	9c 01       	movw	r18, r24
    416c:	21 5d       	subi	r18, 0xD1	; 209
    416e:	3f 4f       	sbci	r19, 0xFF	; 255
    4170:	89 81       	ldd	r24, Y+1	; 0x01
    4172:	9a 81       	ldd	r25, Y+2	; 0x02
    4174:	87 5a       	subi	r24, 0xA7	; 167
    4176:	9f 4f       	sbci	r25, 0xFF	; 255
    4178:	fc 01       	movw	r30, r24
    417a:	31 83       	std	Z+1, r19	; 0x01
    417c:	20 83       	st	Z, r18
		state_actions[static_cast<uint8_t>(States::Idle)] = &idle_state;
    417e:	89 81       	ldd	r24, Y+1	; 0x01
    4180:	9a 81       	ldd	r25, Y+2	; 0x02
    4182:	9c 01       	movw	r18, r24
    4184:	2b 5c       	subi	r18, 0xCB	; 203
    4186:	3f 4f       	sbci	r19, 0xFF	; 255
    4188:	89 81       	ldd	r24, Y+1	; 0x01
    418a:	9a 81       	ldd	r25, Y+2	; 0x02
    418c:	85 5a       	subi	r24, 0xA5	; 165
    418e:	9f 4f       	sbci	r25, 0xFF	; 255
    4190:	fc 01       	movw	r30, r24
    4192:	31 83       	std	Z+1, r19	; 0x01
    4194:	20 83       	st	Z, r18
		state_actions[static_cast<uint8_t>(States::Carga)] = &carga_state;
    4196:	89 81       	ldd	r24, Y+1	; 0x01
    4198:	9a 81       	ldd	r25, Y+2	; 0x02
    419a:	9c 01       	movw	r18, r24
    419c:	27 5c       	subi	r18, 0xC7	; 199
    419e:	3f 4f       	sbci	r19, 0xFF	; 255
    41a0:	89 81       	ldd	r24, Y+1	; 0x01
    41a2:	9a 81       	ldd	r25, Y+2	; 0x02
    41a4:	83 5a       	subi	r24, 0xA3	; 163
    41a6:	9f 4f       	sbci	r25, 0xFF	; 255
    41a8:	fc 01       	movw	r30, r24
    41aa:	31 83       	std	Z+1, r19	; 0x01
    41ac:	20 83       	st	Z, r18
		state_actions[static_cast<uint8_t>(States::Armado)] = &armado_state;
    41ae:	89 81       	ldd	r24, Y+1	; 0x01
    41b0:	9a 81       	ldd	r25, Y+2	; 0x02
    41b2:	9c 01       	movw	r18, r24
    41b4:	2d 5b       	subi	r18, 0xBD	; 189
    41b6:	3f 4f       	sbci	r19, 0xFF	; 255
    41b8:	89 81       	ldd	r24, Y+1	; 0x01
    41ba:	9a 81       	ldd	r25, Y+2	; 0x02
    41bc:	81 5a       	subi	r24, 0xA1	; 161
    41be:	9f 4f       	sbci	r25, 0xFF	; 255
    41c0:	fc 01       	movw	r30, r24
    41c2:	31 83       	std	Z+1, r19	; 0x01
    41c4:	20 83       	st	Z, r18
		state_actions[static_cast<uint8_t>(States::Disparo)] = &disparo_state;
    41c6:	89 81       	ldd	r24, Y+1	; 0x01
    41c8:	9a 81       	ldd	r25, Y+2	; 0x02
    41ca:	9c 01       	movw	r18, r24
    41cc:	28 5b       	subi	r18, 0xB8	; 184
    41ce:	3f 4f       	sbci	r19, 0xFF	; 255
    41d0:	89 81       	ldd	r24, Y+1	; 0x01
    41d2:	9a 81       	ldd	r25, Y+2	; 0x02
    41d4:	8f 59       	subi	r24, 0x9F	; 159
    41d6:	9f 4f       	sbci	r25, 0xFF	; 255
    41d8:	fc 01       	movw	r30, r24
    41da:	31 83       	std	Z+1, r19	; 0x01
    41dc:	20 83       	st	Z, r18
		state_actions[static_cast<uint8_t>(States::Retorno)] = &retorno_state;
    41de:	89 81       	ldd	r24, Y+1	; 0x01
    41e0:	9a 81       	ldd	r25, Y+2	; 0x02
    41e2:	9c 01       	movw	r18, r24
    41e4:	2f 5a       	subi	r18, 0xAF	; 175
    41e6:	3f 4f       	sbci	r19, 0xFF	; 255
    41e8:	89 81       	ldd	r24, Y+1	; 0x01
    41ea:	9a 81       	ldd	r25, Y+2	; 0x02
    41ec:	8d 59       	subi	r24, 0x9D	; 157
    41ee:	9f 4f       	sbci	r25, 0xFF	; 255
    41f0:	fc 01       	movw	r30, r24
    41f2:	31 83       	std	Z+1, r19	; 0x01
    41f4:	20 83       	st	Z, r18
	}
    41f6:	00 00       	nop
    41f8:	0f 90       	pop	r0
    41fa:	0f 90       	pop	r0
    41fc:	df 91       	pop	r29
    41fe:	cf 91       	pop	r28
    4200:	08 95       	ret

00004202 <_ZN12StateMachine4stepEv>:

	void step() {
    4202:	cf 93       	push	r28
    4204:	df 93       	push	r29
    4206:	00 d0       	rcall	.+0      	; 0x4208 <_ZN12StateMachine4stepEv+0x6>
    4208:	00 d0       	rcall	.+0      	; 0x420a <_ZN12StateMachine4stepEv+0x8>
    420a:	1f 92       	push	r1
    420c:	cd b7       	in	r28, 0x3d	; 61
    420e:	de b7       	in	r29, 0x3e	; 62
    4210:	9d 83       	std	Y+5, r25	; 0x05
    4212:	8c 83       	std	Y+4, r24	; 0x04
		status.update_sensors();
    4214:	8c 81       	ldd	r24, Y+4	; 0x04
    4216:	9d 81       	ldd	r25, Y+5	; 0x05
    4218:	0e 94 be 12 	call	0x257c	; 0x257c <_ZN6Status14update_sensorsEv>

		// 1. Get from current state the transition state (if any)
		StateActionBase* current_action = state_actions[static_cast<uint8_t>(status.getState())];
    421c:	8c 81       	ldd	r24, Y+4	; 0x04
    421e:	9d 81       	ldd	r25, Y+5	; 0x05
    4220:	0e 94 ae 12 	call	0x255c	; 0x255c <_ZN6Status8getStateEv>
    4224:	88 2f       	mov	r24, r24
    4226:	90 e0       	ldi	r25, 0x00	; 0
    4228:	2c 81       	ldd	r18, Y+4	; 0x04
    422a:	3d 81       	ldd	r19, Y+5	; 0x05
    422c:	88 0f       	add	r24, r24
    422e:	99 1f       	adc	r25, r25
    4230:	82 0f       	add	r24, r18
    4232:	93 1f       	adc	r25, r19
    4234:	89 5a       	subi	r24, 0xA9	; 169
    4236:	9f 4f       	sbci	r25, 0xFF	; 255
    4238:	fc 01       	movw	r30, r24
    423a:	80 81       	ld	r24, Z
    423c:	91 81       	ldd	r25, Z+1	; 0x01
    423e:	9a 83       	std	Y+2, r25	; 0x02
    4240:	89 83       	std	Y+1, r24	; 0x01
		States next_state = current_action->check_transitions();
    4242:	89 81       	ldd	r24, Y+1	; 0x01
    4244:	9a 81       	ldd	r25, Y+2	; 0x02
    4246:	fc 01       	movw	r30, r24
    4248:	80 81       	ld	r24, Z
    424a:	91 81       	ldd	r25, Z+1	; 0x01
    424c:	fc 01       	movw	r30, r24
    424e:	20 81       	ld	r18, Z
    4250:	31 81       	ldd	r19, Z+1	; 0x01
    4252:	89 81       	ldd	r24, Y+1	; 0x01
    4254:	9a 81       	ldd	r25, Y+2	; 0x02
    4256:	f9 01       	movw	r30, r18
    4258:	09 95       	icall
    425a:	8b 83       	std	Y+3, r24	; 0x03

		// 2. Perform transition if needed
		if (next_state != States::NO_CHANGE && next_state != status.getState()) {
    425c:	8b 81       	ldd	r24, Y+3	; 0x03
    425e:	8f 3f       	cpi	r24, 0xFF	; 255
    4260:	51 f0       	breq	.+20     	; 0x4276 <_ZN12StateMachine4stepEv+0x74>
    4262:	8c 81       	ldd	r24, Y+4	; 0x04
    4264:	9d 81       	ldd	r25, Y+5	; 0x05
    4266:	0e 94 ae 12 	call	0x255c	; 0x255c <_ZN6Status8getStateEv>
    426a:	98 2f       	mov	r25, r24
    426c:	8b 81       	ldd	r24, Y+3	; 0x03
    426e:	98 17       	cp	r25, r24
    4270:	11 f0       	breq	.+4      	; 0x4276 <_ZN12StateMachine4stepEv+0x74>
    4272:	81 e0       	ldi	r24, 0x01	; 1
    4274:	01 c0       	rjmp	.+2      	; 0x4278 <_ZN12StateMachine4stepEv+0x76>
    4276:	80 e0       	ldi	r24, 0x00	; 0
    4278:	88 23       	and	r24, r24
    427a:	69 f1       	breq	.+90     	; 0x42d6 <_ZN12StateMachine4stepEv+0xd4>
			current_action->exit();
    427c:	89 81       	ldd	r24, Y+1	; 0x01
    427e:	9a 81       	ldd	r25, Y+2	; 0x02
    4280:	fc 01       	movw	r30, r24
    4282:	80 81       	ld	r24, Z
    4284:	91 81       	ldd	r25, Z+1	; 0x01
    4286:	06 96       	adiw	r24, 0x06	; 6
    4288:	fc 01       	movw	r30, r24
    428a:	20 81       	ld	r18, Z
    428c:	31 81       	ldd	r19, Z+1	; 0x01
    428e:	89 81       	ldd	r24, Y+1	; 0x01
    4290:	9a 81       	ldd	r25, Y+2	; 0x02
    4292:	f9 01       	movw	r30, r18
    4294:	09 95       	icall
			status.setState(next_state);
    4296:	8c 81       	ldd	r24, Y+4	; 0x04
    4298:	9d 81       	ldd	r25, Y+5	; 0x05
    429a:	6b 81       	ldd	r22, Y+3	; 0x03
    429c:	0e 94 99 12 	call	0x2532	; 0x2532 <_ZN6Status8setStateE6States>
			state_actions[static_cast<uint8_t>(status.getState())]->entry();
    42a0:	8c 81       	ldd	r24, Y+4	; 0x04
    42a2:	9d 81       	ldd	r25, Y+5	; 0x05
    42a4:	0e 94 ae 12 	call	0x255c	; 0x255c <_ZN6Status8getStateEv>
    42a8:	88 2f       	mov	r24, r24
    42aa:	90 e0       	ldi	r25, 0x00	; 0
    42ac:	2c 81       	ldd	r18, Y+4	; 0x04
    42ae:	3d 81       	ldd	r19, Y+5	; 0x05
    42b0:	88 0f       	add	r24, r24
    42b2:	99 1f       	adc	r25, r25
    42b4:	82 0f       	add	r24, r18
    42b6:	93 1f       	adc	r25, r19
    42b8:	89 5a       	subi	r24, 0xA9	; 169
    42ba:	9f 4f       	sbci	r25, 0xFF	; 255
    42bc:	fc 01       	movw	r30, r24
    42be:	80 81       	ld	r24, Z
    42c0:	91 81       	ldd	r25, Z+1	; 0x01
    42c2:	fc 01       	movw	r30, r24
    42c4:	20 81       	ld	r18, Z
    42c6:	31 81       	ldd	r19, Z+1	; 0x01
    42c8:	2e 5f       	subi	r18, 0xFE	; 254
    42ca:	3f 4f       	sbci	r19, 0xFF	; 255
    42cc:	f9 01       	movw	r30, r18
    42ce:	20 81       	ld	r18, Z
    42d0:	31 81       	ldd	r19, Z+1	; 0x01
    42d2:	f9 01       	movw	r30, r18
    42d4:	09 95       	icall
		}

		// 3. Perform action of the (potentially new) current state
		state_actions[static_cast<uint8_t>(status.getState())]->run();
    42d6:	8c 81       	ldd	r24, Y+4	; 0x04
    42d8:	9d 81       	ldd	r25, Y+5	; 0x05
    42da:	0e 94 ae 12 	call	0x255c	; 0x255c <_ZN6Status8getStateEv>
    42de:	88 2f       	mov	r24, r24
    42e0:	90 e0       	ldi	r25, 0x00	; 0
    42e2:	2c 81       	ldd	r18, Y+4	; 0x04
    42e4:	3d 81       	ldd	r19, Y+5	; 0x05
    42e6:	88 0f       	add	r24, r24
    42e8:	99 1f       	adc	r25, r25
    42ea:	82 0f       	add	r24, r18
    42ec:	93 1f       	adc	r25, r19
    42ee:	89 5a       	subi	r24, 0xA9	; 169
    42f0:	9f 4f       	sbci	r25, 0xFF	; 255
    42f2:	fc 01       	movw	r30, r24
    42f4:	80 81       	ld	r24, Z
    42f6:	91 81       	ldd	r25, Z+1	; 0x01
    42f8:	fc 01       	movw	r30, r24
    42fa:	20 81       	ld	r18, Z
    42fc:	31 81       	ldd	r19, Z+1	; 0x01
    42fe:	2c 5f       	subi	r18, 0xFC	; 252
    4300:	3f 4f       	sbci	r19, 0xFF	; 255
    4302:	f9 01       	movw	r30, r18
    4304:	20 81       	ld	r18, Z
    4306:	31 81       	ldd	r19, Z+1	; 0x01
    4308:	f9 01       	movw	r30, r18
    430a:	09 95       	icall
	}
    430c:	00 00       	nop
    430e:	0f 90       	pop	r0
    4310:	0f 90       	pop	r0
    4312:	0f 90       	pop	r0
    4314:	0f 90       	pop	r0
    4316:	0f 90       	pop	r0
    4318:	df 91       	pop	r29
    431a:	cf 91       	pop	r28
    431c:	08 95       	ret

0000431e <_ZN12StateMachine5startEv>:

	void start() {
    431e:	cf 93       	push	r28
    4320:	df 93       	push	r29
    4322:	00 d0       	rcall	.+0      	; 0x4324 <_ZN12StateMachine5startEv+0x6>
    4324:	cd b7       	in	r28, 0x3d	; 61
    4326:	de b7       	in	r29, 0x3e	; 62
    4328:	9a 83       	std	Y+2, r25	; 0x02
    432a:	89 83       	std	Y+1, r24	; 0x01
		// 1. Trigger initial state entry
		state_actions[static_cast<uint8_t>(status.getState())]->entry();
    432c:	89 81       	ldd	r24, Y+1	; 0x01
    432e:	9a 81       	ldd	r25, Y+2	; 0x02
    4330:	0e 94 ae 12 	call	0x255c	; 0x255c <_ZN6Status8getStateEv>
    4334:	88 2f       	mov	r24, r24
    4336:	90 e0       	ldi	r25, 0x00	; 0
    4338:	29 81       	ldd	r18, Y+1	; 0x01
    433a:	3a 81       	ldd	r19, Y+2	; 0x02
    433c:	88 0f       	add	r24, r24
    433e:	99 1f       	adc	r25, r25
    4340:	82 0f       	add	r24, r18
    4342:	93 1f       	adc	r25, r19
    4344:	89 5a       	subi	r24, 0xA9	; 169
    4346:	9f 4f       	sbci	r25, 0xFF	; 255
    4348:	fc 01       	movw	r30, r24
    434a:	80 81       	ld	r24, Z
    434c:	91 81       	ldd	r25, Z+1	; 0x01
    434e:	fc 01       	movw	r30, r24
    4350:	20 81       	ld	r18, Z
    4352:	31 81       	ldd	r19, Z+1	; 0x01
    4354:	2e 5f       	subi	r18, 0xFE	; 254
    4356:	3f 4f       	sbci	r19, 0xFF	; 255
    4358:	f9 01       	movw	r30, r18
    435a:	20 81       	ld	r18, Z
    435c:	31 81       	ldd	r19, Z+1	; 0x01
    435e:	f9 01       	movw	r30, r18
    4360:	09 95       	icall

		while (1) {
			step();
    4362:	89 81       	ldd	r24, Y+1	; 0x01
    4364:	9a 81       	ldd	r25, Y+2	; 0x02
    4366:	0e 94 01 21 	call	0x4202	; 0x4202 <_ZN12StateMachine4stepEv>

	void start() {
		// 1. Trigger initial state entry
		state_actions[static_cast<uint8_t>(status.getState())]->entry();

		while (1) {
    436a:	fb cf       	rjmp	.-10     	; 0x4362 <_ZN12StateMachine5startEv+0x44>

0000436c <_ZN12StateMachine10get_statusEv>:
			step();
		}
	}
	
	Status& get_status() { return status; }
    436c:	cf 93       	push	r28
    436e:	df 93       	push	r29
    4370:	00 d0       	rcall	.+0      	; 0x4372 <_ZN12StateMachine10get_statusEv+0x6>
    4372:	cd b7       	in	r28, 0x3d	; 61
    4374:	de b7       	in	r29, 0x3e	; 62
    4376:	9a 83       	std	Y+2, r25	; 0x02
    4378:	89 83       	std	Y+1, r24	; 0x01
    437a:	89 81       	ldd	r24, Y+1	; 0x01
    437c:	9a 81       	ldd	r25, Y+2	; 0x02
    437e:	0f 90       	pop	r0
    4380:	0f 90       	pop	r0
    4382:	df 91       	pop	r29
    4384:	cf 91       	pop	r28
    4386:	08 95       	ret

00004388 <__vector_11>:
#include "StateMachine/state_machine.h"
#include "StateMachine/state_actions.h"
#include "StateMachine/status.h"

PinsManager* pinsPtr = 0;
ISR(PCINT2_vect) { if(pinsPtr) pinsPtr->onInterrupt(); }
    4388:	1f 92       	push	r1
    438a:	0f 92       	push	r0
    438c:	00 90 5f 00 	lds	r0, 0x005F	; 0x80005f <__TEXT_REGION_LENGTH__+0x7f005f>
    4390:	0f 92       	push	r0
    4392:	11 24       	eor	r1, r1
    4394:	2f 93       	push	r18
    4396:	3f 93       	push	r19
    4398:	4f 93       	push	r20
    439a:	5f 93       	push	r21
    439c:	6f 93       	push	r22
    439e:	7f 93       	push	r23
    43a0:	8f 93       	push	r24
    43a2:	9f 93       	push	r25
    43a4:	af 93       	push	r26
    43a6:	bf 93       	push	r27
    43a8:	ef 93       	push	r30
    43aa:	ff 93       	push	r31
    43ac:	cf 93       	push	r28
    43ae:	df 93       	push	r29
    43b0:	cd b7       	in	r28, 0x3d	; 61
    43b2:	de b7       	in	r29, 0x3e	; 62
    43b4:	80 91 8e 02 	lds	r24, 0x028E	; 0x80028e <__data_end>
    43b8:	90 91 8f 02 	lds	r25, 0x028F	; 0x80028f <__data_end+0x1>
    43bc:	89 2b       	or	r24, r25
    43be:	31 f0       	breq	.+12     	; 0x43cc <__vector_11+0x44>
    43c0:	80 91 8e 02 	lds	r24, 0x028E	; 0x80028e <__data_end>
    43c4:	90 91 8f 02 	lds	r25, 0x028F	; 0x80028f <__data_end+0x1>
    43c8:	0e 94 f2 0e 	call	0x1de4	; 0x1de4 <_ZN11PinsManager11onInterruptEv>
    43cc:	00 00       	nop
    43ce:	df 91       	pop	r29
    43d0:	cf 91       	pop	r28
    43d2:	ff 91       	pop	r31
    43d4:	ef 91       	pop	r30
    43d6:	bf 91       	pop	r27
    43d8:	af 91       	pop	r26
    43da:	9f 91       	pop	r25
    43dc:	8f 91       	pop	r24
    43de:	7f 91       	pop	r23
    43e0:	6f 91       	pop	r22
    43e2:	5f 91       	pop	r21
    43e4:	4f 91       	pop	r20
    43e6:	3f 91       	pop	r19
    43e8:	2f 91       	pop	r18
    43ea:	0f 90       	pop	r0
    43ec:	00 92 5f 00 	sts	0x005F, r0	; 0x80005f <__TEXT_REGION_LENGTH__+0x7f005f>
    43f0:	0f 90       	pop	r0
    43f2:	1f 90       	pop	r1
    43f4:	18 95       	reti

000043f6 <__vector_42>:
	
Timer* timerPtr = 0;
ISR(TIMER4_COMPA_vect) { if(timerPtr) timerPtr->addTick(); }
    43f6:	1f 92       	push	r1
    43f8:	0f 92       	push	r0
    43fa:	00 90 5f 00 	lds	r0, 0x005F	; 0x80005f <__TEXT_REGION_LENGTH__+0x7f005f>
    43fe:	0f 92       	push	r0
    4400:	11 24       	eor	r1, r1
    4402:	2f 93       	push	r18
    4404:	3f 93       	push	r19
    4406:	4f 93       	push	r20
    4408:	5f 93       	push	r21
    440a:	6f 93       	push	r22
    440c:	7f 93       	push	r23
    440e:	8f 93       	push	r24
    4410:	9f 93       	push	r25
    4412:	af 93       	push	r26
    4414:	bf 93       	push	r27
    4416:	ef 93       	push	r30
    4418:	ff 93       	push	r31
    441a:	cf 93       	push	r28
    441c:	df 93       	push	r29
    441e:	cd b7       	in	r28, 0x3d	; 61
    4420:	de b7       	in	r29, 0x3e	; 62
    4422:	80 91 90 02 	lds	r24, 0x0290	; 0x800290 <timerPtr>
    4426:	90 91 91 02 	lds	r25, 0x0291	; 0x800291 <timerPtr+0x1>
    442a:	89 2b       	or	r24, r25
    442c:	31 f0       	breq	.+12     	; 0x443a <__vector_42+0x44>
    442e:	80 91 90 02 	lds	r24, 0x0290	; 0x800290 <timerPtr>
    4432:	90 91 91 02 	lds	r25, 0x0291	; 0x800291 <timerPtr+0x1>
    4436:	0e 94 1b 12 	call	0x2436	; 0x2436 <_ZN5Timer7addTickEv>
    443a:	00 00       	nop
    443c:	df 91       	pop	r29
    443e:	cf 91       	pop	r28
    4440:	ff 91       	pop	r31
    4442:	ef 91       	pop	r30
    4444:	bf 91       	pop	r27
    4446:	af 91       	pop	r26
    4448:	9f 91       	pop	r25
    444a:	8f 91       	pop	r24
    444c:	7f 91       	pop	r23
    444e:	6f 91       	pop	r22
    4450:	5f 91       	pop	r21
    4452:	4f 91       	pop	r20
    4454:	3f 91       	pop	r19
    4456:	2f 91       	pop	r18
    4458:	0f 90       	pop	r0
    445a:	00 92 5f 00 	sts	0x005F, r0	; 0x80005f <__TEXT_REGION_LENGTH__+0x7f005f>
    445e:	0f 90       	pop	r0
    4460:	1f 90       	pop	r1
    4462:	18 95       	reti

00004464 <main>:

int main(void) {
    4464:	8f 92       	push	r8
    4466:	9f 92       	push	r9
    4468:	af 92       	push	r10
    446a:	bf 92       	push	r11
    446c:	cf 92       	push	r12
    446e:	ef 92       	push	r14
    4470:	ff 92       	push	r15
    4472:	0f 93       	push	r16
    4474:	1f 93       	push	r17
    4476:	cf 93       	push	r28
    4478:	df 93       	push	r29
    447a:	cd b7       	in	r28, 0x3d	; 61
    447c:	de b7       	in	r29, 0x3e	; 62
    447e:	ca 5c       	subi	r28, 0xCA	; 202
    4480:	d1 40       	sbci	r29, 0x01	; 1
    4482:	0f b6       	in	r0, 0x3f	; 63
    4484:	f8 94       	cli
    4486:	de bf       	out	0x3e, r29	; 62
    4488:	0f be       	out	0x3f, r0	; 63
    448a:	cd bf       	out	0x3d, r28	; 61
	// Instanciaci�n de Hardware
	LimitSwitch	 sw1(&PINK, &PORTK, &DDRK, (1 << PK6));
    448c:	ce 01       	movw	r24, r28
    448e:	03 96       	adiw	r24, 0x03	; 3
    4490:	00 e4       	ldi	r16, 0x40	; 64
    4492:	27 e0       	ldi	r18, 0x07	; 7
    4494:	31 e0       	ldi	r19, 0x01	; 1
    4496:	48 e0       	ldi	r20, 0x08	; 8
    4498:	51 e0       	ldi	r21, 0x01	; 1
    449a:	66 e0       	ldi	r22, 0x06	; 6
    449c:	71 e0       	ldi	r23, 0x01	; 1
    449e:	0e 94 ec 04 	call	0x9d8	; 0x9d8 <_ZN11LimitSwitchC1EPVhS1_S1_h>
	LimitSwitch3 sw2(&PINK, &PORTK, &DDRK, (1 << PK7));
    44a2:	ce 01       	movw	r24, r28
    44a4:	41 96       	adiw	r24, 0x11	; 17
    44a6:	00 e8       	ldi	r16, 0x80	; 128
    44a8:	27 e0       	ldi	r18, 0x07	; 7
    44aa:	31 e0       	ldi	r19, 0x01	; 1
    44ac:	48 e0       	ldi	r20, 0x08	; 8
    44ae:	51 e0       	ldi	r21, 0x01	; 1
    44b0:	66 e0       	ldi	r22, 0x06	; 6
    44b2:	71 e0       	ldi	r23, 0x01	; 1
    44b4:	0e 94 c5 08 	call	0x118a	; 0x118a <_ZN12LimitSwitch3C1EPVhS1_S1_h>
	LimitSwitch	 sw3(&PIND, &PORTD, &DDRD, (1 << PD0));
    44b8:	ce 01       	movw	r24, r28
    44ba:	81 96       	adiw	r24, 0x21	; 33
    44bc:	01 e0       	ldi	r16, 0x01	; 1
    44be:	2a e2       	ldi	r18, 0x2A	; 42
    44c0:	30 e0       	ldi	r19, 0x00	; 0
    44c2:	4b e2       	ldi	r20, 0x2B	; 43
    44c4:	50 e0       	ldi	r21, 0x00	; 0
    44c6:	69 e2       	ldi	r22, 0x29	; 41
    44c8:	70 e0       	ldi	r23, 0x00	; 0
    44ca:	0e 94 ec 04 	call	0x9d8	; 0x9d8 <_ZN11LimitSwitchC1EPVhS1_S1_h>
	LimitSwitch	 sw4(&PIND, &PORTD, &DDRD, (1 << PD1));
    44ce:	ce 01       	movw	r24, r28
    44d0:	8f 96       	adiw	r24, 0x2f	; 47
    44d2:	02 e0       	ldi	r16, 0x02	; 2
    44d4:	2a e2       	ldi	r18, 0x2A	; 42
    44d6:	30 e0       	ldi	r19, 0x00	; 0
    44d8:	4b e2       	ldi	r20, 0x2B	; 43
    44da:	50 e0       	ldi	r21, 0x00	; 0
    44dc:	69 e2       	ldi	r22, 0x29	; 41
    44de:	70 e0       	ldi	r23, 0x00	; 0
    44e0:	0e 94 ec 04 	call	0x9d8	; 0x9d8 <_ZN11LimitSwitchC1EPVhS1_S1_h>
	LimitSwitch	 sw5(&PIND, &PORTD, &DDRD, (1 << PD2));
    44e4:	ce 01       	movw	r24, r28
    44e6:	cd 96       	adiw	r24, 0x3d	; 61
    44e8:	04 e0       	ldi	r16, 0x04	; 4
    44ea:	2a e2       	ldi	r18, 0x2A	; 42
    44ec:	30 e0       	ldi	r19, 0x00	; 0
    44ee:	4b e2       	ldi	r20, 0x2B	; 43
    44f0:	50 e0       	ldi	r21, 0x00	; 0
    44f2:	69 e2       	ldi	r22, 0x29	; 41
    44f4:	70 e0       	ldi	r23, 0x00	; 0
    44f6:	0e 94 ec 04 	call	0x9d8	; 0x9d8 <_ZN11LimitSwitchC1EPVhS1_S1_h>
	SwitchUser	 sw6(&PIND, &PORTD, &DDRD, (1 << PD3));
    44fa:	ce 01       	movw	r24, r28
    44fc:	85 5b       	subi	r24, 0xB5	; 181
    44fe:	9f 4f       	sbci	r25, 0xFF	; 255
    4500:	08 e0       	ldi	r16, 0x08	; 8
    4502:	2a e2       	ldi	r18, 0x2A	; 42
    4504:	30 e0       	ldi	r19, 0x00	; 0
    4506:	4b e2       	ldi	r20, 0x2B	; 43
    4508:	50 e0       	ldi	r21, 0x00	; 0
    450a:	69 e2       	ldi	r22, 0x29	; 41
    450c:	70 e0       	ldi	r23, 0x00	; 0
    450e:	0e 94 6c 10 	call	0x20d8	; 0x20d8 <_ZN10SwitchUserC1EPVhS1_S1_h>
	
	Motor  m1(&PORTB, &DDRB, (1 << PB0), &PORTB, &DDRB, (1 << PB4), &OCR2A,  &sw1);
    4512:	9e 01       	movw	r18, r28
    4514:	2d 5f       	subi	r18, 0xFD	; 253
    4516:	3f 4f       	sbci	r19, 0xFF	; 255
    4518:	ce 01       	movw	r24, r28
    451a:	87 5a       	subi	r24, 0xA7	; 167
    451c:	9f 4f       	sbci	r25, 0xFF	; 255
    451e:	49 01       	movw	r8, r18
    4520:	0f 2e       	mov	r0, r31
    4522:	f3 eb       	ldi	r31, 0xB3	; 179
    4524:	af 2e       	mov	r10, r31
    4526:	b1 2c       	mov	r11, r1
    4528:	f0 2d       	mov	r31, r0
    452a:	68 94       	set
    452c:	cc 24       	eor	r12, r12
    452e:	c4 f8       	bld	r12, 4
    4530:	0f 2e       	mov	r0, r31
    4532:	f4 e2       	ldi	r31, 0x24	; 36
    4534:	ef 2e       	mov	r14, r31
    4536:	f1 2c       	mov	r15, r1
    4538:	f0 2d       	mov	r31, r0
    453a:	05 e2       	ldi	r16, 0x25	; 37
    453c:	10 e0       	ldi	r17, 0x00	; 0
    453e:	21 e0       	ldi	r18, 0x01	; 1
    4540:	44 e2       	ldi	r20, 0x24	; 36
    4542:	50 e0       	ldi	r21, 0x00	; 0
    4544:	65 e2       	ldi	r22, 0x25	; 37
    4546:	70 e0       	ldi	r23, 0x00	; 0
    4548:	0e 94 49 06 	call	0xc92	; 0xc92 <_ZN5MotorC1EPVhS1_hS1_S1_hS1_P11LimitSwitch>
	Motor2 m2(&PORTB, &DDRB, (1 << PB1), &PORTB, &DDRB, (1 << PB5), &OCR1AL, &sw2);
    454c:	9e 01       	movw	r18, r28
    454e:	2f 5e       	subi	r18, 0xEF	; 239
    4550:	3f 4f       	sbci	r19, 0xFF	; 255
    4552:	ce 01       	movw	r24, r28
    4554:	8d 58       	subi	r24, 0x8D	; 141
    4556:	9f 4f       	sbci	r25, 0xFF	; 255
    4558:	49 01       	movw	r8, r18
    455a:	0f 2e       	mov	r0, r31
    455c:	f8 e8       	ldi	r31, 0x88	; 136
    455e:	af 2e       	mov	r10, r31
    4560:	b1 2c       	mov	r11, r1
    4562:	f0 2d       	mov	r31, r0
    4564:	68 94       	set
    4566:	cc 24       	eor	r12, r12
    4568:	c5 f8       	bld	r12, 5
    456a:	0f 2e       	mov	r0, r31
    456c:	f4 e2       	ldi	r31, 0x24	; 36
    456e:	ef 2e       	mov	r14, r31
    4570:	f1 2c       	mov	r15, r1
    4572:	f0 2d       	mov	r31, r0
    4574:	05 e2       	ldi	r16, 0x25	; 37
    4576:	10 e0       	ldi	r17, 0x00	; 0
    4578:	22 e0       	ldi	r18, 0x02	; 2
    457a:	44 e2       	ldi	r20, 0x24	; 36
    457c:	50 e0       	ldi	r21, 0x00	; 0
    457e:	65 e2       	ldi	r22, 0x25	; 37
    4580:	70 e0       	ldi	r23, 0x00	; 0
    4582:	0e 94 7f 0a 	call	0x14fe	; 0x14fe <_ZN6Motor2C1EPVhS1_hS1_S1_hS1_P12LimitSwitch3>
	Motor  m3(&PORTB, &DDRB, (1 << PB2), &PORTB, &DDRB, (1 << PB6), &OCR1BL, &sw3);
    4586:	9e 01       	movw	r18, r28
    4588:	2f 5d       	subi	r18, 0xDF	; 223
    458a:	3f 4f       	sbci	r19, 0xFF	; 255
    458c:	ce 01       	movw	r24, r28
    458e:	81 57       	subi	r24, 0x71	; 113
    4590:	9f 4f       	sbci	r25, 0xFF	; 255
    4592:	49 01       	movw	r8, r18
    4594:	0f 2e       	mov	r0, r31
    4596:	fa e8       	ldi	r31, 0x8A	; 138
    4598:	af 2e       	mov	r10, r31
    459a:	b1 2c       	mov	r11, r1
    459c:	f0 2d       	mov	r31, r0
    459e:	68 94       	set
    45a0:	cc 24       	eor	r12, r12
    45a2:	c6 f8       	bld	r12, 6
    45a4:	0f 2e       	mov	r0, r31
    45a6:	f4 e2       	ldi	r31, 0x24	; 36
    45a8:	ef 2e       	mov	r14, r31
    45aa:	f1 2c       	mov	r15, r1
    45ac:	f0 2d       	mov	r31, r0
    45ae:	05 e2       	ldi	r16, 0x25	; 37
    45b0:	10 e0       	ldi	r17, 0x00	; 0
    45b2:	24 e0       	ldi	r18, 0x04	; 4
    45b4:	44 e2       	ldi	r20, 0x24	; 36
    45b6:	50 e0       	ldi	r21, 0x00	; 0
    45b8:	65 e2       	ldi	r22, 0x25	; 37
    45ba:	70 e0       	ldi	r23, 0x00	; 0
    45bc:	0e 94 49 06 	call	0xc92	; 0xc92 <_ZN5MotorC1EPVhS1_hS1_S1_hS1_P11LimitSwitch>
	Motor  m4(&PORTB, &DDRB, (1 << PB3), &PORTB, &DDRB, (1 << PB7), &OCR0A,  &sw4);
    45c0:	9e 01       	movw	r18, r28
    45c2:	21 5d       	subi	r18, 0xD1	; 209
    45c4:	3f 4f       	sbci	r19, 0xFF	; 255
    45c6:	ce 01       	movw	r24, r28
    45c8:	87 55       	subi	r24, 0x57	; 87
    45ca:	9f 4f       	sbci	r25, 0xFF	; 255
    45cc:	49 01       	movw	r8, r18
    45ce:	0f 2e       	mov	r0, r31
    45d0:	f7 e4       	ldi	r31, 0x47	; 71
    45d2:	af 2e       	mov	r10, r31
    45d4:	b1 2c       	mov	r11, r1
    45d6:	f0 2d       	mov	r31, r0
    45d8:	68 94       	set
    45da:	cc 24       	eor	r12, r12
    45dc:	c7 f8       	bld	r12, 7
    45de:	0f 2e       	mov	r0, r31
    45e0:	f4 e2       	ldi	r31, 0x24	; 36
    45e2:	ef 2e       	mov	r14, r31
    45e4:	f1 2c       	mov	r15, r1
    45e6:	f0 2d       	mov	r31, r0
    45e8:	05 e2       	ldi	r16, 0x25	; 37
    45ea:	10 e0       	ldi	r17, 0x00	; 0
    45ec:	28 e0       	ldi	r18, 0x08	; 8
    45ee:	44 e2       	ldi	r20, 0x24	; 36
    45f0:	50 e0       	ldi	r21, 0x00	; 0
    45f2:	65 e2       	ldi	r22, 0x25	; 37
    45f4:	70 e0       	ldi	r23, 0x00	; 0
    45f6:	0e 94 49 06 	call	0xc92	; 0xc92 <_ZN5MotorC1EPVhS1_hS1_S1_hS1_P11LimitSwitch>
	Motor  m5(&PORTD, &DDRD, (1 << PD4), &PORTL, &DDRL, (1 << PL3), &OCR5AL, &sw5);
    45fa:	9e 01       	movw	r18, r28
    45fc:	23 5c       	subi	r18, 0xC3	; 195
    45fe:	3f 4f       	sbci	r19, 0xFF	; 255
    4600:	ce 01       	movw	r24, r28
    4602:	8d 53       	subi	r24, 0x3D	; 61
    4604:	9f 4f       	sbci	r25, 0xFF	; 255
    4606:	49 01       	movw	r8, r18
    4608:	0f 2e       	mov	r0, r31
    460a:	f8 e2       	ldi	r31, 0x28	; 40
    460c:	af 2e       	mov	r10, r31
    460e:	bb 24       	eor	r11, r11
    4610:	b3 94       	inc	r11
    4612:	f0 2d       	mov	r31, r0
    4614:	68 94       	set
    4616:	cc 24       	eor	r12, r12
    4618:	c3 f8       	bld	r12, 3
    461a:	0f 2e       	mov	r0, r31
    461c:	fa e0       	ldi	r31, 0x0A	; 10
    461e:	ef 2e       	mov	r14, r31
    4620:	ff 24       	eor	r15, r15
    4622:	f3 94       	inc	r15
    4624:	f0 2d       	mov	r31, r0
    4626:	0b e0       	ldi	r16, 0x0B	; 11
    4628:	11 e0       	ldi	r17, 0x01	; 1
    462a:	20 e1       	ldi	r18, 0x10	; 16
    462c:	4a e2       	ldi	r20, 0x2A	; 42
    462e:	50 e0       	ldi	r21, 0x00	; 0
    4630:	6b e2       	ldi	r22, 0x2B	; 43
    4632:	70 e0       	ldi	r23, 0x00	; 0
    4634:	0e 94 49 06 	call	0xc92	; 0xc92 <_ZN5MotorC1EPVhS1_hS1_S1_hS1_P11LimitSwitch>
	
	volatile uint8_t* segPorts[7] = {&PORTL, &PORTL, &PORTL, &PORTD, &PORTL, &PORTL, &PORTL};
    4638:	ce 01       	movw	r24, r28
    463a:	83 52       	subi	r24, 0x23	; 35
    463c:	9f 4f       	sbci	r25, 0xFF	; 255
    463e:	2e e0       	ldi	r18, 0x0E	; 14
    4640:	ea e0       	ldi	r30, 0x0A	; 10
    4642:	f2 e0       	ldi	r31, 0x02	; 2
    4644:	dc 01       	movw	r26, r24
    4646:	01 90       	ld	r0, Z+
    4648:	0d 92       	st	X+, r0
    464a:	2a 95       	dec	r18
    464c:	e1 f7       	brne	.-8      	; 0x4646 <main+0x1e2>
	volatile uint8_t* segDdrs[7]  = {&DDRL,  &DDRL,  &DDRL,  &DDRD,  &DDRL,  &DDRL,  &DDRL};
    464e:	ce 01       	movw	r24, r28
    4650:	85 51       	subi	r24, 0x15	; 21
    4652:	9f 4f       	sbci	r25, 0xFF	; 255
    4654:	2e e0       	ldi	r18, 0x0E	; 14
    4656:	e8 e1       	ldi	r30, 0x18	; 24
    4658:	f2 e0       	ldi	r31, 0x02	; 2
    465a:	dc 01       	movw	r26, r24
    465c:	01 90       	ld	r0, Z+
    465e:	0d 92       	st	X+, r0
    4660:	2a 95       	dec	r18
    4662:	e1 f7       	brne	.-8      	; 0x465c <main+0x1f8>
	uint8_t segMasks[7]           = {(1<<PL0), (1<<PL1), (1<<PL2), (1<<PD6), (1<<PL4), (1<<PL5), (1<<PL6)};
    4664:	ce 01       	movw	r24, r28
    4666:	87 50       	subi	r24, 0x07	; 7
    4668:	9f 4f       	sbci	r25, 0xFF	; 255
    466a:	27 e0       	ldi	r18, 0x07	; 7
    466c:	e6 e2       	ldi	r30, 0x26	; 38
    466e:	f2 e0       	ldi	r31, 0x02	; 2
    4670:	dc 01       	movw	r26, r24
    4672:	01 90       	ld	r0, Z+
    4674:	0d 92       	st	X+, r0
    4676:	2a 95       	dec	r18
    4678:	e1 f7       	brne	.-8      	; 0x4672 <main+0x20e>
	Display display(segPorts, segDdrs, segMasks, &PORTL, &DDRL, (1<<PL7));
    467a:	9e 01       	movw	r18, r28
    467c:	27 50       	subi	r18, 0x07	; 7
    467e:	3f 4f       	sbci	r19, 0xFF	; 255
    4680:	ae 01       	movw	r20, r28
    4682:	45 51       	subi	r20, 0x15	; 21
    4684:	5f 4f       	sbci	r21, 0xFF	; 255
    4686:	be 01       	movw	r22, r28
    4688:	63 52       	subi	r22, 0x23	; 35
    468a:	7f 4f       	sbci	r23, 0xFF	; 255
    468c:	ce 01       	movw	r24, r28
    468e:	93 95       	inc	r25
    4690:	68 94       	set
    4692:	cc 24       	eor	r12, r12
    4694:	c7 f8       	bld	r12, 7
    4696:	0f 2e       	mov	r0, r31
    4698:	fa e0       	ldi	r31, 0x0A	; 10
    469a:	ef 2e       	mov	r14, r31
    469c:	ff 24       	eor	r15, r15
    469e:	f3 94       	inc	r15
    46a0:	f0 2d       	mov	r31, r0
    46a2:	0b e0       	ldi	r16, 0x0B	; 11
    46a4:	11 e0       	ldi	r17, 0x01	; 1
    46a6:	0e 94 91 00 	call	0x122	; 0x122 <_ZN7DisplayC1EPPVhS2_PhS1_S1_h>
	
	Led led(&PORTD, &DDRD, (1<<PD7));
    46aa:	ce 01       	movw	r24, r28
    46ac:	84 5c       	subi	r24, 0xC4	; 196
    46ae:	9e 4f       	sbci	r25, 0xFE	; 254
    46b0:	20 e8       	ldi	r18, 0x80	; 128
    46b2:	4a e2       	ldi	r20, 0x2A	; 42
    46b4:	50 e0       	ldi	r21, 0x00	; 0
    46b6:	6b e2       	ldi	r22, 0x2B	; 43
    46b8:	70 e0       	ldi	r23, 0x00	; 0
    46ba:	0e 94 8f 03 	call	0x71e	; 0x71e <_ZN3LedC1EPVhS1_h>
	PinsManager pinsManager;
    46be:	ce 01       	movw	r24, r28
    46c0:	86 5b       	subi	r24, 0xB6	; 182
    46c2:	9e 4f       	sbci	r25, 0xFE	; 254
    46c4:	0e 94 7a 0e 	call	0x1cf4	; 0x1cf4 <_ZN11PinsManagerC1Ev>
	Timer timer;
    46c8:	ce 01       	movw	r24, r28
    46ca:	8e 59       	subi	r24, 0x9E	; 158
    46cc:	9e 4f       	sbci	r25, 0xFE	; 254
    46ce:	0e 94 bd 11 	call	0x237a	; 0x237a <_ZN5TimerC1Ev>
	
	// Interrupt pointers
	pinsPtr = &pinsManager;
    46d2:	ce 01       	movw	r24, r28
    46d4:	86 5b       	subi	r24, 0xB6	; 182
    46d6:	9e 4f       	sbci	r25, 0xFE	; 254
    46d8:	90 93 8f 02 	sts	0x028F, r25	; 0x80028f <__data_end+0x1>
    46dc:	80 93 8e 02 	sts	0x028E, r24	; 0x80028e <__data_end>
	timerPtr = &timer;
    46e0:	ce 01       	movw	r24, r28
    46e2:	8e 59       	subi	r24, 0x9E	; 158
    46e4:	9e 4f       	sbci	r25, 0xFE	; 254
    46e6:	90 93 91 02 	sts	0x0291, r25	; 0x800291 <timerPtr+0x1>
    46ea:	80 93 90 02 	sts	0x0290, r24	; 0x800290 <timerPtr>
	
	// Vincular a state machine
	StateMachine sm;
    46ee:	ce 01       	movw	r24, r28
    46f0:	8a 59       	subi	r24, 0x9A	; 154
    46f2:	9e 4f       	sbci	r25, 0xFE	; 254
    46f4:	0e 94 61 20 	call	0x40c2	; 0x40c2 <_ZN12StateMachineC1Ev>
	Status& st = sm.get_status();
    46f8:	ce 01       	movw	r24, r28
    46fa:	8a 59       	subi	r24, 0x9A	; 154
    46fc:	9e 4f       	sbci	r25, 0xFE	; 254
    46fe:	0e 94 b6 21 	call	0x436c	; 0x436c <_ZN12StateMachine10get_statusEv>
    4702:	9a 83       	std	Y+2, r25	; 0x02
    4704:	89 83       	std	Y+1, r24	; 0x01
	
	st.m1 = &m1; st.m2 = &m2; st.m3 = &m3; st.m4 = &m4; st.m5 = &m5;
    4706:	89 81       	ldd	r24, Y+1	; 0x01
    4708:	9a 81       	ldd	r25, Y+2	; 0x02
    470a:	9e 01       	movw	r18, r28
    470c:	27 5a       	subi	r18, 0xA7	; 167
    470e:	3f 4f       	sbci	r19, 0xFF	; 255
    4710:	fc 01       	movw	r30, r24
    4712:	31 83       	std	Z+1, r19	; 0x01
    4714:	20 83       	st	Z, r18
    4716:	89 81       	ldd	r24, Y+1	; 0x01
    4718:	9a 81       	ldd	r25, Y+2	; 0x02
    471a:	9e 01       	movw	r18, r28
    471c:	2d 58       	subi	r18, 0x8D	; 141
    471e:	3f 4f       	sbci	r19, 0xFF	; 255
    4720:	fc 01       	movw	r30, r24
    4722:	33 83       	std	Z+3, r19	; 0x03
    4724:	22 83       	std	Z+2, r18	; 0x02
    4726:	89 81       	ldd	r24, Y+1	; 0x01
    4728:	9a 81       	ldd	r25, Y+2	; 0x02
    472a:	9e 01       	movw	r18, r28
    472c:	21 57       	subi	r18, 0x71	; 113
    472e:	3f 4f       	sbci	r19, 0xFF	; 255
    4730:	fc 01       	movw	r30, r24
    4732:	35 83       	std	Z+5, r19	; 0x05
    4734:	24 83       	std	Z+4, r18	; 0x04
    4736:	89 81       	ldd	r24, Y+1	; 0x01
    4738:	9a 81       	ldd	r25, Y+2	; 0x02
    473a:	9e 01       	movw	r18, r28
    473c:	27 55       	subi	r18, 0x57	; 87
    473e:	3f 4f       	sbci	r19, 0xFF	; 255
    4740:	fc 01       	movw	r30, r24
    4742:	37 83       	std	Z+7, r19	; 0x07
    4744:	26 83       	std	Z+6, r18	; 0x06
    4746:	89 81       	ldd	r24, Y+1	; 0x01
    4748:	9a 81       	ldd	r25, Y+2	; 0x02
    474a:	9e 01       	movw	r18, r28
    474c:	2d 53       	subi	r18, 0x3D	; 61
    474e:	3f 4f       	sbci	r19, 0xFF	; 255
    4750:	fc 01       	movw	r30, r24
    4752:	31 87       	std	Z+9, r19	; 0x09
    4754:	20 87       	std	Z+8, r18	; 0x08
	st.sw1 = &sw1; st.sw2 = &sw2; st.sw3 = &sw3; st.sw4 = &sw4; st.sw5 = &sw5; st.sw6 = &sw6;
    4756:	89 81       	ldd	r24, Y+1	; 0x01
    4758:	9a 81       	ldd	r25, Y+2	; 0x02
    475a:	9e 01       	movw	r18, r28
    475c:	2d 5f       	subi	r18, 0xFD	; 253
    475e:	3f 4f       	sbci	r19, 0xFF	; 255
    4760:	fc 01       	movw	r30, r24
    4762:	33 87       	std	Z+11, r19	; 0x0b
    4764:	22 87       	std	Z+10, r18	; 0x0a
    4766:	89 81       	ldd	r24, Y+1	; 0x01
    4768:	9a 81       	ldd	r25, Y+2	; 0x02
    476a:	9e 01       	movw	r18, r28
    476c:	2f 5e       	subi	r18, 0xEF	; 239
    476e:	3f 4f       	sbci	r19, 0xFF	; 255
    4770:	fc 01       	movw	r30, r24
    4772:	35 87       	std	Z+13, r19	; 0x0d
    4774:	24 87       	std	Z+12, r18	; 0x0c
    4776:	89 81       	ldd	r24, Y+1	; 0x01
    4778:	9a 81       	ldd	r25, Y+2	; 0x02
    477a:	9e 01       	movw	r18, r28
    477c:	2f 5d       	subi	r18, 0xDF	; 223
    477e:	3f 4f       	sbci	r19, 0xFF	; 255
    4780:	fc 01       	movw	r30, r24
    4782:	37 87       	std	Z+15, r19	; 0x0f
    4784:	26 87       	std	Z+14, r18	; 0x0e
    4786:	89 81       	ldd	r24, Y+1	; 0x01
    4788:	9a 81       	ldd	r25, Y+2	; 0x02
    478a:	9e 01       	movw	r18, r28
    478c:	21 5d       	subi	r18, 0xD1	; 209
    478e:	3f 4f       	sbci	r19, 0xFF	; 255
    4790:	fc 01       	movw	r30, r24
    4792:	31 8b       	std	Z+17, r19	; 0x11
    4794:	20 8b       	std	Z+16, r18	; 0x10
    4796:	89 81       	ldd	r24, Y+1	; 0x01
    4798:	9a 81       	ldd	r25, Y+2	; 0x02
    479a:	9e 01       	movw	r18, r28
    479c:	23 5c       	subi	r18, 0xC3	; 195
    479e:	3f 4f       	sbci	r19, 0xFF	; 255
    47a0:	fc 01       	movw	r30, r24
    47a2:	33 8b       	std	Z+19, r19	; 0x13
    47a4:	22 8b       	std	Z+18, r18	; 0x12
    47a6:	89 81       	ldd	r24, Y+1	; 0x01
    47a8:	9a 81       	ldd	r25, Y+2	; 0x02
    47aa:	9e 01       	movw	r18, r28
    47ac:	25 5b       	subi	r18, 0xB5	; 181
    47ae:	3f 4f       	sbci	r19, 0xFF	; 255
    47b0:	fc 01       	movw	r30, r24
    47b2:	35 8b       	std	Z+21, r19	; 0x15
    47b4:	24 8b       	std	Z+20, r18	; 0x14
	st.led = &led;
    47b6:	89 81       	ldd	r24, Y+1	; 0x01
    47b8:	9a 81       	ldd	r25, Y+2	; 0x02
    47ba:	9e 01       	movw	r18, r28
    47bc:	24 5c       	subi	r18, 0xC4	; 196
    47be:	3e 4f       	sbci	r19, 0xFE	; 254
    47c0:	fc 01       	movw	r30, r24
    47c2:	37 8b       	std	Z+23, r19	; 0x17
    47c4:	26 8b       	std	Z+22, r18	; 0x16
	st.display = &display;
    47c6:	89 81       	ldd	r24, Y+1	; 0x01
    47c8:	9a 81       	ldd	r25, Y+2	; 0x02
    47ca:	9e 01       	movw	r18, r28
    47cc:	33 95       	inc	r19
    47ce:	fc 01       	movw	r30, r24
    47d0:	31 8f       	std	Z+25, r19	; 0x19
    47d2:	20 8f       	std	Z+24, r18	; 0x18
	st.pinsManager = &pinsManager;
    47d4:	89 81       	ldd	r24, Y+1	; 0x01
    47d6:	9a 81       	ldd	r25, Y+2	; 0x02
    47d8:	9e 01       	movw	r18, r28
    47da:	26 5b       	subi	r18, 0xB6	; 182
    47dc:	3e 4f       	sbci	r19, 0xFE	; 254
    47de:	fc 01       	movw	r30, r24
    47e0:	33 8f       	std	Z+27, r19	; 0x1b
    47e2:	22 8f       	std	Z+26, r18	; 0x1a
	st.timer = &timer;
    47e4:	89 81       	ldd	r24, Y+1	; 0x01
    47e6:	9a 81       	ldd	r25, Y+2	; 0x02
    47e8:	9e 01       	movw	r18, r28
    47ea:	2e 59       	subi	r18, 0x9E	; 158
    47ec:	3e 4f       	sbci	r19, 0xFE	; 254
    47ee:	fc 01       	movw	r30, r24
    47f0:	35 8f       	std	Z+29, r19	; 0x1d
    47f2:	24 8f       	std	Z+28, r18	; 0x1c
	
	sei(); // Habilitar interrupciones globales
    47f4:	78 94       	sei

	sm.start();
    47f6:	ce 01       	movw	r24, r28
    47f8:	8a 59       	subi	r24, 0x9A	; 154
    47fa:	9e 4f       	sbci	r25, 0xFE	; 254
    47fc:	0e 94 8f 21 	call	0x431e	; 0x431e <_ZN12StateMachine5startEv>
	
	return 0;
    4800:	80 e0       	ldi	r24, 0x00	; 0
    4802:	90 e0       	ldi	r25, 0x00	; 0
    4804:	c6 53       	subi	r28, 0x36	; 54
    4806:	de 4f       	sbci	r29, 0xFE	; 254
    4808:	0f b6       	in	r0, 0x3f	; 63
    480a:	f8 94       	cli
    480c:	de bf       	out	0x3e, r29	; 62
    480e:	0f be       	out	0x3f, r0	; 63
    4810:	cd bf       	out	0x3d, r28	; 61
    4812:	df 91       	pop	r29
    4814:	cf 91       	pop	r28
    4816:	1f 91       	pop	r17
    4818:	0f 91       	pop	r16
    481a:	ff 90       	pop	r15
    481c:	ef 90       	pop	r14
    481e:	cf 90       	pop	r12
    4820:	bf 90       	pop	r11
    4822:	af 90       	pop	r10
    4824:	9f 90       	pop	r9
    4826:	8f 90       	pop	r8
    4828:	08 95       	ret

0000482a <__udivmodsi4>:
    482a:	a1 e2       	ldi	r26, 0x21	; 33
    482c:	1a 2e       	mov	r1, r26
    482e:	aa 1b       	sub	r26, r26
    4830:	bb 1b       	sub	r27, r27
    4832:	fd 01       	movw	r30, r26
    4834:	0d c0       	rjmp	.+26     	; 0x4850 <__udivmodsi4_ep>

00004836 <__udivmodsi4_loop>:
    4836:	aa 1f       	adc	r26, r26
    4838:	bb 1f       	adc	r27, r27
    483a:	ee 1f       	adc	r30, r30
    483c:	ff 1f       	adc	r31, r31
    483e:	a2 17       	cp	r26, r18
    4840:	b3 07       	cpc	r27, r19
    4842:	e4 07       	cpc	r30, r20
    4844:	f5 07       	cpc	r31, r21
    4846:	20 f0       	brcs	.+8      	; 0x4850 <__udivmodsi4_ep>
    4848:	a2 1b       	sub	r26, r18
    484a:	b3 0b       	sbc	r27, r19
    484c:	e4 0b       	sbc	r30, r20
    484e:	f5 0b       	sbc	r31, r21

00004850 <__udivmodsi4_ep>:
    4850:	66 1f       	adc	r22, r22
    4852:	77 1f       	adc	r23, r23
    4854:	88 1f       	adc	r24, r24
    4856:	99 1f       	adc	r25, r25
    4858:	1a 94       	dec	r1
    485a:	69 f7       	brne	.-38     	; 0x4836 <__udivmodsi4_loop>
    485c:	60 95       	com	r22
    485e:	70 95       	com	r23
    4860:	80 95       	com	r24
    4862:	90 95       	com	r25
    4864:	9b 01       	movw	r18, r22
    4866:	ac 01       	movw	r20, r24
    4868:	bd 01       	movw	r22, r26
    486a:	cf 01       	movw	r24, r30
    486c:	08 95       	ret

0000486e <_exit>:
    486e:	f8 94       	cli

00004870 <__stop_program>:
    4870:	ff cf       	rjmp	.-2      	; 0x4870 <__stop_program>
