
uart_code.elf:     file format elf32-avr

Sections:
Idx Name          Size      VMA       LMA       File off  Algn
  0 .data         000000ac  00800200  00004c6c  00004d00  2**0
                  CONTENTS, ALLOC, LOAD, DATA
  1 .text         00004c6c  00000000  00000000  00000094  2**1
                  CONTENTS, ALLOC, LOAD, READONLY, CODE
  2 .bss          00000004  008002ac  008002ac  00004dac  2**0
                  ALLOC
  3 .comment      00000030  00000000  00000000  00004dac  2**0
                  CONTENTS, READONLY
  4 .note.gnu.avr.deviceinfo 0000003c  00000000  00000000  00004ddc  2**2
                  CONTENTS, READONLY
  5 .debug_aranges 00000398  00000000  00000000  00004e18  2**0
                  CONTENTS, READONLY, DEBUGGING
  6 .debug_info   000046a8  00000000  00000000  000051b0  2**0
                  CONTENTS, READONLY, DEBUGGING
  7 .debug_abbrev 0000102e  00000000  00000000  00009858  2**0
                  CONTENTS, READONLY, DEBUGGING
  8 .debug_line   00002615  00000000  00000000  0000a886  2**0
                  CONTENTS, READONLY, DEBUGGING
  9 .debug_frame  00001030  00000000  00000000  0000ce9c  2**2
                  CONTENTS, READONLY, DEBUGGING
 10 .debug_str    0000ae9c  00000000  00000000  0000decc  2**0
                  CONTENTS, READONLY, DEBUGGING
 11 .debug_loc    00002466  00000000  00000000  00018d68  2**0
                  CONTENTS, READONLY, DEBUGGING
 12 .debug_ranges 00000388  00000000  00000000  0001b1ce  2**0
                  CONTENTS, READONLY, DEBUGGING
 13 .debug_macro  0000385e  00000000  00000000  0001b556  2**0
                  CONTENTS, READONLY, DEBUGGING

Disassembly of section .text:

00000000 <__vectors>:
       0:	0c 94 72 00 	jmp	0xe4	; 0xe4 <__ctors_end>
       4:	0c 94 8f 00 	jmp	0x11e	; 0x11e <__bad_interrupt>
       8:	0c 94 8f 00 	jmp	0x11e	; 0x11e <__bad_interrupt>
       c:	0c 94 8f 00 	jmp	0x11e	; 0x11e <__bad_interrupt>
      10:	0c 94 8f 00 	jmp	0x11e	; 0x11e <__bad_interrupt>
      14:	0c 94 8f 00 	jmp	0x11e	; 0x11e <__bad_interrupt>
      18:	0c 94 8f 00 	jmp	0x11e	; 0x11e <__bad_interrupt>
      1c:	0c 94 8f 00 	jmp	0x11e	; 0x11e <__bad_interrupt>
      20:	0c 94 8f 00 	jmp	0x11e	; 0x11e <__bad_interrupt>
      24:	0c 94 8f 00 	jmp	0x11e	; 0x11e <__bad_interrupt>
      28:	0c 94 8f 00 	jmp	0x11e	; 0x11e <__bad_interrupt>
      2c:	0c 94 8f 00 	jmp	0x11e	; 0x11e <__bad_interrupt>
      30:	0c 94 8f 00 	jmp	0x11e	; 0x11e <__bad_interrupt>
      34:	0c 94 8f 00 	jmp	0x11e	; 0x11e <__bad_interrupt>
      38:	0c 94 8f 00 	jmp	0x11e	; 0x11e <__bad_interrupt>
      3c:	0c 94 8f 00 	jmp	0x11e	; 0x11e <__bad_interrupt>
      40:	0c 94 8f 00 	jmp	0x11e	; 0x11e <__bad_interrupt>
      44:	0c 94 8f 00 	jmp	0x11e	; 0x11e <__bad_interrupt>
      48:	0c 94 8f 00 	jmp	0x11e	; 0x11e <__bad_interrupt>
      4c:	0c 94 8f 00 	jmp	0x11e	; 0x11e <__bad_interrupt>
      50:	0c 94 8f 00 	jmp	0x11e	; 0x11e <__bad_interrupt>
      54:	0c 94 8f 00 	jmp	0x11e	; 0x11e <__bad_interrupt>
      58:	0c 94 8f 00 	jmp	0x11e	; 0x11e <__bad_interrupt>
      5c:	0c 94 8f 00 	jmp	0x11e	; 0x11e <__bad_interrupt>
      60:	0c 94 8f 00 	jmp	0x11e	; 0x11e <__bad_interrupt>
      64:	0c 94 8f 00 	jmp	0x11e	; 0x11e <__bad_interrupt>
      68:	0c 94 eb 23 	jmp	0x47d6	; 0x47d6 <__vector_26>
      6c:	0c 94 8f 00 	jmp	0x11e	; 0x11e <__bad_interrupt>
      70:	0c 94 8f 00 	jmp	0x11e	; 0x11e <__bad_interrupt>
      74:	0c 94 8f 00 	jmp	0x11e	; 0x11e <__bad_interrupt>
      78:	0c 94 8f 00 	jmp	0x11e	; 0x11e <__bad_interrupt>
      7c:	0c 94 8f 00 	jmp	0x11e	; 0x11e <__bad_interrupt>
      80:	0c 94 8f 00 	jmp	0x11e	; 0x11e <__bad_interrupt>
      84:	0c 94 8f 00 	jmp	0x11e	; 0x11e <__bad_interrupt>
      88:	0c 94 8f 00 	jmp	0x11e	; 0x11e <__bad_interrupt>
      8c:	0c 94 8f 00 	jmp	0x11e	; 0x11e <__bad_interrupt>
      90:	0c 94 8f 00 	jmp	0x11e	; 0x11e <__bad_interrupt>
      94:	0c 94 8f 00 	jmp	0x11e	; 0x11e <__bad_interrupt>
      98:	0c 94 8f 00 	jmp	0x11e	; 0x11e <__bad_interrupt>
      9c:	0c 94 8f 00 	jmp	0x11e	; 0x11e <__bad_interrupt>
      a0:	0c 94 8f 00 	jmp	0x11e	; 0x11e <__bad_interrupt>
      a4:	0c 94 8f 00 	jmp	0x11e	; 0x11e <__bad_interrupt>
      a8:	0c 94 b4 23 	jmp	0x4768	; 0x4768 <__vector_42>
      ac:	0c 94 8f 00 	jmp	0x11e	; 0x11e <__bad_interrupt>
      b0:	0c 94 8f 00 	jmp	0x11e	; 0x11e <__bad_interrupt>
      b4:	0c 94 8f 00 	jmp	0x11e	; 0x11e <__bad_interrupt>
      b8:	0c 94 8f 00 	jmp	0x11e	; 0x11e <__bad_interrupt>
      bc:	0c 94 8f 00 	jmp	0x11e	; 0x11e <__bad_interrupt>
      c0:	0c 94 8f 00 	jmp	0x11e	; 0x11e <__bad_interrupt>
      c4:	0c 94 8f 00 	jmp	0x11e	; 0x11e <__bad_interrupt>
      c8:	0c 94 8f 00 	jmp	0x11e	; 0x11e <__bad_interrupt>
      cc:	0c 94 8f 00 	jmp	0x11e	; 0x11e <__bad_interrupt>
      d0:	0c 94 8f 00 	jmp	0x11e	; 0x11e <__bad_interrupt>
      d4:	0c 94 8f 00 	jmp	0x11e	; 0x11e <__bad_interrupt>
      d8:	0c 94 8f 00 	jmp	0x11e	; 0x11e <__bad_interrupt>
      dc:	0c 94 8f 00 	jmp	0x11e	; 0x11e <__bad_interrupt>
      e0:	0c 94 8f 00 	jmp	0x11e	; 0x11e <__bad_interrupt>

000000e4 <__ctors_end>:
      e4:	11 24       	eor	r1, r1
      e6:	1f be       	out	0x3f, r1	; 63
      e8:	cf ef       	ldi	r28, 0xFF	; 255
      ea:	d1 e2       	ldi	r29, 0x21	; 33
      ec:	de bf       	out	0x3e, r29	; 62
      ee:	cd bf       	out	0x3d, r28	; 61

000000f0 <__do_copy_data>:
      f0:	12 e0       	ldi	r17, 0x02	; 2
      f2:	a0 e0       	ldi	r26, 0x00	; 0
      f4:	b2 e0       	ldi	r27, 0x02	; 2
      f6:	ec e6       	ldi	r30, 0x6C	; 108
      f8:	fc e4       	ldi	r31, 0x4C	; 76
      fa:	02 c0       	rjmp	.+4      	; 0x100 <__do_copy_data+0x10>
      fc:	05 90       	lpm	r0, Z+
      fe:	0d 92       	st	X+, r0
     100:	ac 3a       	cpi	r26, 0xAC	; 172
     102:	b1 07       	cpc	r27, r17
     104:	d9 f7       	brne	.-10     	; 0xfc <__do_copy_data+0xc>

00000106 <__do_clear_bss>:
     106:	22 e0       	ldi	r18, 0x02	; 2
     108:	ac ea       	ldi	r26, 0xAC	; 172
     10a:	b2 e0       	ldi	r27, 0x02	; 2
     10c:	01 c0       	rjmp	.+2      	; 0x110 <.do_clear_bss_start>

0000010e <.do_clear_bss_loop>:
     10e:	1d 92       	st	X+, r1

00000110 <.do_clear_bss_start>:
     110:	a0 3b       	cpi	r26, 0xB0	; 176
     112:	b2 07       	cpc	r27, r18
     114:	e1 f7       	brne	.-8      	; 0x10e <.do_clear_bss_loop>
     116:	0e 94 22 24 	call	0x4844	; 0x4844 <main>
     11a:	0c 94 34 26 	jmp	0x4c68	; 0x4c68 <_exit>

0000011e <__bad_interrupt>:
     11e:	0c 94 00 00 	jmp	0	; 0x0 <__vectors>

00000122 <_ZN7DisplayC1EPPVhS2_PhS1_S1_h>:

    uint32_t lastTime;
    const uint32_t refreshInterval = 5;

    public:
    Display(
     122:	cf 92       	push	r12
     124:	ef 92       	push	r14
     126:	ff 92       	push	r15
     128:	0f 93       	push	r16
     12a:	1f 93       	push	r17
     12c:	cf 93       	push	r28
     12e:	df 93       	push	r29
     130:	cd b7       	in	r28, 0x3d	; 61
     132:	de b7       	in	r29, 0x3e	; 62
     134:	2e 97       	sbiw	r28, 0x0e	; 14
     136:	0f b6       	in	r0, 0x3f	; 63
     138:	f8 94       	cli
     13a:	de bf       	out	0x3e, r29	; 62
     13c:	0f be       	out	0x3f, r0	; 63
     13e:	cd bf       	out	0x3d, r28	; 61
     140:	9b 83       	std	Y+3, r25	; 0x03
     142:	8a 83       	std	Y+2, r24	; 0x02
     144:	7d 83       	std	Y+5, r23	; 0x05
     146:	6c 83       	std	Y+4, r22	; 0x04
     148:	5f 83       	std	Y+7, r21	; 0x07
     14a:	4e 83       	std	Y+6, r20	; 0x06
     14c:	39 87       	std	Y+9, r19	; 0x09
     14e:	28 87       	std	Y+8, r18	; 0x08
     150:	1b 87       	std	Y+11, r17	; 0x0b
     152:	0a 87       	std	Y+10, r16	; 0x0a
     154:	fd 86       	std	Y+13, r15	; 0x0d
     156:	ec 86       	std	Y+12, r14	; 0x0c
     158:	ce 86       	std	Y+14, r12	; 0x0e
        volatile uint8_t* dData[7],
        uint8_t mData[7],
        volatile uint8_t* pDS,
        volatile uint8_t* dDS,
        uint8_t mDS
    ) {
     15a:	8a 81       	ldd	r24, Y+2	; 0x02
     15c:	9b 81       	ldd	r25, Y+3	; 0x03
     15e:	2a e0       	ldi	r18, 0x0A	; 10
     160:	e0 e0       	ldi	r30, 0x00	; 0
     162:	f2 e0       	ldi	r31, 0x02	; 2
     164:	dc 01       	movw	r26, r24
     166:	9c 96       	adiw	r26, 0x2c	; 44
     168:	01 90       	ld	r0, Z+
     16a:	0d 92       	st	X+, r0
     16c:	2a 95       	dec	r18
     16e:	e1 f7       	brne	.-8      	; 0x168 <_ZN7DisplayC1EPPVhS2_PhS1_S1_h+0x46>
     170:	8a 81       	ldd	r24, Y+2	; 0x02
     172:	9b 81       	ldd	r25, Y+3	; 0x03
     174:	23 e7       	ldi	r18, 0x73	; 115
     176:	fc 01       	movw	r30, r24
     178:	26 ab       	std	Z+54, r18	; 0x36
     17a:	2a 81       	ldd	r18, Y+2	; 0x02
     17c:	3b 81       	ldd	r19, Y+3	; 0x03
     17e:	85 e0       	ldi	r24, 0x05	; 5
     180:	90 e0       	ldi	r25, 0x00	; 0
     182:	a0 e0       	ldi	r26, 0x00	; 0
     184:	b0 e0       	ldi	r27, 0x00	; 0
     186:	f9 01       	movw	r30, r18
     188:	83 af       	std	Z+59, r24	; 0x3b
     18a:	94 af       	std	Z+60, r25	; 0x3c
     18c:	a5 af       	std	Z+61, r26	; 0x3d
     18e:	b6 af       	std	Z+62, r27	; 0x3e
        for (uint8_t i = 0; i < 7; i++) {
     190:	19 82       	std	Y+1, r1	; 0x01
     192:	89 81       	ldd	r24, Y+1	; 0x01
     194:	87 30       	cpi	r24, 0x07	; 7
     196:	08 f0       	brcs	.+2      	; 0x19a <_ZN7DisplayC1EPPVhS2_PhS1_S1_h+0x78>
     198:	48 c0       	rjmp	.+144    	; 0x22a <_ZN7DisplayC1EPPVhS2_PhS1_S1_h+0x108>
            portData[i] = pData[i];
     19a:	89 81       	ldd	r24, Y+1	; 0x01
     19c:	88 2f       	mov	r24, r24
     19e:	90 e0       	ldi	r25, 0x00	; 0
     1a0:	29 81       	ldd	r18, Y+1	; 0x01
     1a2:	22 2f       	mov	r18, r18
     1a4:	30 e0       	ldi	r19, 0x00	; 0
     1a6:	22 0f       	add	r18, r18
     1a8:	33 1f       	adc	r19, r19
     1aa:	4c 81       	ldd	r20, Y+4	; 0x04
     1ac:	5d 81       	ldd	r21, Y+5	; 0x05
     1ae:	24 0f       	add	r18, r20
     1b0:	35 1f       	adc	r19, r21
     1b2:	f9 01       	movw	r30, r18
     1b4:	20 81       	ld	r18, Z
     1b6:	31 81       	ldd	r19, Z+1	; 0x01
     1b8:	4a 81       	ldd	r20, Y+2	; 0x02
     1ba:	5b 81       	ldd	r21, Y+3	; 0x03
     1bc:	88 0f       	add	r24, r24
     1be:	99 1f       	adc	r25, r25
     1c0:	84 0f       	add	r24, r20
     1c2:	95 1f       	adc	r25, r21
     1c4:	fc 01       	movw	r30, r24
     1c6:	31 83       	std	Z+1, r19	; 0x01
     1c8:	20 83       	st	Z, r18
            ddrData[i] = dData[i];
     1ca:	89 81       	ldd	r24, Y+1	; 0x01
     1cc:	88 2f       	mov	r24, r24
     1ce:	90 e0       	ldi	r25, 0x00	; 0
     1d0:	29 81       	ldd	r18, Y+1	; 0x01
     1d2:	22 2f       	mov	r18, r18
     1d4:	30 e0       	ldi	r19, 0x00	; 0
     1d6:	22 0f       	add	r18, r18
     1d8:	33 1f       	adc	r19, r19
     1da:	4e 81       	ldd	r20, Y+6	; 0x06
     1dc:	5f 81       	ldd	r21, Y+7	; 0x07
     1de:	24 0f       	add	r18, r20
     1e0:	35 1f       	adc	r19, r21
     1e2:	f9 01       	movw	r30, r18
     1e4:	20 81       	ld	r18, Z
     1e6:	31 81       	ldd	r19, Z+1	; 0x01
     1e8:	4a 81       	ldd	r20, Y+2	; 0x02
     1ea:	5b 81       	ldd	r21, Y+3	; 0x03
     1ec:	07 96       	adiw	r24, 0x07	; 7
     1ee:	88 0f       	add	r24, r24
     1f0:	99 1f       	adc	r25, r25
     1f2:	84 0f       	add	r24, r20
     1f4:	95 1f       	adc	r25, r21
     1f6:	fc 01       	movw	r30, r24
     1f8:	31 83       	std	Z+1, r19	; 0x01
     1fa:	20 83       	st	Z, r18
            maskData[i] = mData[i];
     1fc:	89 81       	ldd	r24, Y+1	; 0x01
     1fe:	88 2f       	mov	r24, r24
     200:	90 e0       	ldi	r25, 0x00	; 0
     202:	29 81       	ldd	r18, Y+1	; 0x01
     204:	22 2f       	mov	r18, r18
     206:	30 e0       	ldi	r19, 0x00	; 0
     208:	48 85       	ldd	r20, Y+8	; 0x08
     20a:	59 85       	ldd	r21, Y+9	; 0x09
     20c:	24 0f       	add	r18, r20
     20e:	35 1f       	adc	r19, r21
     210:	f9 01       	movw	r30, r18
     212:	40 81       	ld	r20, Z
     214:	2a 81       	ldd	r18, Y+2	; 0x02
     216:	3b 81       	ldd	r19, Y+3	; 0x03
     218:	82 0f       	add	r24, r18
     21a:	93 1f       	adc	r25, r19
     21c:	4c 96       	adiw	r24, 0x1c	; 28
     21e:	fc 01       	movw	r30, r24
     220:	40 83       	st	Z, r20
        uint8_t mData[7],
        volatile uint8_t* pDS,
        volatile uint8_t* dDS,
        uint8_t mDS
    ) {
        for (uint8_t i = 0; i < 7; i++) {
     222:	89 81       	ldd	r24, Y+1	; 0x01
     224:	8f 5f       	subi	r24, 0xFF	; 255
     226:	89 83       	std	Y+1, r24	; 0x01
     228:	b4 cf       	rjmp	.-152    	; 0x192 <_ZN7DisplayC1EPPVhS2_PhS1_S1_h+0x70>
            portData[i] = pData[i];
            ddrData[i] = dData[i];
            maskData[i] = mData[i];
        }

        portDS = pDS;
     22a:	8a 81       	ldd	r24, Y+2	; 0x02
     22c:	9b 81       	ldd	r25, Y+3	; 0x03
     22e:	2a 85       	ldd	r18, Y+10	; 0x0a
     230:	3b 85       	ldd	r19, Y+11	; 0x0b
     232:	fc 01       	movw	r30, r24
     234:	34 a3       	std	Z+36, r19	; 0x24
     236:	23 a3       	std	Z+35, r18	; 0x23
        ddrDS  = dDS;
     238:	8a 81       	ldd	r24, Y+2	; 0x02
     23a:	9b 81       	ldd	r25, Y+3	; 0x03
     23c:	2c 85       	ldd	r18, Y+12	; 0x0c
     23e:	3d 85       	ldd	r19, Y+13	; 0x0d
     240:	fc 01       	movw	r30, r24
     242:	36 a3       	std	Z+38, r19	; 0x26
     244:	25 a3       	std	Z+37, r18	; 0x25
        maskDS = mDS;
     246:	8a 81       	ldd	r24, Y+2	; 0x02
     248:	9b 81       	ldd	r25, Y+3	; 0x03
     24a:	2e 85       	ldd	r18, Y+14	; 0x0e
     24c:	fc 01       	movw	r30, r24
     24e:	27 a3       	std	Z+39, r18	; 0x27

        currentScore  = 0;
     250:	8a 81       	ldd	r24, Y+2	; 0x02
     252:	9b 81       	ldd	r25, Y+3	; 0x03
     254:	fc 01       	movw	r30, r24
     256:	10 a6       	std	Z+40, r1	; 0x28
        currentPlayer = 1;
     258:	8a 81       	ldd	r24, Y+2	; 0x02
     25a:	9b 81       	ldd	r25, Y+3	; 0x03
     25c:	21 e0       	ldi	r18, 0x01	; 1
     25e:	fc 01       	movw	r30, r24
     260:	21 a7       	std	Z+41, r18	; 0x29
        showPlayerMode = false;
     262:	8a 81       	ldd	r24, Y+2	; 0x02
     264:	9b 81       	ldd	r25, Y+3	; 0x03
     266:	fc 01       	movw	r30, r24
     268:	12 a6       	std	Z+42, r1	; 0x2a
        showTens = false;
     26a:	8a 81       	ldd	r24, Y+2	; 0x02
     26c:	9b 81       	ldd	r25, Y+3	; 0x03
     26e:	fc 01       	movw	r30, r24
     270:	13 a6       	std	Z+43, r1	; 0x2b
        lastTime = 0;
     272:	8a 81       	ldd	r24, Y+2	; 0x02
     274:	9b 81       	ldd	r25, Y+3	; 0x03
     276:	fc 01       	movw	r30, r24
     278:	17 aa       	std	Z+55, r1	; 0x37
     27a:	10 ae       	std	Z+56, r1	; 0x38
     27c:	11 ae       	std	Z+57, r1	; 0x39
     27e:	12 ae       	std	Z+58, r1	; 0x3a
    }
     280:	00 00       	nop
     282:	2e 96       	adiw	r28, 0x0e	; 14
     284:	0f b6       	in	r0, 0x3f	; 63
     286:	f8 94       	cli
     288:	de bf       	out	0x3e, r29	; 62
     28a:	0f be       	out	0x3f, r0	; 63
     28c:	cd bf       	out	0x3d, r28	; 61
     28e:	df 91       	pop	r29
     290:	cf 91       	pop	r28
     292:	1f 91       	pop	r17
     294:	0f 91       	pop	r16
     296:	ff 90       	pop	r15
     298:	ef 90       	pop	r14
     29a:	cf 90       	pop	r12
     29c:	08 95       	ret

0000029e <_ZN7Display4initEv>:

    void init() {
     29e:	cf 93       	push	r28
     2a0:	df 93       	push	r29
     2a2:	00 d0       	rcall	.+0      	; 0x2a4 <_ZN7Display4initEv+0x6>
     2a4:	1f 92       	push	r1
     2a6:	cd b7       	in	r28, 0x3d	; 61
     2a8:	de b7       	in	r29, 0x3e	; 62
     2aa:	9b 83       	std	Y+3, r25	; 0x03
     2ac:	8a 83       	std	Y+2, r24	; 0x02
        for (uint8_t i = 0; i < 7; i++) {
     2ae:	19 82       	std	Y+1, r1	; 0x01
     2b0:	89 81       	ldd	r24, Y+1	; 0x01
     2b2:	87 30       	cpi	r24, 0x07	; 7
     2b4:	08 f0       	brcs	.+2      	; 0x2b8 <_ZN7Display4initEv+0x1a>
     2b6:	59 c0       	rjmp	.+178    	; 0x36a <_ZN7Display4initEv+0xcc>
            *ddrData[i]  |=  maskData[i];
     2b8:	89 81       	ldd	r24, Y+1	; 0x01
     2ba:	88 2f       	mov	r24, r24
     2bc:	90 e0       	ldi	r25, 0x00	; 0
     2be:	2a 81       	ldd	r18, Y+2	; 0x02
     2c0:	3b 81       	ldd	r19, Y+3	; 0x03
     2c2:	07 96       	adiw	r24, 0x07	; 7
     2c4:	88 0f       	add	r24, r24
     2c6:	99 1f       	adc	r25, r25
     2c8:	82 0f       	add	r24, r18
     2ca:	93 1f       	adc	r25, r19
     2cc:	fc 01       	movw	r30, r24
     2ce:	80 81       	ld	r24, Z
     2d0:	91 81       	ldd	r25, Z+1	; 0x01
     2d2:	29 81       	ldd	r18, Y+1	; 0x01
     2d4:	22 2f       	mov	r18, r18
     2d6:	30 e0       	ldi	r19, 0x00	; 0
     2d8:	4a 81       	ldd	r20, Y+2	; 0x02
     2da:	5b 81       	ldd	r21, Y+3	; 0x03
     2dc:	29 5f       	subi	r18, 0xF9	; 249
     2de:	3f 4f       	sbci	r19, 0xFF	; 255
     2e0:	22 0f       	add	r18, r18
     2e2:	33 1f       	adc	r19, r19
     2e4:	24 0f       	add	r18, r20
     2e6:	35 1f       	adc	r19, r21
     2e8:	f9 01       	movw	r30, r18
     2ea:	20 81       	ld	r18, Z
     2ec:	31 81       	ldd	r19, Z+1	; 0x01
     2ee:	f9 01       	movw	r30, r18
     2f0:	60 81       	ld	r22, Z
     2f2:	29 81       	ldd	r18, Y+1	; 0x01
     2f4:	22 2f       	mov	r18, r18
     2f6:	30 e0       	ldi	r19, 0x00	; 0
     2f8:	4a 81       	ldd	r20, Y+2	; 0x02
     2fa:	5b 81       	ldd	r21, Y+3	; 0x03
     2fc:	24 0f       	add	r18, r20
     2fe:	35 1f       	adc	r19, r21
     300:	24 5e       	subi	r18, 0xE4	; 228
     302:	3f 4f       	sbci	r19, 0xFF	; 255
     304:	f9 01       	movw	r30, r18
     306:	20 81       	ld	r18, Z
     308:	26 2b       	or	r18, r22
     30a:	fc 01       	movw	r30, r24
     30c:	20 83       	st	Z, r18
            *portData[i] &= ~maskData[i];
     30e:	89 81       	ldd	r24, Y+1	; 0x01
     310:	88 2f       	mov	r24, r24
     312:	90 e0       	ldi	r25, 0x00	; 0
     314:	2a 81       	ldd	r18, Y+2	; 0x02
     316:	3b 81       	ldd	r19, Y+3	; 0x03
     318:	88 0f       	add	r24, r24
     31a:	99 1f       	adc	r25, r25
     31c:	82 0f       	add	r24, r18
     31e:	93 1f       	adc	r25, r19
     320:	fc 01       	movw	r30, r24
     322:	80 81       	ld	r24, Z
     324:	91 81       	ldd	r25, Z+1	; 0x01
     326:	29 81       	ldd	r18, Y+1	; 0x01
     328:	22 2f       	mov	r18, r18
     32a:	30 e0       	ldi	r19, 0x00	; 0
     32c:	4a 81       	ldd	r20, Y+2	; 0x02
     32e:	5b 81       	ldd	r21, Y+3	; 0x03
     330:	22 0f       	add	r18, r18
     332:	33 1f       	adc	r19, r19
     334:	24 0f       	add	r18, r20
     336:	35 1f       	adc	r19, r21
     338:	f9 01       	movw	r30, r18
     33a:	20 81       	ld	r18, Z
     33c:	31 81       	ldd	r19, Z+1	; 0x01
     33e:	f9 01       	movw	r30, r18
     340:	20 81       	ld	r18, Z
     342:	62 2f       	mov	r22, r18
     344:	29 81       	ldd	r18, Y+1	; 0x01
     346:	22 2f       	mov	r18, r18
     348:	30 e0       	ldi	r19, 0x00	; 0
     34a:	4a 81       	ldd	r20, Y+2	; 0x02
     34c:	5b 81       	ldd	r21, Y+3	; 0x03
     34e:	24 0f       	add	r18, r20
     350:	35 1f       	adc	r19, r21
     352:	24 5e       	subi	r18, 0xE4	; 228
     354:	3f 4f       	sbci	r19, 0xFF	; 255
     356:	f9 01       	movw	r30, r18
     358:	20 81       	ld	r18, Z
     35a:	20 95       	com	r18
     35c:	26 23       	and	r18, r22
     35e:	fc 01       	movw	r30, r24
     360:	20 83       	st	Z, r18
        showTens = false;
        lastTime = 0;
    }

    void init() {
        for (uint8_t i = 0; i < 7; i++) {
     362:	89 81       	ldd	r24, Y+1	; 0x01
     364:	8f 5f       	subi	r24, 0xFF	; 255
     366:	89 83       	std	Y+1, r24	; 0x01
     368:	a3 cf       	rjmp	.-186    	; 0x2b0 <_ZN7Display4initEv+0x12>
            *ddrData[i]  |=  maskData[i];
            *portData[i] &= ~maskData[i];
        }
        *ddrDS  |=  maskDS;
     36a:	8a 81       	ldd	r24, Y+2	; 0x02
     36c:	9b 81       	ldd	r25, Y+3	; 0x03
     36e:	fc 01       	movw	r30, r24
     370:	85 a1       	ldd	r24, Z+37	; 0x25
     372:	96 a1       	ldd	r25, Z+38	; 0x26
     374:	2a 81       	ldd	r18, Y+2	; 0x02
     376:	3b 81       	ldd	r19, Y+3	; 0x03
     378:	f9 01       	movw	r30, r18
     37a:	25 a1       	ldd	r18, Z+37	; 0x25
     37c:	36 a1       	ldd	r19, Z+38	; 0x26
     37e:	f9 01       	movw	r30, r18
     380:	40 81       	ld	r20, Z
     382:	2a 81       	ldd	r18, Y+2	; 0x02
     384:	3b 81       	ldd	r19, Y+3	; 0x03
     386:	f9 01       	movw	r30, r18
     388:	27 a1       	ldd	r18, Z+39	; 0x27
     38a:	24 2b       	or	r18, r20
     38c:	fc 01       	movw	r30, r24
     38e:	20 83       	st	Z, r18
        *portDS &= ~maskDS;
     390:	8a 81       	ldd	r24, Y+2	; 0x02
     392:	9b 81       	ldd	r25, Y+3	; 0x03
     394:	fc 01       	movw	r30, r24
     396:	83 a1       	ldd	r24, Z+35	; 0x23
     398:	94 a1       	ldd	r25, Z+36	; 0x24
     39a:	2a 81       	ldd	r18, Y+2	; 0x02
     39c:	3b 81       	ldd	r19, Y+3	; 0x03
     39e:	f9 01       	movw	r30, r18
     3a0:	23 a1       	ldd	r18, Z+35	; 0x23
     3a2:	34 a1       	ldd	r19, Z+36	; 0x24
     3a4:	f9 01       	movw	r30, r18
     3a6:	20 81       	ld	r18, Z
     3a8:	42 2f       	mov	r20, r18
     3aa:	2a 81       	ldd	r18, Y+2	; 0x02
     3ac:	3b 81       	ldd	r19, Y+3	; 0x03
     3ae:	f9 01       	movw	r30, r18
     3b0:	27 a1       	ldd	r18, Z+39	; 0x27
     3b2:	20 95       	com	r18
     3b4:	24 23       	and	r18, r20
     3b6:	fc 01       	movw	r30, r24
     3b8:	20 83       	st	Z, r18
    }
     3ba:	00 00       	nop
     3bc:	0f 90       	pop	r0
     3be:	0f 90       	pop	r0
     3c0:	0f 90       	pop	r0
     3c2:	df 91       	pop	r29
     3c4:	cf 91       	pop	r28
     3c6:	08 95       	ret

000003c8 <_ZN7Display5clearEv>:

    void clear() {
     3c8:	cf 93       	push	r28
     3ca:	df 93       	push	r29
     3cc:	00 d0       	rcall	.+0      	; 0x3ce <_ZN7Display5clearEv+0x6>
     3ce:	1f 92       	push	r1
     3d0:	cd b7       	in	r28, 0x3d	; 61
     3d2:	de b7       	in	r29, 0x3e	; 62
     3d4:	9b 83       	std	Y+3, r25	; 0x03
     3d6:	8a 83       	std	Y+2, r24	; 0x02
        for (uint8_t i = 0; i < 7; i++) {
     3d8:	19 82       	std	Y+1, r1	; 0x01
     3da:	89 81       	ldd	r24, Y+1	; 0x01
     3dc:	87 30       	cpi	r24, 0x07	; 7
     3de:	70 f5       	brcc	.+92     	; 0x43c <__LOCK_REGION_LENGTH__+0x3c>
            *portData[i] &= ~maskData[i];
     3e0:	89 81       	ldd	r24, Y+1	; 0x01
     3e2:	88 2f       	mov	r24, r24
     3e4:	90 e0       	ldi	r25, 0x00	; 0
     3e6:	2a 81       	ldd	r18, Y+2	; 0x02
     3e8:	3b 81       	ldd	r19, Y+3	; 0x03
     3ea:	88 0f       	add	r24, r24
     3ec:	99 1f       	adc	r25, r25
     3ee:	82 0f       	add	r24, r18
     3f0:	93 1f       	adc	r25, r19
     3f2:	fc 01       	movw	r30, r24
     3f4:	80 81       	ld	r24, Z
     3f6:	91 81       	ldd	r25, Z+1	; 0x01
     3f8:	29 81       	ldd	r18, Y+1	; 0x01
     3fa:	22 2f       	mov	r18, r18
     3fc:	30 e0       	ldi	r19, 0x00	; 0
     3fe:	4a 81       	ldd	r20, Y+2	; 0x02
     400:	5b 81       	ldd	r21, Y+3	; 0x03
     402:	22 0f       	add	r18, r18
     404:	33 1f       	adc	r19, r19
     406:	24 0f       	add	r18, r20
     408:	35 1f       	adc	r19, r21
     40a:	f9 01       	movw	r30, r18
     40c:	20 81       	ld	r18, Z
     40e:	31 81       	ldd	r19, Z+1	; 0x01
     410:	f9 01       	movw	r30, r18
     412:	20 81       	ld	r18, Z
     414:	62 2f       	mov	r22, r18
     416:	29 81       	ldd	r18, Y+1	; 0x01
     418:	22 2f       	mov	r18, r18
     41a:	30 e0       	ldi	r19, 0x00	; 0
     41c:	4a 81       	ldd	r20, Y+2	; 0x02
     41e:	5b 81       	ldd	r21, Y+3	; 0x03
     420:	24 0f       	add	r18, r20
     422:	35 1f       	adc	r19, r21
     424:	24 5e       	subi	r18, 0xE4	; 228
     426:	3f 4f       	sbci	r19, 0xFF	; 255
     428:	f9 01       	movw	r30, r18
     42a:	20 81       	ld	r18, Z
     42c:	20 95       	com	r18
     42e:	26 23       	and	r18, r22
     430:	fc 01       	movw	r30, r24
     432:	20 83       	st	Z, r18
        *ddrDS  |=  maskDS;
        *portDS &= ~maskDS;
    }

    void clear() {
        for (uint8_t i = 0; i < 7; i++) {
     434:	89 81       	ldd	r24, Y+1	; 0x01
     436:	8f 5f       	subi	r24, 0xFF	; 255
     438:	89 83       	std	Y+1, r24	; 0x01
     43a:	cf cf       	rjmp	.-98     	; 0x3da <_ZN7Display5clearEv+0x12>
            *portData[i] &= ~maskData[i];
        }
    }
     43c:	00 00       	nop
     43e:	0f 90       	pop	r0
     440:	0f 90       	pop	r0
     442:	0f 90       	pop	r0
     444:	df 91       	pop	r29
     446:	cf 91       	pop	r28
     448:	08 95       	ret

0000044a <_ZN7Display11printBinaryEh>:

    void printBinary(uint8_t bin) {
     44a:	cf 93       	push	r28
     44c:	df 93       	push	r29
     44e:	00 d0       	rcall	.+0      	; 0x450 <_ZN7Display11printBinaryEh+0x6>
     450:	00 d0       	rcall	.+0      	; 0x452 <_ZN7Display11printBinaryEh+0x8>
     452:	cd b7       	in	r28, 0x3d	; 61
     454:	de b7       	in	r29, 0x3e	; 62
     456:	9b 83       	std	Y+3, r25	; 0x03
     458:	8a 83       	std	Y+2, r24	; 0x02
     45a:	6c 83       	std	Y+4, r22	; 0x04
        for (uint8_t i = 0; i < 7; i++) {
     45c:	19 82       	std	Y+1, r1	; 0x01
     45e:	89 81       	ldd	r24, Y+1	; 0x01
     460:	87 30       	cpi	r24, 0x07	; 7
     462:	08 f0       	brcs	.+2      	; 0x466 <_ZN7Display11printBinaryEh+0x1c>
     464:	66 c0       	rjmp	.+204    	; 0x532 <_ZN7Display11printBinaryEh+0xe8>
            if (bin & (1 << i)) {
     466:	8c 81       	ldd	r24, Y+4	; 0x04
     468:	88 2f       	mov	r24, r24
     46a:	90 e0       	ldi	r25, 0x00	; 0
     46c:	29 81       	ldd	r18, Y+1	; 0x01
     46e:	22 2f       	mov	r18, r18
     470:	30 e0       	ldi	r19, 0x00	; 0
     472:	02 c0       	rjmp	.+4      	; 0x478 <_ZN7Display11printBinaryEh+0x2e>
     474:	95 95       	asr	r25
     476:	87 95       	ror	r24
     478:	2a 95       	dec	r18
     47a:	e2 f7       	brpl	.-8      	; 0x474 <_ZN7Display11printBinaryEh+0x2a>
     47c:	81 70       	andi	r24, 0x01	; 1
     47e:	99 27       	eor	r25, r25
     480:	89 2b       	or	r24, r25
     482:	49 f1       	breq	.+82     	; 0x4d6 <_ZN7Display11printBinaryEh+0x8c>
                *portData[i] |=  maskData[i];
     484:	89 81       	ldd	r24, Y+1	; 0x01
     486:	88 2f       	mov	r24, r24
     488:	90 e0       	ldi	r25, 0x00	; 0
     48a:	2a 81       	ldd	r18, Y+2	; 0x02
     48c:	3b 81       	ldd	r19, Y+3	; 0x03
     48e:	88 0f       	add	r24, r24
     490:	99 1f       	adc	r25, r25
     492:	82 0f       	add	r24, r18
     494:	93 1f       	adc	r25, r19
     496:	fc 01       	movw	r30, r24
     498:	80 81       	ld	r24, Z
     49a:	91 81       	ldd	r25, Z+1	; 0x01
     49c:	29 81       	ldd	r18, Y+1	; 0x01
     49e:	22 2f       	mov	r18, r18
     4a0:	30 e0       	ldi	r19, 0x00	; 0
     4a2:	4a 81       	ldd	r20, Y+2	; 0x02
     4a4:	5b 81       	ldd	r21, Y+3	; 0x03
     4a6:	22 0f       	add	r18, r18
     4a8:	33 1f       	adc	r19, r19
     4aa:	24 0f       	add	r18, r20
     4ac:	35 1f       	adc	r19, r21
     4ae:	f9 01       	movw	r30, r18
     4b0:	20 81       	ld	r18, Z
     4b2:	31 81       	ldd	r19, Z+1	; 0x01
     4b4:	f9 01       	movw	r30, r18
     4b6:	60 81       	ld	r22, Z
     4b8:	29 81       	ldd	r18, Y+1	; 0x01
     4ba:	22 2f       	mov	r18, r18
     4bc:	30 e0       	ldi	r19, 0x00	; 0
     4be:	4a 81       	ldd	r20, Y+2	; 0x02
     4c0:	5b 81       	ldd	r21, Y+3	; 0x03
     4c2:	24 0f       	add	r18, r20
     4c4:	35 1f       	adc	r19, r21
     4c6:	24 5e       	subi	r18, 0xE4	; 228
     4c8:	3f 4f       	sbci	r19, 0xFF	; 255
     4ca:	f9 01       	movw	r30, r18
     4cc:	20 81       	ld	r18, Z
     4ce:	26 2b       	or	r18, r22
     4d0:	fc 01       	movw	r30, r24
     4d2:	20 83       	st	Z, r18
     4d4:	2a c0       	rjmp	.+84     	; 0x52a <_ZN7Display11printBinaryEh+0xe0>
            } else {
                *portData[i] &= ~maskData[i];
     4d6:	89 81       	ldd	r24, Y+1	; 0x01
     4d8:	88 2f       	mov	r24, r24
     4da:	90 e0       	ldi	r25, 0x00	; 0
     4dc:	2a 81       	ldd	r18, Y+2	; 0x02
     4de:	3b 81       	ldd	r19, Y+3	; 0x03
     4e0:	88 0f       	add	r24, r24
     4e2:	99 1f       	adc	r25, r25
     4e4:	82 0f       	add	r24, r18
     4e6:	93 1f       	adc	r25, r19
     4e8:	fc 01       	movw	r30, r24
     4ea:	80 81       	ld	r24, Z
     4ec:	91 81       	ldd	r25, Z+1	; 0x01
     4ee:	29 81       	ldd	r18, Y+1	; 0x01
     4f0:	22 2f       	mov	r18, r18
     4f2:	30 e0       	ldi	r19, 0x00	; 0
     4f4:	4a 81       	ldd	r20, Y+2	; 0x02
     4f6:	5b 81       	ldd	r21, Y+3	; 0x03
     4f8:	22 0f       	add	r18, r18
     4fa:	33 1f       	adc	r19, r19
     4fc:	24 0f       	add	r18, r20
     4fe:	35 1f       	adc	r19, r21
     500:	f9 01       	movw	r30, r18
     502:	20 81       	ld	r18, Z
     504:	31 81       	ldd	r19, Z+1	; 0x01
     506:	f9 01       	movw	r30, r18
     508:	20 81       	ld	r18, Z
     50a:	62 2f       	mov	r22, r18
     50c:	29 81       	ldd	r18, Y+1	; 0x01
     50e:	22 2f       	mov	r18, r18
     510:	30 e0       	ldi	r19, 0x00	; 0
     512:	4a 81       	ldd	r20, Y+2	; 0x02
     514:	5b 81       	ldd	r21, Y+3	; 0x03
     516:	24 0f       	add	r18, r20
     518:	35 1f       	adc	r19, r21
     51a:	24 5e       	subi	r18, 0xE4	; 228
     51c:	3f 4f       	sbci	r19, 0xFF	; 255
     51e:	f9 01       	movw	r30, r18
     520:	20 81       	ld	r18, Z
     522:	20 95       	com	r18
     524:	26 23       	and	r18, r22
     526:	fc 01       	movw	r30, r24
     528:	20 83       	st	Z, r18
            *portData[i] &= ~maskData[i];
        }
    }

    void printBinary(uint8_t bin) {
        for (uint8_t i = 0; i < 7; i++) {
     52a:	89 81       	ldd	r24, Y+1	; 0x01
     52c:	8f 5f       	subi	r24, 0xFF	; 255
     52e:	89 83       	std	Y+1, r24	; 0x01
     530:	96 cf       	rjmp	.-212    	; 0x45e <_ZN7Display11printBinaryEh+0x14>
                *portData[i] |=  maskData[i];
            } else {
                *portData[i] &= ~maskData[i];
            }
        }
    }
     532:	00 00       	nop
     534:	0f 90       	pop	r0
     536:	0f 90       	pop	r0
     538:	0f 90       	pop	r0
     53a:	0f 90       	pop	r0
     53c:	df 91       	pop	r29
     53e:	cf 91       	pop	r28
     540:	08 95       	ret

00000542 <_ZN7Display10printDigitEh>:

    void printDigit(uint8_t digit) {
     542:	cf 93       	push	r28
     544:	df 93       	push	r29
     546:	00 d0       	rcall	.+0      	; 0x548 <_ZN7Display10printDigitEh+0x6>
     548:	1f 92       	push	r1
     54a:	cd b7       	in	r28, 0x3d	; 61
     54c:	de b7       	in	r29, 0x3e	; 62
     54e:	9a 83       	std	Y+2, r25	; 0x02
     550:	89 83       	std	Y+1, r24	; 0x01
     552:	6b 83       	std	Y+3, r22	; 0x03
        if (digit > 9) return;
     554:	8b 81       	ldd	r24, Y+3	; 0x03
     556:	8a 30       	cpi	r24, 0x0A	; 10
     558:	80 f4       	brcc	.+32     	; 0x57a <_ZN7Display10printDigitEh+0x38>
        printBinary(digits[digit]);
     55a:	8b 81       	ldd	r24, Y+3	; 0x03
     55c:	88 2f       	mov	r24, r24
     55e:	90 e0       	ldi	r25, 0x00	; 0
     560:	29 81       	ldd	r18, Y+1	; 0x01
     562:	3a 81       	ldd	r19, Y+2	; 0x02
     564:	82 0f       	add	r24, r18
     566:	93 1f       	adc	r25, r19
     568:	8c 96       	adiw	r24, 0x2c	; 44
     56a:	fc 01       	movw	r30, r24
     56c:	20 81       	ld	r18, Z
     56e:	89 81       	ldd	r24, Y+1	; 0x01
     570:	9a 81       	ldd	r25, Y+2	; 0x02
     572:	62 2f       	mov	r22, r18
     574:	0e 94 25 02 	call	0x44a	; 0x44a <_ZN7Display11printBinaryEh>
     578:	01 c0       	rjmp	.+2      	; 0x57c <_ZN7Display10printDigitEh+0x3a>
            }
        }
    }

    void printDigit(uint8_t digit) {
        if (digit > 9) return;
     57a:	00 00       	nop
        printBinary(digits[digit]);
    }
     57c:	0f 90       	pop	r0
     57e:	0f 90       	pop	r0
     580:	0f 90       	pop	r0
     582:	df 91       	pop	r29
     584:	cf 91       	pop	r28
     586:	08 95       	ret

00000588 <_ZN7Display8setScoreEh>:

    // --- Modos ---

    void setScore(uint8_t score) {
     588:	cf 93       	push	r28
     58a:	df 93       	push	r29
     58c:	00 d0       	rcall	.+0      	; 0x58e <_ZN7Display8setScoreEh+0x6>
     58e:	1f 92       	push	r1
     590:	cd b7       	in	r28, 0x3d	; 61
     592:	de b7       	in	r29, 0x3e	; 62
     594:	9a 83       	std	Y+2, r25	; 0x02
     596:	89 83       	std	Y+1, r24	; 0x01
     598:	6b 83       	std	Y+3, r22	; 0x03
        if (score > 99) score = 99;
     59a:	8b 81       	ldd	r24, Y+3	; 0x03
     59c:	84 36       	cpi	r24, 0x64	; 100
     59e:	10 f0       	brcs	.+4      	; 0x5a4 <_ZN7Display8setScoreEh+0x1c>
     5a0:	83 e6       	ldi	r24, 0x63	; 99
     5a2:	8b 83       	std	Y+3, r24	; 0x03
        currentScore   = score;
     5a4:	89 81       	ldd	r24, Y+1	; 0x01
     5a6:	9a 81       	ldd	r25, Y+2	; 0x02
     5a8:	2b 81       	ldd	r18, Y+3	; 0x03
     5aa:	fc 01       	movw	r30, r24
     5ac:	20 a7       	std	Z+40, r18	; 0x28
        showPlayerMode = false;
     5ae:	89 81       	ldd	r24, Y+1	; 0x01
     5b0:	9a 81       	ldd	r25, Y+2	; 0x02
     5b2:	fc 01       	movw	r30, r24
     5b4:	12 a6       	std	Z+42, r1	; 0x2a
    }
     5b6:	00 00       	nop
     5b8:	0f 90       	pop	r0
     5ba:	0f 90       	pop	r0
     5bc:	0f 90       	pop	r0
     5be:	df 91       	pop	r29
     5c0:	cf 91       	pop	r28
     5c2:	08 95       	ret

000005c4 <_ZN7Display7refreshEv>:
        showPlayerMode = true;
    }

    // --- Refresco ---

    void refresh() {
     5c4:	cf 93       	push	r28
     5c6:	df 93       	push	r29
     5c8:	00 d0       	rcall	.+0      	; 0x5ca <_ZN7Display7refreshEv+0x6>
     5ca:	cd b7       	in	r28, 0x3d	; 61
     5cc:	de b7       	in	r29, 0x3e	; 62
     5ce:	9a 83       	std	Y+2, r25	; 0x02
     5d0:	89 83       	std	Y+1, r24	; 0x01
        clear();
     5d2:	89 81       	ldd	r24, Y+1	; 0x01
     5d4:	9a 81       	ldd	r25, Y+2	; 0x02
     5d6:	0e 94 e4 01 	call	0x3c8	; 0x3c8 <_ZN7Display5clearEv>

        if (showTens) {
     5da:	89 81       	ldd	r24, Y+1	; 0x01
     5dc:	9a 81       	ldd	r25, Y+2	; 0x02
     5de:	fc 01       	movw	r30, r24
     5e0:	83 a5       	ldd	r24, Z+43	; 0x2b
     5e2:	88 23       	and	r24, r24
     5e4:	a9 f1       	breq	.+106    	; 0x650 <_ZN7Display7refreshEv+0x8c>
            // Dígito izquierdo
            *portDS |= maskDS;
     5e6:	89 81       	ldd	r24, Y+1	; 0x01
     5e8:	9a 81       	ldd	r25, Y+2	; 0x02
     5ea:	fc 01       	movw	r30, r24
     5ec:	83 a1       	ldd	r24, Z+35	; 0x23
     5ee:	94 a1       	ldd	r25, Z+36	; 0x24
     5f0:	29 81       	ldd	r18, Y+1	; 0x01
     5f2:	3a 81       	ldd	r19, Y+2	; 0x02
     5f4:	f9 01       	movw	r30, r18
     5f6:	23 a1       	ldd	r18, Z+35	; 0x23
     5f8:	34 a1       	ldd	r19, Z+36	; 0x24
     5fa:	f9 01       	movw	r30, r18
     5fc:	40 81       	ld	r20, Z
     5fe:	29 81       	ldd	r18, Y+1	; 0x01
     600:	3a 81       	ldd	r19, Y+2	; 0x02
     602:	f9 01       	movw	r30, r18
     604:	27 a1       	ldd	r18, Z+39	; 0x27
     606:	24 2b       	or	r18, r20
     608:	fc 01       	movw	r30, r24
     60a:	20 83       	st	Z, r18
            if (showPlayerMode) {
     60c:	89 81       	ldd	r24, Y+1	; 0x01
     60e:	9a 81       	ldd	r25, Y+2	; 0x02
     610:	fc 01       	movw	r30, r24
     612:	82 a5       	ldd	r24, Z+42	; 0x2a
     614:	88 23       	and	r24, r24
     616:	51 f0       	breq	.+20     	; 0x62c <_ZN7Display7refreshEv+0x68>
                printBinary(LETTER_P);          // muestra "P"
     618:	89 81       	ldd	r24, Y+1	; 0x01
     61a:	9a 81       	ldd	r25, Y+2	; 0x02
     61c:	fc 01       	movw	r30, r24
     61e:	26 a9       	ldd	r18, Z+54	; 0x36
     620:	89 81       	ldd	r24, Y+1	; 0x01
     622:	9a 81       	ldd	r25, Y+2	; 0x02
     624:	62 2f       	mov	r22, r18
     626:	0e 94 25 02 	call	0x44a	; 0x44a <_ZN7Display11printBinaryEh>
     62a:	50 c0       	rjmp	.+160    	; 0x6cc <_ZN7Display7refreshEv+0x108>
            } else {
                printDigit(currentScore / 10);  // muestra decena del score
     62c:	89 81       	ldd	r24, Y+1	; 0x01
     62e:	9a 81       	ldd	r25, Y+2	; 0x02
     630:	fc 01       	movw	r30, r24
     632:	90 a5       	ldd	r25, Z+40	; 0x28
     634:	8d ec       	ldi	r24, 0xCD	; 205
     636:	98 9f       	mul	r25, r24
     638:	81 2d       	mov	r24, r1
     63a:	11 24       	eor	r1, r1
     63c:	28 2f       	mov	r18, r24
     63e:	26 95       	lsr	r18
     640:	26 95       	lsr	r18
     642:	26 95       	lsr	r18
     644:	89 81       	ldd	r24, Y+1	; 0x01
     646:	9a 81       	ldd	r25, Y+2	; 0x02
     648:	62 2f       	mov	r22, r18
     64a:	0e 94 a1 02 	call	0x542	; 0x542 <_ZN7Display10printDigitEh>
     64e:	3e c0       	rjmp	.+124    	; 0x6cc <_ZN7Display7refreshEv+0x108>
            }
        } else {
            // Dígito derecho
            *portDS &= ~maskDS;
     650:	89 81       	ldd	r24, Y+1	; 0x01
     652:	9a 81       	ldd	r25, Y+2	; 0x02
     654:	fc 01       	movw	r30, r24
     656:	83 a1       	ldd	r24, Z+35	; 0x23
     658:	94 a1       	ldd	r25, Z+36	; 0x24
     65a:	29 81       	ldd	r18, Y+1	; 0x01
     65c:	3a 81       	ldd	r19, Y+2	; 0x02
     65e:	f9 01       	movw	r30, r18
     660:	23 a1       	ldd	r18, Z+35	; 0x23
     662:	34 a1       	ldd	r19, Z+36	; 0x24
     664:	f9 01       	movw	r30, r18
     666:	20 81       	ld	r18, Z
     668:	42 2f       	mov	r20, r18
     66a:	29 81       	ldd	r18, Y+1	; 0x01
     66c:	3a 81       	ldd	r19, Y+2	; 0x02
     66e:	f9 01       	movw	r30, r18
     670:	27 a1       	ldd	r18, Z+39	; 0x27
     672:	20 95       	com	r18
     674:	24 23       	and	r18, r20
     676:	fc 01       	movw	r30, r24
     678:	20 83       	st	Z, r18
            if (showPlayerMode) {
     67a:	89 81       	ldd	r24, Y+1	; 0x01
     67c:	9a 81       	ldd	r25, Y+2	; 0x02
     67e:	fc 01       	movw	r30, r24
     680:	82 a5       	ldd	r24, Z+42	; 0x2a
     682:	88 23       	and	r24, r24
     684:	51 f0       	breq	.+20     	; 0x69a <_ZN7Display7refreshEv+0xd6>
                printDigit(currentPlayer);      // muestra número de jugador
     686:	89 81       	ldd	r24, Y+1	; 0x01
     688:	9a 81       	ldd	r25, Y+2	; 0x02
     68a:	fc 01       	movw	r30, r24
     68c:	21 a5       	ldd	r18, Z+41	; 0x29
     68e:	89 81       	ldd	r24, Y+1	; 0x01
     690:	9a 81       	ldd	r25, Y+2	; 0x02
     692:	62 2f       	mov	r22, r18
     694:	0e 94 a1 02 	call	0x542	; 0x542 <_ZN7Display10printDigitEh>
     698:	19 c0       	rjmp	.+50     	; 0x6cc <_ZN7Display7refreshEv+0x108>
            } else {
                printDigit(currentScore % 10);  // muestra unidad del score
     69a:	89 81       	ldd	r24, Y+1	; 0x01
     69c:	9a 81       	ldd	r25, Y+2	; 0x02
     69e:	fc 01       	movw	r30, r24
     6a0:	90 a5       	ldd	r25, Z+40	; 0x28
     6a2:	8d ec       	ldi	r24, 0xCD	; 205
     6a4:	98 9f       	mul	r25, r24
     6a6:	81 2d       	mov	r24, r1
     6a8:	11 24       	eor	r1, r1
     6aa:	28 2f       	mov	r18, r24
     6ac:	26 95       	lsr	r18
     6ae:	26 95       	lsr	r18
     6b0:	26 95       	lsr	r18
     6b2:	82 2f       	mov	r24, r18
     6b4:	88 0f       	add	r24, r24
     6b6:	28 2f       	mov	r18, r24
     6b8:	22 0f       	add	r18, r18
     6ba:	22 0f       	add	r18, r18
     6bc:	82 0f       	add	r24, r18
     6be:	29 2f       	mov	r18, r25
     6c0:	28 1b       	sub	r18, r24
     6c2:	89 81       	ldd	r24, Y+1	; 0x01
     6c4:	9a 81       	ldd	r25, Y+2	; 0x02
     6c6:	62 2f       	mov	r22, r18
     6c8:	0e 94 a1 02 	call	0x542	; 0x542 <_ZN7Display10printDigitEh>
            }
        }

        showTens = !showTens;
     6cc:	89 81       	ldd	r24, Y+1	; 0x01
     6ce:	9a 81       	ldd	r25, Y+2	; 0x02
     6d0:	fc 01       	movw	r30, r24
     6d2:	93 a5       	ldd	r25, Z+43	; 0x2b
     6d4:	81 e0       	ldi	r24, 0x01	; 1
     6d6:	29 2f       	mov	r18, r25
     6d8:	28 27       	eor	r18, r24
     6da:	89 81       	ldd	r24, Y+1	; 0x01
     6dc:	9a 81       	ldd	r25, Y+2	; 0x02
     6de:	fc 01       	movw	r30, r24
     6e0:	23 a7       	std	Z+43, r18	; 0x2b
    }
     6e2:	00 00       	nop
     6e4:	0f 90       	pop	r0
     6e6:	0f 90       	pop	r0
     6e8:	df 91       	pop	r29
     6ea:	cf 91       	pop	r28
     6ec:	08 95       	ret

000006ee <_ZN7Display6updateEmb>:

    void update(uint32_t currentTime, bool endGame) {
     6ee:	cf 93       	push	r28
     6f0:	df 93       	push	r29
     6f2:	cd b7       	in	r28, 0x3d	; 61
     6f4:	de b7       	in	r29, 0x3e	; 62
     6f6:	27 97       	sbiw	r28, 0x07	; 7
     6f8:	0f b6       	in	r0, 0x3f	; 63
     6fa:	f8 94       	cli
     6fc:	de bf       	out	0x3e, r29	; 62
     6fe:	0f be       	out	0x3f, r0	; 63
     700:	cd bf       	out	0x3d, r28	; 61
     702:	9a 83       	std	Y+2, r25	; 0x02
     704:	89 83       	std	Y+1, r24	; 0x01
     706:	4b 83       	std	Y+3, r20	; 0x03
     708:	5c 83       	std	Y+4, r21	; 0x04
     70a:	6d 83       	std	Y+5, r22	; 0x05
     70c:	7e 83       	std	Y+6, r23	; 0x06
     70e:	2f 83       	std	Y+7, r18	; 0x07
        if (endGame && ((currentTime % 1000) >= 900)) {
     710:	8f 81       	ldd	r24, Y+7	; 0x07
     712:	88 23       	and	r24, r24
     714:	c1 f0       	breq	.+48     	; 0x746 <_ZN7Display6updateEmb+0x58>
     716:	8b 81       	ldd	r24, Y+3	; 0x03
     718:	9c 81       	ldd	r25, Y+4	; 0x04
     71a:	ad 81       	ldd	r26, Y+5	; 0x05
     71c:	be 81       	ldd	r27, Y+6	; 0x06
     71e:	28 ee       	ldi	r18, 0xE8	; 232
     720:	33 e0       	ldi	r19, 0x03	; 3
     722:	40 e0       	ldi	r20, 0x00	; 0
     724:	50 e0       	ldi	r21, 0x00	; 0
     726:	bc 01       	movw	r22, r24
     728:	cd 01       	movw	r24, r26
     72a:	0e 94 12 26 	call	0x4c24	; 0x4c24 <__udivmodsi4>
     72e:	dc 01       	movw	r26, r24
     730:	cb 01       	movw	r24, r22
     732:	84 38       	cpi	r24, 0x84	; 132
     734:	93 40       	sbci	r25, 0x03	; 3
     736:	a1 05       	cpc	r26, r1
     738:	b1 05       	cpc	r27, r1
     73a:	28 f0       	brcs	.+10     	; 0x746 <_ZN7Display6updateEmb+0x58>
            clear();
     73c:	89 81       	ldd	r24, Y+1	; 0x01
     73e:	9a 81       	ldd	r25, Y+2	; 0x02
     740:	0e 94 e4 01 	call	0x3c8	; 0x3c8 <_ZN7Display5clearEv>
            if (currentTime - lastTime >= refreshInterval) {
                refresh();
                lastTime = currentTime;
            }
        }
    }
     744:	2a c0       	rjmp	.+84     	; 0x79a <_ZN7Display6updateEmb+0xac>

    void update(uint32_t currentTime, bool endGame) {
        if (endGame && ((currentTime % 1000) >= 900)) {
            clear();
        } else {
            if (currentTime - lastTime >= refreshInterval) {
     746:	89 81       	ldd	r24, Y+1	; 0x01
     748:	9a 81       	ldd	r25, Y+2	; 0x02
     74a:	fc 01       	movw	r30, r24
     74c:	87 a9       	ldd	r24, Z+55	; 0x37
     74e:	90 ad       	ldd	r25, Z+56	; 0x38
     750:	a1 ad       	ldd	r26, Z+57	; 0x39
     752:	b2 ad       	ldd	r27, Z+58	; 0x3a
     754:	2b 81       	ldd	r18, Y+3	; 0x03
     756:	3c 81       	ldd	r19, Y+4	; 0x04
     758:	4d 81       	ldd	r20, Y+5	; 0x05
     75a:	5e 81       	ldd	r21, Y+6	; 0x06
     75c:	28 1b       	sub	r18, r24
     75e:	39 0b       	sbc	r19, r25
     760:	4a 0b       	sbc	r20, r26
     762:	5b 0b       	sbc	r21, r27
     764:	89 81       	ldd	r24, Y+1	; 0x01
     766:	9a 81       	ldd	r25, Y+2	; 0x02
     768:	fc 01       	movw	r30, r24
     76a:	83 ad       	ldd	r24, Z+59	; 0x3b
     76c:	94 ad       	ldd	r25, Z+60	; 0x3c
     76e:	a5 ad       	ldd	r26, Z+61	; 0x3d
     770:	b6 ad       	ldd	r27, Z+62	; 0x3e
     772:	28 17       	cp	r18, r24
     774:	39 07       	cpc	r19, r25
     776:	4a 07       	cpc	r20, r26
     778:	5b 07       	cpc	r21, r27
     77a:	78 f0       	brcs	.+30     	; 0x79a <_ZN7Display6updateEmb+0xac>
                refresh();
     77c:	89 81       	ldd	r24, Y+1	; 0x01
     77e:	9a 81       	ldd	r25, Y+2	; 0x02
     780:	0e 94 e2 02 	call	0x5c4	; 0x5c4 <_ZN7Display7refreshEv>
                lastTime = currentTime;
     784:	29 81       	ldd	r18, Y+1	; 0x01
     786:	3a 81       	ldd	r19, Y+2	; 0x02
     788:	8b 81       	ldd	r24, Y+3	; 0x03
     78a:	9c 81       	ldd	r25, Y+4	; 0x04
     78c:	ad 81       	ldd	r26, Y+5	; 0x05
     78e:	be 81       	ldd	r27, Y+6	; 0x06
     790:	f9 01       	movw	r30, r18
     792:	87 ab       	std	Z+55, r24	; 0x37
     794:	90 af       	std	Z+56, r25	; 0x38
     796:	a1 af       	std	Z+57, r26	; 0x39
     798:	b2 af       	std	Z+58, r27	; 0x3a
            }
        }
    }
     79a:	00 00       	nop
     79c:	27 96       	adiw	r28, 0x07	; 7
     79e:	0f b6       	in	r0, 0x3f	; 63
     7a0:	f8 94       	cli
     7a2:	de bf       	out	0x3e, r29	; 62
     7a4:	0f be       	out	0x3f, r0	; 63
     7a6:	cd bf       	out	0x3d, r28	; 61
     7a8:	df 91       	pop	r29
     7aa:	cf 91       	pop	r28
     7ac:	08 95       	ret

000007ae <_ZN3LedC1EPVhS1_h>:
	uint32_t blinkInterval;
	
	bool isActive;
	
	public:
	Led(volatile uint8_t* portR, volatile uint8_t* ddrR, uint8_t m) {
     7ae:	cf 93       	push	r28
     7b0:	df 93       	push	r29
     7b2:	cd b7       	in	r28, 0x3d	; 61
     7b4:	de b7       	in	r29, 0x3e	; 62
     7b6:	27 97       	sbiw	r28, 0x07	; 7
     7b8:	0f b6       	in	r0, 0x3f	; 63
     7ba:	f8 94       	cli
     7bc:	de bf       	out	0x3e, r29	; 62
     7be:	0f be       	out	0x3f, r0	; 63
     7c0:	cd bf       	out	0x3d, r28	; 61
     7c2:	9a 83       	std	Y+2, r25	; 0x02
     7c4:	89 83       	std	Y+1, r24	; 0x01
     7c6:	7c 83       	std	Y+4, r23	; 0x04
     7c8:	6b 83       	std	Y+3, r22	; 0x03
     7ca:	5e 83       	std	Y+6, r21	; 0x06
     7cc:	4d 83       	std	Y+5, r20	; 0x05
     7ce:	2f 83       	std	Y+7, r18	; 0x07
		portReg	= portR;
     7d0:	89 81       	ldd	r24, Y+1	; 0x01
     7d2:	9a 81       	ldd	r25, Y+2	; 0x02
     7d4:	2b 81       	ldd	r18, Y+3	; 0x03
     7d6:	3c 81       	ldd	r19, Y+4	; 0x04
     7d8:	fc 01       	movw	r30, r24
     7da:	31 83       	std	Z+1, r19	; 0x01
     7dc:	20 83       	st	Z, r18
		ddrReg	= ddrR;
     7de:	89 81       	ldd	r24, Y+1	; 0x01
     7e0:	9a 81       	ldd	r25, Y+2	; 0x02
     7e2:	2d 81       	ldd	r18, Y+5	; 0x05
     7e4:	3e 81       	ldd	r19, Y+6	; 0x06
     7e6:	fc 01       	movw	r30, r24
     7e8:	33 83       	std	Z+3, r19	; 0x03
     7ea:	22 83       	std	Z+2, r18	; 0x02
		mask	= m;
     7ec:	89 81       	ldd	r24, Y+1	; 0x01
     7ee:	9a 81       	ldd	r25, Y+2	; 0x02
     7f0:	2f 81       	ldd	r18, Y+7	; 0x07
     7f2:	fc 01       	movw	r30, r24
     7f4:	24 83       	std	Z+4, r18	; 0x04
		
		lastTime = 0;
     7f6:	89 81       	ldd	r24, Y+1	; 0x01
     7f8:	9a 81       	ldd	r25, Y+2	; 0x02
     7fa:	fc 01       	movw	r30, r24
     7fc:	15 82       	std	Z+5, r1	; 0x05
     7fe:	16 82       	std	Z+6, r1	; 0x06
     800:	17 82       	std	Z+7, r1	; 0x07
     802:	10 86       	std	Z+8, r1	; 0x08
		blinkInterval =	100; // 100ms
     804:	29 81       	ldd	r18, Y+1	; 0x01
     806:	3a 81       	ldd	r19, Y+2	; 0x02
     808:	84 e6       	ldi	r24, 0x64	; 100
     80a:	90 e0       	ldi	r25, 0x00	; 0
     80c:	a0 e0       	ldi	r26, 0x00	; 0
     80e:	b0 e0       	ldi	r27, 0x00	; 0
     810:	f9 01       	movw	r30, r18
     812:	81 87       	std	Z+9, r24	; 0x09
     814:	92 87       	std	Z+10, r25	; 0x0a
     816:	a3 87       	std	Z+11, r26	; 0x0b
     818:	b4 87       	std	Z+12, r27	; 0x0c
		isActive = false;
     81a:	89 81       	ldd	r24, Y+1	; 0x01
     81c:	9a 81       	ldd	r25, Y+2	; 0x02
     81e:	fc 01       	movw	r30, r24
     820:	15 86       	std	Z+13, r1	; 0x0d
	}
     822:	00 00       	nop
     824:	27 96       	adiw	r28, 0x07	; 7
     826:	0f b6       	in	r0, 0x3f	; 63
     828:	f8 94       	cli
     82a:	de bf       	out	0x3e, r29	; 62
     82c:	0f be       	out	0x3f, r0	; 63
     82e:	cd bf       	out	0x3d, r28	; 61
     830:	df 91       	pop	r29
     832:	cf 91       	pop	r28
     834:	08 95       	ret

00000836 <_ZN3Led4initEv>:
	
	void init() {
     836:	cf 93       	push	r28
     838:	df 93       	push	r29
     83a:	00 d0       	rcall	.+0      	; 0x83c <_ZN3Led4initEv+0x6>
     83c:	cd b7       	in	r28, 0x3d	; 61
     83e:	de b7       	in	r29, 0x3e	; 62
     840:	9a 83       	std	Y+2, r25	; 0x02
     842:	89 83       	std	Y+1, r24	; 0x01
		*ddrReg |= mask;	// Output
     844:	89 81       	ldd	r24, Y+1	; 0x01
     846:	9a 81       	ldd	r25, Y+2	; 0x02
     848:	fc 01       	movw	r30, r24
     84a:	82 81       	ldd	r24, Z+2	; 0x02
     84c:	93 81       	ldd	r25, Z+3	; 0x03
     84e:	29 81       	ldd	r18, Y+1	; 0x01
     850:	3a 81       	ldd	r19, Y+2	; 0x02
     852:	f9 01       	movw	r30, r18
     854:	22 81       	ldd	r18, Z+2	; 0x02
     856:	33 81       	ldd	r19, Z+3	; 0x03
     858:	f9 01       	movw	r30, r18
     85a:	40 81       	ld	r20, Z
     85c:	29 81       	ldd	r18, Y+1	; 0x01
     85e:	3a 81       	ldd	r19, Y+2	; 0x02
     860:	f9 01       	movw	r30, r18
     862:	24 81       	ldd	r18, Z+4	; 0x04
     864:	24 2b       	or	r18, r20
     866:	fc 01       	movw	r30, r24
     868:	20 83       	st	Z, r18
		*portReg &= ~mask;	// 0
     86a:	89 81       	ldd	r24, Y+1	; 0x01
     86c:	9a 81       	ldd	r25, Y+2	; 0x02
     86e:	fc 01       	movw	r30, r24
     870:	80 81       	ld	r24, Z
     872:	91 81       	ldd	r25, Z+1	; 0x01
     874:	29 81       	ldd	r18, Y+1	; 0x01
     876:	3a 81       	ldd	r19, Y+2	; 0x02
     878:	f9 01       	movw	r30, r18
     87a:	20 81       	ld	r18, Z
     87c:	31 81       	ldd	r19, Z+1	; 0x01
     87e:	f9 01       	movw	r30, r18
     880:	20 81       	ld	r18, Z
     882:	42 2f       	mov	r20, r18
     884:	29 81       	ldd	r18, Y+1	; 0x01
     886:	3a 81       	ldd	r19, Y+2	; 0x02
     888:	f9 01       	movw	r30, r18
     88a:	24 81       	ldd	r18, Z+4	; 0x04
     88c:	20 95       	com	r18
     88e:	24 23       	and	r18, r20
     890:	fc 01       	movw	r30, r24
     892:	20 83       	st	Z, r18
	}
     894:	00 00       	nop
     896:	0f 90       	pop	r0
     898:	0f 90       	pop	r0
     89a:	df 91       	pop	r29
     89c:	cf 91       	pop	r28
     89e:	08 95       	ret

000008a0 <_ZN3Led2onEv>:
	
	void on() {
     8a0:	cf 93       	push	r28
     8a2:	df 93       	push	r29
     8a4:	00 d0       	rcall	.+0      	; 0x8a6 <_ZN3Led2onEv+0x6>
     8a6:	cd b7       	in	r28, 0x3d	; 61
     8a8:	de b7       	in	r29, 0x3e	; 62
     8aa:	9a 83       	std	Y+2, r25	; 0x02
     8ac:	89 83       	std	Y+1, r24	; 0x01
		isActive = true;
     8ae:	89 81       	ldd	r24, Y+1	; 0x01
     8b0:	9a 81       	ldd	r25, Y+2	; 0x02
     8b2:	21 e0       	ldi	r18, 0x01	; 1
     8b4:	fc 01       	movw	r30, r24
     8b6:	25 87       	std	Z+13, r18	; 0x0d
		*portReg |= mask;
     8b8:	89 81       	ldd	r24, Y+1	; 0x01
     8ba:	9a 81       	ldd	r25, Y+2	; 0x02
     8bc:	fc 01       	movw	r30, r24
     8be:	80 81       	ld	r24, Z
     8c0:	91 81       	ldd	r25, Z+1	; 0x01
     8c2:	29 81       	ldd	r18, Y+1	; 0x01
     8c4:	3a 81       	ldd	r19, Y+2	; 0x02
     8c6:	f9 01       	movw	r30, r18
     8c8:	20 81       	ld	r18, Z
     8ca:	31 81       	ldd	r19, Z+1	; 0x01
     8cc:	f9 01       	movw	r30, r18
     8ce:	40 81       	ld	r20, Z
     8d0:	29 81       	ldd	r18, Y+1	; 0x01
     8d2:	3a 81       	ldd	r19, Y+2	; 0x02
     8d4:	f9 01       	movw	r30, r18
     8d6:	24 81       	ldd	r18, Z+4	; 0x04
     8d8:	24 2b       	or	r18, r20
     8da:	fc 01       	movw	r30, r24
     8dc:	20 83       	st	Z, r18
	}
     8de:	00 00       	nop
     8e0:	0f 90       	pop	r0
     8e2:	0f 90       	pop	r0
     8e4:	df 91       	pop	r29
     8e6:	cf 91       	pop	r28
     8e8:	08 95       	ret

000008ea <_ZN3Led3offEv>:
	
	void off() {
     8ea:	cf 93       	push	r28
     8ec:	df 93       	push	r29
     8ee:	00 d0       	rcall	.+0      	; 0x8f0 <_ZN3Led3offEv+0x6>
     8f0:	cd b7       	in	r28, 0x3d	; 61
     8f2:	de b7       	in	r29, 0x3e	; 62
     8f4:	9a 83       	std	Y+2, r25	; 0x02
     8f6:	89 83       	std	Y+1, r24	; 0x01
		isActive = false;
     8f8:	89 81       	ldd	r24, Y+1	; 0x01
     8fa:	9a 81       	ldd	r25, Y+2	; 0x02
     8fc:	fc 01       	movw	r30, r24
     8fe:	15 86       	std	Z+13, r1	; 0x0d
		*portReg &= ~mask;
     900:	89 81       	ldd	r24, Y+1	; 0x01
     902:	9a 81       	ldd	r25, Y+2	; 0x02
     904:	fc 01       	movw	r30, r24
     906:	80 81       	ld	r24, Z
     908:	91 81       	ldd	r25, Z+1	; 0x01
     90a:	29 81       	ldd	r18, Y+1	; 0x01
     90c:	3a 81       	ldd	r19, Y+2	; 0x02
     90e:	f9 01       	movw	r30, r18
     910:	20 81       	ld	r18, Z
     912:	31 81       	ldd	r19, Z+1	; 0x01
     914:	f9 01       	movw	r30, r18
     916:	20 81       	ld	r18, Z
     918:	42 2f       	mov	r20, r18
     91a:	29 81       	ldd	r18, Y+1	; 0x01
     91c:	3a 81       	ldd	r19, Y+2	; 0x02
     91e:	f9 01       	movw	r30, r18
     920:	24 81       	ldd	r18, Z+4	; 0x04
     922:	20 95       	com	r18
     924:	24 23       	and	r18, r20
     926:	fc 01       	movw	r30, r24
     928:	20 83       	st	Z, r18
	}
     92a:	00 00       	nop
     92c:	0f 90       	pop	r0
     92e:	0f 90       	pop	r0
     930:	df 91       	pop	r29
     932:	cf 91       	pop	r28
     934:	08 95       	ret

00000936 <_ZN3Led6toggleEv>:
	
	void toggle() {
     936:	cf 93       	push	r28
     938:	df 93       	push	r29
     93a:	00 d0       	rcall	.+0      	; 0x93c <_ZN3Led6toggleEv+0x6>
     93c:	cd b7       	in	r28, 0x3d	; 61
     93e:	de b7       	in	r29, 0x3e	; 62
     940:	9a 83       	std	Y+2, r25	; 0x02
     942:	89 83       	std	Y+1, r24	; 0x01
		*portReg ^= mask;
     944:	89 81       	ldd	r24, Y+1	; 0x01
     946:	9a 81       	ldd	r25, Y+2	; 0x02
     948:	fc 01       	movw	r30, r24
     94a:	80 81       	ld	r24, Z
     94c:	91 81       	ldd	r25, Z+1	; 0x01
     94e:	29 81       	ldd	r18, Y+1	; 0x01
     950:	3a 81       	ldd	r19, Y+2	; 0x02
     952:	f9 01       	movw	r30, r18
     954:	20 81       	ld	r18, Z
     956:	31 81       	ldd	r19, Z+1	; 0x01
     958:	f9 01       	movw	r30, r18
     95a:	40 81       	ld	r20, Z
     95c:	29 81       	ldd	r18, Y+1	; 0x01
     95e:	3a 81       	ldd	r19, Y+2	; 0x02
     960:	f9 01       	movw	r30, r18
     962:	24 81       	ldd	r18, Z+4	; 0x04
     964:	24 27       	eor	r18, r20
     966:	fc 01       	movw	r30, r24
     968:	20 83       	st	Z, r18
	}
     96a:	00 00       	nop
     96c:	0f 90       	pop	r0
     96e:	0f 90       	pop	r0
     970:	df 91       	pop	r29
     972:	cf 91       	pop	r28
     974:	08 95       	ret

00000976 <_ZN3Led6updateEmb>:
	
	void update(uint32_t currentTime, bool lastTurn) {
     976:	cf 93       	push	r28
     978:	df 93       	push	r29
     97a:	cd b7       	in	r28, 0x3d	; 61
     97c:	de b7       	in	r29, 0x3e	; 62
     97e:	27 97       	sbiw	r28, 0x07	; 7
     980:	0f b6       	in	r0, 0x3f	; 63
     982:	f8 94       	cli
     984:	de bf       	out	0x3e, r29	; 62
     986:	0f be       	out	0x3f, r0	; 63
     988:	cd bf       	out	0x3d, r28	; 61
     98a:	9a 83       	std	Y+2, r25	; 0x02
     98c:	89 83       	std	Y+1, r24	; 0x01
     98e:	4b 83       	std	Y+3, r20	; 0x03
     990:	5c 83       	std	Y+4, r21	; 0x04
     992:	6d 83       	std	Y+5, r22	; 0x05
     994:	7e 83       	std	Y+6, r23	; 0x06
     996:	2f 83       	std	Y+7, r18	; 0x07
		// Parpadeo de �ltimo turno
		if(isActive) {	
     998:	89 81       	ldd	r24, Y+1	; 0x01
     99a:	9a 81       	ldd	r25, Y+2	; 0x02
     99c:	fc 01       	movw	r30, r24
     99e:	85 85       	ldd	r24, Z+13	; 0x0d
     9a0:	88 23       	and	r24, r24
     9a2:	09 f4       	brne	.+2      	; 0x9a6 <_ZN3Led6updateEmb+0x30>
     9a4:	42 c0       	rjmp	.+132    	; 0xa2a <_ZN3Led6updateEmb+0xb4>
			if (lastTurn) {
     9a6:	8f 81       	ldd	r24, Y+7	; 0x07
     9a8:	88 23       	and	r24, r24
     9aa:	59 f1       	breq	.+86     	; 0xa02 <_ZN3Led6updateEmb+0x8c>
				if (currentTime - lastTime >= blinkInterval) {
     9ac:	89 81       	ldd	r24, Y+1	; 0x01
     9ae:	9a 81       	ldd	r25, Y+2	; 0x02
     9b0:	fc 01       	movw	r30, r24
     9b2:	85 81       	ldd	r24, Z+5	; 0x05
     9b4:	96 81       	ldd	r25, Z+6	; 0x06
     9b6:	a7 81       	ldd	r26, Z+7	; 0x07
     9b8:	b0 85       	ldd	r27, Z+8	; 0x08
     9ba:	2b 81       	ldd	r18, Y+3	; 0x03
     9bc:	3c 81       	ldd	r19, Y+4	; 0x04
     9be:	4d 81       	ldd	r20, Y+5	; 0x05
     9c0:	5e 81       	ldd	r21, Y+6	; 0x06
     9c2:	28 1b       	sub	r18, r24
     9c4:	39 0b       	sbc	r19, r25
     9c6:	4a 0b       	sbc	r20, r26
     9c8:	5b 0b       	sbc	r21, r27
     9ca:	89 81       	ldd	r24, Y+1	; 0x01
     9cc:	9a 81       	ldd	r25, Y+2	; 0x02
     9ce:	fc 01       	movw	r30, r24
     9d0:	81 85       	ldd	r24, Z+9	; 0x09
     9d2:	92 85       	ldd	r25, Z+10	; 0x0a
     9d4:	a3 85       	ldd	r26, Z+11	; 0x0b
     9d6:	b4 85       	ldd	r27, Z+12	; 0x0c
     9d8:	28 17       	cp	r18, r24
     9da:	39 07       	cpc	r19, r25
     9dc:	4a 07       	cpc	r20, r26
     9de:	5b 07       	cpc	r21, r27
     9e0:	c8 f1       	brcs	.+114    	; 0xa54 <_ZN3Led6updateEmb+0xde>
					toggle();
     9e2:	89 81       	ldd	r24, Y+1	; 0x01
     9e4:	9a 81       	ldd	r25, Y+2	; 0x02
     9e6:	0e 94 9b 04 	call	0x936	; 0x936 <_ZN3Led6toggleEv>
					lastTime = currentTime;
     9ea:	29 81       	ldd	r18, Y+1	; 0x01
     9ec:	3a 81       	ldd	r19, Y+2	; 0x02
     9ee:	8b 81       	ldd	r24, Y+3	; 0x03
     9f0:	9c 81       	ldd	r25, Y+4	; 0x04
     9f2:	ad 81       	ldd	r26, Y+5	; 0x05
     9f4:	be 81       	ldd	r27, Y+6	; 0x06
     9f6:	f9 01       	movw	r30, r18
     9f8:	85 83       	std	Z+5, r24	; 0x05
     9fa:	96 83       	std	Z+6, r25	; 0x06
     9fc:	a7 83       	std	Z+7, r26	; 0x07
     9fe:	b0 87       	std	Z+8, r27	; 0x08
				*portReg |= mask;
			}
		} else {
			*portReg &= ~mask;
		}
	}
     a00:	29 c0       	rjmp	.+82     	; 0xa54 <_ZN3Led6updateEmb+0xde>
				if (currentTime - lastTime >= blinkInterval) {
					toggle();
					lastTime = currentTime;
				}
			} else {
				*portReg |= mask;
     a02:	89 81       	ldd	r24, Y+1	; 0x01
     a04:	9a 81       	ldd	r25, Y+2	; 0x02
     a06:	fc 01       	movw	r30, r24
     a08:	80 81       	ld	r24, Z
     a0a:	91 81       	ldd	r25, Z+1	; 0x01
     a0c:	29 81       	ldd	r18, Y+1	; 0x01
     a0e:	3a 81       	ldd	r19, Y+2	; 0x02
     a10:	f9 01       	movw	r30, r18
     a12:	20 81       	ld	r18, Z
     a14:	31 81       	ldd	r19, Z+1	; 0x01
     a16:	f9 01       	movw	r30, r18
     a18:	40 81       	ld	r20, Z
     a1a:	29 81       	ldd	r18, Y+1	; 0x01
     a1c:	3a 81       	ldd	r19, Y+2	; 0x02
     a1e:	f9 01       	movw	r30, r18
     a20:	24 81       	ldd	r18, Z+4	; 0x04
     a22:	24 2b       	or	r18, r20
     a24:	fc 01       	movw	r30, r24
     a26:	20 83       	st	Z, r18
			}
		} else {
			*portReg &= ~mask;
		}
	}
     a28:	15 c0       	rjmp	.+42     	; 0xa54 <_ZN3Led6updateEmb+0xde>
				}
			} else {
				*portReg |= mask;
			}
		} else {
			*portReg &= ~mask;
     a2a:	89 81       	ldd	r24, Y+1	; 0x01
     a2c:	9a 81       	ldd	r25, Y+2	; 0x02
     a2e:	fc 01       	movw	r30, r24
     a30:	80 81       	ld	r24, Z
     a32:	91 81       	ldd	r25, Z+1	; 0x01
     a34:	29 81       	ldd	r18, Y+1	; 0x01
     a36:	3a 81       	ldd	r19, Y+2	; 0x02
     a38:	f9 01       	movw	r30, r18
     a3a:	20 81       	ld	r18, Z
     a3c:	31 81       	ldd	r19, Z+1	; 0x01
     a3e:	f9 01       	movw	r30, r18
     a40:	20 81       	ld	r18, Z
     a42:	42 2f       	mov	r20, r18
     a44:	29 81       	ldd	r18, Y+1	; 0x01
     a46:	3a 81       	ldd	r19, Y+2	; 0x02
     a48:	f9 01       	movw	r30, r18
     a4a:	24 81       	ldd	r18, Z+4	; 0x04
     a4c:	20 95       	com	r18
     a4e:	24 23       	and	r18, r20
     a50:	fc 01       	movw	r30, r24
     a52:	20 83       	st	Z, r18
		}
	}
     a54:	00 00       	nop
     a56:	27 96       	adiw	r28, 0x07	; 7
     a58:	0f b6       	in	r0, 0x3f	; 63
     a5a:	f8 94       	cli
     a5c:	de bf       	out	0x3e, r29	; 62
     a5e:	0f be       	out	0x3f, r0	; 63
     a60:	cd bf       	out	0x3d, r28	; 61
     a62:	df 91       	pop	r29
     a64:	cf 91       	pop	r28
     a66:	08 95       	ret

00000a68 <_ZN11LimitSwitchC1EPVhS1_S1_h>:
    bool stableState;   // Último estado estable confirmado
    bool flagPressed;   // Flanco de subida pendiente de consumir
	uint32_t lastSampleTime;

    public:
    LimitSwitch(volatile uint8_t* pinR, volatile uint8_t* portR, volatile uint8_t* ddrR, uint8_t m) {
     a68:	0f 93       	push	r16
     a6a:	cf 93       	push	r28
     a6c:	df 93       	push	r29
     a6e:	cd b7       	in	r28, 0x3d	; 61
     a70:	de b7       	in	r29, 0x3e	; 62
     a72:	29 97       	sbiw	r28, 0x09	; 9
     a74:	0f b6       	in	r0, 0x3f	; 63
     a76:	f8 94       	cli
     a78:	de bf       	out	0x3e, r29	; 62
     a7a:	0f be       	out	0x3f, r0	; 63
     a7c:	cd bf       	out	0x3d, r28	; 61
     a7e:	9a 83       	std	Y+2, r25	; 0x02
     a80:	89 83       	std	Y+1, r24	; 0x01
     a82:	7c 83       	std	Y+4, r23	; 0x04
     a84:	6b 83       	std	Y+3, r22	; 0x03
     a86:	5e 83       	std	Y+6, r21	; 0x06
     a88:	4d 83       	std	Y+5, r20	; 0x05
     a8a:	38 87       	std	Y+8, r19	; 0x08
     a8c:	2f 83       	std	Y+7, r18	; 0x07
     a8e:	09 87       	std	Y+9, r16	; 0x09
		pinReg = pinR;
     a90:	89 81       	ldd	r24, Y+1	; 0x01
     a92:	9a 81       	ldd	r25, Y+2	; 0x02
     a94:	2b 81       	ldd	r18, Y+3	; 0x03
     a96:	3c 81       	ldd	r19, Y+4	; 0x04
     a98:	fc 01       	movw	r30, r24
     a9a:	31 83       	std	Z+1, r19	; 0x01
     a9c:	20 83       	st	Z, r18
		portReg = portR;
     a9e:	89 81       	ldd	r24, Y+1	; 0x01
     aa0:	9a 81       	ldd	r25, Y+2	; 0x02
     aa2:	2d 81       	ldd	r18, Y+5	; 0x05
     aa4:	3e 81       	ldd	r19, Y+6	; 0x06
     aa6:	fc 01       	movw	r30, r24
     aa8:	33 83       	std	Z+3, r19	; 0x03
     aaa:	22 83       	std	Z+2, r18	; 0x02
		ddrReg = ddrR;
     aac:	89 81       	ldd	r24, Y+1	; 0x01
     aae:	9a 81       	ldd	r25, Y+2	; 0x02
     ab0:	2f 81       	ldd	r18, Y+7	; 0x07
     ab2:	38 85       	ldd	r19, Y+8	; 0x08
     ab4:	fc 01       	movw	r30, r24
     ab6:	35 83       	std	Z+5, r19	; 0x05
     ab8:	24 83       	std	Z+4, r18	; 0x04
		mask = m;
     aba:	89 81       	ldd	r24, Y+1	; 0x01
     abc:	9a 81       	ldd	r25, Y+2	; 0x02
     abe:	29 85       	ldd	r18, Y+9	; 0x09
     ac0:	fc 01       	movw	r30, r24
     ac2:	26 83       	std	Z+6, r18	; 0x06
		
		counter = 0;
     ac4:	89 81       	ldd	r24, Y+1	; 0x01
     ac6:	9a 81       	ldd	r25, Y+2	; 0x02
     ac8:	fc 01       	movw	r30, r24
     aca:	17 82       	std	Z+7, r1	; 0x07
		stableState = false;
     acc:	89 81       	ldd	r24, Y+1	; 0x01
     ace:	9a 81       	ldd	r25, Y+2	; 0x02
     ad0:	fc 01       	movw	r30, r24
     ad2:	10 86       	std	Z+8, r1	; 0x08
		flagPressed = false;
     ad4:	89 81       	ldd	r24, Y+1	; 0x01
     ad6:	9a 81       	ldd	r25, Y+2	; 0x02
     ad8:	fc 01       	movw	r30, r24
     ada:	11 86       	std	Z+9, r1	; 0x09
		lastSampleTime = 0;
     adc:	89 81       	ldd	r24, Y+1	; 0x01
     ade:	9a 81       	ldd	r25, Y+2	; 0x02
     ae0:	fc 01       	movw	r30, r24
     ae2:	12 86       	std	Z+10, r1	; 0x0a
     ae4:	13 86       	std	Z+11, r1	; 0x0b
     ae6:	14 86       	std	Z+12, r1	; 0x0c
     ae8:	15 86       	std	Z+13, r1	; 0x0d
	}
     aea:	00 00       	nop
     aec:	29 96       	adiw	r28, 0x09	; 9
     aee:	0f b6       	in	r0, 0x3f	; 63
     af0:	f8 94       	cli
     af2:	de bf       	out	0x3e, r29	; 62
     af4:	0f be       	out	0x3f, r0	; 63
     af6:	cd bf       	out	0x3d, r28	; 61
     af8:	df 91       	pop	r29
     afa:	cf 91       	pop	r28
     afc:	0f 91       	pop	r16
     afe:	08 95       	ret

00000b00 <_ZN11LimitSwitch4initEv>:
    
    void init() {
     b00:	cf 93       	push	r28
     b02:	df 93       	push	r29
     b04:	00 d0       	rcall	.+0      	; 0xb06 <_ZN11LimitSwitch4initEv+0x6>
     b06:	cd b7       	in	r28, 0x3d	; 61
     b08:	de b7       	in	r29, 0x3e	; 62
     b0a:	9a 83       	std	Y+2, r25	; 0x02
     b0c:	89 83       	std	Y+1, r24	; 0x01
        *ddrReg &= ~mask; // Input
     b0e:	89 81       	ldd	r24, Y+1	; 0x01
     b10:	9a 81       	ldd	r25, Y+2	; 0x02
     b12:	fc 01       	movw	r30, r24
     b14:	84 81       	ldd	r24, Z+4	; 0x04
     b16:	95 81       	ldd	r25, Z+5	; 0x05
     b18:	29 81       	ldd	r18, Y+1	; 0x01
     b1a:	3a 81       	ldd	r19, Y+2	; 0x02
     b1c:	f9 01       	movw	r30, r18
     b1e:	24 81       	ldd	r18, Z+4	; 0x04
     b20:	35 81       	ldd	r19, Z+5	; 0x05
     b22:	f9 01       	movw	r30, r18
     b24:	20 81       	ld	r18, Z
     b26:	42 2f       	mov	r20, r18
     b28:	29 81       	ldd	r18, Y+1	; 0x01
     b2a:	3a 81       	ldd	r19, Y+2	; 0x02
     b2c:	f9 01       	movw	r30, r18
     b2e:	26 81       	ldd	r18, Z+6	; 0x06
     b30:	20 95       	com	r18
     b32:	24 23       	and	r18, r20
     b34:	fc 01       	movw	r30, r24
     b36:	20 83       	st	Z, r18
        *portReg |= mask; // Pull-up
     b38:	89 81       	ldd	r24, Y+1	; 0x01
     b3a:	9a 81       	ldd	r25, Y+2	; 0x02
     b3c:	fc 01       	movw	r30, r24
     b3e:	82 81       	ldd	r24, Z+2	; 0x02
     b40:	93 81       	ldd	r25, Z+3	; 0x03
     b42:	29 81       	ldd	r18, Y+1	; 0x01
     b44:	3a 81       	ldd	r19, Y+2	; 0x02
     b46:	f9 01       	movw	r30, r18
     b48:	22 81       	ldd	r18, Z+2	; 0x02
     b4a:	33 81       	ldd	r19, Z+3	; 0x03
     b4c:	f9 01       	movw	r30, r18
     b4e:	40 81       	ld	r20, Z
     b50:	29 81       	ldd	r18, Y+1	; 0x01
     b52:	3a 81       	ldd	r19, Y+2	; 0x02
     b54:	f9 01       	movw	r30, r18
     b56:	26 81       	ldd	r18, Z+6	; 0x06
     b58:	24 2b       	or	r18, r20
     b5a:	fc 01       	movw	r30, r24
     b5c:	20 83       	st	Z, r18
    }
     b5e:	00 00       	nop
     b60:	0f 90       	pop	r0
     b62:	0f 90       	pop	r0
     b64:	df 91       	pop	r29
     b66:	cf 91       	pop	r28
     b68:	08 95       	ret

00000b6a <_ZN11LimitSwitch6updateEm>:
    
    void update(uint32_t currentTime) {
     b6a:	cf 93       	push	r28
     b6c:	df 93       	push	r29
     b6e:	cd b7       	in	r28, 0x3d	; 61
     b70:	de b7       	in	r29, 0x3e	; 62
     b72:	27 97       	sbiw	r28, 0x07	; 7
     b74:	0f b6       	in	r0, 0x3f	; 63
     b76:	f8 94       	cli
     b78:	de bf       	out	0x3e, r29	; 62
     b7a:	0f be       	out	0x3f, r0	; 63
     b7c:	cd bf       	out	0x3d, r28	; 61
     b7e:	9b 83       	std	Y+3, r25	; 0x03
     b80:	8a 83       	std	Y+2, r24	; 0x02
     b82:	4c 83       	std	Y+4, r20	; 0x04
     b84:	5d 83       	std	Y+5, r21	; 0x05
     b86:	6e 83       	std	Y+6, r22	; 0x06
     b88:	7f 83       	std	Y+7, r23	; 0x07
        if (currentTime == lastSampleTime) return; // Evitar muestrear más de una vez por ms
     b8a:	8a 81       	ldd	r24, Y+2	; 0x02
     b8c:	9b 81       	ldd	r25, Y+3	; 0x03
     b8e:	fc 01       	movw	r30, r24
     b90:	22 85       	ldd	r18, Z+10	; 0x0a
     b92:	33 85       	ldd	r19, Z+11	; 0x0b
     b94:	44 85       	ldd	r20, Z+12	; 0x0c
     b96:	55 85       	ldd	r21, Z+13	; 0x0d
     b98:	8c 81       	ldd	r24, Y+4	; 0x04
     b9a:	9d 81       	ldd	r25, Y+5	; 0x05
     b9c:	ae 81       	ldd	r26, Y+6	; 0x06
     b9e:	bf 81       	ldd	r27, Y+7	; 0x07
     ba0:	28 17       	cp	r18, r24
     ba2:	39 07       	cpc	r19, r25
     ba4:	4a 07       	cpc	r20, r26
     ba6:	5b 07       	cpc	r21, r27
     ba8:	09 f4       	brne	.+2      	; 0xbac <_ZN11LimitSwitch6updateEm+0x42>
     baa:	6f c0       	rjmp	.+222    	; 0xc8a <_ZN11LimitSwitch6updateEm+0x120>
        lastSampleTime = currentTime;
     bac:	2a 81       	ldd	r18, Y+2	; 0x02
     bae:	3b 81       	ldd	r19, Y+3	; 0x03
     bb0:	8c 81       	ldd	r24, Y+4	; 0x04
     bb2:	9d 81       	ldd	r25, Y+5	; 0x05
     bb4:	ae 81       	ldd	r26, Y+6	; 0x06
     bb6:	bf 81       	ldd	r27, Y+7	; 0x07
     bb8:	f9 01       	movw	r30, r18
     bba:	82 87       	std	Z+10, r24	; 0x0a
     bbc:	93 87       	std	Z+11, r25	; 0x0b
     bbe:	a4 87       	std	Z+12, r26	; 0x0c
     bc0:	b5 87       	std	Z+13, r27	; 0x0d

        // Leer estado actual (lógica invertida por pull-up)
        bool reading = !(*pinReg & mask);
     bc2:	8a 81       	ldd	r24, Y+2	; 0x02
     bc4:	9b 81       	ldd	r25, Y+3	; 0x03
     bc6:	fc 01       	movw	r30, r24
     bc8:	80 81       	ld	r24, Z
     bca:	91 81       	ldd	r25, Z+1	; 0x01
     bcc:	fc 01       	movw	r30, r24
     bce:	20 81       	ld	r18, Z
     bd0:	8a 81       	ldd	r24, Y+2	; 0x02
     bd2:	9b 81       	ldd	r25, Y+3	; 0x03
     bd4:	fc 01       	movw	r30, r24
     bd6:	86 81       	ldd	r24, Z+6	; 0x06
     bd8:	92 2f       	mov	r25, r18
     bda:	98 23       	and	r25, r24
     bdc:	81 e0       	ldi	r24, 0x01	; 1
     bde:	99 23       	and	r25, r25
     be0:	09 f0       	breq	.+2      	; 0xbe4 <_ZN11LimitSwitch6updateEm+0x7a>
     be2:	80 e0       	ldi	r24, 0x00	; 0
     be4:	89 83       	std	Y+1, r24	; 0x01

        // Integrador saturante
        if(reading && counter < SAMPLES) counter++;
     be6:	89 81       	ldd	r24, Y+1	; 0x01
     be8:	88 23       	and	r24, r24
     bea:	89 f0       	breq	.+34     	; 0xc0e <_ZN11LimitSwitch6updateEm+0xa4>
     bec:	8a 81       	ldd	r24, Y+2	; 0x02
     bee:	9b 81       	ldd	r25, Y+3	; 0x03
     bf0:	fc 01       	movw	r30, r24
     bf2:	87 81       	ldd	r24, Z+7	; 0x07
     bf4:	8a 30       	cpi	r24, 0x0A	; 10
     bf6:	58 f4       	brcc	.+22     	; 0xc0e <_ZN11LimitSwitch6updateEm+0xa4>
     bf8:	8a 81       	ldd	r24, Y+2	; 0x02
     bfa:	9b 81       	ldd	r25, Y+3	; 0x03
     bfc:	fc 01       	movw	r30, r24
     bfe:	87 81       	ldd	r24, Z+7	; 0x07
     c00:	21 e0       	ldi	r18, 0x01	; 1
     c02:	28 0f       	add	r18, r24
     c04:	8a 81       	ldd	r24, Y+2	; 0x02
     c06:	9b 81       	ldd	r25, Y+3	; 0x03
     c08:	fc 01       	movw	r30, r24
     c0a:	27 83       	std	Z+7, r18	; 0x07
     c0c:	15 c0       	rjmp	.+42     	; 0xc38 <_ZN11LimitSwitch6updateEm+0xce>
        else if(!reading && counter > 0) counter--;
     c0e:	99 81       	ldd	r25, Y+1	; 0x01
     c10:	81 e0       	ldi	r24, 0x01	; 1
     c12:	89 27       	eor	r24, r25
     c14:	88 23       	and	r24, r24
     c16:	81 f0       	breq	.+32     	; 0xc38 <_ZN11LimitSwitch6updateEm+0xce>
     c18:	8a 81       	ldd	r24, Y+2	; 0x02
     c1a:	9b 81       	ldd	r25, Y+3	; 0x03
     c1c:	fc 01       	movw	r30, r24
     c1e:	87 81       	ldd	r24, Z+7	; 0x07
     c20:	88 23       	and	r24, r24
     c22:	51 f0       	breq	.+20     	; 0xc38 <_ZN11LimitSwitch6updateEm+0xce>
     c24:	8a 81       	ldd	r24, Y+2	; 0x02
     c26:	9b 81       	ldd	r25, Y+3	; 0x03
     c28:	fc 01       	movw	r30, r24
     c2a:	87 81       	ldd	r24, Z+7	; 0x07
     c2c:	2f ef       	ldi	r18, 0xFF	; 255
     c2e:	28 0f       	add	r18, r24
     c30:	8a 81       	ldd	r24, Y+2	; 0x02
     c32:	9b 81       	ldd	r25, Y+3	; 0x03
     c34:	fc 01       	movw	r30, r24
     c36:	27 83       	std	Z+7, r18	; 0x07

        // Flanco descendente (pulsado->suelto)
        if (stableState && counter == 0) {
     c38:	8a 81       	ldd	r24, Y+2	; 0x02
     c3a:	9b 81       	ldd	r25, Y+3	; 0x03
     c3c:	fc 01       	movw	r30, r24
     c3e:	80 85       	ldd	r24, Z+8	; 0x08
     c40:	88 23       	and	r24, r24
     c42:	51 f0       	breq	.+20     	; 0xc58 <_ZN11LimitSwitch6updateEm+0xee>
     c44:	8a 81       	ldd	r24, Y+2	; 0x02
     c46:	9b 81       	ldd	r25, Y+3	; 0x03
     c48:	fc 01       	movw	r30, r24
     c4a:	87 81       	ldd	r24, Z+7	; 0x07
     c4c:	88 23       	and	r24, r24
     c4e:	21 f4       	brne	.+8      	; 0xc58 <_ZN11LimitSwitch6updateEm+0xee>
            stableState = false;
     c50:	8a 81       	ldd	r24, Y+2	; 0x02
     c52:	9b 81       	ldd	r25, Y+3	; 0x03
     c54:	fc 01       	movw	r30, r24
     c56:	10 86       	std	Z+8, r1	; 0x08
        }

        // Flanco ascendente (suelto->pulsado)
        if (!stableState && counter == SAMPLES) {
     c58:	8a 81       	ldd	r24, Y+2	; 0x02
     c5a:	9b 81       	ldd	r25, Y+3	; 0x03
     c5c:	fc 01       	movw	r30, r24
     c5e:	90 85       	ldd	r25, Z+8	; 0x08
     c60:	81 e0       	ldi	r24, 0x01	; 1
     c62:	89 27       	eor	r24, r25
     c64:	88 23       	and	r24, r24
     c66:	91 f0       	breq	.+36     	; 0xc8c <_ZN11LimitSwitch6updateEm+0x122>
     c68:	8a 81       	ldd	r24, Y+2	; 0x02
     c6a:	9b 81       	ldd	r25, Y+3	; 0x03
     c6c:	fc 01       	movw	r30, r24
     c6e:	87 81       	ldd	r24, Z+7	; 0x07
     c70:	8a 30       	cpi	r24, 0x0A	; 10
     c72:	61 f4       	brne	.+24     	; 0xc8c <_ZN11LimitSwitch6updateEm+0x122>
            stableState = true;
     c74:	8a 81       	ldd	r24, Y+2	; 0x02
     c76:	9b 81       	ldd	r25, Y+3	; 0x03
     c78:	21 e0       	ldi	r18, 0x01	; 1
     c7a:	fc 01       	movw	r30, r24
     c7c:	20 87       	std	Z+8, r18	; 0x08
            flagPressed = true; // Marcar que se ha detectado un nuevo pulso
     c7e:	8a 81       	ldd	r24, Y+2	; 0x02
     c80:	9b 81       	ldd	r25, Y+3	; 0x03
     c82:	21 e0       	ldi	r18, 0x01	; 1
     c84:	fc 01       	movw	r30, r24
     c86:	21 87       	std	Z+9, r18	; 0x09
     c88:	01 c0       	rjmp	.+2      	; 0xc8c <_ZN11LimitSwitch6updateEm+0x122>
        *ddrReg &= ~mask; // Input
        *portReg |= mask; // Pull-up
    }
    
    void update(uint32_t currentTime) {
        if (currentTime == lastSampleTime) return; // Evitar muestrear más de una vez por ms
     c8a:	00 00       	nop
        // Flanco ascendente (suelto->pulsado)
        if (!stableState && counter == SAMPLES) {
            stableState = true;
            flagPressed = true; // Marcar que se ha detectado un nuevo pulso
        }
    }
     c8c:	27 96       	adiw	r28, 0x07	; 7
     c8e:	0f b6       	in	r0, 0x3f	; 63
     c90:	f8 94       	cli
     c92:	de bf       	out	0x3e, r29	; 62
     c94:	0f be       	out	0x3f, r0	; 63
     c96:	cd bf       	out	0x3d, r28	; 61
     c98:	df 91       	pop	r29
     c9a:	cf 91       	pop	r28
     c9c:	08 95       	ret

00000c9e <_ZN11LimitSwitch9isPressedEv>:

    bool isPressed() {
     c9e:	cf 93       	push	r28
     ca0:	df 93       	push	r29
     ca2:	00 d0       	rcall	.+0      	; 0xca4 <_ZN11LimitSwitch9isPressedEv+0x6>
     ca4:	cd b7       	in	r28, 0x3d	; 61
     ca6:	de b7       	in	r29, 0x3e	; 62
     ca8:	9a 83       	std	Y+2, r25	; 0x02
     caa:	89 83       	std	Y+1, r24	; 0x01
        return stableState;
     cac:	89 81       	ldd	r24, Y+1	; 0x01
     cae:	9a 81       	ldd	r25, Y+2	; 0x02
     cb0:	fc 01       	movw	r30, r24
     cb2:	80 85       	ldd	r24, Z+8	; 0x08
    }
     cb4:	0f 90       	pop	r0
     cb6:	0f 90       	pop	r0
     cb8:	df 91       	pop	r29
     cba:	cf 91       	pop	r28
     cbc:	08 95       	ret

00000cbe <_ZN11LimitSwitch12consumePressEv>:

    bool consumePress() {
     cbe:	cf 93       	push	r28
     cc0:	df 93       	push	r29
     cc2:	00 d0       	rcall	.+0      	; 0xcc4 <_ZN11LimitSwitch12consumePressEv+0x6>
     cc4:	cd b7       	in	r28, 0x3d	; 61
     cc6:	de b7       	in	r29, 0x3e	; 62
     cc8:	9a 83       	std	Y+2, r25	; 0x02
     cca:	89 83       	std	Y+1, r24	; 0x01
        if (flagPressed) {
     ccc:	89 81       	ldd	r24, Y+1	; 0x01
     cce:	9a 81       	ldd	r25, Y+2	; 0x02
     cd0:	fc 01       	movw	r30, r24
     cd2:	81 85       	ldd	r24, Z+9	; 0x09
     cd4:	88 23       	and	r24, r24
     cd6:	31 f0       	breq	.+12     	; 0xce4 <_ZN11LimitSwitch12consumePressEv+0x26>
            flagPressed = false; // Consumir el flanco detectado
     cd8:	89 81       	ldd	r24, Y+1	; 0x01
     cda:	9a 81       	ldd	r25, Y+2	; 0x02
     cdc:	fc 01       	movw	r30, r24
     cde:	11 86       	std	Z+9, r1	; 0x09
            return true;
     ce0:	81 e0       	ldi	r24, 0x01	; 1
     ce2:	01 c0       	rjmp	.+2      	; 0xce6 <_ZN11LimitSwitch12consumePressEv+0x28>
        }
        return false;
     ce4:	80 e0       	ldi	r24, 0x00	; 0
    }
     ce6:	0f 90       	pop	r0
     ce8:	0f 90       	pop	r0
     cea:	df 91       	pop	r29
     cec:	cf 91       	pop	r28
     cee:	08 95       	ret

00000cf0 <_ZN11LimitSwitch13forceReleasedEv>:
    //     counter = SAMPLES; // Forzar estado presionado
    //     stableState = true;
    //     flagPressed = false; // No genera evento, ya lo sabemos.
    // }

    void forceReleased() {
     cf0:	cf 93       	push	r28
     cf2:	df 93       	push	r29
     cf4:	00 d0       	rcall	.+0      	; 0xcf6 <_ZN11LimitSwitch13forceReleasedEv+0x6>
     cf6:	cd b7       	in	r28, 0x3d	; 61
     cf8:	de b7       	in	r29, 0x3e	; 62
     cfa:	9a 83       	std	Y+2, r25	; 0x02
     cfc:	89 83       	std	Y+1, r24	; 0x01
        counter = 0; // Forzar estado suelto
     cfe:	89 81       	ldd	r24, Y+1	; 0x01
     d00:	9a 81       	ldd	r25, Y+2	; 0x02
     d02:	fc 01       	movw	r30, r24
     d04:	17 82       	std	Z+7, r1	; 0x07
        stableState = false;
     d06:	89 81       	ldd	r24, Y+1	; 0x01
     d08:	9a 81       	ldd	r25, Y+2	; 0x02
     d0a:	fc 01       	movw	r30, r24
     d0c:	10 86       	std	Z+8, r1	; 0x08
        flagPressed = false; // No hay pulso pendiente
     d0e:	89 81       	ldd	r24, Y+1	; 0x01
     d10:	9a 81       	ldd	r25, Y+2	; 0x02
     d12:	fc 01       	movw	r30, r24
     d14:	11 86       	std	Z+9, r1	; 0x09
    }
     d16:	00 00       	nop
     d18:	0f 90       	pop	r0
     d1a:	0f 90       	pop	r0
     d1c:	df 91       	pop	r29
     d1e:	cf 91       	pop	r28
     d20:	08 95       	ret

00000d22 <_ZN5MotorC1EPVhS1_hS1_S1_hS1_P11LimitSwitch>:
	bool escaping;
	uint32_t escapeStart;
	uint32_t escapeTimeMs = 300;

	public:
    Motor(volatile uint8_t* pDIR, volatile uint8_t* dDIR, uint8_t mDIR,
     d22:	8f 92       	push	r8
     d24:	9f 92       	push	r9
     d26:	af 92       	push	r10
     d28:	bf 92       	push	r11
     d2a:	cf 92       	push	r12
     d2c:	ef 92       	push	r14
     d2e:	ff 92       	push	r15
     d30:	0f 93       	push	r16
     d32:	1f 93       	push	r17
     d34:	cf 93       	push	r28
     d36:	df 93       	push	r29
     d38:	cd b7       	in	r28, 0x3d	; 61
     d3a:	de b7       	in	r29, 0x3e	; 62
     d3c:	60 97       	sbiw	r28, 0x10	; 16
     d3e:	0f b6       	in	r0, 0x3f	; 63
     d40:	f8 94       	cli
     d42:	de bf       	out	0x3e, r29	; 62
     d44:	0f be       	out	0x3f, r0	; 63
     d46:	cd bf       	out	0x3d, r28	; 61
     d48:	9a 83       	std	Y+2, r25	; 0x02
     d4a:	89 83       	std	Y+1, r24	; 0x01
     d4c:	7c 83       	std	Y+4, r23	; 0x04
     d4e:	6b 83       	std	Y+3, r22	; 0x03
     d50:	5e 83       	std	Y+6, r21	; 0x06
     d52:	4d 83       	std	Y+5, r20	; 0x05
     d54:	2f 83       	std	Y+7, r18	; 0x07
     d56:	19 87       	std	Y+9, r17	; 0x09
     d58:	08 87       	std	Y+8, r16	; 0x08
     d5a:	fb 86       	std	Y+11, r15	; 0x0b
     d5c:	ea 86       	std	Y+10, r14	; 0x0a
     d5e:	cc 86       	std	Y+12, r12	; 0x0c
     d60:	be 86       	std	Y+14, r11	; 0x0e
     d62:	ad 86       	std	Y+13, r10	; 0x0d
     d64:	98 8a       	std	Y+16, r9	; 0x10
     d66:	8f 86       	std	Y+15, r8	; 0x0f
          volatile uint8_t* pEN,  volatile uint8_t* dEN,  uint8_t mEN,
          volatile uint8_t* rPWM, LimitSwitch* swPtr = nullptr) {
     d68:	29 81       	ldd	r18, Y+1	; 0x01
     d6a:	3a 81       	ldd	r19, Y+2	; 0x02
     d6c:	8c e2       	ldi	r24, 0x2C	; 44
     d6e:	91 e0       	ldi	r25, 0x01	; 1
     d70:	a0 e0       	ldi	r26, 0x00	; 0
     d72:	b0 e0       	ldi	r27, 0x00	; 0
     d74:	f9 01       	movw	r30, r18
     d76:	86 8b       	std	Z+22, r24	; 0x16
     d78:	97 8b       	std	Z+23, r25	; 0x17
     d7a:	a0 8f       	std	Z+24, r26	; 0x18
     d7c:	b1 8f       	std	Z+25, r27	; 0x19
		portDIR = pDIR;	ddrDIR = dDIR; maskDIR = mDIR;
     d7e:	89 81       	ldd	r24, Y+1	; 0x01
     d80:	9a 81       	ldd	r25, Y+2	; 0x02
     d82:	2b 81       	ldd	r18, Y+3	; 0x03
     d84:	3c 81       	ldd	r19, Y+4	; 0x04
     d86:	fc 01       	movw	r30, r24
     d88:	31 83       	std	Z+1, r19	; 0x01
     d8a:	20 83       	st	Z, r18
     d8c:	89 81       	ldd	r24, Y+1	; 0x01
     d8e:	9a 81       	ldd	r25, Y+2	; 0x02
     d90:	2d 81       	ldd	r18, Y+5	; 0x05
     d92:	3e 81       	ldd	r19, Y+6	; 0x06
     d94:	fc 01       	movw	r30, r24
     d96:	33 83       	std	Z+3, r19	; 0x03
     d98:	22 83       	std	Z+2, r18	; 0x02
     d9a:	89 81       	ldd	r24, Y+1	; 0x01
     d9c:	9a 81       	ldd	r25, Y+2	; 0x02
     d9e:	2f 81       	ldd	r18, Y+7	; 0x07
     da0:	fc 01       	movw	r30, r24
     da2:	24 83       	std	Z+4, r18	; 0x04
		portEN	= pEN;	ddrEN  = dEN;  maskEN  = mEN;
     da4:	89 81       	ldd	r24, Y+1	; 0x01
     da6:	9a 81       	ldd	r25, Y+2	; 0x02
     da8:	28 85       	ldd	r18, Y+8	; 0x08
     daa:	39 85       	ldd	r19, Y+9	; 0x09
     dac:	fc 01       	movw	r30, r24
     dae:	36 83       	std	Z+6, r19	; 0x06
     db0:	25 83       	std	Z+5, r18	; 0x05
     db2:	89 81       	ldd	r24, Y+1	; 0x01
     db4:	9a 81       	ldd	r25, Y+2	; 0x02
     db6:	2a 85       	ldd	r18, Y+10	; 0x0a
     db8:	3b 85       	ldd	r19, Y+11	; 0x0b
     dba:	fc 01       	movw	r30, r24
     dbc:	30 87       	std	Z+8, r19	; 0x08
     dbe:	27 83       	std	Z+7, r18	; 0x07
     dc0:	89 81       	ldd	r24, Y+1	; 0x01
     dc2:	9a 81       	ldd	r25, Y+2	; 0x02
     dc4:	2c 85       	ldd	r18, Y+12	; 0x0c
     dc6:	fc 01       	movw	r30, r24
     dc8:	21 87       	std	Z+9, r18	; 0x09
		ocrPWM = rPWM;
     dca:	89 81       	ldd	r24, Y+1	; 0x01
     dcc:	9a 81       	ldd	r25, Y+2	; 0x02
     dce:	2d 85       	ldd	r18, Y+13	; 0x0d
     dd0:	3e 85       	ldd	r19, Y+14	; 0x0e
     dd2:	fc 01       	movw	r30, r24
     dd4:	33 87       	std	Z+11, r19	; 0x0b
     dd6:	22 87       	std	Z+10, r18	; 0x0a
		sw = swPtr;
     dd8:	89 81       	ldd	r24, Y+1	; 0x01
     dda:	9a 81       	ldd	r25, Y+2	; 0x02
     ddc:	2f 85       	ldd	r18, Y+15	; 0x0f
     dde:	38 89       	ldd	r19, Y+16	; 0x10
     de0:	fc 01       	movw	r30, r24
     de2:	35 87       	std	Z+13, r19	; 0x0d
     de4:	24 87       	std	Z+12, r18	; 0x0c
		moving = false;
     de6:	89 81       	ldd	r24, Y+1	; 0x01
     de8:	9a 81       	ldd	r25, Y+2	; 0x02
     dea:	fc 01       	movw	r30, r24
     dec:	16 86       	std	Z+14, r1	; 0x0e
		direction = true;
     dee:	89 81       	ldd	r24, Y+1	; 0x01
     df0:	9a 81       	ldd	r25, Y+2	; 0x02
     df2:	21 e0       	ldi	r18, 0x01	; 1
     df4:	fc 01       	movw	r30, r24
     df6:	27 87       	std	Z+15, r18	; 0x0f
		lastSide = Side::UNKNOWN;
     df8:	89 81       	ldd	r24, Y+1	; 0x01
     dfa:	9a 81       	ldd	r25, Y+2	; 0x02
     dfc:	fc 01       	movw	r30, r24
     dfe:	10 8a       	std	Z+16, r1	; 0x10
		escaping = false;
     e00:	89 81       	ldd	r24, Y+1	; 0x01
     e02:	9a 81       	ldd	r25, Y+2	; 0x02
     e04:	fc 01       	movw	r30, r24
     e06:	11 8a       	std	Z+17, r1	; 0x11
		escapeStart = 0;
     e08:	89 81       	ldd	r24, Y+1	; 0x01
     e0a:	9a 81       	ldd	r25, Y+2	; 0x02
     e0c:	fc 01       	movw	r30, r24
     e0e:	12 8a       	std	Z+18, r1	; 0x12
     e10:	13 8a       	std	Z+19, r1	; 0x13
     e12:	14 8a       	std	Z+20, r1	; 0x14
     e14:	15 8a       	std	Z+21, r1	; 0x15
	}
     e16:	00 00       	nop
     e18:	60 96       	adiw	r28, 0x10	; 16
     e1a:	0f b6       	in	r0, 0x3f	; 63
     e1c:	f8 94       	cli
     e1e:	de bf       	out	0x3e, r29	; 62
     e20:	0f be       	out	0x3f, r0	; 63
     e22:	cd bf       	out	0x3d, r28	; 61
     e24:	df 91       	pop	r29
     e26:	cf 91       	pop	r28
     e28:	1f 91       	pop	r17
     e2a:	0f 91       	pop	r16
     e2c:	ff 90       	pop	r15
     e2e:	ef 90       	pop	r14
     e30:	cf 90       	pop	r12
     e32:	bf 90       	pop	r11
     e34:	af 90       	pop	r10
     e36:	9f 90       	pop	r9
     e38:	8f 90       	pop	r8
     e3a:	08 95       	ret

00000e3c <_ZN5Motor4initEv>:

	void init() {
     e3c:	cf 93       	push	r28
     e3e:	df 93       	push	r29
     e40:	00 d0       	rcall	.+0      	; 0xe42 <_ZN5Motor4initEv+0x6>
     e42:	cd b7       	in	r28, 0x3d	; 61
     e44:	de b7       	in	r29, 0x3e	; 62
     e46:	9a 83       	std	Y+2, r25	; 0x02
     e48:	89 83       	std	Y+1, r24	; 0x01
		*ddrDIR |= maskDIR;
     e4a:	89 81       	ldd	r24, Y+1	; 0x01
     e4c:	9a 81       	ldd	r25, Y+2	; 0x02
     e4e:	fc 01       	movw	r30, r24
     e50:	82 81       	ldd	r24, Z+2	; 0x02
     e52:	93 81       	ldd	r25, Z+3	; 0x03
     e54:	29 81       	ldd	r18, Y+1	; 0x01
     e56:	3a 81       	ldd	r19, Y+2	; 0x02
     e58:	f9 01       	movw	r30, r18
     e5a:	22 81       	ldd	r18, Z+2	; 0x02
     e5c:	33 81       	ldd	r19, Z+3	; 0x03
     e5e:	f9 01       	movw	r30, r18
     e60:	40 81       	ld	r20, Z
     e62:	29 81       	ldd	r18, Y+1	; 0x01
     e64:	3a 81       	ldd	r19, Y+2	; 0x02
     e66:	f9 01       	movw	r30, r18
     e68:	24 81       	ldd	r18, Z+4	; 0x04
     e6a:	24 2b       	or	r18, r20
     e6c:	fc 01       	movw	r30, r24
     e6e:	20 83       	st	Z, r18
		*ddrEN |= maskEN;
     e70:	89 81       	ldd	r24, Y+1	; 0x01
     e72:	9a 81       	ldd	r25, Y+2	; 0x02
     e74:	fc 01       	movw	r30, r24
     e76:	87 81       	ldd	r24, Z+7	; 0x07
     e78:	90 85       	ldd	r25, Z+8	; 0x08
     e7a:	29 81       	ldd	r18, Y+1	; 0x01
     e7c:	3a 81       	ldd	r19, Y+2	; 0x02
     e7e:	f9 01       	movw	r30, r18
     e80:	27 81       	ldd	r18, Z+7	; 0x07
     e82:	30 85       	ldd	r19, Z+8	; 0x08
     e84:	f9 01       	movw	r30, r18
     e86:	40 81       	ld	r20, Z
     e88:	29 81       	ldd	r18, Y+1	; 0x01
     e8a:	3a 81       	ldd	r19, Y+2	; 0x02
     e8c:	f9 01       	movw	r30, r18
     e8e:	21 85       	ldd	r18, Z+9	; 0x09
     e90:	24 2b       	or	r18, r20
     e92:	fc 01       	movw	r30, r24
     e94:	20 83       	st	Z, r18
		*portDIR &= ~maskDIR;
     e96:	89 81       	ldd	r24, Y+1	; 0x01
     e98:	9a 81       	ldd	r25, Y+2	; 0x02
     e9a:	fc 01       	movw	r30, r24
     e9c:	80 81       	ld	r24, Z
     e9e:	91 81       	ldd	r25, Z+1	; 0x01
     ea0:	29 81       	ldd	r18, Y+1	; 0x01
     ea2:	3a 81       	ldd	r19, Y+2	; 0x02
     ea4:	f9 01       	movw	r30, r18
     ea6:	20 81       	ld	r18, Z
     ea8:	31 81       	ldd	r19, Z+1	; 0x01
     eaa:	f9 01       	movw	r30, r18
     eac:	20 81       	ld	r18, Z
     eae:	42 2f       	mov	r20, r18
     eb0:	29 81       	ldd	r18, Y+1	; 0x01
     eb2:	3a 81       	ldd	r19, Y+2	; 0x02
     eb4:	f9 01       	movw	r30, r18
     eb6:	24 81       	ldd	r18, Z+4	; 0x04
     eb8:	20 95       	com	r18
     eba:	24 23       	and	r18, r20
     ebc:	fc 01       	movw	r30, r24
     ebe:	20 83       	st	Z, r18
		*portEN &= ~maskEN;
     ec0:	89 81       	ldd	r24, Y+1	; 0x01
     ec2:	9a 81       	ldd	r25, Y+2	; 0x02
     ec4:	fc 01       	movw	r30, r24
     ec6:	85 81       	ldd	r24, Z+5	; 0x05
     ec8:	96 81       	ldd	r25, Z+6	; 0x06
     eca:	29 81       	ldd	r18, Y+1	; 0x01
     ecc:	3a 81       	ldd	r19, Y+2	; 0x02
     ece:	f9 01       	movw	r30, r18
     ed0:	25 81       	ldd	r18, Z+5	; 0x05
     ed2:	36 81       	ldd	r19, Z+6	; 0x06
     ed4:	f9 01       	movw	r30, r18
     ed6:	20 81       	ld	r18, Z
     ed8:	42 2f       	mov	r20, r18
     eda:	29 81       	ldd	r18, Y+1	; 0x01
     edc:	3a 81       	ldd	r19, Y+2	; 0x02
     ede:	f9 01       	movw	r30, r18
     ee0:	21 85       	ldd	r18, Z+9	; 0x09
     ee2:	20 95       	com	r18
     ee4:	24 23       	and	r18, r20
     ee6:	fc 01       	movw	r30, r24
     ee8:	20 83       	st	Z, r18
		*ocrPWM = 0;
     eea:	89 81       	ldd	r24, Y+1	; 0x01
     eec:	9a 81       	ldd	r25, Y+2	; 0x02
     eee:	fc 01       	movw	r30, r24
     ef0:	82 85       	ldd	r24, Z+10	; 0x0a
     ef2:	93 85       	ldd	r25, Z+11	; 0x0b
     ef4:	fc 01       	movw	r30, r24
     ef6:	10 82       	st	Z, r1
	}
     ef8:	00 00       	nop
     efa:	0f 90       	pop	r0
     efc:	0f 90       	pop	r0
     efe:	df 91       	pop	r29
     f00:	cf 91       	pop	r28
     f02:	08 95       	ret

00000f04 <_ZN5Motor13setEscapeTimeEm>:

	void setEscapeTime(uint32_t ms) {
     f04:	cf 93       	push	r28
     f06:	df 93       	push	r29
     f08:	00 d0       	rcall	.+0      	; 0xf0a <_ZN5Motor13setEscapeTimeEm+0x6>
     f0a:	00 d0       	rcall	.+0      	; 0xf0c <_ZN5Motor13setEscapeTimeEm+0x8>
     f0c:	00 d0       	rcall	.+0      	; 0xf0e <_ZN5Motor13setEscapeTimeEm+0xa>
     f0e:	cd b7       	in	r28, 0x3d	; 61
     f10:	de b7       	in	r29, 0x3e	; 62
     f12:	9a 83       	std	Y+2, r25	; 0x02
     f14:	89 83       	std	Y+1, r24	; 0x01
     f16:	4b 83       	std	Y+3, r20	; 0x03
     f18:	5c 83       	std	Y+4, r21	; 0x04
     f1a:	6d 83       	std	Y+5, r22	; 0x05
     f1c:	7e 83       	std	Y+6, r23	; 0x06
		escapeTimeMs = ms;
     f1e:	29 81       	ldd	r18, Y+1	; 0x01
     f20:	3a 81       	ldd	r19, Y+2	; 0x02
     f22:	8b 81       	ldd	r24, Y+3	; 0x03
     f24:	9c 81       	ldd	r25, Y+4	; 0x04
     f26:	ad 81       	ldd	r26, Y+5	; 0x05
     f28:	be 81       	ldd	r27, Y+6	; 0x06
     f2a:	f9 01       	movw	r30, r18
     f2c:	86 8b       	std	Z+22, r24	; 0x16
     f2e:	97 8b       	std	Z+23, r25	; 0x17
     f30:	a0 8f       	std	Z+24, r26	; 0x18
     f32:	b1 8f       	std	Z+25, r27	; 0x19
	}
     f34:	00 00       	nop
     f36:	26 96       	adiw	r28, 0x06	; 6
     f38:	0f b6       	in	r0, 0x3f	; 63
     f3a:	f8 94       	cli
     f3c:	de bf       	out	0x3e, r29	; 62
     f3e:	0f be       	out	0x3f, r0	; 63
     f40:	cd bf       	out	0x3d, r28	; 61
     f42:	df 91       	pop	r29
     f44:	cf 91       	pop	r28
     f46:	08 95       	ret

00000f48 <_ZN5Motor4moveEbmh>:

	void move(bool dir, uint32_t currentTime, uint8_t speed = DEFAULT_SPEED) {
     f48:	0f 93       	push	r16
     f4a:	cf 93       	push	r28
     f4c:	df 93       	push	r29
     f4e:	cd b7       	in	r28, 0x3d	; 61
     f50:	de b7       	in	r29, 0x3e	; 62
     f52:	29 97       	sbiw	r28, 0x09	; 9
     f54:	0f b6       	in	r0, 0x3f	; 63
     f56:	f8 94       	cli
     f58:	de bf       	out	0x3e, r29	; 62
     f5a:	0f be       	out	0x3f, r0	; 63
     f5c:	cd bf       	out	0x3d, r28	; 61
     f5e:	9b 83       	std	Y+3, r25	; 0x03
     f60:	8a 83       	std	Y+2, r24	; 0x02
     f62:	6c 83       	std	Y+4, r22	; 0x04
     f64:	2d 83       	std	Y+5, r18	; 0x05
     f66:	3e 83       	std	Y+6, r19	; 0x06
     f68:	4f 83       	std	Y+7, r20	; 0x07
     f6a:	58 87       	std	Y+8, r21	; 0x08
     f6c:	09 87       	std	Y+9, r16	; 0x09
		Side targetSide = dir ? Side::A : Side::B;
     f6e:	8c 81       	ldd	r24, Y+4	; 0x04
     f70:	88 23       	and	r24, r24
     f72:	11 f0       	breq	.+4      	; 0xf78 <_ZN5Motor4moveEbmh+0x30>
     f74:	81 e0       	ldi	r24, 0x01	; 1
     f76:	01 c0       	rjmp	.+2      	; 0xf7a <_ZN5Motor4moveEbmh+0x32>
     f78:	82 e0       	ldi	r24, 0x02	; 2
     f7a:	89 83       	std	Y+1, r24	; 0x01
		if (lastSide == targetSide) return;
     f7c:	8a 81       	ldd	r24, Y+2	; 0x02
     f7e:	9b 81       	ldd	r25, Y+3	; 0x03
     f80:	fc 01       	movw	r30, r24
     f82:	90 89       	ldd	r25, Z+16	; 0x10
     f84:	89 81       	ldd	r24, Y+1	; 0x01
     f86:	98 17       	cp	r25, r24
     f88:	09 f4       	brne	.+2      	; 0xf8c <_ZN5Motor4moveEbmh+0x44>
     f8a:	61 c0       	rjmp	.+194    	; 0x104e <__EEPROM_REGION_LENGTH__+0x4e>

		// ESCAPE INCONDICIONAL SIEMPRE AL ARRANCAR (Evita falsos positivos por vibración)
		escaping = true;
     f8c:	8a 81       	ldd	r24, Y+2	; 0x02
     f8e:	9b 81       	ldd	r25, Y+3	; 0x03
     f90:	21 e0       	ldi	r18, 0x01	; 1
     f92:	fc 01       	movw	r30, r24
     f94:	21 8b       	std	Z+17, r18	; 0x11
		escapeStart = currentTime;
     f96:	2a 81       	ldd	r18, Y+2	; 0x02
     f98:	3b 81       	ldd	r19, Y+3	; 0x03
     f9a:	8d 81       	ldd	r24, Y+5	; 0x05
     f9c:	9e 81       	ldd	r25, Y+6	; 0x06
     f9e:	af 81       	ldd	r26, Y+7	; 0x07
     fa0:	b8 85       	ldd	r27, Y+8	; 0x08
     fa2:	f9 01       	movw	r30, r18
     fa4:	82 8b       	std	Z+18, r24	; 0x12
     fa6:	93 8b       	std	Z+19, r25	; 0x13
     fa8:	a4 8b       	std	Z+20, r26	; 0x14
     faa:	b5 8b       	std	Z+21, r27	; 0x15
		if(sw != 0) sw->forceReleased();
     fac:	8a 81       	ldd	r24, Y+2	; 0x02
     fae:	9b 81       	ldd	r25, Y+3	; 0x03
     fb0:	fc 01       	movw	r30, r24
     fb2:	84 85       	ldd	r24, Z+12	; 0x0c
     fb4:	95 85       	ldd	r25, Z+13	; 0x0d
     fb6:	89 2b       	or	r24, r25
     fb8:	39 f0       	breq	.+14     	; 0xfc8 <_ZN5Motor4moveEbmh+0x80>
     fba:	8a 81       	ldd	r24, Y+2	; 0x02
     fbc:	9b 81       	ldd	r25, Y+3	; 0x03
     fbe:	fc 01       	movw	r30, r24
     fc0:	84 85       	ldd	r24, Z+12	; 0x0c
     fc2:	95 85       	ldd	r25, Z+13	; 0x0d
     fc4:	0e 94 78 06 	call	0xcf0	; 0xcf0 <_ZN11LimitSwitch13forceReleasedEv>

		if (dir) *portDIR |= maskDIR; 
     fc8:	8c 81       	ldd	r24, Y+4	; 0x04
     fca:	88 23       	and	r24, r24
     fcc:	a1 f0       	breq	.+40     	; 0xff6 <_ZN5Motor4moveEbmh+0xae>
     fce:	8a 81       	ldd	r24, Y+2	; 0x02
     fd0:	9b 81       	ldd	r25, Y+3	; 0x03
     fd2:	fc 01       	movw	r30, r24
     fd4:	80 81       	ld	r24, Z
     fd6:	91 81       	ldd	r25, Z+1	; 0x01
     fd8:	2a 81       	ldd	r18, Y+2	; 0x02
     fda:	3b 81       	ldd	r19, Y+3	; 0x03
     fdc:	f9 01       	movw	r30, r18
     fde:	20 81       	ld	r18, Z
     fe0:	31 81       	ldd	r19, Z+1	; 0x01
     fe2:	f9 01       	movw	r30, r18
     fe4:	40 81       	ld	r20, Z
     fe6:	2a 81       	ldd	r18, Y+2	; 0x02
     fe8:	3b 81       	ldd	r19, Y+3	; 0x03
     fea:	f9 01       	movw	r30, r18
     fec:	24 81       	ldd	r18, Z+4	; 0x04
     fee:	24 2b       	or	r18, r20
     ff0:	fc 01       	movw	r30, r24
     ff2:	20 83       	st	Z, r18
     ff4:	15 c0       	rjmp	.+42     	; 0x1020 <__EEPROM_REGION_LENGTH__+0x20>
		else     *portDIR &= ~maskDIR; 
     ff6:	8a 81       	ldd	r24, Y+2	; 0x02
     ff8:	9b 81       	ldd	r25, Y+3	; 0x03
     ffa:	fc 01       	movw	r30, r24
     ffc:	80 81       	ld	r24, Z
     ffe:	91 81       	ldd	r25, Z+1	; 0x01
    1000:	2a 81       	ldd	r18, Y+2	; 0x02
    1002:	3b 81       	ldd	r19, Y+3	; 0x03
    1004:	f9 01       	movw	r30, r18
    1006:	20 81       	ld	r18, Z
    1008:	31 81       	ldd	r19, Z+1	; 0x01
    100a:	f9 01       	movw	r30, r18
    100c:	20 81       	ld	r18, Z
    100e:	42 2f       	mov	r20, r18
    1010:	2a 81       	ldd	r18, Y+2	; 0x02
    1012:	3b 81       	ldd	r19, Y+3	; 0x03
    1014:	f9 01       	movw	r30, r18
    1016:	24 81       	ldd	r18, Z+4	; 0x04
    1018:	20 95       	com	r18
    101a:	24 23       	and	r18, r20
    101c:	fc 01       	movw	r30, r24
    101e:	20 83       	st	Z, r18

		*ocrPWM = speed;
    1020:	8a 81       	ldd	r24, Y+2	; 0x02
    1022:	9b 81       	ldd	r25, Y+3	; 0x03
    1024:	fc 01       	movw	r30, r24
    1026:	82 85       	ldd	r24, Z+10	; 0x0a
    1028:	93 85       	ldd	r25, Z+11	; 0x0b
    102a:	29 85       	ldd	r18, Y+9	; 0x09
    102c:	fc 01       	movw	r30, r24
    102e:	20 83       	st	Z, r18

		direction = dir;
    1030:	8a 81       	ldd	r24, Y+2	; 0x02
    1032:	9b 81       	ldd	r25, Y+3	; 0x03
    1034:	2c 81       	ldd	r18, Y+4	; 0x04
    1036:	fc 01       	movw	r30, r24
    1038:	27 87       	std	Z+15, r18	; 0x0f
		lastSide = Side::UNKNOWN; 
    103a:	8a 81       	ldd	r24, Y+2	; 0x02
    103c:	9b 81       	ldd	r25, Y+3	; 0x03
    103e:	fc 01       	movw	r30, r24
    1040:	10 8a       	std	Z+16, r1	; 0x10
		moving = true;
    1042:	8a 81       	ldd	r24, Y+2	; 0x02
    1044:	9b 81       	ldd	r25, Y+3	; 0x03
    1046:	21 e0       	ldi	r18, 0x01	; 1
    1048:	fc 01       	movw	r30, r24
    104a:	26 87       	std	Z+14, r18	; 0x0e
    104c:	01 c0       	rjmp	.+2      	; 0x1050 <__EEPROM_REGION_LENGTH__+0x50>
		escapeTimeMs = ms;
	}

	void move(bool dir, uint32_t currentTime, uint8_t speed = DEFAULT_SPEED) {
		Side targetSide = dir ? Side::A : Side::B;
		if (lastSide == targetSide) return;
    104e:	00 00       	nop
		*ocrPWM = speed;

		direction = dir;
		lastSide = Side::UNKNOWN; 
		moving = true;
	}
    1050:	29 96       	adiw	r28, 0x09	; 9
    1052:	0f b6       	in	r0, 0x3f	; 63
    1054:	f8 94       	cli
    1056:	de bf       	out	0x3e, r29	; 62
    1058:	0f be       	out	0x3f, r0	; 63
    105a:	cd bf       	out	0x3d, r28	; 61
    105c:	df 91       	pop	r29
    105e:	cf 91       	pop	r28
    1060:	0f 91       	pop	r16
    1062:	08 95       	ret

00001064 <_ZN5Motor4stopEv>:

	void stop() {
    1064:	cf 93       	push	r28
    1066:	df 93       	push	r29
    1068:	00 d0       	rcall	.+0      	; 0x106a <_ZN5Motor4stopEv+0x6>
    106a:	cd b7       	in	r28, 0x3d	; 61
    106c:	de b7       	in	r29, 0x3e	; 62
    106e:	9a 83       	std	Y+2, r25	; 0x02
    1070:	89 83       	std	Y+1, r24	; 0x01
		*ocrPWM = 0;
    1072:	89 81       	ldd	r24, Y+1	; 0x01
    1074:	9a 81       	ldd	r25, Y+2	; 0x02
    1076:	fc 01       	movw	r30, r24
    1078:	82 85       	ldd	r24, Z+10	; 0x0a
    107a:	93 85       	ldd	r25, Z+11	; 0x0b
    107c:	fc 01       	movw	r30, r24
    107e:	10 82       	st	Z, r1
		moving = false;
    1080:	89 81       	ldd	r24, Y+1	; 0x01
    1082:	9a 81       	ldd	r25, Y+2	; 0x02
    1084:	fc 01       	movw	r30, r24
    1086:	16 86       	std	Z+14, r1	; 0x0e
		escaping = false;
    1088:	89 81       	ldd	r24, Y+1	; 0x01
    108a:	9a 81       	ldd	r25, Y+2	; 0x02
    108c:	fc 01       	movw	r30, r24
    108e:	11 8a       	std	Z+17, r1	; 0x11
	}
    1090:	00 00       	nop
    1092:	0f 90       	pop	r0
    1094:	0f 90       	pop	r0
    1096:	df 91       	pop	r29
    1098:	cf 91       	pop	r28
    109a:	08 95       	ret

0000109c <_ZN5Motor6updateEm>:

	void update(uint32_t currentTime) {
    109c:	cf 93       	push	r28
    109e:	df 93       	push	r29
    10a0:	00 d0       	rcall	.+0      	; 0x10a2 <_ZN5Motor6updateEm+0x6>
    10a2:	00 d0       	rcall	.+0      	; 0x10a4 <_ZN5Motor6updateEm+0x8>
    10a4:	00 d0       	rcall	.+0      	; 0x10a6 <_ZN5Motor6updateEm+0xa>
    10a6:	cd b7       	in	r28, 0x3d	; 61
    10a8:	de b7       	in	r29, 0x3e	; 62
    10aa:	9a 83       	std	Y+2, r25	; 0x02
    10ac:	89 83       	std	Y+1, r24	; 0x01
    10ae:	4b 83       	std	Y+3, r20	; 0x03
    10b0:	5c 83       	std	Y+4, r21	; 0x04
    10b2:	6d 83       	std	Y+5, r22	; 0x05
    10b4:	7e 83       	std	Y+6, r23	; 0x06
		if (!moving || sw == 0) return;
    10b6:	89 81       	ldd	r24, Y+1	; 0x01
    10b8:	9a 81       	ldd	r25, Y+2	; 0x02
    10ba:	fc 01       	movw	r30, r24
    10bc:	96 85       	ldd	r25, Z+14	; 0x0e
    10be:	81 e0       	ldi	r24, 0x01	; 1
    10c0:	89 27       	eor	r24, r25
    10c2:	88 23       	and	r24, r24
    10c4:	09 f0       	breq	.+2      	; 0x10c8 <_ZN5Motor6updateEm+0x2c>
    10c6:	6c c0       	rjmp	.+216    	; 0x11a0 <_ZN5Motor6updateEm+0x104>
    10c8:	89 81       	ldd	r24, Y+1	; 0x01
    10ca:	9a 81       	ldd	r25, Y+2	; 0x02
    10cc:	fc 01       	movw	r30, r24
    10ce:	84 85       	ldd	r24, Z+12	; 0x0c
    10d0:	95 85       	ldd	r25, Z+13	; 0x0d
    10d2:	89 2b       	or	r24, r25
    10d4:	09 f4       	brne	.+2      	; 0x10d8 <_ZN5Motor6updateEm+0x3c>
    10d6:	64 c0       	rjmp	.+200    	; 0x11a0 <_ZN5Motor6updateEm+0x104>
		
		if(escaping) {
    10d8:	89 81       	ldd	r24, Y+1	; 0x01
    10da:	9a 81       	ldd	r25, Y+2	; 0x02
    10dc:	fc 01       	movw	r30, r24
    10de:	81 89       	ldd	r24, Z+17	; 0x11
    10e0:	88 23       	and	r24, r24
    10e2:	09 f4       	brne	.+2      	; 0x10e6 <_ZN5Motor6updateEm+0x4a>
    10e4:	42 c0       	rjmp	.+132    	; 0x116a <_ZN5Motor6updateEm+0xce>
			if ((currentTime - escapeStart) >= escapeTimeMs) {
    10e6:	89 81       	ldd	r24, Y+1	; 0x01
    10e8:	9a 81       	ldd	r25, Y+2	; 0x02
    10ea:	fc 01       	movw	r30, r24
    10ec:	82 89       	ldd	r24, Z+18	; 0x12
    10ee:	93 89       	ldd	r25, Z+19	; 0x13
    10f0:	a4 89       	ldd	r26, Z+20	; 0x14
    10f2:	b5 89       	ldd	r27, Z+21	; 0x15
    10f4:	2b 81       	ldd	r18, Y+3	; 0x03
    10f6:	3c 81       	ldd	r19, Y+4	; 0x04
    10f8:	4d 81       	ldd	r20, Y+5	; 0x05
    10fa:	5e 81       	ldd	r21, Y+6	; 0x06
    10fc:	28 1b       	sub	r18, r24
    10fe:	39 0b       	sbc	r19, r25
    1100:	4a 0b       	sbc	r20, r26
    1102:	5b 0b       	sbc	r21, r27
    1104:	89 81       	ldd	r24, Y+1	; 0x01
    1106:	9a 81       	ldd	r25, Y+2	; 0x02
    1108:	fc 01       	movw	r30, r24
    110a:	86 89       	ldd	r24, Z+22	; 0x16
    110c:	97 89       	ldd	r25, Z+23	; 0x17
    110e:	a0 8d       	ldd	r26, Z+24	; 0x18
    1110:	b1 8d       	ldd	r27, Z+25	; 0x19
    1112:	28 17       	cp	r18, r24
    1114:	39 07       	cpc	r19, r25
    1116:	4a 07       	cpc	r20, r26
    1118:	5b 07       	cpc	r21, r27
    111a:	08 f4       	brcc	.+2      	; 0x111e <_ZN5Motor6updateEm+0x82>
    111c:	43 c0       	rjmp	.+134    	; 0x11a4 <_ZN5Motor6updateEm+0x108>
				escaping = false;
    111e:	89 81       	ldd	r24, Y+1	; 0x01
    1120:	9a 81       	ldd	r25, Y+2	; 0x02
    1122:	fc 01       	movw	r30, r24
    1124:	11 8a       	std	Z+17, r1	; 0x11
				
				// NUEVO: Si después del escape el sensor sigue pulsado,
				// significa que ya estamos en el tope. Paramos.
				if (sw->isPressed()) {
    1126:	89 81       	ldd	r24, Y+1	; 0x01
    1128:	9a 81       	ldd	r25, Y+2	; 0x02
    112a:	fc 01       	movw	r30, r24
    112c:	84 85       	ldd	r24, Z+12	; 0x0c
    112e:	95 85       	ldd	r25, Z+13	; 0x0d
    1130:	0e 94 4f 06 	call	0xc9e	; 0xc9e <_ZN11LimitSwitch9isPressedEv>
    1134:	88 23       	and	r24, r24
    1136:	89 f0       	breq	.+34     	; 0x115a <_ZN5Motor6updateEm+0xbe>
					stop();
    1138:	89 81       	ldd	r24, Y+1	; 0x01
    113a:	9a 81       	ldd	r25, Y+2	; 0x02
    113c:	0e 94 32 08 	call	0x1064	; 0x1064 <_ZN5Motor4stopEv>
					lastSide = direction ? Side::A : Side::B;
    1140:	89 81       	ldd	r24, Y+1	; 0x01
    1142:	9a 81       	ldd	r25, Y+2	; 0x02
    1144:	fc 01       	movw	r30, r24
    1146:	87 85       	ldd	r24, Z+15	; 0x0f
    1148:	88 23       	and	r24, r24
    114a:	11 f0       	breq	.+4      	; 0x1150 <_ZN5Motor6updateEm+0xb4>
    114c:	21 e0       	ldi	r18, 0x01	; 1
    114e:	01 c0       	rjmp	.+2      	; 0x1152 <_ZN5Motor6updateEm+0xb6>
    1150:	22 e0       	ldi	r18, 0x02	; 2
    1152:	89 81       	ldd	r24, Y+1	; 0x01
    1154:	9a 81       	ldd	r25, Y+2	; 0x02
    1156:	fc 01       	movw	r30, r24
    1158:	20 8b       	std	Z+16, r18	; 0x10
				}
				
				sw->consumePress(); // Limpiar el pulso del arranque
    115a:	89 81       	ldd	r24, Y+1	; 0x01
    115c:	9a 81       	ldd	r25, Y+2	; 0x02
    115e:	fc 01       	movw	r30, r24
    1160:	84 85       	ldd	r24, Z+12	; 0x0c
    1162:	95 85       	ldd	r25, Z+13	; 0x0d
    1164:	0e 94 5f 06 	call	0xcbe	; 0xcbe <_ZN11LimitSwitch12consumePressEv>
			}
			return;
    1168:	1d c0       	rjmp	.+58     	; 0x11a4 <_ZN5Motor6updateEm+0x108>
		}

		if (sw->consumePress()) {
    116a:	89 81       	ldd	r24, Y+1	; 0x01
    116c:	9a 81       	ldd	r25, Y+2	; 0x02
    116e:	fc 01       	movw	r30, r24
    1170:	84 85       	ldd	r24, Z+12	; 0x0c
    1172:	95 85       	ldd	r25, Z+13	; 0x0d
    1174:	0e 94 5f 06 	call	0xcbe	; 0xcbe <_ZN11LimitSwitch12consumePressEv>
    1178:	88 23       	and	r24, r24
    117a:	a9 f0       	breq	.+42     	; 0x11a6 <_ZN5Motor6updateEm+0x10a>
			stop();
    117c:	89 81       	ldd	r24, Y+1	; 0x01
    117e:	9a 81       	ldd	r25, Y+2	; 0x02
    1180:	0e 94 32 08 	call	0x1064	; 0x1064 <_ZN5Motor4stopEv>
			lastSide = direction ? Side::A : Side::B;
    1184:	89 81       	ldd	r24, Y+1	; 0x01
    1186:	9a 81       	ldd	r25, Y+2	; 0x02
    1188:	fc 01       	movw	r30, r24
    118a:	87 85       	ldd	r24, Z+15	; 0x0f
    118c:	88 23       	and	r24, r24
    118e:	11 f0       	breq	.+4      	; 0x1194 <_ZN5Motor6updateEm+0xf8>
    1190:	21 e0       	ldi	r18, 0x01	; 1
    1192:	01 c0       	rjmp	.+2      	; 0x1196 <_ZN5Motor6updateEm+0xfa>
    1194:	22 e0       	ldi	r18, 0x02	; 2
    1196:	89 81       	ldd	r24, Y+1	; 0x01
    1198:	9a 81       	ldd	r25, Y+2	; 0x02
    119a:	fc 01       	movw	r30, r24
    119c:	20 8b       	std	Z+16, r18	; 0x10
    119e:	03 c0       	rjmp	.+6      	; 0x11a6 <_ZN5Motor6updateEm+0x10a>
		moving = false;
		escaping = false;
	}

	void update(uint32_t currentTime) {
		if (!moving || sw == 0) return;
    11a0:	00 00       	nop
    11a2:	01 c0       	rjmp	.+2      	; 0x11a6 <_ZN5Motor6updateEm+0x10a>
					lastSide = direction ? Side::A : Side::B;
				}
				
				sw->consumePress(); // Limpiar el pulso del arranque
			}
			return;
    11a4:	00 00       	nop

		if (sw->consumePress()) {
			stop();
			lastSide = direction ? Side::A : Side::B;
		}
	}
    11a6:	26 96       	adiw	r28, 0x06	; 6
    11a8:	0f b6       	in	r0, 0x3f	; 63
    11aa:	f8 94       	cli
    11ac:	de bf       	out	0x3e, r29	; 62
    11ae:	0f be       	out	0x3f, r0	; 63
    11b0:	cd bf       	out	0x3d, r28	; 61
    11b2:	df 91       	pop	r29
    11b4:	cf 91       	pop	r28
    11b6:	08 95       	ret

000011b8 <_ZN5Motor8isMovingEv>:
	
	bool isMoving() {
    11b8:	cf 93       	push	r28
    11ba:	df 93       	push	r29
    11bc:	00 d0       	rcall	.+0      	; 0x11be <_ZN5Motor8isMovingEv+0x6>
    11be:	cd b7       	in	r28, 0x3d	; 61
    11c0:	de b7       	in	r29, 0x3e	; 62
    11c2:	9a 83       	std	Y+2, r25	; 0x02
    11c4:	89 83       	std	Y+1, r24	; 0x01
		return moving;
    11c6:	89 81       	ldd	r24, Y+1	; 0x01
    11c8:	9a 81       	ldd	r25, Y+2	; 0x02
    11ca:	fc 01       	movw	r30, r24
    11cc:	86 85       	ldd	r24, Z+14	; 0x0e
	}
    11ce:	0f 90       	pop	r0
    11d0:	0f 90       	pop	r0
    11d2:	df 91       	pop	r29
    11d4:	cf 91       	pop	r28
    11d6:	08 95       	ret

000011d8 <_ZN5Motor4isAtENS_4SideE>:

	bool isAt(Side side) {
    11d8:	cf 93       	push	r28
    11da:	df 93       	push	r29
    11dc:	00 d0       	rcall	.+0      	; 0x11de <_ZN5Motor4isAtENS_4SideE+0x6>
    11de:	1f 92       	push	r1
    11e0:	cd b7       	in	r28, 0x3d	; 61
    11e2:	de b7       	in	r29, 0x3e	; 62
    11e4:	9a 83       	std	Y+2, r25	; 0x02
    11e6:	89 83       	std	Y+1, r24	; 0x01
    11e8:	6b 83       	std	Y+3, r22	; 0x03
		return !moving && lastSide == side;
    11ea:	89 81       	ldd	r24, Y+1	; 0x01
    11ec:	9a 81       	ldd	r25, Y+2	; 0x02
    11ee:	fc 01       	movw	r30, r24
    11f0:	96 85       	ldd	r25, Z+14	; 0x0e
    11f2:	81 e0       	ldi	r24, 0x01	; 1
    11f4:	89 27       	eor	r24, r25
    11f6:	88 23       	and	r24, r24
    11f8:	49 f0       	breq	.+18     	; 0x120c <_ZN5Motor4isAtENS_4SideE+0x34>
    11fa:	89 81       	ldd	r24, Y+1	; 0x01
    11fc:	9a 81       	ldd	r25, Y+2	; 0x02
    11fe:	fc 01       	movw	r30, r24
    1200:	90 89       	ldd	r25, Z+16	; 0x10
    1202:	8b 81       	ldd	r24, Y+3	; 0x03
    1204:	98 17       	cp	r25, r24
    1206:	11 f4       	brne	.+4      	; 0x120c <_ZN5Motor4isAtENS_4SideE+0x34>
    1208:	81 e0       	ldi	r24, 0x01	; 1
    120a:	01 c0       	rjmp	.+2      	; 0x120e <_ZN5Motor4isAtENS_4SideE+0x36>
    120c:	80 e0       	ldi	r24, 0x00	; 0
	}
    120e:	0f 90       	pop	r0
    1210:	0f 90       	pop	r0
    1212:	0f 90       	pop	r0
    1214:	df 91       	pop	r29
    1216:	cf 91       	pop	r28
    1218:	08 95       	ret

0000121a <_ZN12LimitSwitch3C1EPVhS1_S1_h>:

    Position currentPosition;       // Posición actual del switch (LEFT, MIDDLE, RIGHT)
    Position nextExpected;			// Próxima posición esperada para validar movimientos

    public:
    LimitSwitch3(volatile uint8_t* pinR, volatile uint8_t* portR, volatile uint8_t* ddrR, uint8_t m) {
    121a:	0f 93       	push	r16
    121c:	cf 93       	push	r28
    121e:	df 93       	push	r29
    1220:	cd b7       	in	r28, 0x3d	; 61
    1222:	de b7       	in	r29, 0x3e	; 62
    1224:	29 97       	sbiw	r28, 0x09	; 9
    1226:	0f b6       	in	r0, 0x3f	; 63
    1228:	f8 94       	cli
    122a:	de bf       	out	0x3e, r29	; 62
    122c:	0f be       	out	0x3f, r0	; 63
    122e:	cd bf       	out	0x3d, r28	; 61
    1230:	9a 83       	std	Y+2, r25	; 0x02
    1232:	89 83       	std	Y+1, r24	; 0x01
    1234:	7c 83       	std	Y+4, r23	; 0x04
    1236:	6b 83       	std	Y+3, r22	; 0x03
    1238:	5e 83       	std	Y+6, r21	; 0x06
    123a:	4d 83       	std	Y+5, r20	; 0x05
    123c:	38 87       	std	Y+8, r19	; 0x08
    123e:	2f 83       	std	Y+7, r18	; 0x07
    1240:	09 87       	std	Y+9, r16	; 0x09
		pinReg = pinR;
    1242:	89 81       	ldd	r24, Y+1	; 0x01
    1244:	9a 81       	ldd	r25, Y+2	; 0x02
    1246:	2b 81       	ldd	r18, Y+3	; 0x03
    1248:	3c 81       	ldd	r19, Y+4	; 0x04
    124a:	fc 01       	movw	r30, r24
    124c:	31 83       	std	Z+1, r19	; 0x01
    124e:	20 83       	st	Z, r18
		portReg = portR;
    1250:	89 81       	ldd	r24, Y+1	; 0x01
    1252:	9a 81       	ldd	r25, Y+2	; 0x02
    1254:	2d 81       	ldd	r18, Y+5	; 0x05
    1256:	3e 81       	ldd	r19, Y+6	; 0x06
    1258:	fc 01       	movw	r30, r24
    125a:	33 83       	std	Z+3, r19	; 0x03
    125c:	22 83       	std	Z+2, r18	; 0x02
		ddrReg = ddrR;
    125e:	89 81       	ldd	r24, Y+1	; 0x01
    1260:	9a 81       	ldd	r25, Y+2	; 0x02
    1262:	2f 81       	ldd	r18, Y+7	; 0x07
    1264:	38 85       	ldd	r19, Y+8	; 0x08
    1266:	fc 01       	movw	r30, r24
    1268:	35 83       	std	Z+5, r19	; 0x05
    126a:	24 83       	std	Z+4, r18	; 0x04
		mask =m;
    126c:	89 81       	ldd	r24, Y+1	; 0x01
    126e:	9a 81       	ldd	r25, Y+2	; 0x02
    1270:	29 85       	ldd	r18, Y+9	; 0x09
    1272:	fc 01       	movw	r30, r24
    1274:	26 83       	std	Z+6, r18	; 0x06
		
		counter = 0;
    1276:	89 81       	ldd	r24, Y+1	; 0x01
    1278:	9a 81       	ldd	r25, Y+2	; 0x02
    127a:	fc 01       	movw	r30, r24
    127c:	17 82       	std	Z+7, r1	; 0x07
		stableState = false;
    127e:	89 81       	ldd	r24, Y+1	; 0x01
    1280:	9a 81       	ldd	r25, Y+2	; 0x02
    1282:	fc 01       	movw	r30, r24
    1284:	10 86       	std	Z+8, r1	; 0x08
		flagPressed = false;
    1286:	89 81       	ldd	r24, Y+1	; 0x01
    1288:	9a 81       	ldd	r25, Y+2	; 0x02
    128a:	fc 01       	movw	r30, r24
    128c:	11 86       	std	Z+9, r1	; 0x09
		lastSampleTime = 0;
    128e:	89 81       	ldd	r24, Y+1	; 0x01
    1290:	9a 81       	ldd	r25, Y+2	; 0x02
    1292:	fc 01       	movw	r30, r24
    1294:	12 86       	std	Z+10, r1	; 0x0a
    1296:	13 86       	std	Z+11, r1	; 0x0b
    1298:	14 86       	std	Z+12, r1	; 0x0c
    129a:	15 86       	std	Z+13, r1	; 0x0d
		currentPosition = Position::UNKNOWN;    
    129c:	89 81       	ldd	r24, Y+1	; 0x01
    129e:	9a 81       	ldd	r25, Y+2	; 0x02
    12a0:	fc 01       	movw	r30, r24
    12a2:	16 86       	std	Z+14, r1	; 0x0e
		nextExpected = Position::UNKNOWN;
    12a4:	89 81       	ldd	r24, Y+1	; 0x01
    12a6:	9a 81       	ldd	r25, Y+2	; 0x02
    12a8:	fc 01       	movw	r30, r24
    12aa:	17 86       	std	Z+15, r1	; 0x0f
	}
    12ac:	00 00       	nop
    12ae:	29 96       	adiw	r28, 0x09	; 9
    12b0:	0f b6       	in	r0, 0x3f	; 63
    12b2:	f8 94       	cli
    12b4:	de bf       	out	0x3e, r29	; 62
    12b6:	0f be       	out	0x3f, r0	; 63
    12b8:	cd bf       	out	0x3d, r28	; 61
    12ba:	df 91       	pop	r29
    12bc:	cf 91       	pop	r28
    12be:	0f 91       	pop	r16
    12c0:	08 95       	ret

000012c2 <_ZN12LimitSwitch34initEv>:
    
    void init() {
    12c2:	cf 93       	push	r28
    12c4:	df 93       	push	r29
    12c6:	00 d0       	rcall	.+0      	; 0x12c8 <_ZN12LimitSwitch34initEv+0x6>
    12c8:	cd b7       	in	r28, 0x3d	; 61
    12ca:	de b7       	in	r29, 0x3e	; 62
    12cc:	9a 83       	std	Y+2, r25	; 0x02
    12ce:	89 83       	std	Y+1, r24	; 0x01
        *ddrReg &= ~mask; // Input
    12d0:	89 81       	ldd	r24, Y+1	; 0x01
    12d2:	9a 81       	ldd	r25, Y+2	; 0x02
    12d4:	fc 01       	movw	r30, r24
    12d6:	84 81       	ldd	r24, Z+4	; 0x04
    12d8:	95 81       	ldd	r25, Z+5	; 0x05
    12da:	29 81       	ldd	r18, Y+1	; 0x01
    12dc:	3a 81       	ldd	r19, Y+2	; 0x02
    12de:	f9 01       	movw	r30, r18
    12e0:	24 81       	ldd	r18, Z+4	; 0x04
    12e2:	35 81       	ldd	r19, Z+5	; 0x05
    12e4:	f9 01       	movw	r30, r18
    12e6:	20 81       	ld	r18, Z
    12e8:	42 2f       	mov	r20, r18
    12ea:	29 81       	ldd	r18, Y+1	; 0x01
    12ec:	3a 81       	ldd	r19, Y+2	; 0x02
    12ee:	f9 01       	movw	r30, r18
    12f0:	26 81       	ldd	r18, Z+6	; 0x06
    12f2:	20 95       	com	r18
    12f4:	24 23       	and	r18, r20
    12f6:	fc 01       	movw	r30, r24
    12f8:	20 83       	st	Z, r18
        *portReg |= mask; // Pull-up
    12fa:	89 81       	ldd	r24, Y+1	; 0x01
    12fc:	9a 81       	ldd	r25, Y+2	; 0x02
    12fe:	fc 01       	movw	r30, r24
    1300:	82 81       	ldd	r24, Z+2	; 0x02
    1302:	93 81       	ldd	r25, Z+3	; 0x03
    1304:	29 81       	ldd	r18, Y+1	; 0x01
    1306:	3a 81       	ldd	r19, Y+2	; 0x02
    1308:	f9 01       	movw	r30, r18
    130a:	22 81       	ldd	r18, Z+2	; 0x02
    130c:	33 81       	ldd	r19, Z+3	; 0x03
    130e:	f9 01       	movw	r30, r18
    1310:	40 81       	ld	r20, Z
    1312:	29 81       	ldd	r18, Y+1	; 0x01
    1314:	3a 81       	ldd	r19, Y+2	; 0x02
    1316:	f9 01       	movw	r30, r18
    1318:	26 81       	ldd	r18, Z+6	; 0x06
    131a:	24 2b       	or	r18, r20
    131c:	fc 01       	movw	r30, r24
    131e:	20 83       	st	Z, r18
    }
    1320:	00 00       	nop
    1322:	0f 90       	pop	r0
    1324:	0f 90       	pop	r0
    1326:	df 91       	pop	r29
    1328:	cf 91       	pop	r28
    132a:	08 95       	ret

0000132c <_ZN12LimitSwitch36updateEm>:
    
    void update(uint32_t currentTime) {
    132c:	cf 93       	push	r28
    132e:	df 93       	push	r29
    1330:	cd b7       	in	r28, 0x3d	; 61
    1332:	de b7       	in	r29, 0x3e	; 62
    1334:	27 97       	sbiw	r28, 0x07	; 7
    1336:	0f b6       	in	r0, 0x3f	; 63
    1338:	f8 94       	cli
    133a:	de bf       	out	0x3e, r29	; 62
    133c:	0f be       	out	0x3f, r0	; 63
    133e:	cd bf       	out	0x3d, r28	; 61
    1340:	9b 83       	std	Y+3, r25	; 0x03
    1342:	8a 83       	std	Y+2, r24	; 0x02
    1344:	4c 83       	std	Y+4, r20	; 0x04
    1346:	5d 83       	std	Y+5, r21	; 0x05
    1348:	6e 83       	std	Y+6, r22	; 0x06
    134a:	7f 83       	std	Y+7, r23	; 0x07
        if (currentTime == lastSampleTime) return; // Evitar muestrear más de una vez por ms
    134c:	8a 81       	ldd	r24, Y+2	; 0x02
    134e:	9b 81       	ldd	r25, Y+3	; 0x03
    1350:	fc 01       	movw	r30, r24
    1352:	22 85       	ldd	r18, Z+10	; 0x0a
    1354:	33 85       	ldd	r19, Z+11	; 0x0b
    1356:	44 85       	ldd	r20, Z+12	; 0x0c
    1358:	55 85       	ldd	r21, Z+13	; 0x0d
    135a:	8c 81       	ldd	r24, Y+4	; 0x04
    135c:	9d 81       	ldd	r25, Y+5	; 0x05
    135e:	ae 81       	ldd	r26, Y+6	; 0x06
    1360:	bf 81       	ldd	r27, Y+7	; 0x07
    1362:	28 17       	cp	r18, r24
    1364:	39 07       	cpc	r19, r25
    1366:	4a 07       	cpc	r20, r26
    1368:	5b 07       	cpc	r21, r27
    136a:	09 f4       	brne	.+2      	; 0x136e <_ZN12LimitSwitch36updateEm+0x42>
    136c:	77 c0       	rjmp	.+238    	; 0x145c <_ZN12LimitSwitch36updateEm+0x130>
        lastSampleTime = currentTime;
    136e:	2a 81       	ldd	r18, Y+2	; 0x02
    1370:	3b 81       	ldd	r19, Y+3	; 0x03
    1372:	8c 81       	ldd	r24, Y+4	; 0x04
    1374:	9d 81       	ldd	r25, Y+5	; 0x05
    1376:	ae 81       	ldd	r26, Y+6	; 0x06
    1378:	bf 81       	ldd	r27, Y+7	; 0x07
    137a:	f9 01       	movw	r30, r18
    137c:	82 87       	std	Z+10, r24	; 0x0a
    137e:	93 87       	std	Z+11, r25	; 0x0b
    1380:	a4 87       	std	Z+12, r26	; 0x0c
    1382:	b5 87       	std	Z+13, r27	; 0x0d

        // Leer estado actual (lógica invertida por pull-up)
        bool reading = !(*pinReg & mask);
    1384:	8a 81       	ldd	r24, Y+2	; 0x02
    1386:	9b 81       	ldd	r25, Y+3	; 0x03
    1388:	fc 01       	movw	r30, r24
    138a:	80 81       	ld	r24, Z
    138c:	91 81       	ldd	r25, Z+1	; 0x01
    138e:	fc 01       	movw	r30, r24
    1390:	20 81       	ld	r18, Z
    1392:	8a 81       	ldd	r24, Y+2	; 0x02
    1394:	9b 81       	ldd	r25, Y+3	; 0x03
    1396:	fc 01       	movw	r30, r24
    1398:	86 81       	ldd	r24, Z+6	; 0x06
    139a:	92 2f       	mov	r25, r18
    139c:	98 23       	and	r25, r24
    139e:	81 e0       	ldi	r24, 0x01	; 1
    13a0:	99 23       	and	r25, r25
    13a2:	09 f0       	breq	.+2      	; 0x13a6 <_ZN12LimitSwitch36updateEm+0x7a>
    13a4:	80 e0       	ldi	r24, 0x00	; 0
    13a6:	89 83       	std	Y+1, r24	; 0x01

        // Integrador saturante
        if(reading && counter < SAMPLES) counter++;
    13a8:	89 81       	ldd	r24, Y+1	; 0x01
    13aa:	88 23       	and	r24, r24
    13ac:	89 f0       	breq	.+34     	; 0x13d0 <_ZN12LimitSwitch36updateEm+0xa4>
    13ae:	8a 81       	ldd	r24, Y+2	; 0x02
    13b0:	9b 81       	ldd	r25, Y+3	; 0x03
    13b2:	fc 01       	movw	r30, r24
    13b4:	87 81       	ldd	r24, Z+7	; 0x07
    13b6:	8a 30       	cpi	r24, 0x0A	; 10
    13b8:	58 f4       	brcc	.+22     	; 0x13d0 <_ZN12LimitSwitch36updateEm+0xa4>
    13ba:	8a 81       	ldd	r24, Y+2	; 0x02
    13bc:	9b 81       	ldd	r25, Y+3	; 0x03
    13be:	fc 01       	movw	r30, r24
    13c0:	87 81       	ldd	r24, Z+7	; 0x07
    13c2:	21 e0       	ldi	r18, 0x01	; 1
    13c4:	28 0f       	add	r18, r24
    13c6:	8a 81       	ldd	r24, Y+2	; 0x02
    13c8:	9b 81       	ldd	r25, Y+3	; 0x03
    13ca:	fc 01       	movw	r30, r24
    13cc:	27 83       	std	Z+7, r18	; 0x07
    13ce:	15 c0       	rjmp	.+42     	; 0x13fa <_ZN12LimitSwitch36updateEm+0xce>
        else if(!reading && counter > 0) counter--;
    13d0:	99 81       	ldd	r25, Y+1	; 0x01
    13d2:	81 e0       	ldi	r24, 0x01	; 1
    13d4:	89 27       	eor	r24, r25
    13d6:	88 23       	and	r24, r24
    13d8:	81 f0       	breq	.+32     	; 0x13fa <_ZN12LimitSwitch36updateEm+0xce>
    13da:	8a 81       	ldd	r24, Y+2	; 0x02
    13dc:	9b 81       	ldd	r25, Y+3	; 0x03
    13de:	fc 01       	movw	r30, r24
    13e0:	87 81       	ldd	r24, Z+7	; 0x07
    13e2:	88 23       	and	r24, r24
    13e4:	51 f0       	breq	.+20     	; 0x13fa <_ZN12LimitSwitch36updateEm+0xce>
    13e6:	8a 81       	ldd	r24, Y+2	; 0x02
    13e8:	9b 81       	ldd	r25, Y+3	; 0x03
    13ea:	fc 01       	movw	r30, r24
    13ec:	87 81       	ldd	r24, Z+7	; 0x07
    13ee:	2f ef       	ldi	r18, 0xFF	; 255
    13f0:	28 0f       	add	r18, r24
    13f2:	8a 81       	ldd	r24, Y+2	; 0x02
    13f4:	9b 81       	ldd	r25, Y+3	; 0x03
    13f6:	fc 01       	movw	r30, r24
    13f8:	27 83       	std	Z+7, r18	; 0x07

        // Flanco descendente (pulsado->suelto)
        if (stableState && counter == 0) {
    13fa:	8a 81       	ldd	r24, Y+2	; 0x02
    13fc:	9b 81       	ldd	r25, Y+3	; 0x03
    13fe:	fc 01       	movw	r30, r24
    1400:	80 85       	ldd	r24, Z+8	; 0x08
    1402:	88 23       	and	r24, r24
    1404:	51 f0       	breq	.+20     	; 0x141a <_ZN12LimitSwitch36updateEm+0xee>
    1406:	8a 81       	ldd	r24, Y+2	; 0x02
    1408:	9b 81       	ldd	r25, Y+3	; 0x03
    140a:	fc 01       	movw	r30, r24
    140c:	87 81       	ldd	r24, Z+7	; 0x07
    140e:	88 23       	and	r24, r24
    1410:	21 f4       	brne	.+8      	; 0x141a <_ZN12LimitSwitch36updateEm+0xee>
            stableState = false;
    1412:	8a 81       	ldd	r24, Y+2	; 0x02
    1414:	9b 81       	ldd	r25, Y+3	; 0x03
    1416:	fc 01       	movw	r30, r24
    1418:	10 86       	std	Z+8, r1	; 0x08
        }

        // Flanco ascendente (suelto->pulsado)
        if (!stableState && counter == SAMPLES) {
    141a:	8a 81       	ldd	r24, Y+2	; 0x02
    141c:	9b 81       	ldd	r25, Y+3	; 0x03
    141e:	fc 01       	movw	r30, r24
    1420:	90 85       	ldd	r25, Z+8	; 0x08
    1422:	81 e0       	ldi	r24, 0x01	; 1
    1424:	89 27       	eor	r24, r25
    1426:	88 23       	and	r24, r24
    1428:	d1 f0       	breq	.+52     	; 0x145e <_ZN12LimitSwitch36updateEm+0x132>
    142a:	8a 81       	ldd	r24, Y+2	; 0x02
    142c:	9b 81       	ldd	r25, Y+3	; 0x03
    142e:	fc 01       	movw	r30, r24
    1430:	87 81       	ldd	r24, Z+7	; 0x07
    1432:	8a 30       	cpi	r24, 0x0A	; 10
    1434:	a1 f4       	brne	.+40     	; 0x145e <_ZN12LimitSwitch36updateEm+0x132>
            stableState = true;
    1436:	8a 81       	ldd	r24, Y+2	; 0x02
    1438:	9b 81       	ldd	r25, Y+3	; 0x03
    143a:	21 e0       	ldi	r18, 0x01	; 1
    143c:	fc 01       	movw	r30, r24
    143e:	20 87       	std	Z+8, r18	; 0x08
            flagPressed = true; // Marcar que se ha detectado un nuevo pulso
    1440:	8a 81       	ldd	r24, Y+2	; 0x02
    1442:	9b 81       	ldd	r25, Y+3	; 0x03
    1444:	21 e0       	ldi	r18, 0x01	; 1
    1446:	fc 01       	movw	r30, r24
    1448:	21 87       	std	Z+9, r18	; 0x09
            currentPosition = nextExpected; // Actualizar posición actual al esperado
    144a:	8a 81       	ldd	r24, Y+2	; 0x02
    144c:	9b 81       	ldd	r25, Y+3	; 0x03
    144e:	fc 01       	movw	r30, r24
    1450:	27 85       	ldd	r18, Z+15	; 0x0f
    1452:	8a 81       	ldd	r24, Y+2	; 0x02
    1454:	9b 81       	ldd	r25, Y+3	; 0x03
    1456:	fc 01       	movw	r30, r24
    1458:	26 87       	std	Z+14, r18	; 0x0e
    145a:	01 c0       	rjmp	.+2      	; 0x145e <_ZN12LimitSwitch36updateEm+0x132>
        *ddrReg &= ~mask; // Input
        *portReg |= mask; // Pull-up
    }
    
    void update(uint32_t currentTime) {
        if (currentTime == lastSampleTime) return; // Evitar muestrear más de una vez por ms
    145c:	00 00       	nop
        if (!stableState && counter == SAMPLES) {
            stableState = true;
            flagPressed = true; // Marcar que se ha detectado un nuevo pulso
            currentPosition = nextExpected; // Actualizar posición actual al esperado
        }
    }
    145e:	27 96       	adiw	r28, 0x07	; 7
    1460:	0f b6       	in	r0, 0x3f	; 63
    1462:	f8 94       	cli
    1464:	de bf       	out	0x3e, r29	; 62
    1466:	0f be       	out	0x3f, r0	; 63
    1468:	cd bf       	out	0x3d, r28	; 61
    146a:	df 91       	pop	r29
    146c:	cf 91       	pop	r28
    146e:	08 95       	ret

00001470 <_ZN12LimitSwitch39isPressedEv>:

    bool isPressed() {
    1470:	cf 93       	push	r28
    1472:	df 93       	push	r29
    1474:	00 d0       	rcall	.+0      	; 0x1476 <_ZN12LimitSwitch39isPressedEv+0x6>
    1476:	cd b7       	in	r28, 0x3d	; 61
    1478:	de b7       	in	r29, 0x3e	; 62
    147a:	9a 83       	std	Y+2, r25	; 0x02
    147c:	89 83       	std	Y+1, r24	; 0x01
        return stableState;
    147e:	89 81       	ldd	r24, Y+1	; 0x01
    1480:	9a 81       	ldd	r25, Y+2	; 0x02
    1482:	fc 01       	movw	r30, r24
    1484:	80 85       	ldd	r24, Z+8	; 0x08
    }
    1486:	0f 90       	pop	r0
    1488:	0f 90       	pop	r0
    148a:	df 91       	pop	r29
    148c:	cf 91       	pop	r28
    148e:	08 95       	ret

00001490 <_ZN12LimitSwitch312consumePressEv>:

    bool consumePress() {
    1490:	cf 93       	push	r28
    1492:	df 93       	push	r29
    1494:	00 d0       	rcall	.+0      	; 0x1496 <_ZN12LimitSwitch312consumePressEv+0x6>
    1496:	cd b7       	in	r28, 0x3d	; 61
    1498:	de b7       	in	r29, 0x3e	; 62
    149a:	9a 83       	std	Y+2, r25	; 0x02
    149c:	89 83       	std	Y+1, r24	; 0x01
        if (flagPressed) {
    149e:	89 81       	ldd	r24, Y+1	; 0x01
    14a0:	9a 81       	ldd	r25, Y+2	; 0x02
    14a2:	fc 01       	movw	r30, r24
    14a4:	81 85       	ldd	r24, Z+9	; 0x09
    14a6:	88 23       	and	r24, r24
    14a8:	31 f0       	breq	.+12     	; 0x14b6 <_ZN12LimitSwitch312consumePressEv+0x26>
            flagPressed = false; // Consumir el flanco detectado
    14aa:	89 81       	ldd	r24, Y+1	; 0x01
    14ac:	9a 81       	ldd	r25, Y+2	; 0x02
    14ae:	fc 01       	movw	r30, r24
    14b0:	11 86       	std	Z+9, r1	; 0x09
            return true;
    14b2:	81 e0       	ldi	r24, 0x01	; 1
    14b4:	01 c0       	rjmp	.+2      	; 0x14b8 <_ZN12LimitSwitch312consumePressEv+0x28>
        }
        return false;
    14b6:	80 e0       	ldi	r24, 0x00	; 0
    }
    14b8:	0f 90       	pop	r0
    14ba:	0f 90       	pop	r0
    14bc:	df 91       	pop	r29
    14be:	cf 91       	pop	r28
    14c0:	08 95       	ret

000014c2 <_ZN12LimitSwitch311getPositionEv>:

    Position getPosition() {
    14c2:	cf 93       	push	r28
    14c4:	df 93       	push	r29
    14c6:	00 d0       	rcall	.+0      	; 0x14c8 <_ZN12LimitSwitch311getPositionEv+0x6>
    14c8:	cd b7       	in	r28, 0x3d	; 61
    14ca:	de b7       	in	r29, 0x3e	; 62
    14cc:	9a 83       	std	Y+2, r25	; 0x02
    14ce:	89 83       	std	Y+1, r24	; 0x01
        return currentPosition;
    14d0:	89 81       	ldd	r24, Y+1	; 0x01
    14d2:	9a 81       	ldd	r25, Y+2	; 0x02
    14d4:	fc 01       	movw	r30, r24
    14d6:	86 85       	ldd	r24, Z+14	; 0x0e
    }
    14d8:	0f 90       	pop	r0
    14da:	0f 90       	pop	r0
    14dc:	df 91       	pop	r29
    14de:	cf 91       	pop	r28
    14e0:	08 95       	ret

000014e2 <_ZN12LimitSwitch315setNextExpectedENS_8PositionE>:

    void setNextExpected(Position pos) {
    14e2:	cf 93       	push	r28
    14e4:	df 93       	push	r29
    14e6:	00 d0       	rcall	.+0      	; 0x14e8 <_ZN12LimitSwitch315setNextExpectedENS_8PositionE+0x6>
    14e8:	1f 92       	push	r1
    14ea:	cd b7       	in	r28, 0x3d	; 61
    14ec:	de b7       	in	r29, 0x3e	; 62
    14ee:	9a 83       	std	Y+2, r25	; 0x02
    14f0:	89 83       	std	Y+1, r24	; 0x01
    14f2:	6b 83       	std	Y+3, r22	; 0x03
        nextExpected = pos;
    14f4:	89 81       	ldd	r24, Y+1	; 0x01
    14f6:	9a 81       	ldd	r25, Y+2	; 0x02
    14f8:	2b 81       	ldd	r18, Y+3	; 0x03
    14fa:	fc 01       	movw	r30, r24
    14fc:	27 87       	std	Z+15, r18	; 0x0f
    }
    14fe:	00 00       	nop
    1500:	0f 90       	pop	r0
    1502:	0f 90       	pop	r0
    1504:	0f 90       	pop	r0
    1506:	df 91       	pop	r29
    1508:	cf 91       	pop	r28
    150a:	08 95       	ret

0000150c <_ZN12LimitSwitch312forcePressedENS_8PositionE>:

    void forcePressed(Position pos) {
    150c:	cf 93       	push	r28
    150e:	df 93       	push	r29
    1510:	00 d0       	rcall	.+0      	; 0x1512 <_ZN12LimitSwitch312forcePressedENS_8PositionE+0x6>
    1512:	1f 92       	push	r1
    1514:	cd b7       	in	r28, 0x3d	; 61
    1516:	de b7       	in	r29, 0x3e	; 62
    1518:	9a 83       	std	Y+2, r25	; 0x02
    151a:	89 83       	std	Y+1, r24	; 0x01
    151c:	6b 83       	std	Y+3, r22	; 0x03
        counter = SAMPLES; // Forzar estado presionado
    151e:	89 81       	ldd	r24, Y+1	; 0x01
    1520:	9a 81       	ldd	r25, Y+2	; 0x02
    1522:	2a e0       	ldi	r18, 0x0A	; 10
    1524:	fc 01       	movw	r30, r24
    1526:	27 83       	std	Z+7, r18	; 0x07
        stableState = true;
    1528:	89 81       	ldd	r24, Y+1	; 0x01
    152a:	9a 81       	ldd	r25, Y+2	; 0x02
    152c:	21 e0       	ldi	r18, 0x01	; 1
    152e:	fc 01       	movw	r30, r24
    1530:	20 87       	std	Z+8, r18	; 0x08
        flagPressed = false; // No genera evento, ya lo sabemos.
    1532:	89 81       	ldd	r24, Y+1	; 0x01
    1534:	9a 81       	ldd	r25, Y+2	; 0x02
    1536:	fc 01       	movw	r30, r24
    1538:	11 86       	std	Z+9, r1	; 0x09
        currentPosition = pos;
    153a:	89 81       	ldd	r24, Y+1	; 0x01
    153c:	9a 81       	ldd	r25, Y+2	; 0x02
    153e:	2b 81       	ldd	r18, Y+3	; 0x03
    1540:	fc 01       	movw	r30, r24
    1542:	26 87       	std	Z+14, r18	; 0x0e
        nextExpected = pos; // Sincronizar posición esperada con la forzada
    1544:	89 81       	ldd	r24, Y+1	; 0x01
    1546:	9a 81       	ldd	r25, Y+2	; 0x02
    1548:	2b 81       	ldd	r18, Y+3	; 0x03
    154a:	fc 01       	movw	r30, r24
    154c:	27 87       	std	Z+15, r18	; 0x0f
    }
    154e:	00 00       	nop
    1550:	0f 90       	pop	r0
    1552:	0f 90       	pop	r0
    1554:	0f 90       	pop	r0
    1556:	df 91       	pop	r29
    1558:	cf 91       	pop	r28
    155a:	08 95       	ret

0000155c <_ZN12LimitSwitch313forceReleasedEv>:

    void forceReleased() {
    155c:	cf 93       	push	r28
    155e:	df 93       	push	r29
    1560:	00 d0       	rcall	.+0      	; 0x1562 <_ZN12LimitSwitch313forceReleasedEv+0x6>
    1562:	cd b7       	in	r28, 0x3d	; 61
    1564:	de b7       	in	r29, 0x3e	; 62
    1566:	9a 83       	std	Y+2, r25	; 0x02
    1568:	89 83       	std	Y+1, r24	; 0x01
        counter = 0; // Forzar estado suelto
    156a:	89 81       	ldd	r24, Y+1	; 0x01
    156c:	9a 81       	ldd	r25, Y+2	; 0x02
    156e:	fc 01       	movw	r30, r24
    1570:	17 82       	std	Z+7, r1	; 0x07
        stableState = false;
    1572:	89 81       	ldd	r24, Y+1	; 0x01
    1574:	9a 81       	ldd	r25, Y+2	; 0x02
    1576:	fc 01       	movw	r30, r24
    1578:	10 86       	std	Z+8, r1	; 0x08
        flagPressed = false; // No hay pulso pendiente
    157a:	89 81       	ldd	r24, Y+1	; 0x01
    157c:	9a 81       	ldd	r25, Y+2	; 0x02
    157e:	fc 01       	movw	r30, r24
    1580:	11 86       	std	Z+9, r1	; 0x09
    }
    1582:	00 00       	nop
    1584:	0f 90       	pop	r0
    1586:	0f 90       	pop	r0
    1588:	df 91       	pop	r29
    158a:	cf 91       	pop	r28
    158c:	08 95       	ret

0000158e <_ZN6Motor2C1EPVhS1_hS1_S1_hS1_P12LimitSwitch3>:
	bool isHoming;
	uint32_t homingPressStart;
	LimitSwitch3::Position homingTarget;
	
	public:
	Motor2(volatile uint8_t* pDIR, volatile uint8_t* dDIR, uint8_t mDIR,
    158e:	8f 92       	push	r8
    1590:	9f 92       	push	r9
    1592:	af 92       	push	r10
    1594:	bf 92       	push	r11
    1596:	cf 92       	push	r12
    1598:	ef 92       	push	r14
    159a:	ff 92       	push	r15
    159c:	0f 93       	push	r16
    159e:	1f 93       	push	r17
    15a0:	cf 93       	push	r28
    15a2:	df 93       	push	r29
    15a4:	cd b7       	in	r28, 0x3d	; 61
    15a6:	de b7       	in	r29, 0x3e	; 62
    15a8:	60 97       	sbiw	r28, 0x10	; 16
    15aa:	0f b6       	in	r0, 0x3f	; 63
    15ac:	f8 94       	cli
    15ae:	de bf       	out	0x3e, r29	; 62
    15b0:	0f be       	out	0x3f, r0	; 63
    15b2:	cd bf       	out	0x3d, r28	; 61
    15b4:	9a 83       	std	Y+2, r25	; 0x02
    15b6:	89 83       	std	Y+1, r24	; 0x01
    15b8:	7c 83       	std	Y+4, r23	; 0x04
    15ba:	6b 83       	std	Y+3, r22	; 0x03
    15bc:	5e 83       	std	Y+6, r21	; 0x06
    15be:	4d 83       	std	Y+5, r20	; 0x05
    15c0:	2f 83       	std	Y+7, r18	; 0x07
    15c2:	19 87       	std	Y+9, r17	; 0x09
    15c4:	08 87       	std	Y+8, r16	; 0x08
    15c6:	fb 86       	std	Y+11, r15	; 0x0b
    15c8:	ea 86       	std	Y+10, r14	; 0x0a
    15ca:	cc 86       	std	Y+12, r12	; 0x0c
    15cc:	be 86       	std	Y+14, r11	; 0x0e
    15ce:	ad 86       	std	Y+13, r10	; 0x0d
    15d0:	98 8a       	std	Y+16, r9	; 0x10
    15d2:	8f 86       	std	Y+15, r8	; 0x0f
           volatile uint8_t* pEN,  volatile uint8_t* dEN,  uint8_t mEN,
           volatile uint8_t* rPWM, LimitSwitch3* swPtr = nullptr) {
		portDIR = pDIR; ddrDIR = dDIR; maskDIR = mDIR;
    15d4:	89 81       	ldd	r24, Y+1	; 0x01
    15d6:	9a 81       	ldd	r25, Y+2	; 0x02
    15d8:	2b 81       	ldd	r18, Y+3	; 0x03
    15da:	3c 81       	ldd	r19, Y+4	; 0x04
    15dc:	fc 01       	movw	r30, r24
    15de:	31 83       	std	Z+1, r19	; 0x01
    15e0:	20 83       	st	Z, r18
    15e2:	89 81       	ldd	r24, Y+1	; 0x01
    15e4:	9a 81       	ldd	r25, Y+2	; 0x02
    15e6:	2d 81       	ldd	r18, Y+5	; 0x05
    15e8:	3e 81       	ldd	r19, Y+6	; 0x06
    15ea:	fc 01       	movw	r30, r24
    15ec:	33 83       	std	Z+3, r19	; 0x03
    15ee:	22 83       	std	Z+2, r18	; 0x02
    15f0:	89 81       	ldd	r24, Y+1	; 0x01
    15f2:	9a 81       	ldd	r25, Y+2	; 0x02
    15f4:	2f 81       	ldd	r18, Y+7	; 0x07
    15f6:	fc 01       	movw	r30, r24
    15f8:	24 83       	std	Z+4, r18	; 0x04
		portEN  = pEN;  ddrEN  = dEN;  maskEN  = mEN;
    15fa:	89 81       	ldd	r24, Y+1	; 0x01
    15fc:	9a 81       	ldd	r25, Y+2	; 0x02
    15fe:	28 85       	ldd	r18, Y+8	; 0x08
    1600:	39 85       	ldd	r19, Y+9	; 0x09
    1602:	fc 01       	movw	r30, r24
    1604:	36 83       	std	Z+6, r19	; 0x06
    1606:	25 83       	std	Z+5, r18	; 0x05
    1608:	89 81       	ldd	r24, Y+1	; 0x01
    160a:	9a 81       	ldd	r25, Y+2	; 0x02
    160c:	2a 85       	ldd	r18, Y+10	; 0x0a
    160e:	3b 85       	ldd	r19, Y+11	; 0x0b
    1610:	fc 01       	movw	r30, r24
    1612:	30 87       	std	Z+8, r19	; 0x08
    1614:	27 83       	std	Z+7, r18	; 0x07
    1616:	89 81       	ldd	r24, Y+1	; 0x01
    1618:	9a 81       	ldd	r25, Y+2	; 0x02
    161a:	2c 85       	ldd	r18, Y+12	; 0x0c
    161c:	fc 01       	movw	r30, r24
    161e:	21 87       	std	Z+9, r18	; 0x09
		ocrPWM = rPWM;
    1620:	89 81       	ldd	r24, Y+1	; 0x01
    1622:	9a 81       	ldd	r25, Y+2	; 0x02
    1624:	2d 85       	ldd	r18, Y+13	; 0x0d
    1626:	3e 85       	ldd	r19, Y+14	; 0x0e
    1628:	fc 01       	movw	r30, r24
    162a:	33 87       	std	Z+11, r19	; 0x0b
    162c:	22 87       	std	Z+10, r18	; 0x0a
		sw = swPtr;
    162e:	89 81       	ldd	r24, Y+1	; 0x01
    1630:	9a 81       	ldd	r25, Y+2	; 0x02
    1632:	2f 85       	ldd	r18, Y+15	; 0x0f
    1634:	38 89       	ldd	r19, Y+16	; 0x10
    1636:	fc 01       	movw	r30, r24
    1638:	35 87       	std	Z+13, r19	; 0x0d
    163a:	24 87       	std	Z+12, r18	; 0x0c
		moving = false;
    163c:	89 81       	ldd	r24, Y+1	; 0x01
    163e:	9a 81       	ldd	r25, Y+2	; 0x02
    1640:	fc 01       	movw	r30, r24
    1642:	16 86       	std	Z+14, r1	; 0x0e
		direction = true;
    1644:	89 81       	ldd	r24, Y+1	; 0x01
    1646:	9a 81       	ldd	r25, Y+2	; 0x02
    1648:	21 e0       	ldi	r18, 0x01	; 1
    164a:	fc 01       	movw	r30, r24
    164c:	27 87       	std	Z+15, r18	; 0x0f
		escaping = false;
    164e:	89 81       	ldd	r24, Y+1	; 0x01
    1650:	9a 81       	ldd	r25, Y+2	; 0x02
    1652:	fc 01       	movw	r30, r24
    1654:	10 8a       	std	Z+16, r1	; 0x10
		escapeStart = 0;
    1656:	89 81       	ldd	r24, Y+1	; 0x01
    1658:	9a 81       	ldd	r25, Y+2	; 0x02
    165a:	fc 01       	movw	r30, r24
    165c:	11 8a       	std	Z+17, r1	; 0x11
    165e:	12 8a       	std	Z+18, r1	; 0x12
    1660:	13 8a       	std	Z+19, r1	; 0x13
    1662:	14 8a       	std	Z+20, r1	; 0x14
		targetPosition = LimitSwitch3::Position::UNKNOWN;
    1664:	89 81       	ldd	r24, Y+1	; 0x01
    1666:	9a 81       	ldd	r25, Y+2	; 0x02
    1668:	fc 01       	movw	r30, r24
    166a:	15 8a       	std	Z+21, r1	; 0x15
		isHoming = false; homingPressStart = 0; homingTarget = LimitSwitch3::Position::UNKNOWN;
    166c:	89 81       	ldd	r24, Y+1	; 0x01
    166e:	9a 81       	ldd	r25, Y+2	; 0x02
    1670:	fc 01       	movw	r30, r24
    1672:	16 8a       	std	Z+22, r1	; 0x16
    1674:	89 81       	ldd	r24, Y+1	; 0x01
    1676:	9a 81       	ldd	r25, Y+2	; 0x02
    1678:	fc 01       	movw	r30, r24
    167a:	17 8a       	std	Z+23, r1	; 0x17
    167c:	10 8e       	std	Z+24, r1	; 0x18
    167e:	11 8e       	std	Z+25, r1	; 0x19
    1680:	12 8e       	std	Z+26, r1	; 0x1a
    1682:	89 81       	ldd	r24, Y+1	; 0x01
    1684:	9a 81       	ldd	r25, Y+2	; 0x02
    1686:	fc 01       	movw	r30, r24
    1688:	13 8e       	std	Z+27, r1	; 0x1b
	}
    168a:	00 00       	nop
    168c:	60 96       	adiw	r28, 0x10	; 16
    168e:	0f b6       	in	r0, 0x3f	; 63
    1690:	f8 94       	cli
    1692:	de bf       	out	0x3e, r29	; 62
    1694:	0f be       	out	0x3f, r0	; 63
    1696:	cd bf       	out	0x3d, r28	; 61
    1698:	df 91       	pop	r29
    169a:	cf 91       	pop	r28
    169c:	1f 91       	pop	r17
    169e:	0f 91       	pop	r16
    16a0:	ff 90       	pop	r15
    16a2:	ef 90       	pop	r14
    16a4:	cf 90       	pop	r12
    16a6:	bf 90       	pop	r11
    16a8:	af 90       	pop	r10
    16aa:	9f 90       	pop	r9
    16ac:	8f 90       	pop	r8
    16ae:	08 95       	ret

000016b0 <_ZN6Motor24initEv>:
		
	void init() {
    16b0:	cf 93       	push	r28
    16b2:	df 93       	push	r29
    16b4:	00 d0       	rcall	.+0      	; 0x16b6 <_ZN6Motor24initEv+0x6>
    16b6:	cd b7       	in	r28, 0x3d	; 61
    16b8:	de b7       	in	r29, 0x3e	; 62
    16ba:	9a 83       	std	Y+2, r25	; 0x02
    16bc:	89 83       	std	Y+1, r24	; 0x01
		*ddrDIR |= maskDIR;
    16be:	89 81       	ldd	r24, Y+1	; 0x01
    16c0:	9a 81       	ldd	r25, Y+2	; 0x02
    16c2:	fc 01       	movw	r30, r24
    16c4:	82 81       	ldd	r24, Z+2	; 0x02
    16c6:	93 81       	ldd	r25, Z+3	; 0x03
    16c8:	29 81       	ldd	r18, Y+1	; 0x01
    16ca:	3a 81       	ldd	r19, Y+2	; 0x02
    16cc:	f9 01       	movw	r30, r18
    16ce:	22 81       	ldd	r18, Z+2	; 0x02
    16d0:	33 81       	ldd	r19, Z+3	; 0x03
    16d2:	f9 01       	movw	r30, r18
    16d4:	40 81       	ld	r20, Z
    16d6:	29 81       	ldd	r18, Y+1	; 0x01
    16d8:	3a 81       	ldd	r19, Y+2	; 0x02
    16da:	f9 01       	movw	r30, r18
    16dc:	24 81       	ldd	r18, Z+4	; 0x04
    16de:	24 2b       	or	r18, r20
    16e0:	fc 01       	movw	r30, r24
    16e2:	20 83       	st	Z, r18
		*ddrEN |= maskEN;
    16e4:	89 81       	ldd	r24, Y+1	; 0x01
    16e6:	9a 81       	ldd	r25, Y+2	; 0x02
    16e8:	fc 01       	movw	r30, r24
    16ea:	87 81       	ldd	r24, Z+7	; 0x07
    16ec:	90 85       	ldd	r25, Z+8	; 0x08
    16ee:	29 81       	ldd	r18, Y+1	; 0x01
    16f0:	3a 81       	ldd	r19, Y+2	; 0x02
    16f2:	f9 01       	movw	r30, r18
    16f4:	27 81       	ldd	r18, Z+7	; 0x07
    16f6:	30 85       	ldd	r19, Z+8	; 0x08
    16f8:	f9 01       	movw	r30, r18
    16fa:	40 81       	ld	r20, Z
    16fc:	29 81       	ldd	r18, Y+1	; 0x01
    16fe:	3a 81       	ldd	r19, Y+2	; 0x02
    1700:	f9 01       	movw	r30, r18
    1702:	21 85       	ldd	r18, Z+9	; 0x09
    1704:	24 2b       	or	r18, r20
    1706:	fc 01       	movw	r30, r24
    1708:	20 83       	st	Z, r18
		*portDIR &= ~maskDIR;
    170a:	89 81       	ldd	r24, Y+1	; 0x01
    170c:	9a 81       	ldd	r25, Y+2	; 0x02
    170e:	fc 01       	movw	r30, r24
    1710:	80 81       	ld	r24, Z
    1712:	91 81       	ldd	r25, Z+1	; 0x01
    1714:	29 81       	ldd	r18, Y+1	; 0x01
    1716:	3a 81       	ldd	r19, Y+2	; 0x02
    1718:	f9 01       	movw	r30, r18
    171a:	20 81       	ld	r18, Z
    171c:	31 81       	ldd	r19, Z+1	; 0x01
    171e:	f9 01       	movw	r30, r18
    1720:	20 81       	ld	r18, Z
    1722:	42 2f       	mov	r20, r18
    1724:	29 81       	ldd	r18, Y+1	; 0x01
    1726:	3a 81       	ldd	r19, Y+2	; 0x02
    1728:	f9 01       	movw	r30, r18
    172a:	24 81       	ldd	r18, Z+4	; 0x04
    172c:	20 95       	com	r18
    172e:	24 23       	and	r18, r20
    1730:	fc 01       	movw	r30, r24
    1732:	20 83       	st	Z, r18
		*portEN &= ~maskEN;
    1734:	89 81       	ldd	r24, Y+1	; 0x01
    1736:	9a 81       	ldd	r25, Y+2	; 0x02
    1738:	fc 01       	movw	r30, r24
    173a:	85 81       	ldd	r24, Z+5	; 0x05
    173c:	96 81       	ldd	r25, Z+6	; 0x06
    173e:	29 81       	ldd	r18, Y+1	; 0x01
    1740:	3a 81       	ldd	r19, Y+2	; 0x02
    1742:	f9 01       	movw	r30, r18
    1744:	25 81       	ldd	r18, Z+5	; 0x05
    1746:	36 81       	ldd	r19, Z+6	; 0x06
    1748:	f9 01       	movw	r30, r18
    174a:	20 81       	ld	r18, Z
    174c:	42 2f       	mov	r20, r18
    174e:	29 81       	ldd	r18, Y+1	; 0x01
    1750:	3a 81       	ldd	r19, Y+2	; 0x02
    1752:	f9 01       	movw	r30, r18
    1754:	21 85       	ldd	r18, Z+9	; 0x09
    1756:	20 95       	com	r18
    1758:	24 23       	and	r18, r20
    175a:	fc 01       	movw	r30, r24
    175c:	20 83       	st	Z, r18
		*ocrPWM = 0;
    175e:	89 81       	ldd	r24, Y+1	; 0x01
    1760:	9a 81       	ldd	r25, Y+2	; 0x02
    1762:	fc 01       	movw	r30, r24
    1764:	82 85       	ldd	r24, Z+10	; 0x0a
    1766:	93 85       	ldd	r25, Z+11	; 0x0b
    1768:	fc 01       	movw	r30, r24
    176a:	10 82       	st	Z, r1
	}
    176c:	00 00       	nop
    176e:	0f 90       	pop	r0
    1770:	0f 90       	pop	r0
    1772:	df 91       	pop	r29
    1774:	cf 91       	pop	r28
    1776:	08 95       	ret

00001778 <_ZN6Motor211startHomingEbN12LimitSwitch38PositionEmh>:
	
	void startHoming(bool dir, LimitSwitch3::Position target, uint32_t currentTime, uint8_t speed = DEFAULT_SPEED) {
    1778:	ef 92       	push	r14
    177a:	0f 93       	push	r16
    177c:	1f 93       	push	r17
    177e:	cf 93       	push	r28
    1780:	df 93       	push	r29
    1782:	cd b7       	in	r28, 0x3d	; 61
    1784:	de b7       	in	r29, 0x3e	; 62
    1786:	29 97       	sbiw	r28, 0x09	; 9
    1788:	0f b6       	in	r0, 0x3f	; 63
    178a:	f8 94       	cli
    178c:	de bf       	out	0x3e, r29	; 62
    178e:	0f be       	out	0x3f, r0	; 63
    1790:	cd bf       	out	0x3d, r28	; 61
    1792:	9a 83       	std	Y+2, r25	; 0x02
    1794:	89 83       	std	Y+1, r24	; 0x01
    1796:	6b 83       	std	Y+3, r22	; 0x03
    1798:	4c 83       	std	Y+4, r20	; 0x04
    179a:	0d 83       	std	Y+5, r16	; 0x05
    179c:	1e 83       	std	Y+6, r17	; 0x06
    179e:	2f 83       	std	Y+7, r18	; 0x07
    17a0:	38 87       	std	Y+8, r19	; 0x08
    17a2:	e9 86       	std	Y+9, r14	; 0x09
		if (sw == 0) return;
    17a4:	89 81       	ldd	r24, Y+1	; 0x01
    17a6:	9a 81       	ldd	r25, Y+2	; 0x02
    17a8:	fc 01       	movw	r30, r24
    17aa:	84 85       	ldd	r24, Z+12	; 0x0c
    17ac:	95 85       	ldd	r25, Z+13	; 0x0d
    17ae:	89 2b       	or	r24, r25
    17b0:	09 f4       	brne	.+2      	; 0x17b4 <_ZN6Motor211startHomingEbN12LimitSwitch38PositionEmh+0x3c>
    17b2:	67 c0       	rjmp	.+206    	; 0x1882 <_ZN6Motor211startHomingEbN12LimitSwitch38PositionEmh+0x10a>

		isHoming = true;
    17b4:	89 81       	ldd	r24, Y+1	; 0x01
    17b6:	9a 81       	ldd	r25, Y+2	; 0x02
    17b8:	21 e0       	ldi	r18, 0x01	; 1
    17ba:	fc 01       	movw	r30, r24
    17bc:	26 8b       	std	Z+22, r18	; 0x16
		homingTarget = target;
    17be:	89 81       	ldd	r24, Y+1	; 0x01
    17c0:	9a 81       	ldd	r25, Y+2	; 0x02
    17c2:	2c 81       	ldd	r18, Y+4	; 0x04
    17c4:	fc 01       	movw	r30, r24
    17c6:	23 8f       	std	Z+27, r18	; 0x1b
		homingPressStart = 0;
    17c8:	89 81       	ldd	r24, Y+1	; 0x01
    17ca:	9a 81       	ldd	r25, Y+2	; 0x02
    17cc:	fc 01       	movw	r30, r24
    17ce:	17 8a       	std	Z+23, r1	; 0x17
    17d0:	10 8e       	std	Z+24, r1	; 0x18
    17d2:	11 8e       	std	Z+25, r1	; 0x19
    17d4:	12 8e       	std	Z+26, r1	; 0x1a

		// ESCAPE INCONDICIONAL SIEMPRE AL ARRANCAR
		escaping = true;
    17d6:	89 81       	ldd	r24, Y+1	; 0x01
    17d8:	9a 81       	ldd	r25, Y+2	; 0x02
    17da:	21 e0       	ldi	r18, 0x01	; 1
    17dc:	fc 01       	movw	r30, r24
    17de:	20 8b       	std	Z+16, r18	; 0x10
		escapeStart = currentTime;
    17e0:	29 81       	ldd	r18, Y+1	; 0x01
    17e2:	3a 81       	ldd	r19, Y+2	; 0x02
    17e4:	8d 81       	ldd	r24, Y+5	; 0x05
    17e6:	9e 81       	ldd	r25, Y+6	; 0x06
    17e8:	af 81       	ldd	r26, Y+7	; 0x07
    17ea:	b8 85       	ldd	r27, Y+8	; 0x08
    17ec:	f9 01       	movw	r30, r18
    17ee:	81 8b       	std	Z+17, r24	; 0x11
    17f0:	92 8b       	std	Z+18, r25	; 0x12
    17f2:	a3 8b       	std	Z+19, r26	; 0x13
    17f4:	b4 8b       	std	Z+20, r27	; 0x14
		sw->forceReleased();
    17f6:	89 81       	ldd	r24, Y+1	; 0x01
    17f8:	9a 81       	ldd	r25, Y+2	; 0x02
    17fa:	fc 01       	movw	r30, r24
    17fc:	84 85       	ldd	r24, Z+12	; 0x0c
    17fe:	95 85       	ldd	r25, Z+13	; 0x0d
    1800:	0e 94 ae 0a 	call	0x155c	; 0x155c <_ZN12LimitSwitch313forceReleasedEv>

		if (dir) 	*portDIR |= maskDIR;
    1804:	8b 81       	ldd	r24, Y+3	; 0x03
    1806:	88 23       	and	r24, r24
    1808:	a1 f0       	breq	.+40     	; 0x1832 <_ZN6Motor211startHomingEbN12LimitSwitch38PositionEmh+0xba>
    180a:	89 81       	ldd	r24, Y+1	; 0x01
    180c:	9a 81       	ldd	r25, Y+2	; 0x02
    180e:	fc 01       	movw	r30, r24
    1810:	80 81       	ld	r24, Z
    1812:	91 81       	ldd	r25, Z+1	; 0x01
    1814:	29 81       	ldd	r18, Y+1	; 0x01
    1816:	3a 81       	ldd	r19, Y+2	; 0x02
    1818:	f9 01       	movw	r30, r18
    181a:	20 81       	ld	r18, Z
    181c:	31 81       	ldd	r19, Z+1	; 0x01
    181e:	f9 01       	movw	r30, r18
    1820:	40 81       	ld	r20, Z
    1822:	29 81       	ldd	r18, Y+1	; 0x01
    1824:	3a 81       	ldd	r19, Y+2	; 0x02
    1826:	f9 01       	movw	r30, r18
    1828:	24 81       	ldd	r18, Z+4	; 0x04
    182a:	24 2b       	or	r18, r20
    182c:	fc 01       	movw	r30, r24
    182e:	20 83       	st	Z, r18
    1830:	15 c0       	rjmp	.+42     	; 0x185c <_ZN6Motor211startHomingEbN12LimitSwitch38PositionEmh+0xe4>
		else 		*portDIR &= ~maskDIR;
    1832:	89 81       	ldd	r24, Y+1	; 0x01
    1834:	9a 81       	ldd	r25, Y+2	; 0x02
    1836:	fc 01       	movw	r30, r24
    1838:	80 81       	ld	r24, Z
    183a:	91 81       	ldd	r25, Z+1	; 0x01
    183c:	29 81       	ldd	r18, Y+1	; 0x01
    183e:	3a 81       	ldd	r19, Y+2	; 0x02
    1840:	f9 01       	movw	r30, r18
    1842:	20 81       	ld	r18, Z
    1844:	31 81       	ldd	r19, Z+1	; 0x01
    1846:	f9 01       	movw	r30, r18
    1848:	20 81       	ld	r18, Z
    184a:	42 2f       	mov	r20, r18
    184c:	29 81       	ldd	r18, Y+1	; 0x01
    184e:	3a 81       	ldd	r19, Y+2	; 0x02
    1850:	f9 01       	movw	r30, r18
    1852:	24 81       	ldd	r18, Z+4	; 0x04
    1854:	20 95       	com	r18
    1856:	24 23       	and	r18, r20
    1858:	fc 01       	movw	r30, r24
    185a:	20 83       	st	Z, r18

		*ocrPWM = speed;
    185c:	89 81       	ldd	r24, Y+1	; 0x01
    185e:	9a 81       	ldd	r25, Y+2	; 0x02
    1860:	fc 01       	movw	r30, r24
    1862:	82 85       	ldd	r24, Z+10	; 0x0a
    1864:	93 85       	ldd	r25, Z+11	; 0x0b
    1866:	29 85       	ldd	r18, Y+9	; 0x09
    1868:	fc 01       	movw	r30, r24
    186a:	20 83       	st	Z, r18
        // Eliminado la manipulación manual de portEN. El Timer toma el control.

		direction = dir;
    186c:	89 81       	ldd	r24, Y+1	; 0x01
    186e:	9a 81       	ldd	r25, Y+2	; 0x02
    1870:	2b 81       	ldd	r18, Y+3	; 0x03
    1872:	fc 01       	movw	r30, r24
    1874:	27 87       	std	Z+15, r18	; 0x0f
		moving = true;
    1876:	89 81       	ldd	r24, Y+1	; 0x01
    1878:	9a 81       	ldd	r25, Y+2	; 0x02
    187a:	21 e0       	ldi	r18, 0x01	; 1
    187c:	fc 01       	movw	r30, r24
    187e:	26 87       	std	Z+14, r18	; 0x0e
    1880:	01 c0       	rjmp	.+2      	; 0x1884 <_ZN6Motor211startHomingEbN12LimitSwitch38PositionEmh+0x10c>
		*portEN &= ~maskEN;
		*ocrPWM = 0;
	}
	
	void startHoming(bool dir, LimitSwitch3::Position target, uint32_t currentTime, uint8_t speed = DEFAULT_SPEED) {
		if (sw == 0) return;
    1882:	00 00       	nop
		*ocrPWM = speed;
        // Eliminado la manipulación manual de portEN. El Timer toma el control.

		direction = dir;
		moving = true;
	}
    1884:	29 96       	adiw	r28, 0x09	; 9
    1886:	0f b6       	in	r0, 0x3f	; 63
    1888:	f8 94       	cli
    188a:	de bf       	out	0x3e, r29	; 62
    188c:	0f be       	out	0x3f, r0	; 63
    188e:	cd bf       	out	0x3d, r28	; 61
    1890:	df 91       	pop	r29
    1892:	cf 91       	pop	r28
    1894:	1f 91       	pop	r17
    1896:	0f 91       	pop	r16
    1898:	ef 90       	pop	r14
    189a:	08 95       	ret

0000189c <_ZN6Motor24moveEbN12LimitSwitch38PositionEmh>:
	
	void move(bool dir, LimitSwitch3::Position target, uint32_t currentTime, uint8_t speed = DEFAULT_SPEED) {
    189c:	ef 92       	push	r14
    189e:	0f 93       	push	r16
    18a0:	1f 93       	push	r17
    18a2:	cf 93       	push	r28
    18a4:	df 93       	push	r29
    18a6:	cd b7       	in	r28, 0x3d	; 61
    18a8:	de b7       	in	r29, 0x3e	; 62
    18aa:	2a 97       	sbiw	r28, 0x0a	; 10
    18ac:	0f b6       	in	r0, 0x3f	; 63
    18ae:	f8 94       	cli
    18b0:	de bf       	out	0x3e, r29	; 62
    18b2:	0f be       	out	0x3f, r0	; 63
    18b4:	cd bf       	out	0x3d, r28	; 61
    18b6:	9b 83       	std	Y+3, r25	; 0x03
    18b8:	8a 83       	std	Y+2, r24	; 0x02
    18ba:	6c 83       	std	Y+4, r22	; 0x04
    18bc:	4d 83       	std	Y+5, r20	; 0x05
    18be:	0e 83       	std	Y+6, r16	; 0x06
    18c0:	1f 83       	std	Y+7, r17	; 0x07
    18c2:	28 87       	std	Y+8, r18	; 0x08
    18c4:	39 87       	std	Y+9, r19	; 0x09
    18c6:	ea 86       	std	Y+10, r14	; 0x0a
		if (sw == 0) return;
    18c8:	8a 81       	ldd	r24, Y+2	; 0x02
    18ca:	9b 81       	ldd	r25, Y+3	; 0x03
    18cc:	fc 01       	movw	r30, r24
    18ce:	84 85       	ldd	r24, Z+12	; 0x0c
    18d0:	95 85       	ldd	r25, Z+13	; 0x0d
    18d2:	89 2b       	or	r24, r25
    18d4:	09 f4       	brne	.+2      	; 0x18d8 <_ZN6Motor24moveEbN12LimitSwitch38PositionEmh+0x3c>
    18d6:	69 c0       	rjmp	.+210    	; 0x19aa <_ZN6Motor24moveEbN12LimitSwitch38PositionEmh+0x10e>

		targetPosition = target;
    18d8:	8a 81       	ldd	r24, Y+2	; 0x02
    18da:	9b 81       	ldd	r25, Y+3	; 0x03
    18dc:	2d 81       	ldd	r18, Y+5	; 0x05
    18de:	fc 01       	movw	r30, r24
    18e0:	25 8b       	std	Z+21, r18	; 0x15
		LimitSwitch3::Position nextPos = computeNextExpected(dir);
    18e2:	8a 81       	ldd	r24, Y+2	; 0x02
    18e4:	9b 81       	ldd	r25, Y+3	; 0x03
    18e6:	6c 81       	ldd	r22, Y+4	; 0x04
    18e8:	0e 94 87 0e 	call	0x1d0e	; 0x1d0e <_ZN6Motor219computeNextExpectedEb>
    18ec:	89 83       	std	Y+1, r24	; 0x01
		sw->setNextExpected(nextPos);
    18ee:	8a 81       	ldd	r24, Y+2	; 0x02
    18f0:	9b 81       	ldd	r25, Y+3	; 0x03
    18f2:	fc 01       	movw	r30, r24
    18f4:	84 85       	ldd	r24, Z+12	; 0x0c
    18f6:	95 85       	ldd	r25, Z+13	; 0x0d
    18f8:	69 81       	ldd	r22, Y+1	; 0x01
    18fa:	0e 94 71 0a 	call	0x14e2	; 0x14e2 <_ZN12LimitSwitch315setNextExpectedENS_8PositionE>

		// ESCAPE INCONDICIONAL SIEMPRE AL ARRANCAR
		escaping = true;
    18fe:	8a 81       	ldd	r24, Y+2	; 0x02
    1900:	9b 81       	ldd	r25, Y+3	; 0x03
    1902:	21 e0       	ldi	r18, 0x01	; 1
    1904:	fc 01       	movw	r30, r24
    1906:	20 8b       	std	Z+16, r18	; 0x10
		escapeStart = currentTime;
    1908:	2a 81       	ldd	r18, Y+2	; 0x02
    190a:	3b 81       	ldd	r19, Y+3	; 0x03
    190c:	8e 81       	ldd	r24, Y+6	; 0x06
    190e:	9f 81       	ldd	r25, Y+7	; 0x07
    1910:	a8 85       	ldd	r26, Y+8	; 0x08
    1912:	b9 85       	ldd	r27, Y+9	; 0x09
    1914:	f9 01       	movw	r30, r18
    1916:	81 8b       	std	Z+17, r24	; 0x11
    1918:	92 8b       	std	Z+18, r25	; 0x12
    191a:	a3 8b       	std	Z+19, r26	; 0x13
    191c:	b4 8b       	std	Z+20, r27	; 0x14
		sw->forceReleased(); 
    191e:	8a 81       	ldd	r24, Y+2	; 0x02
    1920:	9b 81       	ldd	r25, Y+3	; 0x03
    1922:	fc 01       	movw	r30, r24
    1924:	84 85       	ldd	r24, Z+12	; 0x0c
    1926:	95 85       	ldd	r25, Z+13	; 0x0d
    1928:	0e 94 ae 0a 	call	0x155c	; 0x155c <_ZN12LimitSwitch313forceReleasedEv>

		if (dir) 	*portDIR |= maskDIR; 
    192c:	8c 81       	ldd	r24, Y+4	; 0x04
    192e:	88 23       	and	r24, r24
    1930:	a1 f0       	breq	.+40     	; 0x195a <_ZN6Motor24moveEbN12LimitSwitch38PositionEmh+0xbe>
    1932:	8a 81       	ldd	r24, Y+2	; 0x02
    1934:	9b 81       	ldd	r25, Y+3	; 0x03
    1936:	fc 01       	movw	r30, r24
    1938:	80 81       	ld	r24, Z
    193a:	91 81       	ldd	r25, Z+1	; 0x01
    193c:	2a 81       	ldd	r18, Y+2	; 0x02
    193e:	3b 81       	ldd	r19, Y+3	; 0x03
    1940:	f9 01       	movw	r30, r18
    1942:	20 81       	ld	r18, Z
    1944:	31 81       	ldd	r19, Z+1	; 0x01
    1946:	f9 01       	movw	r30, r18
    1948:	40 81       	ld	r20, Z
    194a:	2a 81       	ldd	r18, Y+2	; 0x02
    194c:	3b 81       	ldd	r19, Y+3	; 0x03
    194e:	f9 01       	movw	r30, r18
    1950:	24 81       	ldd	r18, Z+4	; 0x04
    1952:	24 2b       	or	r18, r20
    1954:	fc 01       	movw	r30, r24
    1956:	20 83       	st	Z, r18
    1958:	15 c0       	rjmp	.+42     	; 0x1984 <_ZN6Motor24moveEbN12LimitSwitch38PositionEmh+0xe8>
		else 		*portDIR &= ~maskDIR; 
    195a:	8a 81       	ldd	r24, Y+2	; 0x02
    195c:	9b 81       	ldd	r25, Y+3	; 0x03
    195e:	fc 01       	movw	r30, r24
    1960:	80 81       	ld	r24, Z
    1962:	91 81       	ldd	r25, Z+1	; 0x01
    1964:	2a 81       	ldd	r18, Y+2	; 0x02
    1966:	3b 81       	ldd	r19, Y+3	; 0x03
    1968:	f9 01       	movw	r30, r18
    196a:	20 81       	ld	r18, Z
    196c:	31 81       	ldd	r19, Z+1	; 0x01
    196e:	f9 01       	movw	r30, r18
    1970:	20 81       	ld	r18, Z
    1972:	42 2f       	mov	r20, r18
    1974:	2a 81       	ldd	r18, Y+2	; 0x02
    1976:	3b 81       	ldd	r19, Y+3	; 0x03
    1978:	f9 01       	movw	r30, r18
    197a:	24 81       	ldd	r18, Z+4	; 0x04
    197c:	20 95       	com	r18
    197e:	24 23       	and	r18, r20
    1980:	fc 01       	movw	r30, r24
    1982:	20 83       	st	Z, r18

		*ocrPWM = speed;
    1984:	8a 81       	ldd	r24, Y+2	; 0x02
    1986:	9b 81       	ldd	r25, Y+3	; 0x03
    1988:	fc 01       	movw	r30, r24
    198a:	82 85       	ldd	r24, Z+10	; 0x0a
    198c:	93 85       	ldd	r25, Z+11	; 0x0b
    198e:	2a 85       	ldd	r18, Y+10	; 0x0a
    1990:	fc 01       	movw	r30, r24
    1992:	20 83       	st	Z, r18

		direction = dir;
    1994:	8a 81       	ldd	r24, Y+2	; 0x02
    1996:	9b 81       	ldd	r25, Y+3	; 0x03
    1998:	2c 81       	ldd	r18, Y+4	; 0x04
    199a:	fc 01       	movw	r30, r24
    199c:	27 87       	std	Z+15, r18	; 0x0f
		moving = true;
    199e:	8a 81       	ldd	r24, Y+2	; 0x02
    19a0:	9b 81       	ldd	r25, Y+3	; 0x03
    19a2:	21 e0       	ldi	r18, 0x01	; 1
    19a4:	fc 01       	movw	r30, r24
    19a6:	26 87       	std	Z+14, r18	; 0x0e
    19a8:	01 c0       	rjmp	.+2      	; 0x19ac <_ZN6Motor24moveEbN12LimitSwitch38PositionEmh+0x110>
		direction = dir;
		moving = true;
	}
	
	void move(bool dir, LimitSwitch3::Position target, uint32_t currentTime, uint8_t speed = DEFAULT_SPEED) {
		if (sw == 0) return;
    19aa:	00 00       	nop

		*ocrPWM = speed;

		direction = dir;
		moving = true;
	}
    19ac:	2a 96       	adiw	r28, 0x0a	; 10
    19ae:	0f b6       	in	r0, 0x3f	; 63
    19b0:	f8 94       	cli
    19b2:	de bf       	out	0x3e, r29	; 62
    19b4:	0f be       	out	0x3f, r0	; 63
    19b6:	cd bf       	out	0x3d, r28	; 61
    19b8:	df 91       	pop	r29
    19ba:	cf 91       	pop	r28
    19bc:	1f 91       	pop	r17
    19be:	0f 91       	pop	r16
    19c0:	ef 90       	pop	r14
    19c2:	08 95       	ret

000019c4 <_ZN6Motor24stopEv>:

	void stop() {
    19c4:	cf 93       	push	r28
    19c6:	df 93       	push	r29
    19c8:	00 d0       	rcall	.+0      	; 0x19ca <_ZN6Motor24stopEv+0x6>
    19ca:	cd b7       	in	r28, 0x3d	; 61
    19cc:	de b7       	in	r29, 0x3e	; 62
    19ce:	9a 83       	std	Y+2, r25	; 0x02
    19d0:	89 83       	std	Y+1, r24	; 0x01
		*ocrPWM = 0;
    19d2:	89 81       	ldd	r24, Y+1	; 0x01
    19d4:	9a 81       	ldd	r25, Y+2	; 0x02
    19d6:	fc 01       	movw	r30, r24
    19d8:	82 85       	ldd	r24, Z+10	; 0x0a
    19da:	93 85       	ldd	r25, Z+11	; 0x0b
    19dc:	fc 01       	movw	r30, r24
    19de:	10 82       	st	Z, r1
		moving = false;
    19e0:	89 81       	ldd	r24, Y+1	; 0x01
    19e2:	9a 81       	ldd	r25, Y+2	; 0x02
    19e4:	fc 01       	movw	r30, r24
    19e6:	16 86       	std	Z+14, r1	; 0x0e
		escaping = false;
    19e8:	89 81       	ldd	r24, Y+1	; 0x01
    19ea:	9a 81       	ldd	r25, Y+2	; 0x02
    19ec:	fc 01       	movw	r30, r24
    19ee:	10 8a       	std	Z+16, r1	; 0x10
	}
    19f0:	00 00       	nop
    19f2:	0f 90       	pop	r0
    19f4:	0f 90       	pop	r0
    19f6:	df 91       	pop	r29
    19f8:	cf 91       	pop	r28
    19fa:	08 95       	ret

000019fc <_ZN6Motor26updateEm>:

	void update(uint32_t currentTime) {
    19fc:	ef 92       	push	r14
    19fe:	ff 92       	push	r15
    1a00:	0f 93       	push	r16
    1a02:	1f 93       	push	r17
    1a04:	cf 93       	push	r28
    1a06:	df 93       	push	r29
    1a08:	cd b7       	in	r28, 0x3d	; 61
    1a0a:	de b7       	in	r29, 0x3e	; 62
    1a0c:	28 97       	sbiw	r28, 0x08	; 8
    1a0e:	0f b6       	in	r0, 0x3f	; 63
    1a10:	f8 94       	cli
    1a12:	de bf       	out	0x3e, r29	; 62
    1a14:	0f be       	out	0x3f, r0	; 63
    1a16:	cd bf       	out	0x3d, r28	; 61
    1a18:	9c 83       	std	Y+4, r25	; 0x04
    1a1a:	8b 83       	std	Y+3, r24	; 0x03
    1a1c:	4d 83       	std	Y+5, r20	; 0x05
    1a1e:	5e 83       	std	Y+6, r21	; 0x06
    1a20:	6f 83       	std	Y+7, r22	; 0x07
    1a22:	78 87       	std	Y+8, r23	; 0x08
		if (!moving || sw == 0) return;
    1a24:	8b 81       	ldd	r24, Y+3	; 0x03
    1a26:	9c 81       	ldd	r25, Y+4	; 0x04
    1a28:	fc 01       	movw	r30, r24
    1a2a:	96 85       	ldd	r25, Z+14	; 0x0e
    1a2c:	81 e0       	ldi	r24, 0x01	; 1
    1a2e:	89 27       	eor	r24, r25
    1a30:	88 23       	and	r24, r24
    1a32:	09 f0       	breq	.+2      	; 0x1a36 <_ZN6Motor26updateEm+0x3a>
    1a34:	19 c1       	rjmp	.+562    	; 0x1c68 <_ZN6Motor26updateEm+0x26c>
    1a36:	8b 81       	ldd	r24, Y+3	; 0x03
    1a38:	9c 81       	ldd	r25, Y+4	; 0x04
    1a3a:	fc 01       	movw	r30, r24
    1a3c:	84 85       	ldd	r24, Z+12	; 0x0c
    1a3e:	95 85       	ldd	r25, Z+13	; 0x0d
    1a40:	89 2b       	or	r24, r25
    1a42:	09 f4       	brne	.+2      	; 0x1a46 <_ZN6Motor26updateEm+0x4a>
    1a44:	11 c1       	rjmp	.+546    	; 0x1c68 <_ZN6Motor26updateEm+0x26c>
		
		if (isHoming) {
    1a46:	8b 81       	ldd	r24, Y+3	; 0x03
    1a48:	9c 81       	ldd	r25, Y+4	; 0x04
    1a4a:	fc 01       	movw	r30, r24
    1a4c:	86 89       	ldd	r24, Z+22	; 0x16
    1a4e:	88 23       	and	r24, r24
    1a50:	09 f4       	brne	.+2      	; 0x1a54 <_ZN6Motor26updateEm+0x58>
    1a52:	91 c0       	rjmp	.+290    	; 0x1b76 <_ZN6Motor26updateEm+0x17a>
			if(escaping) {
    1a54:	8b 81       	ldd	r24, Y+3	; 0x03
    1a56:	9c 81       	ldd	r25, Y+4	; 0x04
    1a58:	fc 01       	movw	r30, r24
    1a5a:	80 89       	ldd	r24, Z+16	; 0x10
    1a5c:	88 23       	and	r24, r24
    1a5e:	29 f1       	breq	.+74     	; 0x1aaa <_ZN6Motor26updateEm+0xae>
				if ((currentTime - escapeStart) >= ESCAPE_MS) {
    1a60:	8b 81       	ldd	r24, Y+3	; 0x03
    1a62:	9c 81       	ldd	r25, Y+4	; 0x04
    1a64:	fc 01       	movw	r30, r24
    1a66:	81 89       	ldd	r24, Z+17	; 0x11
    1a68:	92 89       	ldd	r25, Z+18	; 0x12
    1a6a:	a3 89       	ldd	r26, Z+19	; 0x13
    1a6c:	b4 89       	ldd	r27, Z+20	; 0x14
    1a6e:	2d 81       	ldd	r18, Y+5	; 0x05
    1a70:	3e 81       	ldd	r19, Y+6	; 0x06
    1a72:	4f 81       	ldd	r20, Y+7	; 0x07
    1a74:	58 85       	ldd	r21, Y+8	; 0x08
    1a76:	79 01       	movw	r14, r18
    1a78:	8a 01       	movw	r16, r20
    1a7a:	e8 1a       	sub	r14, r24
    1a7c:	f9 0a       	sbc	r15, r25
    1a7e:	0a 0b       	sbc	r16, r26
    1a80:	1b 0b       	sbc	r17, r27
    1a82:	d8 01       	movw	r26, r16
    1a84:	c7 01       	movw	r24, r14
    1a86:	8c 32       	cpi	r24, 0x2C	; 44
    1a88:	91 40       	sbci	r25, 0x01	; 1
    1a8a:	a1 05       	cpc	r26, r1
    1a8c:	b1 05       	cpc	r27, r1
    1a8e:	08 f4       	brcc	.+2      	; 0x1a92 <_ZN6Motor26updateEm+0x96>
    1a90:	ed c0       	rjmp	.+474    	; 0x1c6c <_ZN6Motor26updateEm+0x270>
					escaping = false;
    1a92:	8b 81       	ldd	r24, Y+3	; 0x03
    1a94:	9c 81       	ldd	r25, Y+4	; 0x04
    1a96:	fc 01       	movw	r30, r24
    1a98:	10 8a       	std	Z+16, r1	; 0x10
            
					// Eliminamos la comprobación de isPressed() y el stop() inmediato.
					// Dejamos que el flujo normal exija siempre los 250ms de HOMING_HOLD_MS.
            
					sw->consumePress(); // Limpiamos flancos residuales
    1a9a:	8b 81       	ldd	r24, Y+3	; 0x03
    1a9c:	9c 81       	ldd	r25, Y+4	; 0x04
    1a9e:	fc 01       	movw	r30, r24
    1aa0:	84 85       	ldd	r24, Z+12	; 0x0c
    1aa2:	95 85       	ldd	r25, Z+13	; 0x0d
    1aa4:	0e 94 48 0a 	call	0x1490	; 0x1490 <_ZN12LimitSwitch312consumePressEv>
				}
				return;
    1aa8:	e1 c0       	rjmp	.+450    	; 0x1c6c <_ZN6Motor26updateEm+0x270>
			}

			if (sw->isPressed()) {
    1aaa:	8b 81       	ldd	r24, Y+3	; 0x03
    1aac:	9c 81       	ldd	r25, Y+4	; 0x04
    1aae:	fc 01       	movw	r30, r24
    1ab0:	84 85       	ldd	r24, Z+12	; 0x0c
    1ab2:	95 85       	ldd	r25, Z+13	; 0x0d
    1ab4:	0e 94 38 0a 	call	0x1470	; 0x1470 <_ZN12LimitSwitch39isPressedEv>
    1ab8:	88 23       	and	r24, r24
    1aba:	09 f4       	brne	.+2      	; 0x1abe <_ZN6Motor26updateEm+0xc2>
    1abc:	4d c0       	rjmp	.+154    	; 0x1b58 <_ZN6Motor26updateEm+0x15c>
				if (homingPressStart == 0) {
    1abe:	8b 81       	ldd	r24, Y+3	; 0x03
    1ac0:	9c 81       	ldd	r25, Y+4	; 0x04
    1ac2:	fc 01       	movw	r30, r24
    1ac4:	87 89       	ldd	r24, Z+23	; 0x17
    1ac6:	90 8d       	ldd	r25, Z+24	; 0x18
    1ac8:	a1 8d       	ldd	r26, Z+25	; 0x19
    1aca:	b2 8d       	ldd	r27, Z+26	; 0x1a
    1acc:	89 2b       	or	r24, r25
    1ace:	8a 2b       	or	r24, r26
    1ad0:	8b 2b       	or	r24, r27
    1ad2:	61 f4       	brne	.+24     	; 0x1aec <_ZN6Motor26updateEm+0xf0>
					homingPressStart = currentTime;
    1ad4:	2b 81       	ldd	r18, Y+3	; 0x03
    1ad6:	3c 81       	ldd	r19, Y+4	; 0x04
    1ad8:	8d 81       	ldd	r24, Y+5	; 0x05
    1ada:	9e 81       	ldd	r25, Y+6	; 0x06
    1adc:	af 81       	ldd	r26, Y+7	; 0x07
    1ade:	b8 85       	ldd	r27, Y+8	; 0x08
    1ae0:	f9 01       	movw	r30, r18
    1ae2:	87 8b       	std	Z+23, r24	; 0x17
    1ae4:	90 8f       	std	Z+24, r25	; 0x18
    1ae6:	a1 8f       	std	Z+25, r26	; 0x19
    1ae8:	b2 8f       	std	Z+26, r27	; 0x1a
				}
				} else {
				homingPressStart = 0;
				sw->consumePress();
			}
			return;
    1aea:	c2 c0       	rjmp	.+388    	; 0x1c70 <_ZN6Motor26updateEm+0x274>
			}

			if (sw->isPressed()) {
				if (homingPressStart == 0) {
					homingPressStart = currentTime;
					} else if ((currentTime - homingPressStart) >= HOMING_HOLD_MS) {
    1aec:	8b 81       	ldd	r24, Y+3	; 0x03
    1aee:	9c 81       	ldd	r25, Y+4	; 0x04
    1af0:	fc 01       	movw	r30, r24
    1af2:	87 89       	ldd	r24, Z+23	; 0x17
    1af4:	90 8d       	ldd	r25, Z+24	; 0x18
    1af6:	a1 8d       	ldd	r26, Z+25	; 0x19
    1af8:	b2 8d       	ldd	r27, Z+26	; 0x1a
    1afa:	2d 81       	ldd	r18, Y+5	; 0x05
    1afc:	3e 81       	ldd	r19, Y+6	; 0x06
    1afe:	4f 81       	ldd	r20, Y+7	; 0x07
    1b00:	58 85       	ldd	r21, Y+8	; 0x08
    1b02:	79 01       	movw	r14, r18
    1b04:	8a 01       	movw	r16, r20
    1b06:	e8 1a       	sub	r14, r24
    1b08:	f9 0a       	sbc	r15, r25
    1b0a:	0a 0b       	sbc	r16, r26
    1b0c:	1b 0b       	sbc	r17, r27
    1b0e:	d8 01       	movw	r26, r16
    1b10:	c7 01       	movw	r24, r14
    1b12:	8a 3f       	cpi	r24, 0xFA	; 250
    1b14:	91 05       	cpc	r25, r1
    1b16:	a1 05       	cpc	r26, r1
    1b18:	b1 05       	cpc	r27, r1
    1b1a:	08 f4       	brcc	.+2      	; 0x1b1e <_ZN6Motor26updateEm+0x122>
    1b1c:	a9 c0       	rjmp	.+338    	; 0x1c70 <_ZN6Motor26updateEm+0x274>
					stop();
    1b1e:	8b 81       	ldd	r24, Y+3	; 0x03
    1b20:	9c 81       	ldd	r25, Y+4	; 0x04
    1b22:	0e 94 e2 0c 	call	0x19c4	; 0x19c4 <_ZN6Motor24stopEv>
					sw->forcePressed(homingTarget);
    1b26:	8b 81       	ldd	r24, Y+3	; 0x03
    1b28:	9c 81       	ldd	r25, Y+4	; 0x04
    1b2a:	fc 01       	movw	r30, r24
    1b2c:	23 8d       	ldd	r18, Z+27	; 0x1b
    1b2e:	8b 81       	ldd	r24, Y+3	; 0x03
    1b30:	9c 81       	ldd	r25, Y+4	; 0x04
    1b32:	fc 01       	movw	r30, r24
    1b34:	84 85       	ldd	r24, Z+12	; 0x0c
    1b36:	95 85       	ldd	r25, Z+13	; 0x0d
    1b38:	62 2f       	mov	r22, r18
    1b3a:	0e 94 86 0a 	call	0x150c	; 0x150c <_ZN12LimitSwitch312forcePressedENS_8PositionE>
					targetPosition = homingTarget;
    1b3e:	8b 81       	ldd	r24, Y+3	; 0x03
    1b40:	9c 81       	ldd	r25, Y+4	; 0x04
    1b42:	fc 01       	movw	r30, r24
    1b44:	23 8d       	ldd	r18, Z+27	; 0x1b
    1b46:	8b 81       	ldd	r24, Y+3	; 0x03
    1b48:	9c 81       	ldd	r25, Y+4	; 0x04
    1b4a:	fc 01       	movw	r30, r24
    1b4c:	25 8b       	std	Z+21, r18	; 0x15
					isHoming = false;
    1b4e:	8b 81       	ldd	r24, Y+3	; 0x03
    1b50:	9c 81       	ldd	r25, Y+4	; 0x04
    1b52:	fc 01       	movw	r30, r24
    1b54:	16 8a       	std	Z+22, r1	; 0x16
				}
				} else {
				homingPressStart = 0;
				sw->consumePress();
			}
			return;
    1b56:	8c c0       	rjmp	.+280    	; 0x1c70 <_ZN6Motor26updateEm+0x274>
					sw->forcePressed(homingTarget);
					targetPosition = homingTarget;
					isHoming = false;
				}
				} else {
				homingPressStart = 0;
    1b58:	8b 81       	ldd	r24, Y+3	; 0x03
    1b5a:	9c 81       	ldd	r25, Y+4	; 0x04
    1b5c:	fc 01       	movw	r30, r24
    1b5e:	17 8a       	std	Z+23, r1	; 0x17
    1b60:	10 8e       	std	Z+24, r1	; 0x18
    1b62:	11 8e       	std	Z+25, r1	; 0x19
    1b64:	12 8e       	std	Z+26, r1	; 0x1a
				sw->consumePress();
    1b66:	8b 81       	ldd	r24, Y+3	; 0x03
    1b68:	9c 81       	ldd	r25, Y+4	; 0x04
    1b6a:	fc 01       	movw	r30, r24
    1b6c:	84 85       	ldd	r24, Z+12	; 0x0c
    1b6e:	95 85       	ldd	r25, Z+13	; 0x0d
    1b70:	0e 94 48 0a 	call	0x1490	; 0x1490 <_ZN12LimitSwitch312consumePressEv>
			}
			return;
    1b74:	7d c0       	rjmp	.+250    	; 0x1c70 <_ZN6Motor26updateEm+0x274>
		}

		if(escaping) {
    1b76:	8b 81       	ldd	r24, Y+3	; 0x03
    1b78:	9c 81       	ldd	r25, Y+4	; 0x04
    1b7a:	fc 01       	movw	r30, r24
    1b7c:	80 89       	ldd	r24, Z+16	; 0x10
    1b7e:	88 23       	and	r24, r24
    1b80:	91 f1       	breq	.+100    	; 0x1be6 <_ZN6Motor26updateEm+0x1ea>
			if ((currentTime - escapeStart) >= ESCAPE_MS) {
    1b82:	8b 81       	ldd	r24, Y+3	; 0x03
    1b84:	9c 81       	ldd	r25, Y+4	; 0x04
    1b86:	fc 01       	movw	r30, r24
    1b88:	81 89       	ldd	r24, Z+17	; 0x11
    1b8a:	92 89       	ldd	r25, Z+18	; 0x12
    1b8c:	a3 89       	ldd	r26, Z+19	; 0x13
    1b8e:	b4 89       	ldd	r27, Z+20	; 0x14
    1b90:	2d 81       	ldd	r18, Y+5	; 0x05
    1b92:	3e 81       	ldd	r19, Y+6	; 0x06
    1b94:	4f 81       	ldd	r20, Y+7	; 0x07
    1b96:	58 85       	ldd	r21, Y+8	; 0x08
    1b98:	79 01       	movw	r14, r18
    1b9a:	8a 01       	movw	r16, r20
    1b9c:	e8 1a       	sub	r14, r24
    1b9e:	f9 0a       	sbc	r15, r25
    1ba0:	0a 0b       	sbc	r16, r26
    1ba2:	1b 0b       	sbc	r17, r27
    1ba4:	d8 01       	movw	r26, r16
    1ba6:	c7 01       	movw	r24, r14
    1ba8:	8c 32       	cpi	r24, 0x2C	; 44
    1baa:	91 40       	sbci	r25, 0x01	; 1
    1bac:	a1 05       	cpc	r26, r1
    1bae:	b1 05       	cpc	r27, r1
    1bb0:	08 f4       	brcc	.+2      	; 0x1bb4 <_ZN6Motor26updateEm+0x1b8>
    1bb2:	60 c0       	rjmp	.+192    	; 0x1c74 <_ZN6Motor26updateEm+0x278>
				escaping = false;
    1bb4:	8b 81       	ldd	r24, Y+3	; 0x03
    1bb6:	9c 81       	ldd	r25, Y+4	; 0x04
    1bb8:	fc 01       	movw	r30, r24
    1bba:	10 8a       	std	Z+16, r1	; 0x10
				
				// NUEVO: Verificación post-escape para movimiento normal
				if (sw->isPressed()) {
    1bbc:	8b 81       	ldd	r24, Y+3	; 0x03
    1bbe:	9c 81       	ldd	r25, Y+4	; 0x04
    1bc0:	fc 01       	movw	r30, r24
    1bc2:	84 85       	ldd	r24, Z+12	; 0x0c
    1bc4:	95 85       	ldd	r25, Z+13	; 0x0d
    1bc6:	0e 94 38 0a 	call	0x1470	; 0x1470 <_ZN12LimitSwitch39isPressedEv>
    1bca:	88 23       	and	r24, r24
    1bcc:	21 f0       	breq	.+8      	; 0x1bd6 <_ZN6Motor26updateEm+0x1da>
					stop();
    1bce:	8b 81       	ldd	r24, Y+3	; 0x03
    1bd0:	9c 81       	ldd	r25, Y+4	; 0x04
    1bd2:	0e 94 e2 0c 	call	0x19c4	; 0x19c4 <_ZN6Motor24stopEv>
				}
				sw->consumePress();
    1bd6:	8b 81       	ldd	r24, Y+3	; 0x03
    1bd8:	9c 81       	ldd	r25, Y+4	; 0x04
    1bda:	fc 01       	movw	r30, r24
    1bdc:	84 85       	ldd	r24, Z+12	; 0x0c
    1bde:	95 85       	ldd	r25, Z+13	; 0x0d
    1be0:	0e 94 48 0a 	call	0x1490	; 0x1490 <_ZN12LimitSwitch312consumePressEv>
			}
			return;
    1be4:	47 c0       	rjmp	.+142    	; 0x1c74 <_ZN6Motor26updateEm+0x278>
		}

		if (sw->consumePress()) {
    1be6:	8b 81       	ldd	r24, Y+3	; 0x03
    1be8:	9c 81       	ldd	r25, Y+4	; 0x04
    1bea:	fc 01       	movw	r30, r24
    1bec:	84 85       	ldd	r24, Z+12	; 0x0c
    1bee:	95 85       	ldd	r25, Z+13	; 0x0d
    1bf0:	0e 94 48 0a 	call	0x1490	; 0x1490 <_ZN12LimitSwitch312consumePressEv>
    1bf4:	88 23       	and	r24, r24
    1bf6:	09 f4       	brne	.+2      	; 0x1bfa <_ZN6Motor26updateEm+0x1fe>
    1bf8:	3e c0       	rjmp	.+124    	; 0x1c76 <_ZN6Motor26updateEm+0x27a>
			LimitSwitch3::Position arrived = sw->getPosition();
    1bfa:	8b 81       	ldd	r24, Y+3	; 0x03
    1bfc:	9c 81       	ldd	r25, Y+4	; 0x04
    1bfe:	fc 01       	movw	r30, r24
    1c00:	84 85       	ldd	r24, Z+12	; 0x0c
    1c02:	95 85       	ldd	r25, Z+13	; 0x0d
    1c04:	0e 94 61 0a 	call	0x14c2	; 0x14c2 <_ZN12LimitSwitch311getPositionEv>
    1c08:	89 83       	std	Y+1, r24	; 0x01
			if (arrived == targetPosition) {
    1c0a:	8b 81       	ldd	r24, Y+3	; 0x03
    1c0c:	9c 81       	ldd	r25, Y+4	; 0x04
    1c0e:	fc 01       	movw	r30, r24
    1c10:	95 89       	ldd	r25, Z+21	; 0x15
    1c12:	89 81       	ldd	r24, Y+1	; 0x01
    1c14:	98 17       	cp	r25, r24
    1c16:	29 f4       	brne	.+10     	; 0x1c22 <_ZN6Motor26updateEm+0x226>
				stop();
    1c18:	8b 81       	ldd	r24, Y+3	; 0x03
    1c1a:	9c 81       	ldd	r25, Y+4	; 0x04
    1c1c:	0e 94 e2 0c 	call	0x19c4	; 0x19c4 <_ZN6Motor24stopEv>
    1c20:	2a c0       	rjmp	.+84     	; 0x1c76 <_ZN6Motor26updateEm+0x27a>
				} else {
				LimitSwitch3::Position nextPos = computeNextExpected(direction);
    1c22:	8b 81       	ldd	r24, Y+3	; 0x03
    1c24:	9c 81       	ldd	r25, Y+4	; 0x04
    1c26:	fc 01       	movw	r30, r24
    1c28:	27 85       	ldd	r18, Z+15	; 0x0f
    1c2a:	8b 81       	ldd	r24, Y+3	; 0x03
    1c2c:	9c 81       	ldd	r25, Y+4	; 0x04
    1c2e:	62 2f       	mov	r22, r18
    1c30:	0e 94 87 0e 	call	0x1d0e	; 0x1d0e <_ZN6Motor219computeNextExpectedEb>
    1c34:	8a 83       	std	Y+2, r24	; 0x02
				sw->setNextExpected(nextPos);
    1c36:	8b 81       	ldd	r24, Y+3	; 0x03
    1c38:	9c 81       	ldd	r25, Y+4	; 0x04
    1c3a:	fc 01       	movw	r30, r24
    1c3c:	84 85       	ldd	r24, Z+12	; 0x0c
    1c3e:	95 85       	ldd	r25, Z+13	; 0x0d
    1c40:	6a 81       	ldd	r22, Y+2	; 0x02
    1c42:	0e 94 71 0a 	call	0x14e2	; 0x14e2 <_ZN12LimitSwitch315setNextExpectedENS_8PositionE>
				escaping = true;
    1c46:	8b 81       	ldd	r24, Y+3	; 0x03
    1c48:	9c 81       	ldd	r25, Y+4	; 0x04
    1c4a:	21 e0       	ldi	r18, 0x01	; 1
    1c4c:	fc 01       	movw	r30, r24
    1c4e:	20 8b       	std	Z+16, r18	; 0x10
				escapeStart = currentTime;
    1c50:	2b 81       	ldd	r18, Y+3	; 0x03
    1c52:	3c 81       	ldd	r19, Y+4	; 0x04
    1c54:	8d 81       	ldd	r24, Y+5	; 0x05
    1c56:	9e 81       	ldd	r25, Y+6	; 0x06
    1c58:	af 81       	ldd	r26, Y+7	; 0x07
    1c5a:	b8 85       	ldd	r27, Y+8	; 0x08
    1c5c:	f9 01       	movw	r30, r18
    1c5e:	81 8b       	std	Z+17, r24	; 0x11
    1c60:	92 8b       	std	Z+18, r25	; 0x12
    1c62:	a3 8b       	std	Z+19, r26	; 0x13
    1c64:	b4 8b       	std	Z+20, r27	; 0x14
    1c66:	07 c0       	rjmp	.+14     	; 0x1c76 <_ZN6Motor26updateEm+0x27a>
		moving = false;
		escaping = false;
	}

	void update(uint32_t currentTime) {
		if (!moving || sw == 0) return;
    1c68:	00 00       	nop
    1c6a:	05 c0       	rjmp	.+10     	; 0x1c76 <_ZN6Motor26updateEm+0x27a>
					// Eliminamos la comprobación de isPressed() y el stop() inmediato.
					// Dejamos que el flujo normal exija siempre los 250ms de HOMING_HOLD_MS.
            
					sw->consumePress(); // Limpiamos flancos residuales
				}
				return;
    1c6c:	00 00       	nop
    1c6e:	03 c0       	rjmp	.+6      	; 0x1c76 <_ZN6Motor26updateEm+0x27a>
				}
				} else {
				homingPressStart = 0;
				sw->consumePress();
			}
			return;
    1c70:	00 00       	nop
    1c72:	01 c0       	rjmp	.+2      	; 0x1c76 <_ZN6Motor26updateEm+0x27a>
				if (sw->isPressed()) {
					stop();
				}
				sw->consumePress();
			}
			return;
    1c74:	00 00       	nop
				sw->setNextExpected(nextPos);
				escaping = true;
				escapeStart = currentTime;
			}
		}
	}
    1c76:	28 96       	adiw	r28, 0x08	; 8
    1c78:	0f b6       	in	r0, 0x3f	; 63
    1c7a:	f8 94       	cli
    1c7c:	de bf       	out	0x3e, r29	; 62
    1c7e:	0f be       	out	0x3f, r0	; 63
    1c80:	cd bf       	out	0x3d, r28	; 61
    1c82:	df 91       	pop	r29
    1c84:	cf 91       	pop	r28
    1c86:	1f 91       	pop	r17
    1c88:	0f 91       	pop	r16
    1c8a:	ff 90       	pop	r15
    1c8c:	ef 90       	pop	r14
    1c8e:	08 95       	ret

00001c90 <_ZN6Motor24isAtEN12LimitSwitch38PositionE>:

	bool isAt(LimitSwitch3::Position pos) {
    1c90:	cf 93       	push	r28
    1c92:	df 93       	push	r29
    1c94:	00 d0       	rcall	.+0      	; 0x1c96 <_ZN6Motor24isAtEN12LimitSwitch38PositionE+0x6>
    1c96:	1f 92       	push	r1
    1c98:	cd b7       	in	r28, 0x3d	; 61
    1c9a:	de b7       	in	r29, 0x3e	; 62
    1c9c:	9a 83       	std	Y+2, r25	; 0x02
    1c9e:	89 83       	std	Y+1, r24	; 0x01
    1ca0:	6b 83       	std	Y+3, r22	; 0x03
		if (sw == 0) return false;
    1ca2:	89 81       	ldd	r24, Y+1	; 0x01
    1ca4:	9a 81       	ldd	r25, Y+2	; 0x02
    1ca6:	fc 01       	movw	r30, r24
    1ca8:	84 85       	ldd	r24, Z+12	; 0x0c
    1caa:	95 85       	ldd	r25, Z+13	; 0x0d
    1cac:	89 2b       	or	r24, r25
    1cae:	11 f4       	brne	.+4      	; 0x1cb4 <_ZN6Motor24isAtEN12LimitSwitch38PositionE+0x24>
    1cb0:	80 e0       	ldi	r24, 0x00	; 0
    1cb2:	17 c0       	rjmp	.+46     	; 0x1ce2 <_ZN6Motor24isAtEN12LimitSwitch38PositionE+0x52>
		// MEJORA: Un motor está en la posición si no se mueve Y
		// o bien el sensor lo confirma, o bien es nuestra posición objetivo actual.
		return !moving && (sw->getPosition() == pos);
    1cb4:	89 81       	ldd	r24, Y+1	; 0x01
    1cb6:	9a 81       	ldd	r25, Y+2	; 0x02
    1cb8:	fc 01       	movw	r30, r24
    1cba:	96 85       	ldd	r25, Z+14	; 0x0e
    1cbc:	81 e0       	ldi	r24, 0x01	; 1
    1cbe:	89 27       	eor	r24, r25
    1cc0:	88 23       	and	r24, r24
    1cc2:	69 f0       	breq	.+26     	; 0x1cde <_ZN6Motor24isAtEN12LimitSwitch38PositionE+0x4e>
    1cc4:	89 81       	ldd	r24, Y+1	; 0x01
    1cc6:	9a 81       	ldd	r25, Y+2	; 0x02
    1cc8:	fc 01       	movw	r30, r24
    1cca:	84 85       	ldd	r24, Z+12	; 0x0c
    1ccc:	95 85       	ldd	r25, Z+13	; 0x0d
    1cce:	0e 94 61 0a 	call	0x14c2	; 0x14c2 <_ZN12LimitSwitch311getPositionEv>
    1cd2:	98 2f       	mov	r25, r24
    1cd4:	8b 81       	ldd	r24, Y+3	; 0x03
    1cd6:	98 17       	cp	r25, r24
    1cd8:	11 f4       	brne	.+4      	; 0x1cde <_ZN6Motor24isAtEN12LimitSwitch38PositionE+0x4e>
    1cda:	81 e0       	ldi	r24, 0x01	; 1
    1cdc:	01 c0       	rjmp	.+2      	; 0x1ce0 <_ZN6Motor24isAtEN12LimitSwitch38PositionE+0x50>
    1cde:	80 e0       	ldi	r24, 0x00	; 0
    1ce0:	00 00       	nop
	}
    1ce2:	0f 90       	pop	r0
    1ce4:	0f 90       	pop	r0
    1ce6:	0f 90       	pop	r0
    1ce8:	df 91       	pop	r29
    1cea:	cf 91       	pop	r28
    1cec:	08 95       	ret

00001cee <_ZN6Motor28isMovingEv>:

	bool isMoving() {
    1cee:	cf 93       	push	r28
    1cf0:	df 93       	push	r29
    1cf2:	00 d0       	rcall	.+0      	; 0x1cf4 <_ZN6Motor28isMovingEv+0x6>
    1cf4:	cd b7       	in	r28, 0x3d	; 61
    1cf6:	de b7       	in	r29, 0x3e	; 62
    1cf8:	9a 83       	std	Y+2, r25	; 0x02
    1cfa:	89 83       	std	Y+1, r24	; 0x01
		return moving;
    1cfc:	89 81       	ldd	r24, Y+1	; 0x01
    1cfe:	9a 81       	ldd	r25, Y+2	; 0x02
    1d00:	fc 01       	movw	r30, r24
    1d02:	86 85       	ldd	r24, Z+14	; 0x0e
	}
    1d04:	0f 90       	pop	r0
    1d06:	0f 90       	pop	r0
    1d08:	df 91       	pop	r29
    1d0a:	cf 91       	pop	r28
    1d0c:	08 95       	ret

00001d0e <_ZN6Motor219computeNextExpectedEb>:

	private:
	LimitSwitch3::Position computeNextExpected(bool dir) {
    1d0e:	cf 93       	push	r28
    1d10:	df 93       	push	r29
    1d12:	00 d0       	rcall	.+0      	; 0x1d14 <_ZN6Motor219computeNextExpectedEb+0x6>
    1d14:	00 d0       	rcall	.+0      	; 0x1d16 <_ZN6Motor219computeNextExpectedEb+0x8>
    1d16:	cd b7       	in	r28, 0x3d	; 61
    1d18:	de b7       	in	r29, 0x3e	; 62
    1d1a:	9b 83       	std	Y+3, r25	; 0x03
    1d1c:	8a 83       	std	Y+2, r24	; 0x02
    1d1e:	6c 83       	std	Y+4, r22	; 0x04
        if (sw == nullptr) return LimitSwitch3::Position::UNKNOWN;
    1d20:	8a 81       	ldd	r24, Y+2	; 0x02
    1d22:	9b 81       	ldd	r25, Y+3	; 0x03
    1d24:	fc 01       	movw	r30, r24
    1d26:	84 85       	ldd	r24, Z+12	; 0x0c
    1d28:	95 85       	ldd	r25, Z+13	; 0x0d
    1d2a:	89 2b       	or	r24, r25
    1d2c:	11 f4       	brne	.+4      	; 0x1d32 <_ZN6Motor219computeNextExpectedEb+0x24>
    1d2e:	80 e0       	ldi	r24, 0x00	; 0
    1d30:	22 c0       	rjmp	.+68     	; 0x1d76 <_ZN6Motor219computeNextExpectedEb+0x68>
        LimitSwitch3::Position current = sw->getPosition();
    1d32:	8a 81       	ldd	r24, Y+2	; 0x02
    1d34:	9b 81       	ldd	r25, Y+3	; 0x03
    1d36:	fc 01       	movw	r30, r24
    1d38:	84 85       	ldd	r24, Z+12	; 0x0c
    1d3a:	95 85       	ldd	r25, Z+13	; 0x0d
    1d3c:	0e 94 61 0a 	call	0x14c2	; 0x14c2 <_ZN12LimitSwitch311getPositionEv>
    1d40:	89 83       	std	Y+1, r24	; 0x01
 
        if (dir) {  
    1d42:	8c 81       	ldd	r24, Y+4	; 0x04
    1d44:	88 23       	and	r24, r24
    1d46:	61 f0       	breq	.+24     	; 0x1d60 <_ZN6Motor219computeNextExpectedEb+0x52>
            if (current == LimitSwitch3::Position::RIGHT)  return LimitSwitch3::Position::MIDDLE;
    1d48:	89 81       	ldd	r24, Y+1	; 0x01
    1d4a:	83 30       	cpi	r24, 0x03	; 3
    1d4c:	11 f4       	brne	.+4      	; 0x1d52 <_ZN6Motor219computeNextExpectedEb+0x44>
    1d4e:	82 e0       	ldi	r24, 0x02	; 2
    1d50:	12 c0       	rjmp	.+36     	; 0x1d76 <_ZN6Motor219computeNextExpectedEb+0x68>
            if (current == LimitSwitch3::Position::MIDDLE) return LimitSwitch3::Position::LEFT;
    1d52:	89 81       	ldd	r24, Y+1	; 0x01
    1d54:	82 30       	cpi	r24, 0x02	; 2
    1d56:	11 f4       	brne	.+4      	; 0x1d5c <_ZN6Motor219computeNextExpectedEb+0x4e>
    1d58:	81 e0       	ldi	r24, 0x01	; 1
    1d5a:	0d c0       	rjmp	.+26     	; 0x1d76 <_ZN6Motor219computeNextExpectedEb+0x68>
            return LimitSwitch3::Position::LEFT; 
    1d5c:	81 e0       	ldi	r24, 0x01	; 1
    1d5e:	0b c0       	rjmp	.+22     	; 0x1d76 <_ZN6Motor219computeNextExpectedEb+0x68>
        } else {    
            if (current == LimitSwitch3::Position::LEFT)   return LimitSwitch3::Position::MIDDLE;
    1d60:	89 81       	ldd	r24, Y+1	; 0x01
    1d62:	81 30       	cpi	r24, 0x01	; 1
    1d64:	11 f4       	brne	.+4      	; 0x1d6a <_ZN6Motor219computeNextExpectedEb+0x5c>
    1d66:	82 e0       	ldi	r24, 0x02	; 2
    1d68:	06 c0       	rjmp	.+12     	; 0x1d76 <_ZN6Motor219computeNextExpectedEb+0x68>
            if (current == LimitSwitch3::Position::MIDDLE) return LimitSwitch3::Position::RIGHT;
    1d6a:	89 81       	ldd	r24, Y+1	; 0x01
    1d6c:	82 30       	cpi	r24, 0x02	; 2
    1d6e:	11 f4       	brne	.+4      	; 0x1d74 <_ZN6Motor219computeNextExpectedEb+0x66>
    1d70:	83 e0       	ldi	r24, 0x03	; 3
    1d72:	01 c0       	rjmp	.+2      	; 0x1d76 <_ZN6Motor219computeNextExpectedEb+0x68>
            return LimitSwitch3::Position::RIGHT; 
    1d74:	83 e0       	ldi	r24, 0x03	; 3
        }
    }
    1d76:	0f 90       	pop	r0
    1d78:	0f 90       	pop	r0
    1d7a:	0f 90       	pop	r0
    1d7c:	0f 90       	pop	r0
    1d7e:	df 91       	pop	r29
    1d80:	cf 91       	pop	r28
    1d82:	08 95       	ret

00001d84 <_ZN11PinsManagerC1Ev>:
    bool    pinMask[NUM_PINS];      // true = bolo en pie
    uint8_t score;
    uint32_t lastSampleTime;

    public:
    PinsManager() {
    1d84:	cf 93       	push	r28
    1d86:	df 93       	push	r29
    1d88:	00 d0       	rcall	.+0      	; 0x1d8a <_ZN11PinsManagerC1Ev+0x6>
    1d8a:	1f 92       	push	r1
    1d8c:	cd b7       	in	r28, 0x3d	; 61
    1d8e:	de b7       	in	r29, 0x3e	; 62
    1d90:	9b 83       	std	Y+3, r25	; 0x03
    1d92:	8a 83       	std	Y+2, r24	; 0x02
        // changed        = false;
        score          = 0;
    1d94:	8a 81       	ldd	r24, Y+2	; 0x02
    1d96:	9b 81       	ldd	r25, Y+3	; 0x03
    1d98:	fc 01       	movw	r30, r24
    1d9a:	12 8a       	std	Z+18, r1	; 0x12
        lastSampleTime = 0;
    1d9c:	8a 81       	ldd	r24, Y+2	; 0x02
    1d9e:	9b 81       	ldd	r25, Y+3	; 0x03
    1da0:	fc 01       	movw	r30, r24
    1da2:	13 8a       	std	Z+19, r1	; 0x13
    1da4:	14 8a       	std	Z+20, r1	; 0x14
    1da6:	15 8a       	std	Z+21, r1	; 0x15
    1da8:	16 8a       	std	Z+22, r1	; 0x16
        for (uint8_t i = 0; i < NUM_PINS; i++) {
    1daa:	19 82       	std	Y+1, r1	; 0x01
    1dac:	89 81       	ldd	r24, Y+1	; 0x01
    1dae:	86 30       	cpi	r24, 0x06	; 6
    1db0:	20 f5       	brcc	.+72     	; 0x1dfa <_ZN11PinsManagerC1Ev+0x76>
            counter[i]     = SAMPLES;   // Asumimos bolos en pie al inicio
    1db2:	89 81       	ldd	r24, Y+1	; 0x01
    1db4:	88 2f       	mov	r24, r24
    1db6:	90 e0       	ldi	r25, 0x00	; 0
    1db8:	2a 81       	ldd	r18, Y+2	; 0x02
    1dba:	3b 81       	ldd	r19, Y+3	; 0x03
    1dbc:	82 0f       	add	r24, r18
    1dbe:	93 1f       	adc	r25, r19
    1dc0:	2a e0       	ldi	r18, 0x0A	; 10
    1dc2:	fc 01       	movw	r30, r24
    1dc4:	20 83       	st	Z, r18
            stableState[i] = true;
    1dc6:	89 81       	ldd	r24, Y+1	; 0x01
    1dc8:	88 2f       	mov	r24, r24
    1dca:	90 e0       	ldi	r25, 0x00	; 0
    1dcc:	2a 81       	ldd	r18, Y+2	; 0x02
    1dce:	3b 81       	ldd	r19, Y+3	; 0x03
    1dd0:	82 0f       	add	r24, r18
    1dd2:	93 1f       	adc	r25, r19
    1dd4:	06 96       	adiw	r24, 0x06	; 6
    1dd6:	21 e0       	ldi	r18, 0x01	; 1
    1dd8:	fc 01       	movw	r30, r24
    1dda:	20 83       	st	Z, r18
            pinMask[i]     = true;
    1ddc:	89 81       	ldd	r24, Y+1	; 0x01
    1dde:	88 2f       	mov	r24, r24
    1de0:	90 e0       	ldi	r25, 0x00	; 0
    1de2:	2a 81       	ldd	r18, Y+2	; 0x02
    1de4:	3b 81       	ldd	r19, Y+3	; 0x03
    1de6:	82 0f       	add	r24, r18
    1de8:	93 1f       	adc	r25, r19
    1dea:	0c 96       	adiw	r24, 0x0c	; 12
    1dec:	21 e0       	ldi	r18, 0x01	; 1
    1dee:	fc 01       	movw	r30, r24
    1df0:	20 83       	st	Z, r18
    public:
    PinsManager() {
        // changed        = false;
        score          = 0;
        lastSampleTime = 0;
        for (uint8_t i = 0; i < NUM_PINS; i++) {
    1df2:	89 81       	ldd	r24, Y+1	; 0x01
    1df4:	8f 5f       	subi	r24, 0xFF	; 255
    1df6:	89 83       	std	Y+1, r24	; 0x01
    1df8:	d9 cf       	rjmp	.-78     	; 0x1dac <_ZN11PinsManagerC1Ev+0x28>
            counter[i]     = SAMPLES;   // Asumimos bolos en pie al inicio
            stableState[i] = true;
            pinMask[i]     = true;
        }
    }
    1dfa:	00 00       	nop
    1dfc:	0f 90       	pop	r0
    1dfe:	0f 90       	pop	r0
    1e00:	0f 90       	pop	r0
    1e02:	df 91       	pop	r29
    1e04:	cf 91       	pop	r28
    1e06:	08 95       	ret

00001e08 <_ZN11PinsManager4initEv>:

    void init() {
    1e08:	cf 93       	push	r28
    1e0a:	df 93       	push	r29
    1e0c:	00 d0       	rcall	.+0      	; 0x1e0e <_ZN11PinsManager4initEv+0x6>
    1e0e:	cd b7       	in	r28, 0x3d	; 61
    1e10:	de b7       	in	r29, 0x3e	; 62
    1e12:	9a 83       	std	Y+2, r25	; 0x02
    1e14:	89 83       	std	Y+1, r24	; 0x01
        DDRK  &= ~0x3F;  // PK0�PK5 como entradas
    1e16:	87 e0       	ldi	r24, 0x07	; 7
    1e18:	91 e0       	ldi	r25, 0x01	; 1
    1e1a:	27 e0       	ldi	r18, 0x07	; 7
    1e1c:	31 e0       	ldi	r19, 0x01	; 1
    1e1e:	f9 01       	movw	r30, r18
    1e20:	20 81       	ld	r18, Z
    1e22:	20 7c       	andi	r18, 0xC0	; 192
    1e24:	fc 01       	movw	r30, r24
    1e26:	20 83       	st	Z, r18
        PORTK |=  0x3F;  // Pull-ups activados
    1e28:	88 e0       	ldi	r24, 0x08	; 8
    1e2a:	91 e0       	ldi	r25, 0x01	; 1
    1e2c:	28 e0       	ldi	r18, 0x08	; 8
    1e2e:	31 e0       	ldi	r19, 0x01	; 1
    1e30:	f9 01       	movw	r30, r18
    1e32:	20 81       	ld	r18, Z
    1e34:	2f 63       	ori	r18, 0x3F	; 63
    1e36:	fc 01       	movw	r30, r24
    1e38:	20 83       	st	Z, r18

        // PCICR  |= (1 << PCIE2);   // Habilitar grupo PCINT2 (puerto K)
        // PCMSK2 |= 0x3F;           // Habilitar PCINT16�PCINT21
    }
    1e3a:	00 00       	nop
    1e3c:	0f 90       	pop	r0
    1e3e:	0f 90       	pop	r0
    1e40:	df 91       	pop	r29
    1e42:	cf 91       	pop	r28
    1e44:	08 95       	ret

00001e46 <_ZN11PinsManager6updateEm>:
    // void onInterrupt() {
    //     changed = true;
    // }

    // Llamado cada ms desde update_sensors() en Status
    void update(uint32_t currentTime) {
    1e46:	cf 93       	push	r28
    1e48:	df 93       	push	r29
    1e4a:	cd b7       	in	r28, 0x3d	; 61
    1e4c:	de b7       	in	r29, 0x3e	; 62
    1e4e:	29 97       	sbiw	r28, 0x09	; 9
    1e50:	0f b6       	in	r0, 0x3f	; 63
    1e52:	f8 94       	cli
    1e54:	de bf       	out	0x3e, r29	; 62
    1e56:	0f be       	out	0x3f, r0	; 63
    1e58:	cd bf       	out	0x3d, r28	; 61
    1e5a:	9d 83       	std	Y+5, r25	; 0x05
    1e5c:	8c 83       	std	Y+4, r24	; 0x04
    1e5e:	4e 83       	std	Y+6, r20	; 0x06
    1e60:	5f 83       	std	Y+7, r21	; 0x07
    1e62:	68 87       	std	Y+8, r22	; 0x08
    1e64:	79 87       	std	Y+9, r23	; 0x09
        if (currentTime == lastSampleTime) return;
    1e66:	8c 81       	ldd	r24, Y+4	; 0x04
    1e68:	9d 81       	ldd	r25, Y+5	; 0x05
    1e6a:	fc 01       	movw	r30, r24
    1e6c:	23 89       	ldd	r18, Z+19	; 0x13
    1e6e:	34 89       	ldd	r19, Z+20	; 0x14
    1e70:	45 89       	ldd	r20, Z+21	; 0x15
    1e72:	56 89       	ldd	r21, Z+22	; 0x16
    1e74:	8e 81       	ldd	r24, Y+6	; 0x06
    1e76:	9f 81       	ldd	r25, Y+7	; 0x07
    1e78:	a8 85       	ldd	r26, Y+8	; 0x08
    1e7a:	b9 85       	ldd	r27, Y+9	; 0x09
    1e7c:	28 17       	cp	r18, r24
    1e7e:	39 07       	cpc	r19, r25
    1e80:	4a 07       	cpc	r20, r26
    1e82:	5b 07       	cpc	r21, r27
    1e84:	09 f4       	brne	.+2      	; 0x1e88 <_ZN11PinsManager6updateEm+0x42>
    1e86:	d7 c0       	rjmp	.+430    	; 0x2036 <__DATA_REGION_LENGTH__+0x36>
        lastSampleTime = currentTime;
    1e88:	2c 81       	ldd	r18, Y+4	; 0x04
    1e8a:	3d 81       	ldd	r19, Y+5	; 0x05
    1e8c:	8e 81       	ldd	r24, Y+6	; 0x06
    1e8e:	9f 81       	ldd	r25, Y+7	; 0x07
    1e90:	a8 85       	ldd	r26, Y+8	; 0x08
    1e92:	b9 85       	ldd	r27, Y+9	; 0x09
    1e94:	f9 01       	movw	r30, r18
    1e96:	83 8b       	std	Z+19, r24	; 0x13
    1e98:	94 8b       	std	Z+20, r25	; 0x14
    1e9a:	a5 8b       	std	Z+21, r26	; 0x15
    1e9c:	b6 8b       	std	Z+22, r27	; 0x16

        // Solo muestreamos si la ISR detect� actividad reciente.
        // No bloqueamos el muestreo: seguimos integrando hasta estabilizar.
        uint8_t currentState = PINK & 0x3F;
    1e9e:	86 e0       	ldi	r24, 0x06	; 6
    1ea0:	91 e0       	ldi	r25, 0x01	; 1
    1ea2:	fc 01       	movw	r30, r24
    1ea4:	80 81       	ld	r24, Z
    1ea6:	8f 73       	andi	r24, 0x3F	; 63
    1ea8:	8a 83       	std	Y+2, r24	; 0x02

        for (uint8_t i = 0; i < NUM_PINS; i++) {
    1eaa:	19 82       	std	Y+1, r1	; 0x01
    1eac:	89 81       	ldd	r24, Y+1	; 0x01
    1eae:	86 30       	cpi	r24, 0x06	; 6
    1eb0:	08 f0       	brcs	.+2      	; 0x1eb4 <_ZN11PinsManager6updateEm+0x6e>
    1eb2:	c2 c0       	rjmp	.+388    	; 0x2038 <__DATA_REGION_LENGTH__+0x38>
            if (!pinMask[i]) continue; // Bolo ya ca�do, ignorar
    1eb4:	89 81       	ldd	r24, Y+1	; 0x01
    1eb6:	88 2f       	mov	r24, r24
    1eb8:	90 e0       	ldi	r25, 0x00	; 0
    1eba:	2c 81       	ldd	r18, Y+4	; 0x04
    1ebc:	3d 81       	ldd	r19, Y+5	; 0x05
    1ebe:	82 0f       	add	r24, r18
    1ec0:	93 1f       	adc	r25, r19
    1ec2:	0c 96       	adiw	r24, 0x0c	; 12
    1ec4:	fc 01       	movw	r30, r24
    1ec6:	90 81       	ld	r25, Z
    1ec8:	81 e0       	ldi	r24, 0x01	; 1
    1eca:	89 27       	eor	r24, r25
    1ecc:	88 23       	and	r24, r24
    1ece:	09 f0       	breq	.+2      	; 0x1ed2 <_ZN11PinsManager6updateEm+0x8c>
    1ed0:	ad c0       	rjmp	.+346    	; 0x202c <__DATA_REGION_LENGTH__+0x2c>

            // L�gica invertida por pull-up: 0 en el pin = pulsado = bolo ca�do
            bool reading = !(currentState & (1 << i));
    1ed2:	8a 81       	ldd	r24, Y+2	; 0x02
    1ed4:	88 2f       	mov	r24, r24
    1ed6:	90 e0       	ldi	r25, 0x00	; 0
    1ed8:	29 81       	ldd	r18, Y+1	; 0x01
    1eda:	22 2f       	mov	r18, r18
    1edc:	30 e0       	ldi	r19, 0x00	; 0
    1ede:	02 c0       	rjmp	.+4      	; 0x1ee4 <_ZN11PinsManager6updateEm+0x9e>
    1ee0:	95 95       	asr	r25
    1ee2:	87 95       	ror	r24
    1ee4:	2a 95       	dec	r18
    1ee6:	e2 f7       	brpl	.-8      	; 0x1ee0 <_ZN11PinsManager6updateEm+0x9a>
    1ee8:	81 70       	andi	r24, 0x01	; 1
    1eea:	99 27       	eor	r25, r25
    1eec:	21 e0       	ldi	r18, 0x01	; 1
    1eee:	89 2b       	or	r24, r25
    1ef0:	09 f0       	breq	.+2      	; 0x1ef4 <_ZN11PinsManager6updateEm+0xae>
    1ef2:	20 e0       	ldi	r18, 0x00	; 0
    1ef4:	2b 83       	std	Y+3, r18	; 0x03

            // Integrador saturante
            if (reading  && counter[i] < SAMPLES) counter[i]++;
    1ef6:	8b 81       	ldd	r24, Y+3	; 0x03
    1ef8:	88 23       	and	r24, r24
    1efa:	e9 f0       	breq	.+58     	; 0x1f36 <_ZN11PinsManager6updateEm+0xf0>
    1efc:	89 81       	ldd	r24, Y+1	; 0x01
    1efe:	88 2f       	mov	r24, r24
    1f00:	90 e0       	ldi	r25, 0x00	; 0
    1f02:	2c 81       	ldd	r18, Y+4	; 0x04
    1f04:	3d 81       	ldd	r19, Y+5	; 0x05
    1f06:	82 0f       	add	r24, r18
    1f08:	93 1f       	adc	r25, r19
    1f0a:	fc 01       	movw	r30, r24
    1f0c:	80 81       	ld	r24, Z
    1f0e:	8a 30       	cpi	r24, 0x0A	; 10
    1f10:	90 f4       	brcc	.+36     	; 0x1f36 <_ZN11PinsManager6updateEm+0xf0>
    1f12:	89 81       	ldd	r24, Y+1	; 0x01
    1f14:	88 2f       	mov	r24, r24
    1f16:	90 e0       	ldi	r25, 0x00	; 0
    1f18:	2c 81       	ldd	r18, Y+4	; 0x04
    1f1a:	3d 81       	ldd	r19, Y+5	; 0x05
    1f1c:	28 0f       	add	r18, r24
    1f1e:	39 1f       	adc	r19, r25
    1f20:	f9 01       	movw	r30, r18
    1f22:	20 81       	ld	r18, Z
    1f24:	41 e0       	ldi	r20, 0x01	; 1
    1f26:	42 0f       	add	r20, r18
    1f28:	2c 81       	ldd	r18, Y+4	; 0x04
    1f2a:	3d 81       	ldd	r19, Y+5	; 0x05
    1f2c:	82 0f       	add	r24, r18
    1f2e:	93 1f       	adc	r25, r19
    1f30:	fc 01       	movw	r30, r24
    1f32:	40 83       	st	Z, r20
    1f34:	21 c0       	rjmp	.+66     	; 0x1f78 <_ZN11PinsManager6updateEm+0x132>
            else if (!reading && counter[i] > 0)  counter[i]--;
    1f36:	9b 81       	ldd	r25, Y+3	; 0x03
    1f38:	81 e0       	ldi	r24, 0x01	; 1
    1f3a:	89 27       	eor	r24, r25
    1f3c:	88 23       	and	r24, r24
    1f3e:	e1 f0       	breq	.+56     	; 0x1f78 <_ZN11PinsManager6updateEm+0x132>
    1f40:	89 81       	ldd	r24, Y+1	; 0x01
    1f42:	88 2f       	mov	r24, r24
    1f44:	90 e0       	ldi	r25, 0x00	; 0
    1f46:	2c 81       	ldd	r18, Y+4	; 0x04
    1f48:	3d 81       	ldd	r19, Y+5	; 0x05
    1f4a:	82 0f       	add	r24, r18
    1f4c:	93 1f       	adc	r25, r19
    1f4e:	fc 01       	movw	r30, r24
    1f50:	80 81       	ld	r24, Z
    1f52:	88 23       	and	r24, r24
    1f54:	89 f0       	breq	.+34     	; 0x1f78 <_ZN11PinsManager6updateEm+0x132>
    1f56:	89 81       	ldd	r24, Y+1	; 0x01
    1f58:	88 2f       	mov	r24, r24
    1f5a:	90 e0       	ldi	r25, 0x00	; 0
    1f5c:	2c 81       	ldd	r18, Y+4	; 0x04
    1f5e:	3d 81       	ldd	r19, Y+5	; 0x05
    1f60:	28 0f       	add	r18, r24
    1f62:	39 1f       	adc	r19, r25
    1f64:	f9 01       	movw	r30, r18
    1f66:	20 81       	ld	r18, Z
    1f68:	4f ef       	ldi	r20, 0xFF	; 255
    1f6a:	42 0f       	add	r20, r18
    1f6c:	2c 81       	ldd	r18, Y+4	; 0x04
    1f6e:	3d 81       	ldd	r19, Y+5	; 0x05
    1f70:	82 0f       	add	r24, r18
    1f72:	93 1f       	adc	r25, r19
    1f74:	fc 01       	movw	r30, r24
    1f76:	40 83       	st	Z, r20

            // Flanco descendente: bolo se levanta (no deber�a pasar en juego,
            // pero reseteamos para no quedarnos en estado inconsistente)
            if (stableState[i] && counter[i] == 0) {
    1f78:	89 81       	ldd	r24, Y+1	; 0x01
    1f7a:	88 2f       	mov	r24, r24
    1f7c:	90 e0       	ldi	r25, 0x00	; 0
    1f7e:	2c 81       	ldd	r18, Y+4	; 0x04
    1f80:	3d 81       	ldd	r19, Y+5	; 0x05
    1f82:	82 0f       	add	r24, r18
    1f84:	93 1f       	adc	r25, r19
    1f86:	06 96       	adiw	r24, 0x06	; 6
    1f88:	fc 01       	movw	r30, r24
    1f8a:	80 81       	ld	r24, Z
    1f8c:	88 23       	and	r24, r24
    1f8e:	a9 f0       	breq	.+42     	; 0x1fba <_ZN11PinsManager6updateEm+0x174>
    1f90:	89 81       	ldd	r24, Y+1	; 0x01
    1f92:	88 2f       	mov	r24, r24
    1f94:	90 e0       	ldi	r25, 0x00	; 0
    1f96:	2c 81       	ldd	r18, Y+4	; 0x04
    1f98:	3d 81       	ldd	r19, Y+5	; 0x05
    1f9a:	82 0f       	add	r24, r18
    1f9c:	93 1f       	adc	r25, r19
    1f9e:	fc 01       	movw	r30, r24
    1fa0:	80 81       	ld	r24, Z
    1fa2:	88 23       	and	r24, r24
    1fa4:	51 f4       	brne	.+20     	; 0x1fba <_ZN11PinsManager6updateEm+0x174>
                stableState[i] = false;
    1fa6:	89 81       	ldd	r24, Y+1	; 0x01
    1fa8:	88 2f       	mov	r24, r24
    1faa:	90 e0       	ldi	r25, 0x00	; 0
    1fac:	2c 81       	ldd	r18, Y+4	; 0x04
    1fae:	3d 81       	ldd	r19, Y+5	; 0x05
    1fb0:	82 0f       	add	r24, r18
    1fb2:	93 1f       	adc	r25, r19
    1fb4:	06 96       	adiw	r24, 0x06	; 6
    1fb6:	fc 01       	movw	r30, r24
    1fb8:	10 82       	st	Z, r1
            }

            // Flanco ascendente: bolo derribado
            if (!stableState[i] && counter[i] == SAMPLES) {
    1fba:	89 81       	ldd	r24, Y+1	; 0x01
    1fbc:	88 2f       	mov	r24, r24
    1fbe:	90 e0       	ldi	r25, 0x00	; 0
    1fc0:	2c 81       	ldd	r18, Y+4	; 0x04
    1fc2:	3d 81       	ldd	r19, Y+5	; 0x05
    1fc4:	82 0f       	add	r24, r18
    1fc6:	93 1f       	adc	r25, r19
    1fc8:	06 96       	adiw	r24, 0x06	; 6
    1fca:	fc 01       	movw	r30, r24
    1fcc:	90 81       	ld	r25, Z
    1fce:	81 e0       	ldi	r24, 0x01	; 1
    1fd0:	89 27       	eor	r24, r25
    1fd2:	88 23       	and	r24, r24
    1fd4:	61 f1       	breq	.+88     	; 0x202e <__DATA_REGION_LENGTH__+0x2e>
    1fd6:	89 81       	ldd	r24, Y+1	; 0x01
    1fd8:	88 2f       	mov	r24, r24
    1fda:	90 e0       	ldi	r25, 0x00	; 0
    1fdc:	2c 81       	ldd	r18, Y+4	; 0x04
    1fde:	3d 81       	ldd	r19, Y+5	; 0x05
    1fe0:	82 0f       	add	r24, r18
    1fe2:	93 1f       	adc	r25, r19
    1fe4:	fc 01       	movw	r30, r24
    1fe6:	80 81       	ld	r24, Z
    1fe8:	8a 30       	cpi	r24, 0x0A	; 10
    1fea:	09 f5       	brne	.+66     	; 0x202e <__DATA_REGION_LENGTH__+0x2e>
                stableState[i] = true;
    1fec:	89 81       	ldd	r24, Y+1	; 0x01
    1fee:	88 2f       	mov	r24, r24
    1ff0:	90 e0       	ldi	r25, 0x00	; 0
    1ff2:	2c 81       	ldd	r18, Y+4	; 0x04
    1ff4:	3d 81       	ldd	r19, Y+5	; 0x05
    1ff6:	82 0f       	add	r24, r18
    1ff8:	93 1f       	adc	r25, r19
    1ffa:	06 96       	adiw	r24, 0x06	; 6
    1ffc:	21 e0       	ldi	r18, 0x01	; 1
    1ffe:	fc 01       	movw	r30, r24
    2000:	20 83       	st	Z, r18
                score++;
    2002:	8c 81       	ldd	r24, Y+4	; 0x04
    2004:	9d 81       	ldd	r25, Y+5	; 0x05
    2006:	fc 01       	movw	r30, r24
    2008:	82 89       	ldd	r24, Z+18	; 0x12
    200a:	21 e0       	ldi	r18, 0x01	; 1
    200c:	28 0f       	add	r18, r24
    200e:	8c 81       	ldd	r24, Y+4	; 0x04
    2010:	9d 81       	ldd	r25, Y+5	; 0x05
    2012:	fc 01       	movw	r30, r24
    2014:	22 8b       	std	Z+18, r18	; 0x12
                pinMask[i] = false; // Bloqueamos: este bolo ya no suma m�s
    2016:	89 81       	ldd	r24, Y+1	; 0x01
    2018:	88 2f       	mov	r24, r24
    201a:	90 e0       	ldi	r25, 0x00	; 0
    201c:	2c 81       	ldd	r18, Y+4	; 0x04
    201e:	3d 81       	ldd	r19, Y+5	; 0x05
    2020:	82 0f       	add	r24, r18
    2022:	93 1f       	adc	r25, r19
    2024:	0c 96       	adiw	r24, 0x0c	; 12
    2026:	fc 01       	movw	r30, r24
    2028:	10 82       	st	Z, r1
    202a:	01 c0       	rjmp	.+2      	; 0x202e <__DATA_REGION_LENGTH__+0x2e>
        // Solo muestreamos si la ISR detect� actividad reciente.
        // No bloqueamos el muestreo: seguimos integrando hasta estabilizar.
        uint8_t currentState = PINK & 0x3F;

        for (uint8_t i = 0; i < NUM_PINS; i++) {
            if (!pinMask[i]) continue; // Bolo ya ca�do, ignorar
    202c:	00 00       	nop

        // Solo muestreamos si la ISR detect� actividad reciente.
        // No bloqueamos el muestreo: seguimos integrando hasta estabilizar.
        uint8_t currentState = PINK & 0x3F;

        for (uint8_t i = 0; i < NUM_PINS; i++) {
    202e:	89 81       	ldd	r24, Y+1	; 0x01
    2030:	8f 5f       	subi	r24, 0xFF	; 255
    2032:	89 83       	std	Y+1, r24	; 0x01
    2034:	3b cf       	rjmp	.-394    	; 0x1eac <_ZN11PinsManager6updateEm+0x66>
    //     changed = true;
    // }

    // Llamado cada ms desde update_sensors() en Status
    void update(uint32_t currentTime) {
        if (currentTime == lastSampleTime) return;
    2036:	00 00       	nop
                pinMask[i] = false; // Bloqueamos: este bolo ya no suma m�s
            }
        }

        // changed = false;
    }
    2038:	29 96       	adiw	r28, 0x09	; 9
    203a:	0f b6       	in	r0, 0x3f	; 63
    203c:	f8 94       	cli
    203e:	de bf       	out	0x3e, r29	; 62
    2040:	0f be       	out	0x3f, r0	; 63
    2042:	cd bf       	out	0x3d, r28	; 61
    2044:	df 91       	pop	r29
    2046:	cf 91       	pop	r28
    2048:	08 95       	ret

0000204a <_ZN11PinsManager8getScoreEv>:

    uint8_t getScore() { return score; }
    204a:	cf 93       	push	r28
    204c:	df 93       	push	r29
    204e:	00 d0       	rcall	.+0      	; 0x2050 <_ZN11PinsManager8getScoreEv+0x6>
    2050:	cd b7       	in	r28, 0x3d	; 61
    2052:	de b7       	in	r29, 0x3e	; 62
    2054:	9a 83       	std	Y+2, r25	; 0x02
    2056:	89 83       	std	Y+1, r24	; 0x01
    2058:	89 81       	ldd	r24, Y+1	; 0x01
    205a:	9a 81       	ldd	r25, Y+2	; 0x02
    205c:	fc 01       	movw	r30, r24
    205e:	82 89       	ldd	r24, Z+18	; 0x12
    2060:	0f 90       	pop	r0
    2062:	0f 90       	pop	r0
    2064:	df 91       	pop	r29
    2066:	cf 91       	pop	r28
    2068:	08 95       	ret

0000206a <_ZN11PinsManager7isPinUpEh>:

    bool isPinUp(uint8_t i) {
    206a:	cf 93       	push	r28
    206c:	df 93       	push	r29
    206e:	00 d0       	rcall	.+0      	; 0x2070 <_ZN11PinsManager7isPinUpEh+0x6>
    2070:	1f 92       	push	r1
    2072:	cd b7       	in	r28, 0x3d	; 61
    2074:	de b7       	in	r29, 0x3e	; 62
    2076:	9a 83       	std	Y+2, r25	; 0x02
    2078:	89 83       	std	Y+1, r24	; 0x01
    207a:	6b 83       	std	Y+3, r22	; 0x03
		// Retorna true si el bit 'i' en pinsMask es 1 (bolo en pie)
		return pinMask[i];
    207c:	8b 81       	ldd	r24, Y+3	; 0x03
    207e:	88 2f       	mov	r24, r24
    2080:	90 e0       	ldi	r25, 0x00	; 0
    2082:	29 81       	ldd	r18, Y+1	; 0x01
    2084:	3a 81       	ldd	r19, Y+2	; 0x02
    2086:	82 0f       	add	r24, r18
    2088:	93 1f       	adc	r25, r19
    208a:	0c 96       	adiw	r24, 0x0c	; 12
    208c:	fc 01       	movw	r30, r24
    208e:	80 81       	ld	r24, Z
	}
    2090:	0f 90       	pop	r0
    2092:	0f 90       	pop	r0
    2094:	0f 90       	pop	r0
    2096:	df 91       	pop	r29
    2098:	cf 91       	pop	r28
    209a:	08 95       	ret

0000209c <_ZN11PinsManager5resetEv>:

    void reset() {
    209c:	cf 93       	push	r28
    209e:	df 93       	push	r29
    20a0:	00 d0       	rcall	.+0      	; 0x20a2 <_ZN11PinsManager5resetEv+0x6>
    20a2:	1f 92       	push	r1
    20a4:	cd b7       	in	r28, 0x3d	; 61
    20a6:	de b7       	in	r29, 0x3e	; 62
    20a8:	9b 83       	std	Y+3, r25	; 0x03
    20aa:	8a 83       	std	Y+2, r24	; 0x02
        score          = 0;
    20ac:	8a 81       	ldd	r24, Y+2	; 0x02
    20ae:	9b 81       	ldd	r25, Y+3	; 0x03
    20b0:	fc 01       	movw	r30, r24
    20b2:	12 8a       	std	Z+18, r1	; 0x12
        // changed        = false;
        lastSampleTime = 0;
    20b4:	8a 81       	ldd	r24, Y+2	; 0x02
    20b6:	9b 81       	ldd	r25, Y+3	; 0x03
    20b8:	fc 01       	movw	r30, r24
    20ba:	13 8a       	std	Z+19, r1	; 0x13
    20bc:	14 8a       	std	Z+20, r1	; 0x14
    20be:	15 8a       	std	Z+21, r1	; 0x15
    20c0:	16 8a       	std	Z+22, r1	; 0x16
        for (uint8_t i = 0; i < NUM_PINS; i++) {
    20c2:	19 82       	std	Y+1, r1	; 0x01
    20c4:	89 81       	ldd	r24, Y+1	; 0x01
    20c6:	86 30       	cpi	r24, 0x06	; 6
    20c8:	20 f5       	brcc	.+72     	; 0x2112 <_ZN11PinsManager5resetEv+0x76>
            counter[i]     = SAMPLES;
    20ca:	89 81       	ldd	r24, Y+1	; 0x01
    20cc:	88 2f       	mov	r24, r24
    20ce:	90 e0       	ldi	r25, 0x00	; 0
    20d0:	2a 81       	ldd	r18, Y+2	; 0x02
    20d2:	3b 81       	ldd	r19, Y+3	; 0x03
    20d4:	82 0f       	add	r24, r18
    20d6:	93 1f       	adc	r25, r19
    20d8:	2a e0       	ldi	r18, 0x0A	; 10
    20da:	fc 01       	movw	r30, r24
    20dc:	20 83       	st	Z, r18
            stableState[i] = true;
    20de:	89 81       	ldd	r24, Y+1	; 0x01
    20e0:	88 2f       	mov	r24, r24
    20e2:	90 e0       	ldi	r25, 0x00	; 0
    20e4:	2a 81       	ldd	r18, Y+2	; 0x02
    20e6:	3b 81       	ldd	r19, Y+3	; 0x03
    20e8:	82 0f       	add	r24, r18
    20ea:	93 1f       	adc	r25, r19
    20ec:	06 96       	adiw	r24, 0x06	; 6
    20ee:	21 e0       	ldi	r18, 0x01	; 1
    20f0:	fc 01       	movw	r30, r24
    20f2:	20 83       	st	Z, r18
            pinMask[i]     = true;
    20f4:	89 81       	ldd	r24, Y+1	; 0x01
    20f6:	88 2f       	mov	r24, r24
    20f8:	90 e0       	ldi	r25, 0x00	; 0
    20fa:	2a 81       	ldd	r18, Y+2	; 0x02
    20fc:	3b 81       	ldd	r19, Y+3	; 0x03
    20fe:	82 0f       	add	r24, r18
    2100:	93 1f       	adc	r25, r19
    2102:	0c 96       	adiw	r24, 0x0c	; 12
    2104:	21 e0       	ldi	r18, 0x01	; 1
    2106:	fc 01       	movw	r30, r24
    2108:	20 83       	st	Z, r18

    void reset() {
        score          = 0;
        // changed        = false;
        lastSampleTime = 0;
        for (uint8_t i = 0; i < NUM_PINS; i++) {
    210a:	89 81       	ldd	r24, Y+1	; 0x01
    210c:	8f 5f       	subi	r24, 0xFF	; 255
    210e:	89 83       	std	Y+1, r24	; 0x01
    2110:	d9 cf       	rjmp	.-78     	; 0x20c4 <_ZN11PinsManager5resetEv+0x28>
            counter[i]     = SAMPLES;
            stableState[i] = true;
            pinMask[i]     = true;
        }
    }
    2112:	00 00       	nop
    2114:	0f 90       	pop	r0
    2116:	0f 90       	pop	r0
    2118:	0f 90       	pop	r0
    211a:	df 91       	pop	r29
    211c:	cf 91       	pop	r28
    211e:	08 95       	ret

00002120 <_ZN10SwitchUserC1EPVhS1_S1_h>:
	uint32_t lastSampleTime;
	bool stableState;
	bool flagPressed;
	
	public:
	SwitchUser(volatile uint8_t* pinR, volatile uint8_t* portR, volatile uint8_t* ddrR, uint8_t m) {
    2120:	0f 93       	push	r16
    2122:	cf 93       	push	r28
    2124:	df 93       	push	r29
    2126:	cd b7       	in	r28, 0x3d	; 61
    2128:	de b7       	in	r29, 0x3e	; 62
    212a:	2a 97       	sbiw	r28, 0x0a	; 10
    212c:	0f b6       	in	r0, 0x3f	; 63
    212e:	f8 94       	cli
    2130:	de bf       	out	0x3e, r29	; 62
    2132:	0f be       	out	0x3f, r0	; 63
    2134:	cd bf       	out	0x3d, r28	; 61
    2136:	9b 83       	std	Y+3, r25	; 0x03
    2138:	8a 83       	std	Y+2, r24	; 0x02
    213a:	7d 83       	std	Y+5, r23	; 0x05
    213c:	6c 83       	std	Y+4, r22	; 0x04
    213e:	5f 83       	std	Y+7, r21	; 0x07
    2140:	4e 83       	std	Y+6, r20	; 0x06
    2142:	39 87       	std	Y+9, r19	; 0x09
    2144:	28 87       	std	Y+8, r18	; 0x08
    2146:	0a 87       	std	Y+10, r16	; 0x0a
		pinReg = pinR;
    2148:	8a 81       	ldd	r24, Y+2	; 0x02
    214a:	9b 81       	ldd	r25, Y+3	; 0x03
    214c:	2c 81       	ldd	r18, Y+4	; 0x04
    214e:	3d 81       	ldd	r19, Y+5	; 0x05
    2150:	fc 01       	movw	r30, r24
    2152:	31 83       	std	Z+1, r19	; 0x01
    2154:	20 83       	st	Z, r18
		portReg = portR;
    2156:	8a 81       	ldd	r24, Y+2	; 0x02
    2158:	9b 81       	ldd	r25, Y+3	; 0x03
    215a:	2e 81       	ldd	r18, Y+6	; 0x06
    215c:	3f 81       	ldd	r19, Y+7	; 0x07
    215e:	fc 01       	movw	r30, r24
    2160:	33 83       	std	Z+3, r19	; 0x03
    2162:	22 83       	std	Z+2, r18	; 0x02
		ddrReg = ddrR;
    2164:	8a 81       	ldd	r24, Y+2	; 0x02
    2166:	9b 81       	ldd	r25, Y+3	; 0x03
    2168:	28 85       	ldd	r18, Y+8	; 0x08
    216a:	39 85       	ldd	r19, Y+9	; 0x09
    216c:	fc 01       	movw	r30, r24
    216e:	35 83       	std	Z+5, r19	; 0x05
    2170:	24 83       	std	Z+4, r18	; 0x04
		mask = m;
    2172:	8a 81       	ldd	r24, Y+2	; 0x02
    2174:	9b 81       	ldd	r25, Y+3	; 0x03
    2176:	2a 85       	ldd	r18, Y+10	; 0x0a
    2178:	fc 01       	movw	r30, r24
    217a:	26 83       	std	Z+6, r18	; 0x06
		
		lastSampleTime = 0;
    217c:	8a 81       	ldd	r24, Y+2	; 0x02
    217e:	9b 81       	ldd	r25, Y+3	; 0x03
    2180:	fc 01       	movw	r30, r24
    2182:	10 86       	std	Z+8, r1	; 0x08
    2184:	11 86       	std	Z+9, r1	; 0x09
    2186:	12 86       	std	Z+10, r1	; 0x0a
    2188:	13 86       	std	Z+11, r1	; 0x0b
		flagPressed = false;
    218a:	8a 81       	ldd	r24, Y+2	; 0x02
    218c:	9b 81       	ldd	r25, Y+3	; 0x03
    218e:	fc 01       	movw	r30, r24
    2190:	15 86       	std	Z+13, r1	; 0x0d
		
		// Lectura inicial del pin para el estado base
		bool initialReading = !(*pinReg & mask);
    2192:	8a 81       	ldd	r24, Y+2	; 0x02
    2194:	9b 81       	ldd	r25, Y+3	; 0x03
    2196:	fc 01       	movw	r30, r24
    2198:	80 81       	ld	r24, Z
    219a:	91 81       	ldd	r25, Z+1	; 0x01
    219c:	fc 01       	movw	r30, r24
    219e:	20 81       	ld	r18, Z
    21a0:	8a 81       	ldd	r24, Y+2	; 0x02
    21a2:	9b 81       	ldd	r25, Y+3	; 0x03
    21a4:	fc 01       	movw	r30, r24
    21a6:	86 81       	ldd	r24, Z+6	; 0x06
    21a8:	92 2f       	mov	r25, r18
    21aa:	98 23       	and	r25, r24
    21ac:	81 e0       	ldi	r24, 0x01	; 1
    21ae:	99 23       	and	r25, r25
    21b0:	09 f0       	breq	.+2      	; 0x21b4 <_ZN10SwitchUserC1EPVhS1_S1_h+0x94>
    21b2:	80 e0       	ldi	r24, 0x00	; 0
    21b4:	89 83       	std	Y+1, r24	; 0x01
		stableState = initialReading;
    21b6:	8a 81       	ldd	r24, Y+2	; 0x02
    21b8:	9b 81       	ldd	r25, Y+3	; 0x03
    21ba:	29 81       	ldd	r18, Y+1	; 0x01
    21bc:	fc 01       	movw	r30, r24
    21be:	24 87       	std	Z+12, r18	; 0x0c
		counter = stableState ? DEBOUNCE_SAMPLES : 0;
    21c0:	8a 81       	ldd	r24, Y+2	; 0x02
    21c2:	9b 81       	ldd	r25, Y+3	; 0x03
    21c4:	fc 01       	movw	r30, r24
    21c6:	84 85       	ldd	r24, Z+12	; 0x0c
    21c8:	88 23       	and	r24, r24
    21ca:	11 f0       	breq	.+4      	; 0x21d0 <_ZN10SwitchUserC1EPVhS1_S1_h+0xb0>
    21cc:	24 e1       	ldi	r18, 0x14	; 20
    21ce:	01 c0       	rjmp	.+2      	; 0x21d2 <_ZN10SwitchUserC1EPVhS1_S1_h+0xb2>
    21d0:	20 e0       	ldi	r18, 0x00	; 0
    21d2:	8a 81       	ldd	r24, Y+2	; 0x02
    21d4:	9b 81       	ldd	r25, Y+3	; 0x03
    21d6:	fc 01       	movw	r30, r24
    21d8:	27 83       	std	Z+7, r18	; 0x07
	}
    21da:	00 00       	nop
    21dc:	2a 96       	adiw	r28, 0x0a	; 10
    21de:	0f b6       	in	r0, 0x3f	; 63
    21e0:	f8 94       	cli
    21e2:	de bf       	out	0x3e, r29	; 62
    21e4:	0f be       	out	0x3f, r0	; 63
    21e6:	cd bf       	out	0x3d, r28	; 61
    21e8:	df 91       	pop	r29
    21ea:	cf 91       	pop	r28
    21ec:	0f 91       	pop	r16
    21ee:	08 95       	ret

000021f0 <_ZN10SwitchUser4initEv>:
	
	void init() {
    21f0:	cf 93       	push	r28
    21f2:	df 93       	push	r29
    21f4:	00 d0       	rcall	.+0      	; 0x21f6 <_ZN10SwitchUser4initEv+0x6>
    21f6:	cd b7       	in	r28, 0x3d	; 61
    21f8:	de b7       	in	r29, 0x3e	; 62
    21fa:	9a 83       	std	Y+2, r25	; 0x02
    21fc:	89 83       	std	Y+1, r24	; 0x01
		*ddrReg &= ~mask;	// Input
    21fe:	89 81       	ldd	r24, Y+1	; 0x01
    2200:	9a 81       	ldd	r25, Y+2	; 0x02
    2202:	fc 01       	movw	r30, r24
    2204:	84 81       	ldd	r24, Z+4	; 0x04
    2206:	95 81       	ldd	r25, Z+5	; 0x05
    2208:	29 81       	ldd	r18, Y+1	; 0x01
    220a:	3a 81       	ldd	r19, Y+2	; 0x02
    220c:	f9 01       	movw	r30, r18
    220e:	24 81       	ldd	r18, Z+4	; 0x04
    2210:	35 81       	ldd	r19, Z+5	; 0x05
    2212:	f9 01       	movw	r30, r18
    2214:	20 81       	ld	r18, Z
    2216:	42 2f       	mov	r20, r18
    2218:	29 81       	ldd	r18, Y+1	; 0x01
    221a:	3a 81       	ldd	r19, Y+2	; 0x02
    221c:	f9 01       	movw	r30, r18
    221e:	26 81       	ldd	r18, Z+6	; 0x06
    2220:	20 95       	com	r18
    2222:	24 23       	and	r18, r20
    2224:	fc 01       	movw	r30, r24
    2226:	20 83       	st	Z, r18
		*portReg |= mask;	// Pull-up
    2228:	89 81       	ldd	r24, Y+1	; 0x01
    222a:	9a 81       	ldd	r25, Y+2	; 0x02
    222c:	fc 01       	movw	r30, r24
    222e:	82 81       	ldd	r24, Z+2	; 0x02
    2230:	93 81       	ldd	r25, Z+3	; 0x03
    2232:	29 81       	ldd	r18, Y+1	; 0x01
    2234:	3a 81       	ldd	r19, Y+2	; 0x02
    2236:	f9 01       	movw	r30, r18
    2238:	22 81       	ldd	r18, Z+2	; 0x02
    223a:	33 81       	ldd	r19, Z+3	; 0x03
    223c:	f9 01       	movw	r30, r18
    223e:	40 81       	ld	r20, Z
    2240:	29 81       	ldd	r18, Y+1	; 0x01
    2242:	3a 81       	ldd	r19, Y+2	; 0x02
    2244:	f9 01       	movw	r30, r18
    2246:	26 81       	ldd	r18, Z+6	; 0x06
    2248:	24 2b       	or	r18, r20
    224a:	fc 01       	movw	r30, r24
    224c:	20 83       	st	Z, r18
	}
    224e:	00 00       	nop
    2250:	0f 90       	pop	r0
    2252:	0f 90       	pop	r0
    2254:	df 91       	pop	r29
    2256:	cf 91       	pop	r28
    2258:	08 95       	ret

0000225a <_ZN10SwitchUser6updateEm>:
	
	void update(uint32_t currentTime) {
    225a:	cf 93       	push	r28
    225c:	df 93       	push	r29
    225e:	cd b7       	in	r28, 0x3d	; 61
    2260:	de b7       	in	r29, 0x3e	; 62
    2262:	27 97       	sbiw	r28, 0x07	; 7
    2264:	0f b6       	in	r0, 0x3f	; 63
    2266:	f8 94       	cli
    2268:	de bf       	out	0x3e, r29	; 62
    226a:	0f be       	out	0x3f, r0	; 63
    226c:	cd bf       	out	0x3d, r28	; 61
    226e:	9b 83       	std	Y+3, r25	; 0x03
    2270:	8a 83       	std	Y+2, r24	; 0x02
    2272:	4c 83       	std	Y+4, r20	; 0x04
    2274:	5d 83       	std	Y+5, r21	; 0x05
    2276:	6e 83       	std	Y+6, r22	; 0x06
    2278:	7f 83       	std	Y+7, r23	; 0x07
		if (currentTime == lastSampleTime) return;
    227a:	8a 81       	ldd	r24, Y+2	; 0x02
    227c:	9b 81       	ldd	r25, Y+3	; 0x03
    227e:	fc 01       	movw	r30, r24
    2280:	20 85       	ldd	r18, Z+8	; 0x08
    2282:	31 85       	ldd	r19, Z+9	; 0x09
    2284:	42 85       	ldd	r20, Z+10	; 0x0a
    2286:	53 85       	ldd	r21, Z+11	; 0x0b
    2288:	8c 81       	ldd	r24, Y+4	; 0x04
    228a:	9d 81       	ldd	r25, Y+5	; 0x05
    228c:	ae 81       	ldd	r26, Y+6	; 0x06
    228e:	bf 81       	ldd	r27, Y+7	; 0x07
    2290:	28 17       	cp	r18, r24
    2292:	39 07       	cpc	r19, r25
    2294:	4a 07       	cpc	r20, r26
    2296:	5b 07       	cpc	r21, r27
    2298:	09 f4       	brne	.+2      	; 0x229c <_ZN10SwitchUser6updateEm+0x42>
    229a:	70 c0       	rjmp	.+224    	; 0x237c <_ZN10SwitchUser6updateEm+0x122>
		lastSampleTime = currentTime;
    229c:	2a 81       	ldd	r18, Y+2	; 0x02
    229e:	3b 81       	ldd	r19, Y+3	; 0x03
    22a0:	8c 81       	ldd	r24, Y+4	; 0x04
    22a2:	9d 81       	ldd	r25, Y+5	; 0x05
    22a4:	ae 81       	ldd	r26, Y+6	; 0x06
    22a6:	bf 81       	ldd	r27, Y+7	; 0x07
    22a8:	f9 01       	movw	r30, r18
    22aa:	80 87       	std	Z+8, r24	; 0x08
    22ac:	91 87       	std	Z+9, r25	; 0x09
    22ae:	a2 87       	std	Z+10, r26	; 0x0a
    22b0:	b3 87       	std	Z+11, r27	; 0x0b
		
		bool reading = !(*pinReg & mask);
    22b2:	8a 81       	ldd	r24, Y+2	; 0x02
    22b4:	9b 81       	ldd	r25, Y+3	; 0x03
    22b6:	fc 01       	movw	r30, r24
    22b8:	80 81       	ld	r24, Z
    22ba:	91 81       	ldd	r25, Z+1	; 0x01
    22bc:	fc 01       	movw	r30, r24
    22be:	20 81       	ld	r18, Z
    22c0:	8a 81       	ldd	r24, Y+2	; 0x02
    22c2:	9b 81       	ldd	r25, Y+3	; 0x03
    22c4:	fc 01       	movw	r30, r24
    22c6:	86 81       	ldd	r24, Z+6	; 0x06
    22c8:	92 2f       	mov	r25, r18
    22ca:	98 23       	and	r25, r24
    22cc:	81 e0       	ldi	r24, 0x01	; 1
    22ce:	99 23       	and	r25, r25
    22d0:	09 f0       	breq	.+2      	; 0x22d4 <_ZN10SwitchUser6updateEm+0x7a>
    22d2:	80 e0       	ldi	r24, 0x00	; 0
    22d4:	89 83       	std	Y+1, r24	; 0x01
		
		if (reading && counter < DEBOUNCE_SAMPLES) counter++;
    22d6:	89 81       	ldd	r24, Y+1	; 0x01
    22d8:	88 23       	and	r24, r24
    22da:	89 f0       	breq	.+34     	; 0x22fe <_ZN10SwitchUser6updateEm+0xa4>
    22dc:	8a 81       	ldd	r24, Y+2	; 0x02
    22de:	9b 81       	ldd	r25, Y+3	; 0x03
    22e0:	fc 01       	movw	r30, r24
    22e2:	87 81       	ldd	r24, Z+7	; 0x07
    22e4:	84 31       	cpi	r24, 0x14	; 20
    22e6:	58 f4       	brcc	.+22     	; 0x22fe <_ZN10SwitchUser6updateEm+0xa4>
    22e8:	8a 81       	ldd	r24, Y+2	; 0x02
    22ea:	9b 81       	ldd	r25, Y+3	; 0x03
    22ec:	fc 01       	movw	r30, r24
    22ee:	87 81       	ldd	r24, Z+7	; 0x07
    22f0:	21 e0       	ldi	r18, 0x01	; 1
    22f2:	28 0f       	add	r18, r24
    22f4:	8a 81       	ldd	r24, Y+2	; 0x02
    22f6:	9b 81       	ldd	r25, Y+3	; 0x03
    22f8:	fc 01       	movw	r30, r24
    22fa:	27 83       	std	Z+7, r18	; 0x07
    22fc:	15 c0       	rjmp	.+42     	; 0x2328 <_ZN10SwitchUser6updateEm+0xce>
		else if (!reading && counter > 0)          counter--;
    22fe:	99 81       	ldd	r25, Y+1	; 0x01
    2300:	81 e0       	ldi	r24, 0x01	; 1
    2302:	89 27       	eor	r24, r25
    2304:	88 23       	and	r24, r24
    2306:	81 f0       	breq	.+32     	; 0x2328 <_ZN10SwitchUser6updateEm+0xce>
    2308:	8a 81       	ldd	r24, Y+2	; 0x02
    230a:	9b 81       	ldd	r25, Y+3	; 0x03
    230c:	fc 01       	movw	r30, r24
    230e:	87 81       	ldd	r24, Z+7	; 0x07
    2310:	88 23       	and	r24, r24
    2312:	51 f0       	breq	.+20     	; 0x2328 <_ZN10SwitchUser6updateEm+0xce>
    2314:	8a 81       	ldd	r24, Y+2	; 0x02
    2316:	9b 81       	ldd	r25, Y+3	; 0x03
    2318:	fc 01       	movw	r30, r24
    231a:	87 81       	ldd	r24, Z+7	; 0x07
    231c:	2f ef       	ldi	r18, 0xFF	; 255
    231e:	28 0f       	add	r18, r24
    2320:	8a 81       	ldd	r24, Y+2	; 0x02
    2322:	9b 81       	ldd	r25, Y+3	; 0x03
    2324:	fc 01       	movw	r30, r24
    2326:	27 83       	std	Z+7, r18	; 0x07
		
		if (!stableState && counter == DEBOUNCE_SAMPLES) {
    2328:	8a 81       	ldd	r24, Y+2	; 0x02
    232a:	9b 81       	ldd	r25, Y+3	; 0x03
    232c:	fc 01       	movw	r30, r24
    232e:	94 85       	ldd	r25, Z+12	; 0x0c
    2330:	81 e0       	ldi	r24, 0x01	; 1
    2332:	89 27       	eor	r24, r25
    2334:	88 23       	and	r24, r24
    2336:	89 f0       	breq	.+34     	; 0x235a <_ZN10SwitchUser6updateEm+0x100>
    2338:	8a 81       	ldd	r24, Y+2	; 0x02
    233a:	9b 81       	ldd	r25, Y+3	; 0x03
    233c:	fc 01       	movw	r30, r24
    233e:	87 81       	ldd	r24, Z+7	; 0x07
    2340:	84 31       	cpi	r24, 0x14	; 20
    2342:	59 f4       	brne	.+22     	; 0x235a <_ZN10SwitchUser6updateEm+0x100>
			stableState = true;
    2344:	8a 81       	ldd	r24, Y+2	; 0x02
    2346:	9b 81       	ldd	r25, Y+3	; 0x03
    2348:	21 e0       	ldi	r18, 0x01	; 1
    234a:	fc 01       	movw	r30, r24
    234c:	24 87       	std	Z+12, r18	; 0x0c
			flagPressed = true;
    234e:	8a 81       	ldd	r24, Y+2	; 0x02
    2350:	9b 81       	ldd	r25, Y+3	; 0x03
    2352:	21 e0       	ldi	r18, 0x01	; 1
    2354:	fc 01       	movw	r30, r24
    2356:	25 87       	std	Z+13, r18	; 0x0d
    2358:	12 c0       	rjmp	.+36     	; 0x237e <_ZN10SwitchUser6updateEm+0x124>
		}
		else if (stableState && counter == 0) {
    235a:	8a 81       	ldd	r24, Y+2	; 0x02
    235c:	9b 81       	ldd	r25, Y+3	; 0x03
    235e:	fc 01       	movw	r30, r24
    2360:	84 85       	ldd	r24, Z+12	; 0x0c
    2362:	88 23       	and	r24, r24
    2364:	61 f0       	breq	.+24     	; 0x237e <_ZN10SwitchUser6updateEm+0x124>
    2366:	8a 81       	ldd	r24, Y+2	; 0x02
    2368:	9b 81       	ldd	r25, Y+3	; 0x03
    236a:	fc 01       	movw	r30, r24
    236c:	87 81       	ldd	r24, Z+7	; 0x07
    236e:	88 23       	and	r24, r24
    2370:	31 f4       	brne	.+12     	; 0x237e <_ZN10SwitchUser6updateEm+0x124>
			stableState = false;
    2372:	8a 81       	ldd	r24, Y+2	; 0x02
    2374:	9b 81       	ldd	r25, Y+3	; 0x03
    2376:	fc 01       	movw	r30, r24
    2378:	14 86       	std	Z+12, r1	; 0x0c
    237a:	01 c0       	rjmp	.+2      	; 0x237e <_ZN10SwitchUser6updateEm+0x124>
		*ddrReg &= ~mask;	// Input
		*portReg |= mask;	// Pull-up
	}
	
	void update(uint32_t currentTime) {
		if (currentTime == lastSampleTime) return;
    237c:	00 00       	nop
			flagPressed = true;
		}
		else if (stableState && counter == 0) {
			stableState = false;
		}
	}
    237e:	27 96       	adiw	r28, 0x07	; 7
    2380:	0f b6       	in	r0, 0x3f	; 63
    2382:	f8 94       	cli
    2384:	de bf       	out	0x3e, r29	; 62
    2386:	0f be       	out	0x3f, r0	; 63
    2388:	cd bf       	out	0x3d, r28	; 61
    238a:	df 91       	pop	r29
    238c:	cf 91       	pop	r28
    238e:	08 95       	ret

00002390 <_ZN10SwitchUser12consumeClickEv>:
	
	bool consumeClick() {
    2390:	cf 93       	push	r28
    2392:	df 93       	push	r29
    2394:	00 d0       	rcall	.+0      	; 0x2396 <_ZN10SwitchUser12consumeClickEv+0x6>
    2396:	cd b7       	in	r28, 0x3d	; 61
    2398:	de b7       	in	r29, 0x3e	; 62
    239a:	9a 83       	std	Y+2, r25	; 0x02
    239c:	89 83       	std	Y+1, r24	; 0x01
		if (flagPressed) {
    239e:	89 81       	ldd	r24, Y+1	; 0x01
    23a0:	9a 81       	ldd	r25, Y+2	; 0x02
    23a2:	fc 01       	movw	r30, r24
    23a4:	85 85       	ldd	r24, Z+13	; 0x0d
    23a6:	88 23       	and	r24, r24
    23a8:	31 f0       	breq	.+12     	; 0x23b6 <_ZN10SwitchUser12consumeClickEv+0x26>
			flagPressed = false;
    23aa:	89 81       	ldd	r24, Y+1	; 0x01
    23ac:	9a 81       	ldd	r25, Y+2	; 0x02
    23ae:	fc 01       	movw	r30, r24
    23b0:	15 86       	std	Z+13, r1	; 0x0d
			return true;
    23b2:	81 e0       	ldi	r24, 0x01	; 1
    23b4:	01 c0       	rjmp	.+2      	; 0x23b8 <_ZN10SwitchUser12consumeClickEv+0x28>
		}
		return false;
    23b6:	80 e0       	ldi	r24, 0x00	; 0
	}
    23b8:	0f 90       	pop	r0
    23ba:	0f 90       	pop	r0
    23bc:	df 91       	pop	r29
    23be:	cf 91       	pop	r28
    23c0:	08 95       	ret

000023c2 <_ZN5TimerC1Ev>:
	
	private:
	volatile uint32_t system_millis; // Contador de milisegundos desde el inicio.
	
	public:
	Timer() {
    23c2:	cf 93       	push	r28
    23c4:	df 93       	push	r29
    23c6:	00 d0       	rcall	.+0      	; 0x23c8 <_ZN5TimerC1Ev+0x6>
    23c8:	cd b7       	in	r28, 0x3d	; 61
    23ca:	de b7       	in	r29, 0x3e	; 62
    23cc:	9a 83       	std	Y+2, r25	; 0x02
    23ce:	89 83       	std	Y+1, r24	; 0x01
		system_millis = 0;
    23d0:	89 81       	ldd	r24, Y+1	; 0x01
    23d2:	9a 81       	ldd	r25, Y+2	; 0x02
    23d4:	fc 01       	movw	r30, r24
    23d6:	10 82       	st	Z, r1
    23d8:	11 82       	std	Z+1, r1	; 0x01
    23da:	12 82       	std	Z+2, r1	; 0x02
    23dc:	13 82       	std	Z+3, r1	; 0x03
	}
    23de:	00 00       	nop
    23e0:	0f 90       	pop	r0
    23e2:	0f 90       	pop	r0
    23e4:	df 91       	pop	r29
    23e6:	cf 91       	pop	r28
    23e8:	08 95       	ret

000023ea <_ZN5Timer4initEv>:
	
	void init() {
    23ea:	cf 93       	push	r28
    23ec:	df 93       	push	r29
    23ee:	00 d0       	rcall	.+0      	; 0x23f0 <_ZN5Timer4initEv+0x6>
    23f0:	cd b7       	in	r28, 0x3d	; 61
    23f2:	de b7       	in	r29, 0x3e	; 62
    23f4:	9a 83       	std	Y+2, r25	; 0x02
    23f6:	89 83       	std	Y+1, r24	; 0x01
		 * Inicializa el Timer 4 en modo CTC para interrumpir cada 1ms.
		 * Asume frecuencia de reloj (F_CPU) de 8MHz.
		 */
		
		// Modo CTC (Clear Timer on Compare Match)
		TCCR4A &= ~((1 << WGM41) | (1 << WGM40));
    23f8:	80 ea       	ldi	r24, 0xA0	; 160
    23fa:	90 e0       	ldi	r25, 0x00	; 0
    23fc:	20 ea       	ldi	r18, 0xA0	; 160
    23fe:	30 e0       	ldi	r19, 0x00	; 0
    2400:	f9 01       	movw	r30, r18
    2402:	20 81       	ld	r18, Z
    2404:	2c 7f       	andi	r18, 0xFC	; 252
    2406:	fc 01       	movw	r30, r24
    2408:	20 83       	st	Z, r18
		TCCR4B &= ~(1 << WGM43);
    240a:	81 ea       	ldi	r24, 0xA1	; 161
    240c:	90 e0       	ldi	r25, 0x00	; 0
    240e:	21 ea       	ldi	r18, 0xA1	; 161
    2410:	30 e0       	ldi	r19, 0x00	; 0
    2412:	f9 01       	movw	r30, r18
    2414:	20 81       	ld	r18, Z
    2416:	2f 7e       	andi	r18, 0xEF	; 239
    2418:	fc 01       	movw	r30, r24
    241a:	20 83       	st	Z, r18
		TCCR4B |= (1 << WGM42);
    241c:	81 ea       	ldi	r24, 0xA1	; 161
    241e:	90 e0       	ldi	r25, 0x00	; 0
    2420:	21 ea       	ldi	r18, 0xA1	; 161
    2422:	30 e0       	ldi	r19, 0x00	; 0
    2424:	f9 01       	movw	r30, r18
    2426:	20 81       	ld	r18, Z
    2428:	28 60       	ori	r18, 0x08	; 8
    242a:	fc 01       	movw	r30, r24
    242c:	20 83       	st	Z, r18

		// Preescalador a 64 (8MHz / 64 = 125kHz)
		TCCR4B |= (1 << CS41) | (1 << CS40);
    242e:	81 ea       	ldi	r24, 0xA1	; 161
    2430:	90 e0       	ldi	r25, 0x00	; 0
    2432:	21 ea       	ldi	r18, 0xA1	; 161
    2434:	30 e0       	ldi	r19, 0x00	; 0
    2436:	f9 01       	movw	r30, r18
    2438:	20 81       	ld	r18, Z
    243a:	23 60       	ori	r18, 0x03	; 3
    243c:	fc 01       	movw	r30, r24
    243e:	20 83       	st	Z, r18
		TCCR4B &= ~(1 << CS42);
    2440:	81 ea       	ldi	r24, 0xA1	; 161
    2442:	90 e0       	ldi	r25, 0x00	; 0
    2444:	21 ea       	ldi	r18, 0xA1	; 161
    2446:	30 e0       	ldi	r19, 0x00	; 0
    2448:	f9 01       	movw	r30, r18
    244a:	20 81       	ld	r18, Z
    244c:	2b 7f       	andi	r18, 0xFB	; 251
    244e:	fc 01       	movw	r30, r24
    2450:	20 83       	st	Z, r18

		// Interrupci�n en 1ms (125000 / 1000 -1 = 124 ticks)
		OCR4A = 124;
    2452:	88 ea       	ldi	r24, 0xA8	; 168
    2454:	90 e0       	ldi	r25, 0x00	; 0
    2456:	2c e7       	ldi	r18, 0x7C	; 124
    2458:	30 e0       	ldi	r19, 0x00	; 0
    245a:	fc 01       	movw	r30, r24
    245c:	31 83       	std	Z+1, r19	; 0x01
    245e:	20 83       	st	Z, r18
		
		// Habilitar interrupci�n por comparaci�n A.
		TIMSK4 |= (1 << OCIE4A);
    2460:	82 e7       	ldi	r24, 0x72	; 114
    2462:	90 e0       	ldi	r25, 0x00	; 0
    2464:	22 e7       	ldi	r18, 0x72	; 114
    2466:	30 e0       	ldi	r19, 0x00	; 0
    2468:	f9 01       	movw	r30, r18
    246a:	20 81       	ld	r18, Z
    246c:	22 60       	ori	r18, 0x02	; 2
    246e:	fc 01       	movw	r30, r24
    2470:	20 83       	st	Z, r18
	}
    2472:	00 00       	nop
    2474:	0f 90       	pop	r0
    2476:	0f 90       	pop	r0
    2478:	df 91       	pop	r29
    247a:	cf 91       	pop	r28
    247c:	08 95       	ret

0000247e <_ZN5Timer7addTickEv>:
	
	void addTick() {
    247e:	cf 93       	push	r28
    2480:	df 93       	push	r29
    2482:	00 d0       	rcall	.+0      	; 0x2484 <_ZN5Timer7addTickEv+0x6>
    2484:	cd b7       	in	r28, 0x3d	; 61
    2486:	de b7       	in	r29, 0x3e	; 62
    2488:	9a 83       	std	Y+2, r25	; 0x02
    248a:	89 83       	std	Y+1, r24	; 0x01
		/* 
		 * ==== addTick() ====
		 * Incrementa el reloj. Debe ser llamado exclusivamente durante la ISR.
		 */
		system_millis++;
    248c:	89 81       	ldd	r24, Y+1	; 0x01
    248e:	9a 81       	ldd	r25, Y+2	; 0x02
    2490:	fc 01       	movw	r30, r24
    2492:	80 81       	ld	r24, Z
    2494:	91 81       	ldd	r25, Z+1	; 0x01
    2496:	a2 81       	ldd	r26, Z+2	; 0x02
    2498:	b3 81       	ldd	r27, Z+3	; 0x03
    249a:	01 96       	adiw	r24, 0x01	; 1
    249c:	a1 1d       	adc	r26, r1
    249e:	b1 1d       	adc	r27, r1
    24a0:	29 81       	ldd	r18, Y+1	; 0x01
    24a2:	3a 81       	ldd	r19, Y+2	; 0x02
    24a4:	f9 01       	movw	r30, r18
    24a6:	80 83       	st	Z, r24
    24a8:	91 83       	std	Z+1, r25	; 0x01
    24aa:	a2 83       	std	Z+2, r26	; 0x02
    24ac:	b3 83       	std	Z+3, r27	; 0x03
	}
    24ae:	00 00       	nop
    24b0:	0f 90       	pop	r0
    24b2:	0f 90       	pop	r0
    24b4:	df 91       	pop	r29
    24b6:	cf 91       	pop	r28
    24b8:	08 95       	ret

000024ba <_ZN5Timer6millisEv>:
	
	uint32_t millis() {
    24ba:	cf 93       	push	r28
    24bc:	df 93       	push	r29
    24be:	cd b7       	in	r28, 0x3d	; 61
    24c0:	de b7       	in	r29, 0x3e	; 62
    24c2:	27 97       	sbiw	r28, 0x07	; 7
    24c4:	0f b6       	in	r0, 0x3f	; 63
    24c6:	f8 94       	cli
    24c8:	de bf       	out	0x3e, r29	; 62
    24ca:	0f be       	out	0x3f, r0	; 63
    24cc:	cd bf       	out	0x3d, r28	; 61
    24ce:	9f 83       	std	Y+7, r25	; 0x07
    24d0:	8e 83       	std	Y+6, r24	; 0x06
		 * ==== millis() ====
		 * Devuelve el tiempo actual en ms.
		 *  - return: [uint32_t] Milisegundos transcurridos desde inicio.
		 */
		uint32_t time;
		uint8_t oldSREG = SREG;		// Guarda estado acutal de las interrupciones
    24d2:	8f e5       	ldi	r24, 0x5F	; 95
    24d4:	90 e0       	ldi	r25, 0x00	; 0
    24d6:	fc 01       	movw	r30, r24
    24d8:	80 81       	ld	r24, Z
    24da:	89 83       	std	Y+1, r24	; 0x01
		cli();						// Deshabilita interrupciones para lectura
    24dc:	f8 94       	cli
		time = system_millis;
    24de:	8e 81       	ldd	r24, Y+6	; 0x06
    24e0:	9f 81       	ldd	r25, Y+7	; 0x07
    24e2:	fc 01       	movw	r30, r24
    24e4:	80 81       	ld	r24, Z
    24e6:	91 81       	ldd	r25, Z+1	; 0x01
    24e8:	a2 81       	ldd	r26, Z+2	; 0x02
    24ea:	b3 81       	ldd	r27, Z+3	; 0x03
    24ec:	8a 83       	std	Y+2, r24	; 0x02
    24ee:	9b 83       	std	Y+3, r25	; 0x03
    24f0:	ac 83       	std	Y+4, r26	; 0x04
    24f2:	bd 83       	std	Y+5, r27	; 0x05
		SREG = oldSREG;				// Restaura el registro de estado original
    24f4:	8f e5       	ldi	r24, 0x5F	; 95
    24f6:	90 e0       	ldi	r25, 0x00	; 0
    24f8:	29 81       	ldd	r18, Y+1	; 0x01
    24fa:	fc 01       	movw	r30, r24
    24fc:	20 83       	st	Z, r18
		// sei();					// Nota: SREG ya restaurado; cli() no es necesario.
		return time;
    24fe:	8a 81       	ldd	r24, Y+2	; 0x02
    2500:	9b 81       	ldd	r25, Y+3	; 0x03
    2502:	ac 81       	ldd	r26, Y+4	; 0x04
    2504:	bd 81       	ldd	r27, Y+5	; 0x05
	}
    2506:	bc 01       	movw	r22, r24
    2508:	cd 01       	movw	r24, r26
    250a:	27 96       	adiw	r28, 0x07	; 7
    250c:	0f b6       	in	r0, 0x3f	; 63
    250e:	f8 94       	cli
    2510:	de bf       	out	0x3e, r29	; 62
    2512:	0f be       	out	0x3f, r0	; 63
    2514:	cd bf       	out	0x3d, r28	; 61
    2516:	df 91       	pop	r29
    2518:	cf 91       	pop	r28
    251a:	08 95       	ret

0000251c <_ZN4UARTC1Ev>:
    char txBuffer[TX_BUFFER_SIZE];
    uint8_t txHead;
    uint8_t txTail;

    public:
    UART() {
    251c:	cf 93       	push	r28
    251e:	df 93       	push	r29
    2520:	00 d0       	rcall	.+0      	; 0x2522 <_ZN4UARTC1Ev+0x6>
    2522:	cd b7       	in	r28, 0x3d	; 61
    2524:	de b7       	in	r29, 0x3e	; 62
    2526:	9a 83       	std	Y+2, r25	; 0x02
    2528:	89 83       	std	Y+1, r24	; 0x01
        txHead = 0;
    252a:	89 81       	ldd	r24, Y+1	; 0x01
    252c:	9a 81       	ldd	r25, Y+2	; 0x02
    252e:	80 5c       	subi	r24, 0xC0	; 192
    2530:	9f 4f       	sbci	r25, 0xFF	; 255
    2532:	fc 01       	movw	r30, r24
    2534:	10 82       	st	Z, r1
        txTail = 0;
    2536:	89 81       	ldd	r24, Y+1	; 0x01
    2538:	9a 81       	ldd	r25, Y+2	; 0x02
    253a:	8f 5b       	subi	r24, 0xBF	; 191
    253c:	9f 4f       	sbci	r25, 0xFF	; 255
    253e:	fc 01       	movw	r30, r24
    2540:	10 82       	st	Z, r1
    }
    2542:	00 00       	nop
    2544:	0f 90       	pop	r0
    2546:	0f 90       	pop	r0
    2548:	df 91       	pop	r29
    254a:	cf 91       	pop	r28
    254c:	08 95       	ret

0000254e <_ZN4UART4initEm>:

    void init(uint32_t baud) {
    254e:	cf 93       	push	r28
    2550:	df 93       	push	r29
    2552:	cd b7       	in	r28, 0x3d	; 61
    2554:	de b7       	in	r29, 0x3e	; 62
    2556:	2a 97       	sbiw	r28, 0x0a	; 10
    2558:	0f b6       	in	r0, 0x3f	; 63
    255a:	f8 94       	cli
    255c:	de bf       	out	0x3e, r29	; 62
    255e:	0f be       	out	0x3f, r0	; 63
    2560:	cd bf       	out	0x3d, r28	; 61
    2562:	9e 83       	std	Y+6, r25	; 0x06
    2564:	8d 83       	std	Y+5, r24	; 0x05
    2566:	4f 83       	std	Y+7, r20	; 0x07
    2568:	58 87       	std	Y+8, r21	; 0x08
    256a:	69 87       	std	Y+9, r22	; 0x09
    256c:	7a 87       	std	Y+10, r23	; 0x0a
		uint32_t ubrr = F_CPU / 16 / baud - 1;
    256e:	80 e2       	ldi	r24, 0x20	; 32
    2570:	91 ea       	ldi	r25, 0xA1	; 161
    2572:	a7 e0       	ldi	r26, 0x07	; 7
    2574:	b0 e0       	ldi	r27, 0x00	; 0
    2576:	2f 81       	ldd	r18, Y+7	; 0x07
    2578:	38 85       	ldd	r19, Y+8	; 0x08
    257a:	49 85       	ldd	r20, Y+9	; 0x09
    257c:	5a 85       	ldd	r21, Y+10	; 0x0a
    257e:	bc 01       	movw	r22, r24
    2580:	cd 01       	movw	r24, r26
    2582:	0e 94 12 26 	call	0x4c24	; 0x4c24 <__udivmodsi4>
    2586:	da 01       	movw	r26, r20
    2588:	c9 01       	movw	r24, r18
    258a:	01 97       	sbiw	r24, 0x01	; 1
    258c:	a1 09       	sbc	r26, r1
    258e:	b1 09       	sbc	r27, r1
    2590:	89 83       	std	Y+1, r24	; 0x01
    2592:	9a 83       	std	Y+2, r25	; 0x02
    2594:	ab 83       	std	Y+3, r26	; 0x03
    2596:	bc 83       	std	Y+4, r27	; 0x04
		UBRR0H = (unsigned char) (ubrr >> 8);
    2598:	25 ec       	ldi	r18, 0xC5	; 197
    259a:	30 e0       	ldi	r19, 0x00	; 0
    259c:	89 81       	ldd	r24, Y+1	; 0x01
    259e:	9a 81       	ldd	r25, Y+2	; 0x02
    25a0:	ab 81       	ldd	r26, Y+3	; 0x03
    25a2:	bc 81       	ldd	r27, Y+4	; 0x04
    25a4:	89 2f       	mov	r24, r25
    25a6:	9a 2f       	mov	r25, r26
    25a8:	ab 2f       	mov	r26, r27
    25aa:	bb 27       	eor	r27, r27
    25ac:	f9 01       	movw	r30, r18
    25ae:	80 83       	st	Z, r24
		UBRR0L = (unsigned char) ubrr;
    25b0:	84 ec       	ldi	r24, 0xC4	; 196
    25b2:	90 e0       	ldi	r25, 0x00	; 0
    25b4:	29 81       	ldd	r18, Y+1	; 0x01
    25b6:	fc 01       	movw	r30, r24
    25b8:	20 83       	st	Z, r18
		UCSR0B = (1 << TXEN0);
    25ba:	81 ec       	ldi	r24, 0xC1	; 193
    25bc:	90 e0       	ldi	r25, 0x00	; 0
    25be:	28 e0       	ldi	r18, 0x08	; 8
    25c0:	fc 01       	movw	r30, r24
    25c2:	20 83       	st	Z, r18
		UCSR0C = (1 << UCSZ01) | (1 << UCSZ00);
    25c4:	82 ec       	ldi	r24, 0xC2	; 194
    25c6:	90 e0       	ldi	r25, 0x00	; 0
    25c8:	26 e0       	ldi	r18, 0x06	; 6
    25ca:	fc 01       	movw	r30, r24
    25cc:	20 83       	st	Z, r18

        txHead = 0;
    25ce:	8d 81       	ldd	r24, Y+5	; 0x05
    25d0:	9e 81       	ldd	r25, Y+6	; 0x06
    25d2:	80 5c       	subi	r24, 0xC0	; 192
    25d4:	9f 4f       	sbci	r25, 0xFF	; 255
    25d6:	fc 01       	movw	r30, r24
    25d8:	10 82       	st	Z, r1
        txTail = 0;
    25da:	8d 81       	ldd	r24, Y+5	; 0x05
    25dc:	9e 81       	ldd	r25, Y+6	; 0x06
    25de:	8f 5b       	subi	r24, 0xBF	; 191
    25e0:	9f 4f       	sbci	r25, 0xFF	; 255
    25e2:	fc 01       	movw	r30, r24
    25e4:	10 82       	st	Z, r1
    }
    25e6:	00 00       	nop
    25e8:	2a 96       	adiw	r28, 0x0a	; 10
    25ea:	0f b6       	in	r0, 0x3f	; 63
    25ec:	f8 94       	cli
    25ee:	de bf       	out	0x3e, r29	; 62
    25f0:	0f be       	out	0x3f, r0	; 63
    25f2:	cd bf       	out	0x3d, r28	; 61
    25f4:	df 91       	pop	r29
    25f6:	cf 91       	pop	r28
    25f8:	08 95       	ret

000025fa <_ZN4UART4sendEc>:

    void send(char c) {
    25fa:	cf 93       	push	r28
    25fc:	df 93       	push	r29
    25fe:	00 d0       	rcall	.+0      	; 0x2600 <_ZN4UART4sendEc+0x6>
    2600:	00 d0       	rcall	.+0      	; 0x2602 <_ZN4UART4sendEc+0x8>
    2602:	cd b7       	in	r28, 0x3d	; 61
    2604:	de b7       	in	r29, 0x3e	; 62
    2606:	9b 83       	std	Y+3, r25	; 0x03
    2608:	8a 83       	std	Y+2, r24	; 0x02
    260a:	6c 83       	std	Y+4, r22	; 0x04
        uint8_t nextHead = (txHead + 1) % TX_BUFFER_SIZE; 
    260c:	8a 81       	ldd	r24, Y+2	; 0x02
    260e:	9b 81       	ldd	r25, Y+3	; 0x03
    2610:	80 5c       	subi	r24, 0xC0	; 192
    2612:	9f 4f       	sbci	r25, 0xFF	; 255
    2614:	fc 01       	movw	r30, r24
    2616:	80 81       	ld	r24, Z
    2618:	88 2f       	mov	r24, r24
    261a:	90 e0       	ldi	r25, 0x00	; 0
    261c:	01 96       	adiw	r24, 0x01	; 1
    261e:	8f 73       	andi	r24, 0x3F	; 63
    2620:	90 78       	andi	r25, 0x80	; 128
    2622:	99 23       	and	r25, r25
    2624:	24 f4       	brge	.+8      	; 0x262e <_ZN4UART4sendEc+0x34>
    2626:	01 97       	sbiw	r24, 0x01	; 1
    2628:	80 6c       	ori	r24, 0xC0	; 192
    262a:	9f 6f       	ori	r25, 0xFF	; 255
    262c:	01 96       	adiw	r24, 0x01	; 1
    262e:	89 83       	std	Y+1, r24	; 0x01
        
        if (nextHead == txTail) {
    2630:	8a 81       	ldd	r24, Y+2	; 0x02
    2632:	9b 81       	ldd	r25, Y+3	; 0x03
    2634:	8f 5b       	subi	r24, 0xBF	; 191
    2636:	9f 4f       	sbci	r25, 0xFF	; 255
    2638:	fc 01       	movw	r30, r24
    263a:	90 81       	ld	r25, Z
    263c:	89 81       	ldd	r24, Y+1	; 0x01
    263e:	98 17       	cp	r25, r24
    2640:	01 f1       	breq	.+64     	; 0x2682 <_ZN4UART4sendEc+0x88>
            // Buffer lleno. Descartar caracter.
            return;
        }

        txBuffer[txHead] = c;
    2642:	8a 81       	ldd	r24, Y+2	; 0x02
    2644:	9b 81       	ldd	r25, Y+3	; 0x03
    2646:	80 5c       	subi	r24, 0xC0	; 192
    2648:	9f 4f       	sbci	r25, 0xFF	; 255
    264a:	fc 01       	movw	r30, r24
    264c:	80 81       	ld	r24, Z
    264e:	88 2f       	mov	r24, r24
    2650:	90 e0       	ldi	r25, 0x00	; 0
    2652:	2a 81       	ldd	r18, Y+2	; 0x02
    2654:	3b 81       	ldd	r19, Y+3	; 0x03
    2656:	82 0f       	add	r24, r18
    2658:	93 1f       	adc	r25, r19
    265a:	2c 81       	ldd	r18, Y+4	; 0x04
    265c:	fc 01       	movw	r30, r24
    265e:	20 83       	st	Z, r18
        txHead = nextHead;
    2660:	8a 81       	ldd	r24, Y+2	; 0x02
    2662:	9b 81       	ldd	r25, Y+3	; 0x03
    2664:	80 5c       	subi	r24, 0xC0	; 192
    2666:	9f 4f       	sbci	r25, 0xFF	; 255
    2668:	29 81       	ldd	r18, Y+1	; 0x01
    266a:	fc 01       	movw	r30, r24
    266c:	20 83       	st	Z, r18

        UCSR0B |= (1 << UDRIE0); // Habilitar interrupción "Data Register Empty"
    266e:	81 ec       	ldi	r24, 0xC1	; 193
    2670:	90 e0       	ldi	r25, 0x00	; 0
    2672:	21 ec       	ldi	r18, 0xC1	; 193
    2674:	30 e0       	ldi	r19, 0x00	; 0
    2676:	f9 01       	movw	r30, r18
    2678:	20 81       	ld	r18, Z
    267a:	20 62       	ori	r18, 0x20	; 32
    267c:	fc 01       	movw	r30, r24
    267e:	20 83       	st	Z, r18
    2680:	01 c0       	rjmp	.+2      	; 0x2684 <_ZN4UART4sendEc+0x8a>
    void send(char c) {
        uint8_t nextHead = (txHead + 1) % TX_BUFFER_SIZE; 
        
        if (nextHead == txTail) {
            // Buffer lleno. Descartar caracter.
            return;
    2682:	00 00       	nop
        txHead = nextHead;

        UCSR0B |= (1 << UDRIE0); // Habilitar interrupción "Data Register Empty"
	//	while (!(UCSR0A & (1 << UDRE0)));
	//	UDR0 = c;
    }
    2684:	0f 90       	pop	r0
    2686:	0f 90       	pop	r0
    2688:	0f 90       	pop	r0
    268a:	0f 90       	pop	r0
    268c:	df 91       	pop	r29
    268e:	cf 91       	pop	r28
    2690:	08 95       	ret

00002692 <_ZN4UART5printEPKc>:

    void print(const char* s) {
    2692:	cf 93       	push	r28
    2694:	df 93       	push	r29
    2696:	00 d0       	rcall	.+0      	; 0x2698 <_ZN4UART5printEPKc+0x6>
    2698:	00 d0       	rcall	.+0      	; 0x269a <_ZN4UART5printEPKc+0x8>
    269a:	cd b7       	in	r28, 0x3d	; 61
    269c:	de b7       	in	r29, 0x3e	; 62
    269e:	9a 83       	std	Y+2, r25	; 0x02
    26a0:	89 83       	std	Y+1, r24	; 0x01
    26a2:	7c 83       	std	Y+4, r23	; 0x04
    26a4:	6b 83       	std	Y+3, r22	; 0x03
        while (*s) send(*s++);
    26a6:	8b 81       	ldd	r24, Y+3	; 0x03
    26a8:	9c 81       	ldd	r25, Y+4	; 0x04
    26aa:	fc 01       	movw	r30, r24
    26ac:	80 81       	ld	r24, Z
    26ae:	88 23       	and	r24, r24
    26b0:	79 f0       	breq	.+30     	; 0x26d0 <_ZN4UART5printEPKc+0x3e>
    26b2:	8b 81       	ldd	r24, Y+3	; 0x03
    26b4:	9c 81       	ldd	r25, Y+4	; 0x04
    26b6:	9c 01       	movw	r18, r24
    26b8:	2f 5f       	subi	r18, 0xFF	; 255
    26ba:	3f 4f       	sbci	r19, 0xFF	; 255
    26bc:	3c 83       	std	Y+4, r19	; 0x04
    26be:	2b 83       	std	Y+3, r18	; 0x03
    26c0:	fc 01       	movw	r30, r24
    26c2:	20 81       	ld	r18, Z
    26c4:	89 81       	ldd	r24, Y+1	; 0x01
    26c6:	9a 81       	ldd	r25, Y+2	; 0x02
    26c8:	62 2f       	mov	r22, r18
    26ca:	0e 94 fd 12 	call	0x25fa	; 0x25fa <_ZN4UART4sendEc>
    26ce:	eb cf       	rjmp	.-42     	; 0x26a6 <_ZN4UART5printEPKc+0x14>
    }
    26d0:	00 00       	nop
    26d2:	0f 90       	pop	r0
    26d4:	0f 90       	pop	r0
    26d6:	0f 90       	pop	r0
    26d8:	0f 90       	pop	r0
    26da:	df 91       	pop	r29
    26dc:	cf 91       	pop	r28
    26de:	08 95       	ret

000026e0 <_ZN4UART7isrUDREEv>:

    void isrUDRE() {
    26e0:	cf 93       	push	r28
    26e2:	df 93       	push	r29
    26e4:	00 d0       	rcall	.+0      	; 0x26e6 <_ZN4UART7isrUDREEv+0x6>
    26e6:	cd b7       	in	r28, 0x3d	; 61
    26e8:	de b7       	in	r29, 0x3e	; 62
    26ea:	9a 83       	std	Y+2, r25	; 0x02
    26ec:	89 83       	std	Y+1, r24	; 0x01
        if (txHead != txTail) {
    26ee:	89 81       	ldd	r24, Y+1	; 0x01
    26f0:	9a 81       	ldd	r25, Y+2	; 0x02
    26f2:	80 5c       	subi	r24, 0xC0	; 192
    26f4:	9f 4f       	sbci	r25, 0xFF	; 255
    26f6:	fc 01       	movw	r30, r24
    26f8:	20 81       	ld	r18, Z
    26fa:	89 81       	ldd	r24, Y+1	; 0x01
    26fc:	9a 81       	ldd	r25, Y+2	; 0x02
    26fe:	8f 5b       	subi	r24, 0xBF	; 191
    2700:	9f 4f       	sbci	r25, 0xFF	; 255
    2702:	fc 01       	movw	r30, r24
    2704:	80 81       	ld	r24, Z
    2706:	28 17       	cp	r18, r24
    2708:	59 f1       	breq	.+86     	; 0x2760 <_ZN4UART7isrUDREEv+0x80>
            UDR0 = txBuffer[txTail];
    270a:	86 ec       	ldi	r24, 0xC6	; 198
    270c:	90 e0       	ldi	r25, 0x00	; 0
    270e:	29 81       	ldd	r18, Y+1	; 0x01
    2710:	3a 81       	ldd	r19, Y+2	; 0x02
    2712:	2f 5b       	subi	r18, 0xBF	; 191
    2714:	3f 4f       	sbci	r19, 0xFF	; 255
    2716:	f9 01       	movw	r30, r18
    2718:	20 81       	ld	r18, Z
    271a:	22 2f       	mov	r18, r18
    271c:	30 e0       	ldi	r19, 0x00	; 0
    271e:	49 81       	ldd	r20, Y+1	; 0x01
    2720:	5a 81       	ldd	r21, Y+2	; 0x02
    2722:	24 0f       	add	r18, r20
    2724:	35 1f       	adc	r19, r21
    2726:	f9 01       	movw	r30, r18
    2728:	20 81       	ld	r18, Z
    272a:	fc 01       	movw	r30, r24
    272c:	20 83       	st	Z, r18
            txTail = (txTail + 1) % TX_BUFFER_SIZE;
    272e:	89 81       	ldd	r24, Y+1	; 0x01
    2730:	9a 81       	ldd	r25, Y+2	; 0x02
    2732:	8f 5b       	subi	r24, 0xBF	; 191
    2734:	9f 4f       	sbci	r25, 0xFF	; 255
    2736:	fc 01       	movw	r30, r24
    2738:	80 81       	ld	r24, Z
    273a:	88 2f       	mov	r24, r24
    273c:	90 e0       	ldi	r25, 0x00	; 0
    273e:	01 96       	adiw	r24, 0x01	; 1
    2740:	8f 73       	andi	r24, 0x3F	; 63
    2742:	90 78       	andi	r25, 0x80	; 128
    2744:	99 23       	and	r25, r25
    2746:	24 f4       	brge	.+8      	; 0x2750 <_ZN4UART7isrUDREEv+0x70>
    2748:	01 97       	sbiw	r24, 0x01	; 1
    274a:	80 6c       	ori	r24, 0xC0	; 192
    274c:	9f 6f       	ori	r25, 0xFF	; 255
    274e:	01 96       	adiw	r24, 0x01	; 1
    2750:	28 2f       	mov	r18, r24
    2752:	89 81       	ldd	r24, Y+1	; 0x01
    2754:	9a 81       	ldd	r25, Y+2	; 0x02
    2756:	8f 5b       	subi	r24, 0xBF	; 191
    2758:	9f 4f       	sbci	r25, 0xFF	; 255
    275a:	fc 01       	movw	r30, r24
    275c:	20 83       	st	Z, r18
        } else {
            UCSR0B &= ~(1 << UDRIE0); // Deshabilitar interrupción si no hay más datos
        }
    }
    275e:	09 c0       	rjmp	.+18     	; 0x2772 <_ZN4UART7isrUDREEv+0x92>
    void isrUDRE() {
        if (txHead != txTail) {
            UDR0 = txBuffer[txTail];
            txTail = (txTail + 1) % TX_BUFFER_SIZE;
        } else {
            UCSR0B &= ~(1 << UDRIE0); // Deshabilitar interrupción si no hay más datos
    2760:	81 ec       	ldi	r24, 0xC1	; 193
    2762:	90 e0       	ldi	r25, 0x00	; 0
    2764:	21 ec       	ldi	r18, 0xC1	; 193
    2766:	30 e0       	ldi	r19, 0x00	; 0
    2768:	f9 01       	movw	r30, r18
    276a:	20 81       	ld	r18, Z
    276c:	2f 7d       	andi	r18, 0xDF	; 223
    276e:	fc 01       	movw	r30, r24
    2770:	20 83       	st	Z, r18
        }
    }
    2772:	00 00       	nop
    2774:	0f 90       	pop	r0
    2776:	0f 90       	pop	r0
    2778:	df 91       	pop	r29
    277a:	cf 91       	pop	r28
    277c:	08 95       	ret

0000277e <_ZN6StatusC1Ev>:
	NO_CHANGE = 255
};

class Status {
	public:
		Status() : current_state(States::Init) {}
    277e:	cf 93       	push	r28
    2780:	df 93       	push	r29
    2782:	00 d0       	rcall	.+0      	; 0x2784 <_ZN6StatusC1Ev+0x6>
    2784:	cd b7       	in	r28, 0x3d	; 61
    2786:	de b7       	in	r29, 0x3e	; 62
    2788:	9a 83       	std	Y+2, r25	; 0x02
    278a:	89 83       	std	Y+1, r24	; 0x01
    278c:	89 81       	ldd	r24, Y+1	; 0x01
    278e:	9a 81       	ldd	r25, Y+2	; 0x02
    2790:	fc 01       	movw	r30, r24
    2792:	10 a2       	std	Z+32, r1	; 0x20
    2794:	89 81       	ldd	r24, Y+1	; 0x01
    2796:	9a 81       	ldd	r25, Y+2	; 0x02
    2798:	fc 01       	movw	r30, r24
    279a:	11 a2       	std	Z+33, r1	; 0x21
    279c:	89 81       	ldd	r24, Y+1	; 0x01
    279e:	9a 81       	ldd	r25, Y+2	; 0x02
    27a0:	fc 01       	movw	r30, r24
    27a2:	12 a2       	std	Z+34, r1	; 0x22
    27a4:	89 81       	ldd	r24, Y+1	; 0x01
    27a6:	9a 81       	ldd	r25, Y+2	; 0x02
    27a8:	fc 01       	movw	r30, r24
    27aa:	13 a2       	std	Z+35, r1	; 0x23
    27ac:	89 81       	ldd	r24, Y+1	; 0x01
    27ae:	9a 81       	ldd	r25, Y+2	; 0x02
    27b0:	fc 01       	movw	r30, r24
    27b2:	14 a2       	std	Z+36, r1	; 0x24
    27b4:	15 a2       	std	Z+37, r1	; 0x25
    27b6:	16 a2       	std	Z+38, r1	; 0x26
    27b8:	17 a2       	std	Z+39, r1	; 0x27
    27ba:	89 81       	ldd	r24, Y+1	; 0x01
    27bc:	9a 81       	ldd	r25, Y+2	; 0x02
    27be:	fc 01       	movw	r30, r24
    27c0:	10 a6       	std	Z+40, r1	; 0x28
    27c2:	11 a6       	std	Z+41, r1	; 0x29
    27c4:	12 a6       	std	Z+42, r1	; 0x2a
    27c6:	13 a6       	std	Z+43, r1	; 0x2b
    27c8:	89 81       	ldd	r24, Y+1	; 0x01
    27ca:	9a 81       	ldd	r25, Y+2	; 0x02
    27cc:	fc 01       	movw	r30, r24
    27ce:	14 a6       	std	Z+44, r1	; 0x2c
    27d0:	89 81       	ldd	r24, Y+1	; 0x01
    27d2:	9a 81       	ldd	r25, Y+2	; 0x02
    27d4:	fc 01       	movw	r30, r24
    27d6:	15 a6       	std	Z+45, r1	; 0x2d
    27d8:	00 00       	nop
    27da:	0f 90       	pop	r0
    27dc:	0f 90       	pop	r0
    27de:	df 91       	pop	r29
    27e0:	cf 91       	pop	r28
    27e2:	08 95       	ret

000027e4 <_ZN6Status8setStateE6States>:
			
		~Status() = default;
		
		void setState(States s) { current_state = s; }
    27e4:	cf 93       	push	r28
    27e6:	df 93       	push	r29
    27e8:	00 d0       	rcall	.+0      	; 0x27ea <_ZN6Status8setStateE6States+0x6>
    27ea:	1f 92       	push	r1
    27ec:	cd b7       	in	r28, 0x3d	; 61
    27ee:	de b7       	in	r29, 0x3e	; 62
    27f0:	9a 83       	std	Y+2, r25	; 0x02
    27f2:	89 83       	std	Y+1, r24	; 0x01
    27f4:	6b 83       	std	Y+3, r22	; 0x03
    27f6:	89 81       	ldd	r24, Y+1	; 0x01
    27f8:	9a 81       	ldd	r25, Y+2	; 0x02
    27fa:	2b 81       	ldd	r18, Y+3	; 0x03
    27fc:	fc 01       	movw	r30, r24
    27fe:	25 a7       	std	Z+45, r18	; 0x2d
    2800:	00 00       	nop
    2802:	0f 90       	pop	r0
    2804:	0f 90       	pop	r0
    2806:	0f 90       	pop	r0
    2808:	df 91       	pop	r29
    280a:	cf 91       	pop	r28
    280c:	08 95       	ret

0000280e <_ZN6Status8getStateEv>:
		States getState() 		{return current_state; }
    280e:	cf 93       	push	r28
    2810:	df 93       	push	r29
    2812:	00 d0       	rcall	.+0      	; 0x2814 <_ZN6Status8getStateEv+0x6>
    2814:	cd b7       	in	r28, 0x3d	; 61
    2816:	de b7       	in	r29, 0x3e	; 62
    2818:	9a 83       	std	Y+2, r25	; 0x02
    281a:	89 83       	std	Y+1, r24	; 0x01
    281c:	89 81       	ldd	r24, Y+1	; 0x01
    281e:	9a 81       	ldd	r25, Y+2	; 0x02
    2820:	fc 01       	movw	r30, r24
    2822:	85 a5       	ldd	r24, Z+45	; 0x2d
    2824:	0f 90       	pop	r0
    2826:	0f 90       	pop	r0
    2828:	df 91       	pop	r29
    282a:	cf 91       	pop	r28
    282c:	08 95       	ret

0000282e <_ZN6Status14update_sensorsEv>:
							
		void update_sensors() {
    282e:	cf 93       	push	r28
    2830:	df 93       	push	r29
    2832:	00 d0       	rcall	.+0      	; 0x2834 <_ZN6Status14update_sensorsEv+0x6>
    2834:	00 d0       	rcall	.+0      	; 0x2836 <_ZN6Status14update_sensorsEv+0x8>
    2836:	cd b7       	in	r28, 0x3d	; 61
    2838:	de b7       	in	r29, 0x3e	; 62
    283a:	9a 83       	std	Y+2, r25	; 0x02
    283c:	89 83       	std	Y+1, r24	; 0x01
			current_time = timer->millis();
    283e:	89 81       	ldd	r24, Y+1	; 0x01
    2840:	9a 81       	ldd	r25, Y+2	; 0x02
    2842:	fc 01       	movw	r30, r24
    2844:	84 8d       	ldd	r24, Z+28	; 0x1c
    2846:	95 8d       	ldd	r25, Z+29	; 0x1d
    2848:	0e 94 5d 12 	call	0x24ba	; 0x24ba <_ZN5Timer6millisEv>
    284c:	dc 01       	movw	r26, r24
    284e:	cb 01       	movw	r24, r22
    2850:	29 81       	ldd	r18, Y+1	; 0x01
    2852:	3a 81       	ldd	r19, Y+2	; 0x02
    2854:	f9 01       	movw	r30, r18
    2856:	80 a7       	std	Z+40, r24	; 0x28
    2858:	91 a7       	std	Z+41, r25	; 0x29
    285a:	a2 a7       	std	Z+42, r26	; 0x2a
    285c:	b3 a7       	std	Z+43, r27	; 0x2b
			
			sw1->update(current_time);
    285e:	89 81       	ldd	r24, Y+1	; 0x01
    2860:	9a 81       	ldd	r25, Y+2	; 0x02
    2862:	fc 01       	movw	r30, r24
    2864:	80 a5       	ldd	r24, Z+40	; 0x28
    2866:	91 a5       	ldd	r25, Z+41	; 0x29
    2868:	a2 a5       	ldd	r26, Z+42	; 0x2a
    286a:	b3 a5       	ldd	r27, Z+43	; 0x2b
    286c:	29 81       	ldd	r18, Y+1	; 0x01
    286e:	3a 81       	ldd	r19, Y+2	; 0x02
    2870:	f9 01       	movw	r30, r18
    2872:	22 85       	ldd	r18, Z+10	; 0x0a
    2874:	33 85       	ldd	r19, Z+11	; 0x0b
    2876:	ac 01       	movw	r20, r24
    2878:	bd 01       	movw	r22, r26
    287a:	c9 01       	movw	r24, r18
    287c:	0e 94 b5 05 	call	0xb6a	; 0xb6a <_ZN11LimitSwitch6updateEm>
			sw2->update(current_time);
    2880:	89 81       	ldd	r24, Y+1	; 0x01
    2882:	9a 81       	ldd	r25, Y+2	; 0x02
    2884:	fc 01       	movw	r30, r24
    2886:	80 a5       	ldd	r24, Z+40	; 0x28
    2888:	91 a5       	ldd	r25, Z+41	; 0x29
    288a:	a2 a5       	ldd	r26, Z+42	; 0x2a
    288c:	b3 a5       	ldd	r27, Z+43	; 0x2b
    288e:	29 81       	ldd	r18, Y+1	; 0x01
    2890:	3a 81       	ldd	r19, Y+2	; 0x02
    2892:	f9 01       	movw	r30, r18
    2894:	24 85       	ldd	r18, Z+12	; 0x0c
    2896:	35 85       	ldd	r19, Z+13	; 0x0d
    2898:	ac 01       	movw	r20, r24
    289a:	bd 01       	movw	r22, r26
    289c:	c9 01       	movw	r24, r18
    289e:	0e 94 96 09 	call	0x132c	; 0x132c <_ZN12LimitSwitch36updateEm>
			sw3->update(current_time);
    28a2:	89 81       	ldd	r24, Y+1	; 0x01
    28a4:	9a 81       	ldd	r25, Y+2	; 0x02
    28a6:	fc 01       	movw	r30, r24
    28a8:	80 a5       	ldd	r24, Z+40	; 0x28
    28aa:	91 a5       	ldd	r25, Z+41	; 0x29
    28ac:	a2 a5       	ldd	r26, Z+42	; 0x2a
    28ae:	b3 a5       	ldd	r27, Z+43	; 0x2b
    28b0:	29 81       	ldd	r18, Y+1	; 0x01
    28b2:	3a 81       	ldd	r19, Y+2	; 0x02
    28b4:	f9 01       	movw	r30, r18
    28b6:	26 85       	ldd	r18, Z+14	; 0x0e
    28b8:	37 85       	ldd	r19, Z+15	; 0x0f
    28ba:	ac 01       	movw	r20, r24
    28bc:	bd 01       	movw	r22, r26
    28be:	c9 01       	movw	r24, r18
    28c0:	0e 94 b5 05 	call	0xb6a	; 0xb6a <_ZN11LimitSwitch6updateEm>
			sw4->update(current_time);
    28c4:	89 81       	ldd	r24, Y+1	; 0x01
    28c6:	9a 81       	ldd	r25, Y+2	; 0x02
    28c8:	fc 01       	movw	r30, r24
    28ca:	80 a5       	ldd	r24, Z+40	; 0x28
    28cc:	91 a5       	ldd	r25, Z+41	; 0x29
    28ce:	a2 a5       	ldd	r26, Z+42	; 0x2a
    28d0:	b3 a5       	ldd	r27, Z+43	; 0x2b
    28d2:	29 81       	ldd	r18, Y+1	; 0x01
    28d4:	3a 81       	ldd	r19, Y+2	; 0x02
    28d6:	f9 01       	movw	r30, r18
    28d8:	20 89       	ldd	r18, Z+16	; 0x10
    28da:	31 89       	ldd	r19, Z+17	; 0x11
    28dc:	ac 01       	movw	r20, r24
    28de:	bd 01       	movw	r22, r26
    28e0:	c9 01       	movw	r24, r18
    28e2:	0e 94 b5 05 	call	0xb6a	; 0xb6a <_ZN11LimitSwitch6updateEm>
			sw5->update(current_time);
    28e6:	89 81       	ldd	r24, Y+1	; 0x01
    28e8:	9a 81       	ldd	r25, Y+2	; 0x02
    28ea:	fc 01       	movw	r30, r24
    28ec:	80 a5       	ldd	r24, Z+40	; 0x28
    28ee:	91 a5       	ldd	r25, Z+41	; 0x29
    28f0:	a2 a5       	ldd	r26, Z+42	; 0x2a
    28f2:	b3 a5       	ldd	r27, Z+43	; 0x2b
    28f4:	29 81       	ldd	r18, Y+1	; 0x01
    28f6:	3a 81       	ldd	r19, Y+2	; 0x02
    28f8:	f9 01       	movw	r30, r18
    28fa:	22 89       	ldd	r18, Z+18	; 0x12
    28fc:	33 89       	ldd	r19, Z+19	; 0x13
    28fe:	ac 01       	movw	r20, r24
    2900:	bd 01       	movw	r22, r26
    2902:	c9 01       	movw	r24, r18
    2904:	0e 94 b5 05 	call	0xb6a	; 0xb6a <_ZN11LimitSwitch6updateEm>
			sw6->update(current_time);
    2908:	89 81       	ldd	r24, Y+1	; 0x01
    290a:	9a 81       	ldd	r25, Y+2	; 0x02
    290c:	fc 01       	movw	r30, r24
    290e:	80 a5       	ldd	r24, Z+40	; 0x28
    2910:	91 a5       	ldd	r25, Z+41	; 0x29
    2912:	a2 a5       	ldd	r26, Z+42	; 0x2a
    2914:	b3 a5       	ldd	r27, Z+43	; 0x2b
    2916:	29 81       	ldd	r18, Y+1	; 0x01
    2918:	3a 81       	ldd	r19, Y+2	; 0x02
    291a:	f9 01       	movw	r30, r18
    291c:	24 89       	ldd	r18, Z+20	; 0x14
    291e:	35 89       	ldd	r19, Z+21	; 0x15
    2920:	ac 01       	movw	r20, r24
    2922:	bd 01       	movw	r22, r26
    2924:	c9 01       	movw	r24, r18
    2926:	0e 94 2d 11 	call	0x225a	; 0x225a <_ZN10SwitchUser6updateEm>
			
			m1->update(current_time);
    292a:	89 81       	ldd	r24, Y+1	; 0x01
    292c:	9a 81       	ldd	r25, Y+2	; 0x02
    292e:	fc 01       	movw	r30, r24
    2930:	80 a5       	ldd	r24, Z+40	; 0x28
    2932:	91 a5       	ldd	r25, Z+41	; 0x29
    2934:	a2 a5       	ldd	r26, Z+42	; 0x2a
    2936:	b3 a5       	ldd	r27, Z+43	; 0x2b
    2938:	29 81       	ldd	r18, Y+1	; 0x01
    293a:	3a 81       	ldd	r19, Y+2	; 0x02
    293c:	f9 01       	movw	r30, r18
    293e:	20 81       	ld	r18, Z
    2940:	31 81       	ldd	r19, Z+1	; 0x01
    2942:	ac 01       	movw	r20, r24
    2944:	bd 01       	movw	r22, r26
    2946:	c9 01       	movw	r24, r18
    2948:	0e 94 4e 08 	call	0x109c	; 0x109c <_ZN5Motor6updateEm>
			m2->update(current_time);
    294c:	89 81       	ldd	r24, Y+1	; 0x01
    294e:	9a 81       	ldd	r25, Y+2	; 0x02
    2950:	fc 01       	movw	r30, r24
    2952:	80 a5       	ldd	r24, Z+40	; 0x28
    2954:	91 a5       	ldd	r25, Z+41	; 0x29
    2956:	a2 a5       	ldd	r26, Z+42	; 0x2a
    2958:	b3 a5       	ldd	r27, Z+43	; 0x2b
    295a:	29 81       	ldd	r18, Y+1	; 0x01
    295c:	3a 81       	ldd	r19, Y+2	; 0x02
    295e:	f9 01       	movw	r30, r18
    2960:	22 81       	ldd	r18, Z+2	; 0x02
    2962:	33 81       	ldd	r19, Z+3	; 0x03
    2964:	ac 01       	movw	r20, r24
    2966:	bd 01       	movw	r22, r26
    2968:	c9 01       	movw	r24, r18
    296a:	0e 94 fe 0c 	call	0x19fc	; 0x19fc <_ZN6Motor26updateEm>
			m3->update(current_time);
    296e:	89 81       	ldd	r24, Y+1	; 0x01
    2970:	9a 81       	ldd	r25, Y+2	; 0x02
    2972:	fc 01       	movw	r30, r24
    2974:	80 a5       	ldd	r24, Z+40	; 0x28
    2976:	91 a5       	ldd	r25, Z+41	; 0x29
    2978:	a2 a5       	ldd	r26, Z+42	; 0x2a
    297a:	b3 a5       	ldd	r27, Z+43	; 0x2b
    297c:	29 81       	ldd	r18, Y+1	; 0x01
    297e:	3a 81       	ldd	r19, Y+2	; 0x02
    2980:	f9 01       	movw	r30, r18
    2982:	24 81       	ldd	r18, Z+4	; 0x04
    2984:	35 81       	ldd	r19, Z+5	; 0x05
    2986:	ac 01       	movw	r20, r24
    2988:	bd 01       	movw	r22, r26
    298a:	c9 01       	movw	r24, r18
    298c:	0e 94 4e 08 	call	0x109c	; 0x109c <_ZN5Motor6updateEm>
			m4->update(current_time);
    2990:	89 81       	ldd	r24, Y+1	; 0x01
    2992:	9a 81       	ldd	r25, Y+2	; 0x02
    2994:	fc 01       	movw	r30, r24
    2996:	80 a5       	ldd	r24, Z+40	; 0x28
    2998:	91 a5       	ldd	r25, Z+41	; 0x29
    299a:	a2 a5       	ldd	r26, Z+42	; 0x2a
    299c:	b3 a5       	ldd	r27, Z+43	; 0x2b
    299e:	29 81       	ldd	r18, Y+1	; 0x01
    29a0:	3a 81       	ldd	r19, Y+2	; 0x02
    29a2:	f9 01       	movw	r30, r18
    29a4:	26 81       	ldd	r18, Z+6	; 0x06
    29a6:	37 81       	ldd	r19, Z+7	; 0x07
    29a8:	ac 01       	movw	r20, r24
    29aa:	bd 01       	movw	r22, r26
    29ac:	c9 01       	movw	r24, r18
    29ae:	0e 94 4e 08 	call	0x109c	; 0x109c <_ZN5Motor6updateEm>
			m5->update(current_time);
    29b2:	89 81       	ldd	r24, Y+1	; 0x01
    29b4:	9a 81       	ldd	r25, Y+2	; 0x02
    29b6:	fc 01       	movw	r30, r24
    29b8:	80 a5       	ldd	r24, Z+40	; 0x28
    29ba:	91 a5       	ldd	r25, Z+41	; 0x29
    29bc:	a2 a5       	ldd	r26, Z+42	; 0x2a
    29be:	b3 a5       	ldd	r27, Z+43	; 0x2b
    29c0:	29 81       	ldd	r18, Y+1	; 0x01
    29c2:	3a 81       	ldd	r19, Y+2	; 0x02
    29c4:	f9 01       	movw	r30, r18
    29c6:	20 85       	ldd	r18, Z+8	; 0x08
    29c8:	31 85       	ldd	r19, Z+9	; 0x09
    29ca:	ac 01       	movw	r20, r24
    29cc:	bd 01       	movw	r22, r26
    29ce:	c9 01       	movw	r24, r18
    29d0:	0e 94 4e 08 	call	0x109c	; 0x109c <_ZN5Motor6updateEm>
			
			led->update(current_time, is_last_turn);
    29d4:	89 81       	ldd	r24, Y+1	; 0x01
    29d6:	9a 81       	ldd	r25, Y+2	; 0x02
    29d8:	fc 01       	movw	r30, r24
    29da:	41 a1       	ldd	r20, Z+33	; 0x21
    29dc:	89 81       	ldd	r24, Y+1	; 0x01
    29de:	9a 81       	ldd	r25, Y+2	; 0x02
    29e0:	fc 01       	movw	r30, r24
    29e2:	80 a5       	ldd	r24, Z+40	; 0x28
    29e4:	91 a5       	ldd	r25, Z+41	; 0x29
    29e6:	a2 a5       	ldd	r26, Z+42	; 0x2a
    29e8:	b3 a5       	ldd	r27, Z+43	; 0x2b
    29ea:	29 81       	ldd	r18, Y+1	; 0x01
    29ec:	3a 81       	ldd	r19, Y+2	; 0x02
    29ee:	f9 01       	movw	r30, r18
    29f0:	06 88       	ldd	r0, Z+22	; 0x16
    29f2:	f7 89       	ldd	r31, Z+23	; 0x17
    29f4:	e0 2d       	mov	r30, r0
    29f6:	fc 83       	std	Y+4, r31	; 0x04
    29f8:	eb 83       	std	Y+3, r30	; 0x03
    29fa:	24 2f       	mov	r18, r20
    29fc:	ac 01       	movw	r20, r24
    29fe:	bd 01       	movw	r22, r26
    2a00:	8b 81       	ldd	r24, Y+3	; 0x03
    2a02:	9c 81       	ldd	r25, Y+4	; 0x04
    2a04:	0e 94 bb 04 	call	0x976	; 0x976 <_ZN3Led6updateEmb>
			display->update(current_time, !game_running);
    2a08:	89 81       	ldd	r24, Y+1	; 0x01
    2a0a:	9a 81       	ldd	r25, Y+2	; 0x02
    2a0c:	fc 01       	movw	r30, r24
    2a0e:	92 a1       	ldd	r25, Z+34	; 0x22
    2a10:	81 e0       	ldi	r24, 0x01	; 1
    2a12:	49 2f       	mov	r20, r25
    2a14:	48 27       	eor	r20, r24
    2a16:	89 81       	ldd	r24, Y+1	; 0x01
    2a18:	9a 81       	ldd	r25, Y+2	; 0x02
    2a1a:	fc 01       	movw	r30, r24
    2a1c:	80 a5       	ldd	r24, Z+40	; 0x28
    2a1e:	91 a5       	ldd	r25, Z+41	; 0x29
    2a20:	a2 a5       	ldd	r26, Z+42	; 0x2a
    2a22:	b3 a5       	ldd	r27, Z+43	; 0x2b
    2a24:	29 81       	ldd	r18, Y+1	; 0x01
    2a26:	3a 81       	ldd	r19, Y+2	; 0x02
    2a28:	f9 01       	movw	r30, r18
    2a2a:	00 8c       	ldd	r0, Z+24	; 0x18
    2a2c:	f1 8d       	ldd	r31, Z+25	; 0x19
    2a2e:	e0 2d       	mov	r30, r0
    2a30:	fc 83       	std	Y+4, r31	; 0x04
    2a32:	eb 83       	std	Y+3, r30	; 0x03
    2a34:	24 2f       	mov	r18, r20
    2a36:	ac 01       	movw	r20, r24
    2a38:	bd 01       	movw	r22, r26
    2a3a:	8b 81       	ldd	r24, Y+3	; 0x03
    2a3c:	9c 81       	ldd	r25, Y+4	; 0x04
    2a3e:	0e 94 77 03 	call	0x6ee	; 0x6ee <_ZN7Display6updateEmb>
			pinsManager->update(current_time);
    2a42:	89 81       	ldd	r24, Y+1	; 0x01
    2a44:	9a 81       	ldd	r25, Y+2	; 0x02
    2a46:	fc 01       	movw	r30, r24
    2a48:	80 a5       	ldd	r24, Z+40	; 0x28
    2a4a:	91 a5       	ldd	r25, Z+41	; 0x29
    2a4c:	a2 a5       	ldd	r26, Z+42	; 0x2a
    2a4e:	b3 a5       	ldd	r27, Z+43	; 0x2b
    2a50:	29 81       	ldd	r18, Y+1	; 0x01
    2a52:	3a 81       	ldd	r19, Y+2	; 0x02
    2a54:	f9 01       	movw	r30, r18
    2a56:	22 8d       	ldd	r18, Z+26	; 0x1a
    2a58:	33 8d       	ldd	r19, Z+27	; 0x1b
    2a5a:	ac 01       	movw	r20, r24
    2a5c:	bd 01       	movw	r22, r26
    2a5e:	c9 01       	movw	r24, r18
    2a60:	0e 94 23 0f 	call	0x1e46	; 0x1e46 <_ZN11PinsManager6updateEm>
		}
    2a64:	00 00       	nop
    2a66:	0f 90       	pop	r0
    2a68:	0f 90       	pop	r0
    2a6a:	0f 90       	pop	r0
    2a6c:	0f 90       	pop	r0
    2a6e:	df 91       	pop	r29
    2a70:	cf 91       	pop	r28
    2a72:	08 95       	ret

00002a74 <_ZN15StateActionBaseC1EP6Status>:

class StateActionBase {
	protected:
		Status* status;
	public:
		explicit StateActionBase(Status* s): status(s) {}
    2a74:	cf 93       	push	r28
    2a76:	df 93       	push	r29
    2a78:	00 d0       	rcall	.+0      	; 0x2a7a <_ZN15StateActionBaseC1EP6Status+0x6>
    2a7a:	00 d0       	rcall	.+0      	; 0x2a7c <_ZN15StateActionBaseC1EP6Status+0x8>
    2a7c:	cd b7       	in	r28, 0x3d	; 61
    2a7e:	de b7       	in	r29, 0x3e	; 62
    2a80:	9a 83       	std	Y+2, r25	; 0x02
    2a82:	89 83       	std	Y+1, r24	; 0x01
    2a84:	7c 83       	std	Y+4, r23	; 0x04
    2a86:	6b 83       	std	Y+3, r22	; 0x03
    2a88:	23 ea       	ldi	r18, 0xA3	; 163
    2a8a:	32 e0       	ldi	r19, 0x02	; 2
    2a8c:	89 81       	ldd	r24, Y+1	; 0x01
    2a8e:	9a 81       	ldd	r25, Y+2	; 0x02
    2a90:	fc 01       	movw	r30, r24
    2a92:	31 83       	std	Z+1, r19	; 0x01
    2a94:	20 83       	st	Z, r18
    2a96:	89 81       	ldd	r24, Y+1	; 0x01
    2a98:	9a 81       	ldd	r25, Y+2	; 0x02
    2a9a:	2b 81       	ldd	r18, Y+3	; 0x03
    2a9c:	3c 81       	ldd	r19, Y+4	; 0x04
    2a9e:	fc 01       	movw	r30, r24
    2aa0:	33 83       	std	Z+3, r19	; 0x03
    2aa2:	22 83       	std	Z+2, r18	; 0x02
    2aa4:	00 00       	nop
    2aa6:	0f 90       	pop	r0
    2aa8:	0f 90       	pop	r0
    2aaa:	0f 90       	pop	r0
    2aac:	0f 90       	pop	r0
    2aae:	df 91       	pop	r29
    2ab0:	cf 91       	pop	r28
    2ab2:	08 95       	ret

00002ab4 <_ZN15StateActionBase17check_transitionsEv>:
		~StateActionBase() = default;
		
		virtual States check_transitions() { return States::NO_CHANGE; };
    2ab4:	cf 93       	push	r28
    2ab6:	df 93       	push	r29
    2ab8:	00 d0       	rcall	.+0      	; 0x2aba <_ZN15StateActionBase17check_transitionsEv+0x6>
    2aba:	cd b7       	in	r28, 0x3d	; 61
    2abc:	de b7       	in	r29, 0x3e	; 62
    2abe:	9a 83       	std	Y+2, r25	; 0x02
    2ac0:	89 83       	std	Y+1, r24	; 0x01
    2ac2:	8f ef       	ldi	r24, 0xFF	; 255
    2ac4:	0f 90       	pop	r0
    2ac6:	0f 90       	pop	r0
    2ac8:	df 91       	pop	r29
    2aca:	cf 91       	pop	r28
    2acc:	08 95       	ret

00002ace <_ZN15StateActionBase5entryEv>:
		
		virtual void entry() {};
    2ace:	cf 93       	push	r28
    2ad0:	df 93       	push	r29
    2ad2:	00 d0       	rcall	.+0      	; 0x2ad4 <_ZN15StateActionBase5entryEv+0x6>
    2ad4:	cd b7       	in	r28, 0x3d	; 61
    2ad6:	de b7       	in	r29, 0x3e	; 62
    2ad8:	9a 83       	std	Y+2, r25	; 0x02
    2ada:	89 83       	std	Y+1, r24	; 0x01
    2adc:	00 00       	nop
    2ade:	0f 90       	pop	r0
    2ae0:	0f 90       	pop	r0
    2ae2:	df 91       	pop	r29
    2ae4:	cf 91       	pop	r28
    2ae6:	08 95       	ret

00002ae8 <_ZN15StateActionBase3runEv>:
		virtual void run()	 {};
    2ae8:	cf 93       	push	r28
    2aea:	df 93       	push	r29
    2aec:	00 d0       	rcall	.+0      	; 0x2aee <_ZN15StateActionBase3runEv+0x6>
    2aee:	cd b7       	in	r28, 0x3d	; 61
    2af0:	de b7       	in	r29, 0x3e	; 62
    2af2:	9a 83       	std	Y+2, r25	; 0x02
    2af4:	89 83       	std	Y+1, r24	; 0x01
    2af6:	00 00       	nop
    2af8:	0f 90       	pop	r0
    2afa:	0f 90       	pop	r0
    2afc:	df 91       	pop	r29
    2afe:	cf 91       	pop	r28
    2b00:	08 95       	ret

00002b02 <_ZN15StateActionBase4exitEv>:
		virtual void exit()  {};
    2b02:	cf 93       	push	r28
    2b04:	df 93       	push	r29
    2b06:	00 d0       	rcall	.+0      	; 0x2b08 <_ZN15StateActionBase4exitEv+0x6>
    2b08:	cd b7       	in	r28, 0x3d	; 61
    2b0a:	de b7       	in	r29, 0x3e	; 62
    2b0c:	9a 83       	std	Y+2, r25	; 0x02
    2b0e:	89 83       	std	Y+1, r24	; 0x01
    2b10:	00 00       	nop
    2b12:	0f 90       	pop	r0
    2b14:	0f 90       	pop	r0
    2b16:	df 91       	pop	r29
    2b18:	cf 91       	pop	r28
    2b1a:	08 95       	ret

00002b1c <_ZN9InitStateC1EP6Status>:
/*		       INIT			    */
/* ============================ */

class InitState : public StateActionBase {
	public:
	explicit InitState(Status* s) : StateActionBase(s) {}
    2b1c:	cf 93       	push	r28
    2b1e:	df 93       	push	r29
    2b20:	00 d0       	rcall	.+0      	; 0x2b22 <_ZN9InitStateC1EP6Status+0x6>
    2b22:	00 d0       	rcall	.+0      	; 0x2b24 <_ZN9InitStateC1EP6Status+0x8>
    2b24:	cd b7       	in	r28, 0x3d	; 61
    2b26:	de b7       	in	r29, 0x3e	; 62
    2b28:	9a 83       	std	Y+2, r25	; 0x02
    2b2a:	89 83       	std	Y+1, r24	; 0x01
    2b2c:	7c 83       	std	Y+4, r23	; 0x04
    2b2e:	6b 83       	std	Y+3, r22	; 0x03
    2b30:	89 81       	ldd	r24, Y+1	; 0x01
    2b32:	9a 81       	ldd	r25, Y+2	; 0x02
    2b34:	2b 81       	ldd	r18, Y+3	; 0x03
    2b36:	3c 81       	ldd	r19, Y+4	; 0x04
    2b38:	b9 01       	movw	r22, r18
    2b3a:	0e 94 3a 15 	call	0x2a74	; 0x2a74 <_ZN15StateActionBaseC1EP6Status>
    2b3e:	27 e9       	ldi	r18, 0x97	; 151
    2b40:	32 e0       	ldi	r19, 0x02	; 2
    2b42:	89 81       	ldd	r24, Y+1	; 0x01
    2b44:	9a 81       	ldd	r25, Y+2	; 0x02
    2b46:	fc 01       	movw	r30, r24
    2b48:	31 83       	std	Z+1, r19	; 0x01
    2b4a:	20 83       	st	Z, r18
    2b4c:	00 00       	nop
    2b4e:	0f 90       	pop	r0
    2b50:	0f 90       	pop	r0
    2b52:	0f 90       	pop	r0
    2b54:	0f 90       	pop	r0
    2b56:	df 91       	pop	r29
    2b58:	cf 91       	pop	r28
    2b5a:	08 95       	ret

00002b5c <_ZN9InitState5entryEv>:
		
	void entry() override {
    2b5c:	cf 93       	push	r28
    2b5e:	df 93       	push	r29
    2b60:	00 d0       	rcall	.+0      	; 0x2b62 <_ZN9InitState5entryEv+0x6>
    2b62:	cd b7       	in	r28, 0x3d	; 61
    2b64:	de b7       	in	r29, 0x3e	; 62
    2b66:	9a 83       	std	Y+2, r25	; 0x02
    2b68:	89 83       	std	Y+1, r24	; 0x01
		UCSR0B = 0;
    2b6a:	81 ec       	ldi	r24, 0xC1	; 193
    2b6c:	90 e0       	ldi	r25, 0x00	; 0
    2b6e:	fc 01       	movw	r30, r24
    2b70:	10 82       	st	Z, r1
		
		// --- CONFIGURACIÓN DE PINES PWM COMO SALIDAS ---
		DDRB |= (1 << PB4) | (1 << PB5) | (1 << PB6) | (1 << PB7);
    2b72:	84 e2       	ldi	r24, 0x24	; 36
    2b74:	90 e0       	ldi	r25, 0x00	; 0
    2b76:	24 e2       	ldi	r18, 0x24	; 36
    2b78:	30 e0       	ldi	r19, 0x00	; 0
    2b7a:	f9 01       	movw	r30, r18
    2b7c:	20 81       	ld	r18, Z
    2b7e:	20 6f       	ori	r18, 0xF0	; 240
    2b80:	fc 01       	movw	r30, r24
    2b82:	20 83       	st	Z, r18
		DDRL |= (1 << PL3);
    2b84:	8a e0       	ldi	r24, 0x0A	; 10
    2b86:	91 e0       	ldi	r25, 0x01	; 1
    2b88:	2a e0       	ldi	r18, 0x0A	; 10
    2b8a:	31 e0       	ldi	r19, 0x01	; 1
    2b8c:	f9 01       	movw	r30, r18
    2b8e:	20 81       	ld	r18, Z
    2b90:	28 60       	ori	r18, 0x08	; 8
    2b92:	fc 01       	movw	r30, r24
    2b94:	20 83       	st	Z, r18

		// --- CONFIGURACIÓN DE TIMERS ---
		// NOTA: Usamos '=' para limpiar la configuración previa del bootloader.

		// Timer 0 (M4 - OCR0A)
		TCCR0A = (1 << COM0A1) | (1 << WGM01) | (1 << WGM00);	// Fast PWM
    2b96:	84 e4       	ldi	r24, 0x44	; 68
    2b98:	90 e0       	ldi	r25, 0x00	; 0
    2b9a:	23 e8       	ldi	r18, 0x83	; 131
    2b9c:	fc 01       	movw	r30, r24
    2b9e:	20 83       	st	Z, r18
		TCCR0B = (1 << CS01) | (1 << CS00);
    2ba0:	85 e4       	ldi	r24, 0x45	; 69
    2ba2:	90 e0       	ldi	r25, 0x00	; 0
    2ba4:	23 e0       	ldi	r18, 0x03	; 3
    2ba6:	fc 01       	movw	r30, r24
    2ba8:	20 83       	st	Z, r18

		// Timer 1 (M2 - OCR1A, M3 - OCR1B)
		TCCR1A = (1 << COM1A1) | (1 << COM1B1) | (1 << WGM10);  // Fast PWM (8 bit)
    2baa:	80 e8       	ldi	r24, 0x80	; 128
    2bac:	90 e0       	ldi	r25, 0x00	; 0
    2bae:	21 ea       	ldi	r18, 0xA1	; 161
    2bb0:	fc 01       	movw	r30, r24
    2bb2:	20 83       	st	Z, r18
		TCCR1B = (1 << WGM12) | (1 << CS11) | (1 << CS10);		// Prescaler 64
    2bb4:	81 e8       	ldi	r24, 0x81	; 129
    2bb6:	90 e0       	ldi	r25, 0x00	; 0
    2bb8:	2b e0       	ldi	r18, 0x0B	; 11
    2bba:	fc 01       	movw	r30, r24
    2bbc:	20 83       	st	Z, r18
		OCR1AH = 0;	OCR1AL = 0;
    2bbe:	89 e8       	ldi	r24, 0x89	; 137
    2bc0:	90 e0       	ldi	r25, 0x00	; 0
    2bc2:	fc 01       	movw	r30, r24
    2bc4:	10 82       	st	Z, r1
    2bc6:	88 e8       	ldi	r24, 0x88	; 136
    2bc8:	90 e0       	ldi	r25, 0x00	; 0
    2bca:	fc 01       	movw	r30, r24
    2bcc:	10 82       	st	Z, r1
		OCR1BH = 0;	OCR1BL = 0;
    2bce:	8b e8       	ldi	r24, 0x8B	; 139
    2bd0:	90 e0       	ldi	r25, 0x00	; 0
    2bd2:	fc 01       	movw	r30, r24
    2bd4:	10 82       	st	Z, r1
    2bd6:	8a e8       	ldi	r24, 0x8A	; 138
    2bd8:	90 e0       	ldi	r25, 0x00	; 0
    2bda:	fc 01       	movw	r30, r24
    2bdc:	10 82       	st	Z, r1

		// Timer 2 (M1 - OCR2A)
		TCCR2A = (1 << COM2A1) | (1 << WGM21) | (1 << WGM20);	// Fast PWM
    2bde:	80 eb       	ldi	r24, 0xB0	; 176
    2be0:	90 e0       	ldi	r25, 0x00	; 0
    2be2:	23 e8       	ldi	r18, 0x83	; 131
    2be4:	fc 01       	movw	r30, r24
    2be6:	20 83       	st	Z, r18
		TCCR2B = (1 << CS22);									// Prescaler 64
    2be8:	81 eb       	ldi	r24, 0xB1	; 177
    2bea:	90 e0       	ldi	r25, 0x00	; 0
    2bec:	24 e0       	ldi	r18, 0x04	; 4
    2bee:	fc 01       	movw	r30, r24
    2bf0:	20 83       	st	Z, r18

		// Timer 5 (M5 - OCR5AL)
		TCCR5A = (1 << COM5A1) | (1 << WGM50);					// Fast PWM (8 bit)
    2bf2:	80 e2       	ldi	r24, 0x20	; 32
    2bf4:	91 e0       	ldi	r25, 0x01	; 1
    2bf6:	21 e8       	ldi	r18, 0x81	; 129
    2bf8:	fc 01       	movw	r30, r24
    2bfa:	20 83       	st	Z, r18
		TCCR5B = (1 << WGM52) | (1 << CS51) | (1 << CS50);		// Prescaler 64
    2bfc:	81 e2       	ldi	r24, 0x21	; 33
    2bfe:	91 e0       	ldi	r25, 0x01	; 1
    2c00:	2b e0       	ldi	r18, 0x0B	; 11
    2c02:	fc 01       	movw	r30, r24
    2c04:	20 83       	st	Z, r18
		OCR5AH = 0; OCR5AL = 0;
    2c06:	89 e2       	ldi	r24, 0x29	; 41
    2c08:	91 e0       	ldi	r25, 0x01	; 1
    2c0a:	fc 01       	movw	r30, r24
    2c0c:	10 82       	st	Z, r1
    2c0e:	88 e2       	ldi	r24, 0x28	; 40
    2c10:	91 e0       	ldi	r25, 0x01	; 1
    2c12:	fc 01       	movw	r30, r24
    2c14:	10 82       	st	Z, r1
		
		// Inicializacion de Clases
		status->sw1->init(); status->sw2->init(); status->sw3->init(); status->sw4->init(); status->sw5->init(); status->sw6->init();
    2c16:	89 81       	ldd	r24, Y+1	; 0x01
    2c18:	9a 81       	ldd	r25, Y+2	; 0x02
    2c1a:	fc 01       	movw	r30, r24
    2c1c:	82 81       	ldd	r24, Z+2	; 0x02
    2c1e:	93 81       	ldd	r25, Z+3	; 0x03
    2c20:	fc 01       	movw	r30, r24
    2c22:	82 85       	ldd	r24, Z+10	; 0x0a
    2c24:	93 85       	ldd	r25, Z+11	; 0x0b
    2c26:	0e 94 80 05 	call	0xb00	; 0xb00 <_ZN11LimitSwitch4initEv>
    2c2a:	89 81       	ldd	r24, Y+1	; 0x01
    2c2c:	9a 81       	ldd	r25, Y+2	; 0x02
    2c2e:	fc 01       	movw	r30, r24
    2c30:	82 81       	ldd	r24, Z+2	; 0x02
    2c32:	93 81       	ldd	r25, Z+3	; 0x03
    2c34:	fc 01       	movw	r30, r24
    2c36:	84 85       	ldd	r24, Z+12	; 0x0c
    2c38:	95 85       	ldd	r25, Z+13	; 0x0d
    2c3a:	0e 94 61 09 	call	0x12c2	; 0x12c2 <_ZN12LimitSwitch34initEv>
    2c3e:	89 81       	ldd	r24, Y+1	; 0x01
    2c40:	9a 81       	ldd	r25, Y+2	; 0x02
    2c42:	fc 01       	movw	r30, r24
    2c44:	82 81       	ldd	r24, Z+2	; 0x02
    2c46:	93 81       	ldd	r25, Z+3	; 0x03
    2c48:	fc 01       	movw	r30, r24
    2c4a:	86 85       	ldd	r24, Z+14	; 0x0e
    2c4c:	97 85       	ldd	r25, Z+15	; 0x0f
    2c4e:	0e 94 80 05 	call	0xb00	; 0xb00 <_ZN11LimitSwitch4initEv>
    2c52:	89 81       	ldd	r24, Y+1	; 0x01
    2c54:	9a 81       	ldd	r25, Y+2	; 0x02
    2c56:	fc 01       	movw	r30, r24
    2c58:	82 81       	ldd	r24, Z+2	; 0x02
    2c5a:	93 81       	ldd	r25, Z+3	; 0x03
    2c5c:	fc 01       	movw	r30, r24
    2c5e:	80 89       	ldd	r24, Z+16	; 0x10
    2c60:	91 89       	ldd	r25, Z+17	; 0x11
    2c62:	0e 94 80 05 	call	0xb00	; 0xb00 <_ZN11LimitSwitch4initEv>
    2c66:	89 81       	ldd	r24, Y+1	; 0x01
    2c68:	9a 81       	ldd	r25, Y+2	; 0x02
    2c6a:	fc 01       	movw	r30, r24
    2c6c:	82 81       	ldd	r24, Z+2	; 0x02
    2c6e:	93 81       	ldd	r25, Z+3	; 0x03
    2c70:	fc 01       	movw	r30, r24
    2c72:	82 89       	ldd	r24, Z+18	; 0x12
    2c74:	93 89       	ldd	r25, Z+19	; 0x13
    2c76:	0e 94 80 05 	call	0xb00	; 0xb00 <_ZN11LimitSwitch4initEv>
    2c7a:	89 81       	ldd	r24, Y+1	; 0x01
    2c7c:	9a 81       	ldd	r25, Y+2	; 0x02
    2c7e:	fc 01       	movw	r30, r24
    2c80:	82 81       	ldd	r24, Z+2	; 0x02
    2c82:	93 81       	ldd	r25, Z+3	; 0x03
    2c84:	fc 01       	movw	r30, r24
    2c86:	84 89       	ldd	r24, Z+20	; 0x14
    2c88:	95 89       	ldd	r25, Z+21	; 0x15
    2c8a:	0e 94 f8 10 	call	0x21f0	; 0x21f0 <_ZN10SwitchUser4initEv>
		status->m1->init();  status->m2->init();  status->m3->init();  status->m4->init();  status->m5->init();
    2c8e:	89 81       	ldd	r24, Y+1	; 0x01
    2c90:	9a 81       	ldd	r25, Y+2	; 0x02
    2c92:	fc 01       	movw	r30, r24
    2c94:	82 81       	ldd	r24, Z+2	; 0x02
    2c96:	93 81       	ldd	r25, Z+3	; 0x03
    2c98:	fc 01       	movw	r30, r24
    2c9a:	80 81       	ld	r24, Z
    2c9c:	91 81       	ldd	r25, Z+1	; 0x01
    2c9e:	0e 94 1e 07 	call	0xe3c	; 0xe3c <_ZN5Motor4initEv>
    2ca2:	89 81       	ldd	r24, Y+1	; 0x01
    2ca4:	9a 81       	ldd	r25, Y+2	; 0x02
    2ca6:	fc 01       	movw	r30, r24
    2ca8:	82 81       	ldd	r24, Z+2	; 0x02
    2caa:	93 81       	ldd	r25, Z+3	; 0x03
    2cac:	fc 01       	movw	r30, r24
    2cae:	82 81       	ldd	r24, Z+2	; 0x02
    2cb0:	93 81       	ldd	r25, Z+3	; 0x03
    2cb2:	0e 94 58 0b 	call	0x16b0	; 0x16b0 <_ZN6Motor24initEv>
    2cb6:	89 81       	ldd	r24, Y+1	; 0x01
    2cb8:	9a 81       	ldd	r25, Y+2	; 0x02
    2cba:	fc 01       	movw	r30, r24
    2cbc:	82 81       	ldd	r24, Z+2	; 0x02
    2cbe:	93 81       	ldd	r25, Z+3	; 0x03
    2cc0:	fc 01       	movw	r30, r24
    2cc2:	84 81       	ldd	r24, Z+4	; 0x04
    2cc4:	95 81       	ldd	r25, Z+5	; 0x05
    2cc6:	0e 94 1e 07 	call	0xe3c	; 0xe3c <_ZN5Motor4initEv>
    2cca:	89 81       	ldd	r24, Y+1	; 0x01
    2ccc:	9a 81       	ldd	r25, Y+2	; 0x02
    2cce:	fc 01       	movw	r30, r24
    2cd0:	82 81       	ldd	r24, Z+2	; 0x02
    2cd2:	93 81       	ldd	r25, Z+3	; 0x03
    2cd4:	fc 01       	movw	r30, r24
    2cd6:	86 81       	ldd	r24, Z+6	; 0x06
    2cd8:	97 81       	ldd	r25, Z+7	; 0x07
    2cda:	0e 94 1e 07 	call	0xe3c	; 0xe3c <_ZN5Motor4initEv>
    2cde:	89 81       	ldd	r24, Y+1	; 0x01
    2ce0:	9a 81       	ldd	r25, Y+2	; 0x02
    2ce2:	fc 01       	movw	r30, r24
    2ce4:	82 81       	ldd	r24, Z+2	; 0x02
    2ce6:	93 81       	ldd	r25, Z+3	; 0x03
    2ce8:	fc 01       	movw	r30, r24
    2cea:	80 85       	ldd	r24, Z+8	; 0x08
    2cec:	91 85       	ldd	r25, Z+9	; 0x09
    2cee:	0e 94 1e 07 	call	0xe3c	; 0xe3c <_ZN5Motor4initEv>
		status->led->init();
    2cf2:	89 81       	ldd	r24, Y+1	; 0x01
    2cf4:	9a 81       	ldd	r25, Y+2	; 0x02
    2cf6:	fc 01       	movw	r30, r24
    2cf8:	82 81       	ldd	r24, Z+2	; 0x02
    2cfa:	93 81       	ldd	r25, Z+3	; 0x03
    2cfc:	fc 01       	movw	r30, r24
    2cfe:	86 89       	ldd	r24, Z+22	; 0x16
    2d00:	97 89       	ldd	r25, Z+23	; 0x17
    2d02:	0e 94 1b 04 	call	0x836	; 0x836 <_ZN3Led4initEv>
		status->display->init();
    2d06:	89 81       	ldd	r24, Y+1	; 0x01
    2d08:	9a 81       	ldd	r25, Y+2	; 0x02
    2d0a:	fc 01       	movw	r30, r24
    2d0c:	82 81       	ldd	r24, Z+2	; 0x02
    2d0e:	93 81       	ldd	r25, Z+3	; 0x03
    2d10:	fc 01       	movw	r30, r24
    2d12:	80 8d       	ldd	r24, Z+24	; 0x18
    2d14:	91 8d       	ldd	r25, Z+25	; 0x19
    2d16:	0e 94 4f 01 	call	0x29e	; 0x29e <_ZN7Display4initEv>
		status->pinsManager->init();
    2d1a:	89 81       	ldd	r24, Y+1	; 0x01
    2d1c:	9a 81       	ldd	r25, Y+2	; 0x02
    2d1e:	fc 01       	movw	r30, r24
    2d20:	82 81       	ldd	r24, Z+2	; 0x02
    2d22:	93 81       	ldd	r25, Z+3	; 0x03
    2d24:	fc 01       	movw	r30, r24
    2d26:	82 8d       	ldd	r24, Z+26	; 0x1a
    2d28:	93 8d       	ldd	r25, Z+27	; 0x1b
    2d2a:	0e 94 04 0f 	call	0x1e08	; 0x1e08 <_ZN11PinsManager4initEv>
		status->timer->init();
    2d2e:	89 81       	ldd	r24, Y+1	; 0x01
    2d30:	9a 81       	ldd	r25, Y+2	; 0x02
    2d32:	fc 01       	movw	r30, r24
    2d34:	82 81       	ldd	r24, Z+2	; 0x02
    2d36:	93 81       	ldd	r25, Z+3	; 0x03
    2d38:	fc 01       	movw	r30, r24
    2d3a:	84 8d       	ldd	r24, Z+28	; 0x1c
    2d3c:	95 8d       	ldd	r25, Z+29	; 0x1d
    2d3e:	0e 94 f5 11 	call	0x23ea	; 0x23ea <_ZN5Timer4initEv>
		
		status->m5->setEscapeTime(1500);
    2d42:	89 81       	ldd	r24, Y+1	; 0x01
    2d44:	9a 81       	ldd	r25, Y+2	; 0x02
    2d46:	fc 01       	movw	r30, r24
    2d48:	82 81       	ldd	r24, Z+2	; 0x02
    2d4a:	93 81       	ldd	r25, Z+3	; 0x03
    2d4c:	fc 01       	movw	r30, r24
    2d4e:	80 85       	ldd	r24, Z+8	; 0x08
    2d50:	91 85       	ldd	r25, Z+9	; 0x09
    2d52:	4c ed       	ldi	r20, 0xDC	; 220
    2d54:	55 e0       	ldi	r21, 0x05	; 5
    2d56:	60 e0       	ldi	r22, 0x00	; 0
    2d58:	70 e0       	ldi	r23, 0x00	; 0
    2d5a:	0e 94 82 07 	call	0xf04	; 0xf04 <_ZN5Motor13setEscapeTimeEm>

		status->uart->init(9600);
    2d5e:	89 81       	ldd	r24, Y+1	; 0x01
    2d60:	9a 81       	ldd	r25, Y+2	; 0x02
    2d62:	fc 01       	movw	r30, r24
    2d64:	82 81       	ldd	r24, Z+2	; 0x02
    2d66:	93 81       	ldd	r25, Z+3	; 0x03
    2d68:	fc 01       	movw	r30, r24
    2d6a:	86 8d       	ldd	r24, Z+30	; 0x1e
    2d6c:	97 8d       	ldd	r25, Z+31	; 0x1f
    2d6e:	40 e8       	ldi	r20, 0x80	; 128
    2d70:	55 e2       	ldi	r21, 0x25	; 37
    2d72:	60 e0       	ldi	r22, 0x00	; 0
    2d74:	70 e0       	ldi	r23, 0x00	; 0
    2d76:	0e 94 a7 12 	call	0x254e	; 0x254e <_ZN4UART4initEm>
		status->uart->print("UART_LISTO\n");
    2d7a:	89 81       	ldd	r24, Y+1	; 0x01
    2d7c:	9a 81       	ldd	r25, Y+2	; 0x02
    2d7e:	fc 01       	movw	r30, r24
    2d80:	82 81       	ldd	r24, Z+2	; 0x02
    2d82:	93 81       	ldd	r25, Z+3	; 0x03
    2d84:	fc 01       	movw	r30, r24
    2d86:	86 8d       	ldd	r24, Z+30	; 0x1e
    2d88:	97 8d       	ldd	r25, Z+31	; 0x1f
    2d8a:	6a e0       	ldi	r22, 0x0A	; 10
    2d8c:	72 e0       	ldi	r23, 0x02	; 2
    2d8e:	0e 94 49 13 	call	0x2692	; 0x2692 <_ZN4UART5printEPKc>
	}
    2d92:	00 00       	nop
    2d94:	0f 90       	pop	r0
    2d96:	0f 90       	pop	r0
    2d98:	df 91       	pop	r29
    2d9a:	cf 91       	pop	r28
    2d9c:	08 95       	ret

00002d9e <_ZN9InitState17check_transitionsEv>:
		
	States check_transitions() override {
    2d9e:	cf 93       	push	r28
    2da0:	df 93       	push	r29
    2da2:	00 d0       	rcall	.+0      	; 0x2da4 <_ZN9InitState17check_transitionsEv+0x6>
    2da4:	cd b7       	in	r28, 0x3d	; 61
    2da6:	de b7       	in	r29, 0x3e	; 62
    2da8:	9a 83       	std	Y+2, r25	; 0x02
    2daa:	89 83       	std	Y+1, r24	; 0x01
		// Init pasa inmediatamente a calibracin
		return States::Calibration;
    2dac:	81 e0       	ldi	r24, 0x01	; 1
	}
    2dae:	0f 90       	pop	r0
    2db0:	0f 90       	pop	r0
    2db2:	df 91       	pop	r29
    2db4:	cf 91       	pop	r28
    2db6:	08 95       	ret

00002db8 <_ZN16CalibrationState8m1_at_upEv>:
	private:
	    bool m2_started = false;
        bool m3_started = false;

    // Helpers de legibilidad
		bool m1_at_up()   { return !status->m1->isMoving() && status->m1->isAt(M1_SIDE_UP);   }
    2db8:	cf 93       	push	r28
    2dba:	df 93       	push	r29
    2dbc:	00 d0       	rcall	.+0      	; 0x2dbe <_ZN16CalibrationState8m1_at_upEv+0x6>
    2dbe:	cd b7       	in	r28, 0x3d	; 61
    2dc0:	de b7       	in	r29, 0x3e	; 62
    2dc2:	9a 83       	std	Y+2, r25	; 0x02
    2dc4:	89 83       	std	Y+1, r24	; 0x01
    2dc6:	89 81       	ldd	r24, Y+1	; 0x01
    2dc8:	9a 81       	ldd	r25, Y+2	; 0x02
    2dca:	fc 01       	movw	r30, r24
    2dcc:	82 81       	ldd	r24, Z+2	; 0x02
    2dce:	93 81       	ldd	r25, Z+3	; 0x03
    2dd0:	fc 01       	movw	r30, r24
    2dd2:	80 81       	ld	r24, Z
    2dd4:	91 81       	ldd	r25, Z+1	; 0x01
    2dd6:	0e 94 dc 08 	call	0x11b8	; 0x11b8 <_ZN5Motor8isMovingEv>
    2dda:	98 2f       	mov	r25, r24
    2ddc:	81 e0       	ldi	r24, 0x01	; 1
    2dde:	89 27       	eor	r24, r25
    2de0:	88 23       	and	r24, r24
    2de2:	79 f0       	breq	.+30     	; 0x2e02 <_ZN16CalibrationState8m1_at_upEv+0x4a>
    2de4:	89 81       	ldd	r24, Y+1	; 0x01
    2de6:	9a 81       	ldd	r25, Y+2	; 0x02
    2de8:	fc 01       	movw	r30, r24
    2dea:	82 81       	ldd	r24, Z+2	; 0x02
    2dec:	93 81       	ldd	r25, Z+3	; 0x03
    2dee:	fc 01       	movw	r30, r24
    2df0:	80 81       	ld	r24, Z
    2df2:	91 81       	ldd	r25, Z+1	; 0x01
    2df4:	61 e0       	ldi	r22, 0x01	; 1
    2df6:	0e 94 ec 08 	call	0x11d8	; 0x11d8 <_ZN5Motor4isAtENS_4SideE>
    2dfa:	88 23       	and	r24, r24
    2dfc:	11 f0       	breq	.+4      	; 0x2e02 <_ZN16CalibrationState8m1_at_upEv+0x4a>
    2dfe:	81 e0       	ldi	r24, 0x01	; 1
    2e00:	01 c0       	rjmp	.+2      	; 0x2e04 <_ZN16CalibrationState8m1_at_upEv+0x4c>
    2e02:	80 e0       	ldi	r24, 0x00	; 0
    2e04:	0f 90       	pop	r0
    2e06:	0f 90       	pop	r0
    2e08:	df 91       	pop	r29
    2e0a:	cf 91       	pop	r28
    2e0c:	08 95       	ret

00002e0e <_ZN16CalibrationState10m4_at_openEv>:
		bool m4_at_open() { return !status->m4->isMoving() && status->m4->isAt(M4_SIDE_OPEN); }
    2e0e:	cf 93       	push	r28
    2e10:	df 93       	push	r29
    2e12:	00 d0       	rcall	.+0      	; 0x2e14 <_ZN16CalibrationState10m4_at_openEv+0x6>
    2e14:	cd b7       	in	r28, 0x3d	; 61
    2e16:	de b7       	in	r29, 0x3e	; 62
    2e18:	9a 83       	std	Y+2, r25	; 0x02
    2e1a:	89 83       	std	Y+1, r24	; 0x01
    2e1c:	89 81       	ldd	r24, Y+1	; 0x01
    2e1e:	9a 81       	ldd	r25, Y+2	; 0x02
    2e20:	fc 01       	movw	r30, r24
    2e22:	82 81       	ldd	r24, Z+2	; 0x02
    2e24:	93 81       	ldd	r25, Z+3	; 0x03
    2e26:	fc 01       	movw	r30, r24
    2e28:	86 81       	ldd	r24, Z+6	; 0x06
    2e2a:	97 81       	ldd	r25, Z+7	; 0x07
    2e2c:	0e 94 dc 08 	call	0x11b8	; 0x11b8 <_ZN5Motor8isMovingEv>
    2e30:	98 2f       	mov	r25, r24
    2e32:	81 e0       	ldi	r24, 0x01	; 1
    2e34:	89 27       	eor	r24, r25
    2e36:	88 23       	and	r24, r24
    2e38:	79 f0       	breq	.+30     	; 0x2e58 <_ZN16CalibrationState10m4_at_openEv+0x4a>
    2e3a:	89 81       	ldd	r24, Y+1	; 0x01
    2e3c:	9a 81       	ldd	r25, Y+2	; 0x02
    2e3e:	fc 01       	movw	r30, r24
    2e40:	82 81       	ldd	r24, Z+2	; 0x02
    2e42:	93 81       	ldd	r25, Z+3	; 0x03
    2e44:	fc 01       	movw	r30, r24
    2e46:	86 81       	ldd	r24, Z+6	; 0x06
    2e48:	97 81       	ldd	r25, Z+7	; 0x07
    2e4a:	62 e0       	ldi	r22, 0x02	; 2
    2e4c:	0e 94 ec 08 	call	0x11d8	; 0x11d8 <_ZN5Motor4isAtENS_4SideE>
    2e50:	88 23       	and	r24, r24
    2e52:	11 f0       	breq	.+4      	; 0x2e58 <_ZN16CalibrationState10m4_at_openEv+0x4a>
    2e54:	81 e0       	ldi	r24, 0x01	; 1
    2e56:	01 c0       	rjmp	.+2      	; 0x2e5a <_ZN16CalibrationState10m4_at_openEv+0x4c>
    2e58:	80 e0       	ldi	r24, 0x00	; 0
    2e5a:	0f 90       	pop	r0
    2e5c:	0f 90       	pop	r0
    2e5e:	df 91       	pop	r29
    2e60:	cf 91       	pop	r28
    2e62:	08 95       	ret

00002e64 <_ZN16CalibrationStateC1EP6Status>:

	public:
		explicit CalibrationState(Status *s) : StateActionBase(s) {}
    2e64:	cf 93       	push	r28
    2e66:	df 93       	push	r29
    2e68:	00 d0       	rcall	.+0      	; 0x2e6a <_ZN16CalibrationStateC1EP6Status+0x6>
    2e6a:	00 d0       	rcall	.+0      	; 0x2e6c <_ZN16CalibrationStateC1EP6Status+0x8>
    2e6c:	cd b7       	in	r28, 0x3d	; 61
    2e6e:	de b7       	in	r29, 0x3e	; 62
    2e70:	9a 83       	std	Y+2, r25	; 0x02
    2e72:	89 83       	std	Y+1, r24	; 0x01
    2e74:	7c 83       	std	Y+4, r23	; 0x04
    2e76:	6b 83       	std	Y+3, r22	; 0x03
    2e78:	89 81       	ldd	r24, Y+1	; 0x01
    2e7a:	9a 81       	ldd	r25, Y+2	; 0x02
    2e7c:	2b 81       	ldd	r18, Y+3	; 0x03
    2e7e:	3c 81       	ldd	r19, Y+4	; 0x04
    2e80:	b9 01       	movw	r22, r18
    2e82:	0e 94 3a 15 	call	0x2a74	; 0x2a74 <_ZN15StateActionBaseC1EP6Status>
    2e86:	2b e8       	ldi	r18, 0x8B	; 139
    2e88:	32 e0       	ldi	r19, 0x02	; 2
    2e8a:	89 81       	ldd	r24, Y+1	; 0x01
    2e8c:	9a 81       	ldd	r25, Y+2	; 0x02
    2e8e:	fc 01       	movw	r30, r24
    2e90:	31 83       	std	Z+1, r19	; 0x01
    2e92:	20 83       	st	Z, r18
    2e94:	89 81       	ldd	r24, Y+1	; 0x01
    2e96:	9a 81       	ldd	r25, Y+2	; 0x02
    2e98:	fc 01       	movw	r30, r24
    2e9a:	14 82       	std	Z+4, r1	; 0x04
    2e9c:	89 81       	ldd	r24, Y+1	; 0x01
    2e9e:	9a 81       	ldd	r25, Y+2	; 0x02
    2ea0:	fc 01       	movw	r30, r24
    2ea2:	15 82       	std	Z+5, r1	; 0x05
    2ea4:	00 00       	nop
    2ea6:	0f 90       	pop	r0
    2ea8:	0f 90       	pop	r0
    2eaa:	0f 90       	pop	r0
    2eac:	0f 90       	pop	r0
    2eae:	df 91       	pop	r29
    2eb0:	cf 91       	pop	r28
    2eb2:	08 95       	ret

00002eb4 <_ZN16CalibrationState5entryEv>:
			
        void entry() override {
    2eb4:	0f 93       	push	r16
    2eb6:	cf 93       	push	r28
    2eb8:	df 93       	push	r29
    2eba:	00 d0       	rcall	.+0      	; 0x2ebc <_ZN16CalibrationState5entryEv+0x8>
    2ebc:	00 d0       	rcall	.+0      	; 0x2ebe <_ZN16CalibrationState5entryEv+0xa>
    2ebe:	cd b7       	in	r28, 0x3d	; 61
    2ec0:	de b7       	in	r29, 0x3e	; 62
    2ec2:	9a 83       	std	Y+2, r25	; 0x02
    2ec4:	89 83       	std	Y+1, r24	; 0x01
	        status->led->off();
    2ec6:	89 81       	ldd	r24, Y+1	; 0x01
    2ec8:	9a 81       	ldd	r25, Y+2	; 0x02
    2eca:	fc 01       	movw	r30, r24
    2ecc:	82 81       	ldd	r24, Z+2	; 0x02
    2ece:	93 81       	ldd	r25, Z+3	; 0x03
    2ed0:	fc 01       	movw	r30, r24
    2ed2:	86 89       	ldd	r24, Z+22	; 0x16
    2ed4:	97 89       	ldd	r25, Z+23	; 0x17
    2ed6:	0e 94 75 04 	call	0x8ea	; 0x8ea <_ZN3Led3offEv>
	        m2_started = false;
    2eda:	89 81       	ldd	r24, Y+1	; 0x01
    2edc:	9a 81       	ldd	r25, Y+2	; 0x02
    2ede:	fc 01       	movw	r30, r24
    2ee0:	14 82       	std	Z+4, r1	; 0x04
	        m3_started = false;
    2ee2:	89 81       	ldd	r24, Y+1	; 0x01
    2ee4:	9a 81       	ldd	r25, Y+2	; 0x02
    2ee6:	fc 01       	movw	r30, r24
    2ee8:	15 82       	std	Z+5, r1	; 0x05
	        
	        // Subimos la velocidad a 255 (100% de fuerza) para evitar bloqueos mecánicos
	        status->m1->move(M1_DIR_UP,		status->current_time, 255);
    2eea:	89 81       	ldd	r24, Y+1	; 0x01
    2eec:	9a 81       	ldd	r25, Y+2	; 0x02
    2eee:	fc 01       	movw	r30, r24
    2ef0:	82 81       	ldd	r24, Z+2	; 0x02
    2ef2:	93 81       	ldd	r25, Z+3	; 0x03
    2ef4:	fc 01       	movw	r30, r24
    2ef6:	80 a5       	ldd	r24, Z+40	; 0x28
    2ef8:	91 a5       	ldd	r25, Z+41	; 0x29
    2efa:	a2 a5       	ldd	r26, Z+42	; 0x2a
    2efc:	b3 a5       	ldd	r27, Z+43	; 0x2b
    2efe:	29 81       	ldd	r18, Y+1	; 0x01
    2f00:	3a 81       	ldd	r19, Y+2	; 0x02
    2f02:	f9 01       	movw	r30, r18
    2f04:	22 81       	ldd	r18, Z+2	; 0x02
    2f06:	33 81       	ldd	r19, Z+3	; 0x03
    2f08:	f9 01       	movw	r30, r18
    2f0a:	01 90       	ld	r0, Z+
    2f0c:	f0 81       	ld	r31, Z
    2f0e:	e0 2d       	mov	r30, r0
    2f10:	fc 83       	std	Y+4, r31	; 0x04
    2f12:	eb 83       	std	Y+3, r30	; 0x03
    2f14:	0f ef       	ldi	r16, 0xFF	; 255
    2f16:	9c 01       	movw	r18, r24
    2f18:	ad 01       	movw	r20, r26
    2f1a:	61 e0       	ldi	r22, 0x01	; 1
    2f1c:	8b 81       	ldd	r24, Y+3	; 0x03
    2f1e:	9c 81       	ldd	r25, Y+4	; 0x04
    2f20:	0e 94 a4 07 	call	0xf48	; 0xf48 <_ZN5Motor4moveEbmh>
	        status->m4->move(M4_DIR_OPEN,	status->current_time, 255);
    2f24:	89 81       	ldd	r24, Y+1	; 0x01
    2f26:	9a 81       	ldd	r25, Y+2	; 0x02
    2f28:	fc 01       	movw	r30, r24
    2f2a:	82 81       	ldd	r24, Z+2	; 0x02
    2f2c:	93 81       	ldd	r25, Z+3	; 0x03
    2f2e:	fc 01       	movw	r30, r24
    2f30:	80 a5       	ldd	r24, Z+40	; 0x28
    2f32:	91 a5       	ldd	r25, Z+41	; 0x29
    2f34:	a2 a5       	ldd	r26, Z+42	; 0x2a
    2f36:	b3 a5       	ldd	r27, Z+43	; 0x2b
    2f38:	29 81       	ldd	r18, Y+1	; 0x01
    2f3a:	3a 81       	ldd	r19, Y+2	; 0x02
    2f3c:	f9 01       	movw	r30, r18
    2f3e:	22 81       	ldd	r18, Z+2	; 0x02
    2f40:	33 81       	ldd	r19, Z+3	; 0x03
    2f42:	f9 01       	movw	r30, r18
    2f44:	06 80       	ldd	r0, Z+6	; 0x06
    2f46:	f7 81       	ldd	r31, Z+7	; 0x07
    2f48:	e0 2d       	mov	r30, r0
    2f4a:	fc 83       	std	Y+4, r31	; 0x04
    2f4c:	eb 83       	std	Y+3, r30	; 0x03
    2f4e:	0f ef       	ldi	r16, 0xFF	; 255
    2f50:	9c 01       	movw	r18, r24
    2f52:	ad 01       	movw	r20, r26
    2f54:	60 e0       	ldi	r22, 0x00	; 0
    2f56:	8b 81       	ldd	r24, Y+3	; 0x03
    2f58:	9c 81       	ldd	r25, Y+4	; 0x04
    2f5a:	0e 94 a4 07 	call	0xf48	; 0xf48 <_ZN5Motor4moveEbmh>
	        status->m5->move(M5_DIR_DOWN,	status->current_time, 255);
    2f5e:	89 81       	ldd	r24, Y+1	; 0x01
    2f60:	9a 81       	ldd	r25, Y+2	; 0x02
    2f62:	fc 01       	movw	r30, r24
    2f64:	82 81       	ldd	r24, Z+2	; 0x02
    2f66:	93 81       	ldd	r25, Z+3	; 0x03
    2f68:	fc 01       	movw	r30, r24
    2f6a:	80 a5       	ldd	r24, Z+40	; 0x28
    2f6c:	91 a5       	ldd	r25, Z+41	; 0x29
    2f6e:	a2 a5       	ldd	r26, Z+42	; 0x2a
    2f70:	b3 a5       	ldd	r27, Z+43	; 0x2b
    2f72:	29 81       	ldd	r18, Y+1	; 0x01
    2f74:	3a 81       	ldd	r19, Y+2	; 0x02
    2f76:	f9 01       	movw	r30, r18
    2f78:	22 81       	ldd	r18, Z+2	; 0x02
    2f7a:	33 81       	ldd	r19, Z+3	; 0x03
    2f7c:	f9 01       	movw	r30, r18
    2f7e:	00 84       	ldd	r0, Z+8	; 0x08
    2f80:	f1 85       	ldd	r31, Z+9	; 0x09
    2f82:	e0 2d       	mov	r30, r0
    2f84:	fc 83       	std	Y+4, r31	; 0x04
    2f86:	eb 83       	std	Y+3, r30	; 0x03
    2f88:	0f ef       	ldi	r16, 0xFF	; 255
    2f8a:	9c 01       	movw	r18, r24
    2f8c:	ad 01       	movw	r20, r26
    2f8e:	60 e0       	ldi	r22, 0x00	; 0
    2f90:	8b 81       	ldd	r24, Y+3	; 0x03
    2f92:	9c 81       	ldd	r25, Y+4	; 0x04
    2f94:	0e 94 a4 07 	call	0xf48	; 0xf48 <_ZN5Motor4moveEbmh>
	        
	        status->m2->stop();
    2f98:	89 81       	ldd	r24, Y+1	; 0x01
    2f9a:	9a 81       	ldd	r25, Y+2	; 0x02
    2f9c:	fc 01       	movw	r30, r24
    2f9e:	82 81       	ldd	r24, Z+2	; 0x02
    2fa0:	93 81       	ldd	r25, Z+3	; 0x03
    2fa2:	fc 01       	movw	r30, r24
    2fa4:	82 81       	ldd	r24, Z+2	; 0x02
    2fa6:	93 81       	ldd	r25, Z+3	; 0x03
    2fa8:	0e 94 e2 0c 	call	0x19c4	; 0x19c4 <_ZN6Motor24stopEv>
	        status->m3->stop();
    2fac:	89 81       	ldd	r24, Y+1	; 0x01
    2fae:	9a 81       	ldd	r25, Y+2	; 0x02
    2fb0:	fc 01       	movw	r30, r24
    2fb2:	82 81       	ldd	r24, Z+2	; 0x02
    2fb4:	93 81       	ldd	r25, Z+3	; 0x03
    2fb6:	fc 01       	movw	r30, r24
    2fb8:	84 81       	ldd	r24, Z+4	; 0x04
    2fba:	95 81       	ldd	r25, Z+5	; 0x05
    2fbc:	0e 94 32 08 	call	0x1064	; 0x1064 <_ZN5Motor4stopEv>
        }
    2fc0:	00 00       	nop
    2fc2:	0f 90       	pop	r0
    2fc4:	0f 90       	pop	r0
    2fc6:	0f 90       	pop	r0
    2fc8:	0f 90       	pop	r0
    2fca:	df 91       	pop	r29
    2fcc:	cf 91       	pop	r28
    2fce:	0f 91       	pop	r16
    2fd0:	08 95       	ret

00002fd2 <_ZN16CalibrationState3runEv>:
        
        void run() override {
    2fd2:	ef 92       	push	r14
    2fd4:	0f 93       	push	r16
    2fd6:	1f 93       	push	r17
    2fd8:	cf 93       	push	r28
    2fda:	df 93       	push	r29
    2fdc:	00 d0       	rcall	.+0      	; 0x2fde <_ZN16CalibrationState3runEv+0xc>
    2fde:	00 d0       	rcall	.+0      	; 0x2fe0 <_ZN16CalibrationState3runEv+0xe>
    2fe0:	cd b7       	in	r28, 0x3d	; 61
    2fe2:	de b7       	in	r29, 0x3e	; 62
    2fe4:	9a 83       	std	Y+2, r25	; 0x02
    2fe6:	89 83       	std	Y+1, r24	; 0x01
	        if (!m2_started && m1_at_up()) {
    2fe8:	89 81       	ldd	r24, Y+1	; 0x01
    2fea:	9a 81       	ldd	r25, Y+2	; 0x02
    2fec:	fc 01       	movw	r30, r24
    2fee:	94 81       	ldd	r25, Z+4	; 0x04
    2ff0:	81 e0       	ldi	r24, 0x01	; 1
    2ff2:	89 27       	eor	r24, r25
    2ff4:	88 23       	and	r24, r24
    2ff6:	41 f0       	breq	.+16     	; 0x3008 <_ZN16CalibrationState3runEv+0x36>
    2ff8:	89 81       	ldd	r24, Y+1	; 0x01
    2ffa:	9a 81       	ldd	r25, Y+2	; 0x02
    2ffc:	0e 94 dc 16 	call	0x2db8	; 0x2db8 <_ZN16CalibrationState8m1_at_upEv>
    3000:	88 23       	and	r24, r24
    3002:	11 f0       	breq	.+4      	; 0x3008 <_ZN16CalibrationState3runEv+0x36>
    3004:	81 e0       	ldi	r24, 0x01	; 1
    3006:	01 c0       	rjmp	.+2      	; 0x300a <_ZN16CalibrationState3runEv+0x38>
    3008:	80 e0       	ldi	r24, 0x00	; 0
    300a:	88 23       	and	r24, r24
    300c:	21 f1       	breq	.+72     	; 0x3056 <_ZN16CalibrationState3runEv+0x84>
		        // Subimos la velocidad a 255 para el barrido
		        status->m2->startHoming(M2_DIR_RIGHT, LimitSwitch3::Position::RIGHT, status->current_time, 255);
    300e:	89 81       	ldd	r24, Y+1	; 0x01
    3010:	9a 81       	ldd	r25, Y+2	; 0x02
    3012:	fc 01       	movw	r30, r24
    3014:	82 81       	ldd	r24, Z+2	; 0x02
    3016:	93 81       	ldd	r25, Z+3	; 0x03
    3018:	fc 01       	movw	r30, r24
    301a:	80 a5       	ldd	r24, Z+40	; 0x28
    301c:	91 a5       	ldd	r25, Z+41	; 0x29
    301e:	a2 a5       	ldd	r26, Z+42	; 0x2a
    3020:	b3 a5       	ldd	r27, Z+43	; 0x2b
    3022:	29 81       	ldd	r18, Y+1	; 0x01
    3024:	3a 81       	ldd	r19, Y+2	; 0x02
    3026:	f9 01       	movw	r30, r18
    3028:	22 81       	ldd	r18, Z+2	; 0x02
    302a:	33 81       	ldd	r19, Z+3	; 0x03
    302c:	f9 01       	movw	r30, r18
    302e:	02 80       	ldd	r0, Z+2	; 0x02
    3030:	f3 81       	ldd	r31, Z+3	; 0x03
    3032:	e0 2d       	mov	r30, r0
    3034:	fc 83       	std	Y+4, r31	; 0x04
    3036:	eb 83       	std	Y+3, r30	; 0x03
    3038:	ee 24       	eor	r14, r14
    303a:	ea 94       	dec	r14
    303c:	8c 01       	movw	r16, r24
    303e:	9d 01       	movw	r18, r26
    3040:	43 e0       	ldi	r20, 0x03	; 3
    3042:	60 e0       	ldi	r22, 0x00	; 0
    3044:	8b 81       	ldd	r24, Y+3	; 0x03
    3046:	9c 81       	ldd	r25, Y+4	; 0x04
    3048:	0e 94 bc 0b 	call	0x1778	; 0x1778 <_ZN6Motor211startHomingEbN12LimitSwitch38PositionEmh>
		        m2_started = true;
    304c:	89 81       	ldd	r24, Y+1	; 0x01
    304e:	9a 81       	ldd	r25, Y+2	; 0x02
    3050:	21 e0       	ldi	r18, 0x01	; 1
    3052:	fc 01       	movw	r30, r24
    3054:	24 83       	std	Z+4, r18	; 0x04
	        }
	        
	        if (!m3_started && m4_at_open()) {
    3056:	89 81       	ldd	r24, Y+1	; 0x01
    3058:	9a 81       	ldd	r25, Y+2	; 0x02
    305a:	fc 01       	movw	r30, r24
    305c:	95 81       	ldd	r25, Z+5	; 0x05
    305e:	81 e0       	ldi	r24, 0x01	; 1
    3060:	89 27       	eor	r24, r25
    3062:	88 23       	and	r24, r24
    3064:	41 f0       	breq	.+16     	; 0x3076 <_ZN16CalibrationState3runEv+0xa4>
    3066:	89 81       	ldd	r24, Y+1	; 0x01
    3068:	9a 81       	ldd	r25, Y+2	; 0x02
    306a:	0e 94 07 17 	call	0x2e0e	; 0x2e0e <_ZN16CalibrationState10m4_at_openEv>
    306e:	88 23       	and	r24, r24
    3070:	11 f0       	breq	.+4      	; 0x3076 <_ZN16CalibrationState3runEv+0xa4>
    3072:	81 e0       	ldi	r24, 0x01	; 1
    3074:	01 c0       	rjmp	.+2      	; 0x3078 <_ZN16CalibrationState3runEv+0xa6>
    3076:	80 e0       	ldi	r24, 0x00	; 0
    3078:	88 23       	and	r24, r24
    307a:	11 f1       	breq	.+68     	; 0x30c0 <_ZN16CalibrationState3runEv+0xee>
		        // Subimos la velocidad a 255
		        status->m3->move(M3_DIR_FORWARD, status->current_time, 255);
    307c:	89 81       	ldd	r24, Y+1	; 0x01
    307e:	9a 81       	ldd	r25, Y+2	; 0x02
    3080:	fc 01       	movw	r30, r24
    3082:	82 81       	ldd	r24, Z+2	; 0x02
    3084:	93 81       	ldd	r25, Z+3	; 0x03
    3086:	fc 01       	movw	r30, r24
    3088:	80 a5       	ldd	r24, Z+40	; 0x28
    308a:	91 a5       	ldd	r25, Z+41	; 0x29
    308c:	a2 a5       	ldd	r26, Z+42	; 0x2a
    308e:	b3 a5       	ldd	r27, Z+43	; 0x2b
    3090:	29 81       	ldd	r18, Y+1	; 0x01
    3092:	3a 81       	ldd	r19, Y+2	; 0x02
    3094:	f9 01       	movw	r30, r18
    3096:	22 81       	ldd	r18, Z+2	; 0x02
    3098:	33 81       	ldd	r19, Z+3	; 0x03
    309a:	f9 01       	movw	r30, r18
    309c:	04 80       	ldd	r0, Z+4	; 0x04
    309e:	f5 81       	ldd	r31, Z+5	; 0x05
    30a0:	e0 2d       	mov	r30, r0
    30a2:	fc 83       	std	Y+4, r31	; 0x04
    30a4:	eb 83       	std	Y+3, r30	; 0x03
    30a6:	0f ef       	ldi	r16, 0xFF	; 255
    30a8:	9c 01       	movw	r18, r24
    30aa:	ad 01       	movw	r20, r26
    30ac:	61 e0       	ldi	r22, 0x01	; 1
    30ae:	8b 81       	ldd	r24, Y+3	; 0x03
    30b0:	9c 81       	ldd	r25, Y+4	; 0x04
    30b2:	0e 94 a4 07 	call	0xf48	; 0xf48 <_ZN5Motor4moveEbmh>
		        m3_started = true;
    30b6:	89 81       	ldd	r24, Y+1	; 0x01
    30b8:	9a 81       	ldd	r25, Y+2	; 0x02
    30ba:	21 e0       	ldi	r18, 0x01	; 1
    30bc:	fc 01       	movw	r30, r24
    30be:	25 83       	std	Z+5, r18	; 0x05
	        }
        }
    30c0:	00 00       	nop
    30c2:	0f 90       	pop	r0
    30c4:	0f 90       	pop	r0
    30c6:	0f 90       	pop	r0
    30c8:	0f 90       	pop	r0
    30ca:	df 91       	pop	r29
    30cc:	cf 91       	pop	r28
    30ce:	1f 91       	pop	r17
    30d0:	0f 91       	pop	r16
    30d2:	ef 90       	pop	r14
    30d4:	08 95       	ret

000030d6 <_ZN16CalibrationState17check_transitionsEv>:
		
		States check_transitions() override {
    30d6:	cf 93       	push	r28
    30d8:	df 93       	push	r29
    30da:	cd b7       	in	r28, 0x3d	; 61
    30dc:	de b7       	in	r29, 0x3e	; 62
    30de:	27 97       	sbiw	r28, 0x07	; 7
    30e0:	0f b6       	in	r0, 0x3f	; 63
    30e2:	f8 94       	cli
    30e4:	de bf       	out	0x3e, r29	; 62
    30e6:	0f be       	out	0x3f, r0	; 63
    30e8:	cd bf       	out	0x3d, r28	; 61
    30ea:	9f 83       	std	Y+7, r25	; 0x07
    30ec:	8e 83       	std	Y+6, r24	; 0x06
			bool m1_rdy = m1_at_up();
    30ee:	8e 81       	ldd	r24, Y+6	; 0x06
    30f0:	9f 81       	ldd	r25, Y+7	; 0x07
    30f2:	0e 94 dc 16 	call	0x2db8	; 0x2db8 <_ZN16CalibrationState8m1_at_upEv>
    30f6:	89 83       	std	Y+1, r24	; 0x01
			bool m2_rdy = status->m2->isAt(M2_POS_RIGHT);
    30f8:	8e 81       	ldd	r24, Y+6	; 0x06
    30fa:	9f 81       	ldd	r25, Y+7	; 0x07
    30fc:	fc 01       	movw	r30, r24
    30fe:	82 81       	ldd	r24, Z+2	; 0x02
    3100:	93 81       	ldd	r25, Z+3	; 0x03
    3102:	fc 01       	movw	r30, r24
    3104:	82 81       	ldd	r24, Z+2	; 0x02
    3106:	93 81       	ldd	r25, Z+3	; 0x03
    3108:	63 e0       	ldi	r22, 0x03	; 3
    310a:	0e 94 48 0e 	call	0x1c90	; 0x1c90 <_ZN6Motor24isAtEN12LimitSwitch38PositionE>
    310e:	8a 83       	std	Y+2, r24	; 0x02
			bool m3_rdy = status->m3->isAt(M3_SIDE_FORWARD);
    3110:	8e 81       	ldd	r24, Y+6	; 0x06
    3112:	9f 81       	ldd	r25, Y+7	; 0x07
    3114:	fc 01       	movw	r30, r24
    3116:	82 81       	ldd	r24, Z+2	; 0x02
    3118:	93 81       	ldd	r25, Z+3	; 0x03
    311a:	fc 01       	movw	r30, r24
    311c:	84 81       	ldd	r24, Z+4	; 0x04
    311e:	95 81       	ldd	r25, Z+5	; 0x05
    3120:	61 e0       	ldi	r22, 0x01	; 1
    3122:	0e 94 ec 08 	call	0x11d8	; 0x11d8 <_ZN5Motor4isAtENS_4SideE>
    3126:	8b 83       	std	Y+3, r24	; 0x03
			bool m4_rdy = m4_at_open();
    3128:	8e 81       	ldd	r24, Y+6	; 0x06
    312a:	9f 81       	ldd	r25, Y+7	; 0x07
    312c:	0e 94 07 17 	call	0x2e0e	; 0x2e0e <_ZN16CalibrationState10m4_at_openEv>
    3130:	8c 83       	std	Y+4, r24	; 0x04
			bool m5_rdy = status->m5->isAt(M5_SIDE_DOWN);
    3132:	8e 81       	ldd	r24, Y+6	; 0x06
    3134:	9f 81       	ldd	r25, Y+7	; 0x07
    3136:	fc 01       	movw	r30, r24
    3138:	82 81       	ldd	r24, Z+2	; 0x02
    313a:	93 81       	ldd	r25, Z+3	; 0x03
    313c:	fc 01       	movw	r30, r24
    313e:	80 85       	ldd	r24, Z+8	; 0x08
    3140:	91 85       	ldd	r25, Z+9	; 0x09
    3142:	62 e0       	ldi	r22, 0x02	; 2
    3144:	0e 94 ec 08 	call	0x11d8	; 0x11d8 <_ZN5Motor4isAtENS_4SideE>
    3148:	8d 83       	std	Y+5, r24	; 0x05
    
			if (m1_rdy && m2_rdy && m3_rdy && m4_rdy && m5_rdy) {
    314a:	89 81       	ldd	r24, Y+1	; 0x01
    314c:	88 23       	and	r24, r24
    314e:	71 f0       	breq	.+28     	; 0x316c <_ZN16CalibrationState17check_transitionsEv+0x96>
    3150:	8a 81       	ldd	r24, Y+2	; 0x02
    3152:	88 23       	and	r24, r24
    3154:	59 f0       	breq	.+22     	; 0x316c <_ZN16CalibrationState17check_transitionsEv+0x96>
    3156:	8b 81       	ldd	r24, Y+3	; 0x03
    3158:	88 23       	and	r24, r24
    315a:	41 f0       	breq	.+16     	; 0x316c <_ZN16CalibrationState17check_transitionsEv+0x96>
    315c:	8c 81       	ldd	r24, Y+4	; 0x04
    315e:	88 23       	and	r24, r24
    3160:	29 f0       	breq	.+10     	; 0x316c <_ZN16CalibrationState17check_transitionsEv+0x96>
    3162:	8d 81       	ldd	r24, Y+5	; 0x05
    3164:	88 23       	and	r24, r24
    3166:	11 f0       	breq	.+4      	; 0x316c <_ZN16CalibrationState17check_transitionsEv+0x96>
				return States::Idle;
    3168:	82 e0       	ldi	r24, 0x02	; 2
    316a:	01 c0       	rjmp	.+2      	; 0x316e <_ZN16CalibrationState17check_transitionsEv+0x98>
			}
			return States::NO_CHANGE;
    316c:	8f ef       	ldi	r24, 0xFF	; 255
		}
    316e:	27 96       	adiw	r28, 0x07	; 7
    3170:	0f b6       	in	r0, 0x3f	; 63
    3172:	f8 94       	cli
    3174:	de bf       	out	0x3e, r29	; 62
    3176:	0f be       	out	0x3f, r0	; 63
    3178:	cd bf       	out	0x3d, r28	; 61
    317a:	df 91       	pop	r29
    317c:	cf 91       	pop	r28
    317e:	08 95       	ret

00003180 <_ZN9IdleStateC1EP6Status>:
/*		       IDLE			    */
/* ============================ */

class IdleState : public StateActionBase {
	public:
		explicit IdleState(Status* s) : StateActionBase(s) {}
    3180:	cf 93       	push	r28
    3182:	df 93       	push	r29
    3184:	00 d0       	rcall	.+0      	; 0x3186 <_ZN9IdleStateC1EP6Status+0x6>
    3186:	00 d0       	rcall	.+0      	; 0x3188 <_ZN9IdleStateC1EP6Status+0x8>
    3188:	cd b7       	in	r28, 0x3d	; 61
    318a:	de b7       	in	r29, 0x3e	; 62
    318c:	9a 83       	std	Y+2, r25	; 0x02
    318e:	89 83       	std	Y+1, r24	; 0x01
    3190:	7c 83       	std	Y+4, r23	; 0x04
    3192:	6b 83       	std	Y+3, r22	; 0x03
    3194:	89 81       	ldd	r24, Y+1	; 0x01
    3196:	9a 81       	ldd	r25, Y+2	; 0x02
    3198:	2b 81       	ldd	r18, Y+3	; 0x03
    319a:	3c 81       	ldd	r19, Y+4	; 0x04
    319c:	b9 01       	movw	r22, r18
    319e:	0e 94 3a 15 	call	0x2a74	; 0x2a74 <_ZN15StateActionBaseC1EP6Status>
    31a2:	2f e7       	ldi	r18, 0x7F	; 127
    31a4:	32 e0       	ldi	r19, 0x02	; 2
    31a6:	89 81       	ldd	r24, Y+1	; 0x01
    31a8:	9a 81       	ldd	r25, Y+2	; 0x02
    31aa:	fc 01       	movw	r30, r24
    31ac:	31 83       	std	Z+1, r19	; 0x01
    31ae:	20 83       	st	Z, r18
    31b0:	00 00       	nop
    31b2:	0f 90       	pop	r0
    31b4:	0f 90       	pop	r0
    31b6:	0f 90       	pop	r0
    31b8:	0f 90       	pop	r0
    31ba:	df 91       	pop	r29
    31bc:	cf 91       	pop	r28
    31be:	08 95       	ret

000031c0 <_ZN9IdleState5entryEv>:
			
		void entry() override {
    31c0:	cf 93       	push	r28
    31c2:	df 93       	push	r29
    31c4:	00 d0       	rcall	.+0      	; 0x31c6 <_ZN9IdleState5entryEv+0x6>
    31c6:	cd b7       	in	r28, 0x3d	; 61
    31c8:	de b7       	in	r29, 0x3e	; 62
    31ca:	9a 83       	std	Y+2, r25	; 0x02
    31cc:	89 83       	std	Y+1, r24	; 0x01
			status->sw6->consumeClick(); // Limpiar cualquier click residual
    31ce:	89 81       	ldd	r24, Y+1	; 0x01
    31d0:	9a 81       	ldd	r25, Y+2	; 0x02
    31d2:	fc 01       	movw	r30, r24
    31d4:	82 81       	ldd	r24, Z+2	; 0x02
    31d6:	93 81       	ldd	r25, Z+3	; 0x03
    31d8:	fc 01       	movw	r30, r24
    31da:	84 89       	ldd	r24, Z+20	; 0x14
    31dc:	95 89       	ldd	r25, Z+21	; 0x15
    31de:	0e 94 c8 11 	call	0x2390	; 0x2390 <_ZN10SwitchUser12consumeClickEv>
			status->led->on();
    31e2:	89 81       	ldd	r24, Y+1	; 0x01
    31e4:	9a 81       	ldd	r25, Y+2	; 0x02
    31e6:	fc 01       	movw	r30, r24
    31e8:	82 81       	ldd	r24, Z+2	; 0x02
    31ea:	93 81       	ldd	r25, Z+3	; 0x03
    31ec:	fc 01       	movw	r30, r24
    31ee:	86 89       	ldd	r24, Z+22	; 0x16
    31f0:	97 89       	ldd	r25, Z+23	; 0x17
    31f2:	0e 94 50 04 	call	0x8a0	; 0x8a0 <_ZN3Led2onEv>
			status->game_running = false;
    31f6:	89 81       	ldd	r24, Y+1	; 0x01
    31f8:	9a 81       	ldd	r25, Y+2	; 0x02
    31fa:	fc 01       	movw	r30, r24
    31fc:	82 81       	ldd	r24, Z+2	; 0x02
    31fe:	93 81       	ldd	r25, Z+3	; 0x03
    3200:	fc 01       	movw	r30, r24
    3202:	12 a2       	std	Z+34, r1	; 0x22
		}
    3204:	00 00       	nop
    3206:	0f 90       	pop	r0
    3208:	0f 90       	pop	r0
    320a:	df 91       	pop	r29
    320c:	cf 91       	pop	r28
    320e:	08 95       	ret

00003210 <_ZN9IdleState17check_transitionsEv>:
		
		States check_transitions() override {
    3210:	cf 93       	push	r28
    3212:	df 93       	push	r29
    3214:	00 d0       	rcall	.+0      	; 0x3216 <_ZN9IdleState17check_transitionsEv+0x6>
    3216:	cd b7       	in	r28, 0x3d	; 61
    3218:	de b7       	in	r29, 0x3e	; 62
    321a:	9a 83       	std	Y+2, r25	; 0x02
    321c:	89 83       	std	Y+1, r24	; 0x01
			if (status->sw6->consumeClick()) {
    321e:	89 81       	ldd	r24, Y+1	; 0x01
    3220:	9a 81       	ldd	r25, Y+2	; 0x02
    3222:	fc 01       	movw	r30, r24
    3224:	82 81       	ldd	r24, Z+2	; 0x02
    3226:	93 81       	ldd	r25, Z+3	; 0x03
    3228:	fc 01       	movw	r30, r24
    322a:	84 89       	ldd	r24, Z+20	; 0x14
    322c:	95 89       	ldd	r25, Z+21	; 0x15
    322e:	0e 94 c8 11 	call	0x2390	; 0x2390 <_ZN10SwitchUser12consumeClickEv>
    3232:	88 23       	and	r24, r24
    3234:	11 f0       	breq	.+4      	; 0x323a <_ZN9IdleState17check_transitionsEv+0x2a>
				return States::Carga;
    3236:	83 e0       	ldi	r24, 0x03	; 3
    3238:	01 c0       	rjmp	.+2      	; 0x323c <_ZN9IdleState17check_transitionsEv+0x2c>
			}
			return States::NO_CHANGE;
    323a:	8f ef       	ldi	r24, 0xFF	; 255
		}
    323c:	0f 90       	pop	r0
    323e:	0f 90       	pop	r0
    3240:	df 91       	pop	r29
    3242:	cf 91       	pop	r28
    3244:	08 95       	ret

00003246 <_ZN9IdleState4exitEv>:
		
		void exit() override {
    3246:	cf 93       	push	r28
    3248:	df 93       	push	r29
    324a:	00 d0       	rcall	.+0      	; 0x324c <_ZN9IdleState4exitEv+0x6>
    324c:	cd b7       	in	r28, 0x3d	; 61
    324e:	de b7       	in	r29, 0x3e	; 62
    3250:	9a 83       	std	Y+2, r25	; 0x02
    3252:	89 83       	std	Y+1, r24	; 0x01
			status->score = 0;
    3254:	89 81       	ldd	r24, Y+1	; 0x01
    3256:	9a 81       	ldd	r25, Y+2	; 0x02
    3258:	fc 01       	movw	r30, r24
    325a:	82 81       	ldd	r24, Z+2	; 0x02
    325c:	93 81       	ldd	r25, Z+3	; 0x03
    325e:	fc 01       	movw	r30, r24
    3260:	10 a2       	std	Z+32, r1	; 0x20
			status->display->setScore(status->score);
    3262:	89 81       	ldd	r24, Y+1	; 0x01
    3264:	9a 81       	ldd	r25, Y+2	; 0x02
    3266:	fc 01       	movw	r30, r24
    3268:	82 81       	ldd	r24, Z+2	; 0x02
    326a:	93 81       	ldd	r25, Z+3	; 0x03
    326c:	fc 01       	movw	r30, r24
    326e:	20 a1       	ldd	r18, Z+32	; 0x20
    3270:	89 81       	ldd	r24, Y+1	; 0x01
    3272:	9a 81       	ldd	r25, Y+2	; 0x02
    3274:	fc 01       	movw	r30, r24
    3276:	82 81       	ldd	r24, Z+2	; 0x02
    3278:	93 81       	ldd	r25, Z+3	; 0x03
    327a:	fc 01       	movw	r30, r24
    327c:	80 8d       	ldd	r24, Z+24	; 0x18
    327e:	91 8d       	ldd	r25, Z+25	; 0x19
    3280:	62 2f       	mov	r22, r18
    3282:	0e 94 c4 02 	call	0x588	; 0x588 <_ZN7Display8setScoreEh>
			status->game_start_time = status->current_time;
    3286:	89 81       	ldd	r24, Y+1	; 0x01
    3288:	9a 81       	ldd	r25, Y+2	; 0x02
    328a:	fc 01       	movw	r30, r24
    328c:	22 81       	ldd	r18, Z+2	; 0x02
    328e:	33 81       	ldd	r19, Z+3	; 0x03
    3290:	89 81       	ldd	r24, Y+1	; 0x01
    3292:	9a 81       	ldd	r25, Y+2	; 0x02
    3294:	fc 01       	movw	r30, r24
    3296:	82 81       	ldd	r24, Z+2	; 0x02
    3298:	93 81       	ldd	r25, Z+3	; 0x03
    329a:	fc 01       	movw	r30, r24
    329c:	80 a5       	ldd	r24, Z+40	; 0x28
    329e:	91 a5       	ldd	r25, Z+41	; 0x29
    32a0:	a2 a5       	ldd	r26, Z+42	; 0x2a
    32a2:	b3 a5       	ldd	r27, Z+43	; 0x2b
    32a4:	f9 01       	movw	r30, r18
    32a6:	84 a3       	std	Z+36, r24	; 0x24
    32a8:	95 a3       	std	Z+37, r25	; 0x25
    32aa:	a6 a3       	std	Z+38, r26	; 0x26
    32ac:	b7 a3       	std	Z+39, r27	; 0x27
			status->is_last_turn = false;
    32ae:	89 81       	ldd	r24, Y+1	; 0x01
    32b0:	9a 81       	ldd	r25, Y+2	; 0x02
    32b2:	fc 01       	movw	r30, r24
    32b4:	82 81       	ldd	r24, Z+2	; 0x02
    32b6:	93 81       	ldd	r25, Z+3	; 0x03
    32b8:	fc 01       	movw	r30, r24
    32ba:	11 a2       	std	Z+33, r1	; 0x21
			status->game_running = true;
    32bc:	89 81       	ldd	r24, Y+1	; 0x01
    32be:	9a 81       	ldd	r25, Y+2	; 0x02
    32c0:	fc 01       	movw	r30, r24
    32c2:	82 81       	ldd	r24, Z+2	; 0x02
    32c4:	93 81       	ldd	r25, Z+3	; 0x03
    32c6:	21 e0       	ldi	r18, 0x01	; 1
    32c8:	fc 01       	movw	r30, r24
    32ca:	22 a3       	std	Z+34, r18	; 0x22
			status->pinsManager->reset();
    32cc:	89 81       	ldd	r24, Y+1	; 0x01
    32ce:	9a 81       	ldd	r25, Y+2	; 0x02
    32d0:	fc 01       	movw	r30, r24
    32d2:	82 81       	ldd	r24, Z+2	; 0x02
    32d4:	93 81       	ldd	r25, Z+3	; 0x03
    32d6:	fc 01       	movw	r30, r24
    32d8:	82 8d       	ldd	r24, Z+26	; 0x1a
    32da:	93 8d       	ldd	r25, Z+27	; 0x1b
    32dc:	0e 94 4e 10 	call	0x209c	; 0x209c <_ZN11PinsManager5resetEv>
			status->led->off();
    32e0:	89 81       	ldd	r24, Y+1	; 0x01
    32e2:	9a 81       	ldd	r25, Y+2	; 0x02
    32e4:	fc 01       	movw	r30, r24
    32e6:	82 81       	ldd	r24, Z+2	; 0x02
    32e8:	93 81       	ldd	r25, Z+3	; 0x03
    32ea:	fc 01       	movw	r30, r24
    32ec:	86 89       	ldd	r24, Z+22	; 0x16
    32ee:	97 89       	ldd	r25, Z+23	; 0x17
    32f0:	0e 94 75 04 	call	0x8ea	; 0x8ea <_ZN3Led3offEv>
			status->total_throws = 0;
    32f4:	89 81       	ldd	r24, Y+1	; 0x01
    32f6:	9a 81       	ldd	r25, Y+2	; 0x02
    32f8:	fc 01       	movw	r30, r24
    32fa:	82 81       	ldd	r24, Z+2	; 0x02
    32fc:	93 81       	ldd	r25, Z+3	; 0x03
    32fe:	fc 01       	movw	r30, r24
    3300:	14 a6       	std	Z+44, r1	; 0x2c
			status->uart->print("START_GAME\n");
    3302:	89 81       	ldd	r24, Y+1	; 0x01
    3304:	9a 81       	ldd	r25, Y+2	; 0x02
    3306:	fc 01       	movw	r30, r24
    3308:	82 81       	ldd	r24, Z+2	; 0x02
    330a:	93 81       	ldd	r25, Z+3	; 0x03
    330c:	fc 01       	movw	r30, r24
    330e:	86 8d       	ldd	r24, Z+30	; 0x1e
    3310:	97 8d       	ldd	r25, Z+31	; 0x1f
    3312:	66 e1       	ldi	r22, 0x16	; 22
    3314:	72 e0       	ldi	r23, 0x02	; 2
    3316:	0e 94 49 13 	call	0x2692	; 0x2692 <_ZN4UART5printEPKc>
		}
    331a:	00 00       	nop
    331c:	0f 90       	pop	r0
    331e:	0f 90       	pop	r0
    3320:	df 91       	pop	r29
    3322:	cf 91       	pop	r28
    3324:	08 95       	ret

00003326 <_ZN10CargaStateC1EP6Status>:
	private:
		uint8_t step_m12 = 0;
		uint8_t step_m34 = 0;
		uint32_t timer_m1 = 0;
	public:
		explicit CargaState(Status* s) : StateActionBase(s) {}
    3326:	cf 93       	push	r28
    3328:	df 93       	push	r29
    332a:	00 d0       	rcall	.+0      	; 0x332c <_ZN10CargaStateC1EP6Status+0x6>
    332c:	00 d0       	rcall	.+0      	; 0x332e <_ZN10CargaStateC1EP6Status+0x8>
    332e:	cd b7       	in	r28, 0x3d	; 61
    3330:	de b7       	in	r29, 0x3e	; 62
    3332:	9a 83       	std	Y+2, r25	; 0x02
    3334:	89 83       	std	Y+1, r24	; 0x01
    3336:	7c 83       	std	Y+4, r23	; 0x04
    3338:	6b 83       	std	Y+3, r22	; 0x03
    333a:	89 81       	ldd	r24, Y+1	; 0x01
    333c:	9a 81       	ldd	r25, Y+2	; 0x02
    333e:	2b 81       	ldd	r18, Y+3	; 0x03
    3340:	3c 81       	ldd	r19, Y+4	; 0x04
    3342:	b9 01       	movw	r22, r18
    3344:	0e 94 3a 15 	call	0x2a74	; 0x2a74 <_ZN15StateActionBaseC1EP6Status>
    3348:	23 e7       	ldi	r18, 0x73	; 115
    334a:	32 e0       	ldi	r19, 0x02	; 2
    334c:	89 81       	ldd	r24, Y+1	; 0x01
    334e:	9a 81       	ldd	r25, Y+2	; 0x02
    3350:	fc 01       	movw	r30, r24
    3352:	31 83       	std	Z+1, r19	; 0x01
    3354:	20 83       	st	Z, r18
    3356:	89 81       	ldd	r24, Y+1	; 0x01
    3358:	9a 81       	ldd	r25, Y+2	; 0x02
    335a:	fc 01       	movw	r30, r24
    335c:	14 82       	std	Z+4, r1	; 0x04
    335e:	89 81       	ldd	r24, Y+1	; 0x01
    3360:	9a 81       	ldd	r25, Y+2	; 0x02
    3362:	fc 01       	movw	r30, r24
    3364:	15 82       	std	Z+5, r1	; 0x05
    3366:	89 81       	ldd	r24, Y+1	; 0x01
    3368:	9a 81       	ldd	r25, Y+2	; 0x02
    336a:	fc 01       	movw	r30, r24
    336c:	16 82       	std	Z+6, r1	; 0x06
    336e:	17 82       	std	Z+7, r1	; 0x07
    3370:	10 86       	std	Z+8, r1	; 0x08
    3372:	11 86       	std	Z+9, r1	; 0x09
    3374:	00 00       	nop
    3376:	0f 90       	pop	r0
    3378:	0f 90       	pop	r0
    337a:	0f 90       	pop	r0
    337c:	0f 90       	pop	r0
    337e:	df 91       	pop	r29
    3380:	cf 91       	pop	r28
    3382:	08 95       	ret

00003384 <_ZN10CargaState5entryEv>:

		void entry() override {
    3384:	0f 93       	push	r16
    3386:	cf 93       	push	r28
    3388:	df 93       	push	r29
    338a:	00 d0       	rcall	.+0      	; 0x338c <_ZN10CargaState5entryEv+0x8>
    338c:	00 d0       	rcall	.+0      	; 0x338e <_ZN10CargaState5entryEv+0xa>
    338e:	cd b7       	in	r28, 0x3d	; 61
    3390:	de b7       	in	r29, 0x3e	; 62
    3392:	9a 83       	std	Y+2, r25	; 0x02
    3394:	89 83       	std	Y+1, r24	; 0x01
			step_m12 = 0;
    3396:	89 81       	ldd	r24, Y+1	; 0x01
    3398:	9a 81       	ldd	r25, Y+2	; 0x02
    339a:	fc 01       	movw	r30, r24
    339c:	14 82       	std	Z+4, r1	; 0x04
			timer_m1 = 0;
    339e:	89 81       	ldd	r24, Y+1	; 0x01
    33a0:	9a 81       	ldd	r25, Y+2	; 0x02
    33a2:	fc 01       	movw	r30, r24
    33a4:	16 82       	std	Z+6, r1	; 0x06
    33a6:	17 82       	std	Z+7, r1	; 0x07
    33a8:	10 86       	std	Z+8, r1	; 0x08
    33aa:	11 86       	std	Z+9, r1	; 0x09
			status->sw6->consumeClick(); // Limpiar click de entrada
    33ac:	89 81       	ldd	r24, Y+1	; 0x01
    33ae:	9a 81       	ldd	r25, Y+2	; 0x02
    33b0:	fc 01       	movw	r30, r24
    33b2:	82 81       	ldd	r24, Z+2	; 0x02
    33b4:	93 81       	ldd	r25, Z+3	; 0x03
    33b6:	fc 01       	movw	r30, r24
    33b8:	84 89       	ldd	r24, Z+20	; 0x14
    33ba:	95 89       	ldd	r25, Z+21	; 0x15
    33bc:	0e 94 c8 11 	call	0x2390	; 0x2390 <_ZN10SwitchUser12consumeClickEv>

			if (status->is_armed) {
    33c0:	89 81       	ldd	r24, Y+1	; 0x01
    33c2:	9a 81       	ldd	r25, Y+2	; 0x02
    33c4:	fc 01       	movw	r30, r24
    33c6:	82 81       	ldd	r24, Z+2	; 0x02
    33c8:	93 81       	ldd	r25, Z+3	; 0x03
    33ca:	fc 01       	movw	r30, r24
    33cc:	83 a1       	ldd	r24, Z+35	; 0x23
    33ce:	88 23       	and	r24, r24
    33d0:	19 f1       	breq	.+70     	; 0x3418 <_ZN10CargaState5entryEv+0x94>
				step_m34 = 4;
    33d2:	89 81       	ldd	r24, Y+1	; 0x01
    33d4:	9a 81       	ldd	r25, Y+2	; 0x02
    33d6:	24 e0       	ldi	r18, 0x04	; 4
    33d8:	fc 01       	movw	r30, r24
    33da:	25 83       	std	Z+5, r18	; 0x05
				status->m1->move(M1_DIR_UP, status->current_time);
    33dc:	89 81       	ldd	r24, Y+1	; 0x01
    33de:	9a 81       	ldd	r25, Y+2	; 0x02
    33e0:	fc 01       	movw	r30, r24
    33e2:	82 81       	ldd	r24, Z+2	; 0x02
    33e4:	93 81       	ldd	r25, Z+3	; 0x03
    33e6:	fc 01       	movw	r30, r24
    33e8:	80 a5       	ldd	r24, Z+40	; 0x28
    33ea:	91 a5       	ldd	r25, Z+41	; 0x29
    33ec:	a2 a5       	ldd	r26, Z+42	; 0x2a
    33ee:	b3 a5       	ldd	r27, Z+43	; 0x2b
    33f0:	29 81       	ldd	r18, Y+1	; 0x01
    33f2:	3a 81       	ldd	r19, Y+2	; 0x02
    33f4:	f9 01       	movw	r30, r18
    33f6:	22 81       	ldd	r18, Z+2	; 0x02
    33f8:	33 81       	ldd	r19, Z+3	; 0x03
    33fa:	f9 01       	movw	r30, r18
    33fc:	01 90       	ld	r0, Z+
    33fe:	f0 81       	ld	r31, Z
    3400:	e0 2d       	mov	r30, r0
    3402:	fc 83       	std	Y+4, r31	; 0x04
    3404:	eb 83       	std	Y+3, r30	; 0x03
    3406:	0c ec       	ldi	r16, 0xCC	; 204
    3408:	9c 01       	movw	r18, r24
    340a:	ad 01       	movw	r20, r26
    340c:	61 e0       	ldi	r22, 0x01	; 1
    340e:	8b 81       	ldd	r24, Y+3	; 0x03
    3410:	9c 81       	ldd	r25, Y+4	; 0x04
    3412:	0e 94 a4 07 	call	0xf48	; 0xf48 <_ZN5Motor4moveEbmh>
			} else {
				step_m34 = 0;
				status->m4->move(M4_DIR_OPEN, status->current_time);
			}
		}
    3416:	21 c0       	rjmp	.+66     	; 0x345a <_ZN10CargaState5entryEv+0xd6>

			if (status->is_armed) {
				step_m34 = 4;
				status->m1->move(M1_DIR_UP, status->current_time);
			} else {
				step_m34 = 0;
    3418:	89 81       	ldd	r24, Y+1	; 0x01
    341a:	9a 81       	ldd	r25, Y+2	; 0x02
    341c:	fc 01       	movw	r30, r24
    341e:	15 82       	std	Z+5, r1	; 0x05
				status->m4->move(M4_DIR_OPEN, status->current_time);
    3420:	89 81       	ldd	r24, Y+1	; 0x01
    3422:	9a 81       	ldd	r25, Y+2	; 0x02
    3424:	fc 01       	movw	r30, r24
    3426:	82 81       	ldd	r24, Z+2	; 0x02
    3428:	93 81       	ldd	r25, Z+3	; 0x03
    342a:	fc 01       	movw	r30, r24
    342c:	80 a5       	ldd	r24, Z+40	; 0x28
    342e:	91 a5       	ldd	r25, Z+41	; 0x29
    3430:	a2 a5       	ldd	r26, Z+42	; 0x2a
    3432:	b3 a5       	ldd	r27, Z+43	; 0x2b
    3434:	29 81       	ldd	r18, Y+1	; 0x01
    3436:	3a 81       	ldd	r19, Y+2	; 0x02
    3438:	f9 01       	movw	r30, r18
    343a:	22 81       	ldd	r18, Z+2	; 0x02
    343c:	33 81       	ldd	r19, Z+3	; 0x03
    343e:	f9 01       	movw	r30, r18
    3440:	06 80       	ldd	r0, Z+6	; 0x06
    3442:	f7 81       	ldd	r31, Z+7	; 0x07
    3444:	e0 2d       	mov	r30, r0
    3446:	fc 83       	std	Y+4, r31	; 0x04
    3448:	eb 83       	std	Y+3, r30	; 0x03
    344a:	0c ec       	ldi	r16, 0xCC	; 204
    344c:	9c 01       	movw	r18, r24
    344e:	ad 01       	movw	r20, r26
    3450:	60 e0       	ldi	r22, 0x00	; 0
    3452:	8b 81       	ldd	r24, Y+3	; 0x03
    3454:	9c 81       	ldd	r25, Y+4	; 0x04
    3456:	0e 94 a4 07 	call	0xf48	; 0xf48 <_ZN5Motor4moveEbmh>
			}
		}
    345a:	00 00       	nop
    345c:	0f 90       	pop	r0
    345e:	0f 90       	pop	r0
    3460:	0f 90       	pop	r0
    3462:	0f 90       	pop	r0
    3464:	df 91       	pop	r29
    3466:	cf 91       	pop	r28
    3468:	0f 91       	pop	r16
    346a:	08 95       	ret

0000346c <_ZN10CargaState3runEv>:
				
		void run() override {
    346c:	ef 92       	push	r14
    346e:	ff 92       	push	r15
    3470:	0f 93       	push	r16
    3472:	1f 93       	push	r17
    3474:	cf 93       	push	r28
    3476:	df 93       	push	r29
    3478:	00 d0       	rcall	.+0      	; 0x347a <_ZN10CargaState3runEv+0xe>
    347a:	00 d0       	rcall	.+0      	; 0x347c <_ZN10CargaState3runEv+0x10>
    347c:	cd b7       	in	r28, 0x3d	; 61
    347e:	de b7       	in	r29, 0x3e	; 62
    3480:	9a 83       	std	Y+2, r25	; 0x02
    3482:	89 83       	std	Y+1, r24	; 0x01
			// ==========================================
			// FASE 1: Secuencia de M3 y M4 (Bolos)
			// ==========================================
			if (step_m34 == 0 && status->m4->isAt(M4_SIDE_OPEN)) {
    3484:	89 81       	ldd	r24, Y+1	; 0x01
    3486:	9a 81       	ldd	r25, Y+2	; 0x02
    3488:	fc 01       	movw	r30, r24
    348a:	85 81       	ldd	r24, Z+5	; 0x05
    348c:	88 23       	and	r24, r24
    348e:	79 f4       	brne	.+30     	; 0x34ae <_ZN10CargaState3runEv+0x42>
    3490:	89 81       	ldd	r24, Y+1	; 0x01
    3492:	9a 81       	ldd	r25, Y+2	; 0x02
    3494:	fc 01       	movw	r30, r24
    3496:	82 81       	ldd	r24, Z+2	; 0x02
    3498:	93 81       	ldd	r25, Z+3	; 0x03
    349a:	fc 01       	movw	r30, r24
    349c:	86 81       	ldd	r24, Z+6	; 0x06
    349e:	97 81       	ldd	r25, Z+7	; 0x07
    34a0:	62 e0       	ldi	r22, 0x02	; 2
    34a2:	0e 94 ec 08 	call	0x11d8	; 0x11d8 <_ZN5Motor4isAtENS_4SideE>
    34a6:	88 23       	and	r24, r24
    34a8:	11 f0       	breq	.+4      	; 0x34ae <_ZN10CargaState3runEv+0x42>
    34aa:	81 e0       	ldi	r24, 0x01	; 1
    34ac:	01 c0       	rjmp	.+2      	; 0x34b0 <_ZN10CargaState3runEv+0x44>
    34ae:	80 e0       	ldi	r24, 0x00	; 0
    34b0:	88 23       	and	r24, r24
    34b2:	19 f1       	breq	.+70     	; 0x34fa <_ZN10CargaState3runEv+0x8e>
				status->m3->move(M3_DIR_FORWARD, status->current_time, 255);
    34b4:	89 81       	ldd	r24, Y+1	; 0x01
    34b6:	9a 81       	ldd	r25, Y+2	; 0x02
    34b8:	fc 01       	movw	r30, r24
    34ba:	82 81       	ldd	r24, Z+2	; 0x02
    34bc:	93 81       	ldd	r25, Z+3	; 0x03
    34be:	fc 01       	movw	r30, r24
    34c0:	80 a5       	ldd	r24, Z+40	; 0x28
    34c2:	91 a5       	ldd	r25, Z+41	; 0x29
    34c4:	a2 a5       	ldd	r26, Z+42	; 0x2a
    34c6:	b3 a5       	ldd	r27, Z+43	; 0x2b
    34c8:	29 81       	ldd	r18, Y+1	; 0x01
    34ca:	3a 81       	ldd	r19, Y+2	; 0x02
    34cc:	f9 01       	movw	r30, r18
    34ce:	22 81       	ldd	r18, Z+2	; 0x02
    34d0:	33 81       	ldd	r19, Z+3	; 0x03
    34d2:	f9 01       	movw	r30, r18
    34d4:	04 80       	ldd	r0, Z+4	; 0x04
    34d6:	f5 81       	ldd	r31, Z+5	; 0x05
    34d8:	e0 2d       	mov	r30, r0
    34da:	fc 83       	std	Y+4, r31	; 0x04
    34dc:	eb 83       	std	Y+3, r30	; 0x03
    34de:	0f ef       	ldi	r16, 0xFF	; 255
    34e0:	9c 01       	movw	r18, r24
    34e2:	ad 01       	movw	r20, r26
    34e4:	61 e0       	ldi	r22, 0x01	; 1
    34e6:	8b 81       	ldd	r24, Y+3	; 0x03
    34e8:	9c 81       	ldd	r25, Y+4	; 0x04
    34ea:	0e 94 a4 07 	call	0xf48	; 0xf48 <_ZN5Motor4moveEbmh>
				step_m34 = 1;
    34ee:	89 81       	ldd	r24, Y+1	; 0x01
    34f0:	9a 81       	ldd	r25, Y+2	; 0x02
    34f2:	21 e0       	ldi	r18, 0x01	; 1
    34f4:	fc 01       	movw	r30, r24
    34f6:	25 83       	std	Z+5, r18	; 0x05
    34f8:	b8 c0       	rjmp	.+368    	; 0x366a <_ZN10CargaState3runEv+0x1fe>
			}
			else if (step_m34 == 1 && status->m3->isAt(M3_SIDE_FORWARD)) {
    34fa:	89 81       	ldd	r24, Y+1	; 0x01
    34fc:	9a 81       	ldd	r25, Y+2	; 0x02
    34fe:	fc 01       	movw	r30, r24
    3500:	85 81       	ldd	r24, Z+5	; 0x05
    3502:	81 30       	cpi	r24, 0x01	; 1
    3504:	79 f4       	brne	.+30     	; 0x3524 <_ZN10CargaState3runEv+0xb8>
    3506:	89 81       	ldd	r24, Y+1	; 0x01
    3508:	9a 81       	ldd	r25, Y+2	; 0x02
    350a:	fc 01       	movw	r30, r24
    350c:	82 81       	ldd	r24, Z+2	; 0x02
    350e:	93 81       	ldd	r25, Z+3	; 0x03
    3510:	fc 01       	movw	r30, r24
    3512:	84 81       	ldd	r24, Z+4	; 0x04
    3514:	95 81       	ldd	r25, Z+5	; 0x05
    3516:	61 e0       	ldi	r22, 0x01	; 1
    3518:	0e 94 ec 08 	call	0x11d8	; 0x11d8 <_ZN5Motor4isAtENS_4SideE>
    351c:	88 23       	and	r24, r24
    351e:	11 f0       	breq	.+4      	; 0x3524 <_ZN10CargaState3runEv+0xb8>
    3520:	81 e0       	ldi	r24, 0x01	; 1
    3522:	01 c0       	rjmp	.+2      	; 0x3526 <_ZN10CargaState3runEv+0xba>
    3524:	80 e0       	ldi	r24, 0x00	; 0
    3526:	88 23       	and	r24, r24
    3528:	19 f1       	breq	.+70     	; 0x3570 <_ZN10CargaState3runEv+0x104>
				status->m4->move(M4_DIR_CLOSE, status->current_time);
    352a:	89 81       	ldd	r24, Y+1	; 0x01
    352c:	9a 81       	ldd	r25, Y+2	; 0x02
    352e:	fc 01       	movw	r30, r24
    3530:	82 81       	ldd	r24, Z+2	; 0x02
    3532:	93 81       	ldd	r25, Z+3	; 0x03
    3534:	fc 01       	movw	r30, r24
    3536:	80 a5       	ldd	r24, Z+40	; 0x28
    3538:	91 a5       	ldd	r25, Z+41	; 0x29
    353a:	a2 a5       	ldd	r26, Z+42	; 0x2a
    353c:	b3 a5       	ldd	r27, Z+43	; 0x2b
    353e:	29 81       	ldd	r18, Y+1	; 0x01
    3540:	3a 81       	ldd	r19, Y+2	; 0x02
    3542:	f9 01       	movw	r30, r18
    3544:	22 81       	ldd	r18, Z+2	; 0x02
    3546:	33 81       	ldd	r19, Z+3	; 0x03
    3548:	f9 01       	movw	r30, r18
    354a:	06 80       	ldd	r0, Z+6	; 0x06
    354c:	f7 81       	ldd	r31, Z+7	; 0x07
    354e:	e0 2d       	mov	r30, r0
    3550:	fc 83       	std	Y+4, r31	; 0x04
    3552:	eb 83       	std	Y+3, r30	; 0x03
    3554:	0c ec       	ldi	r16, 0xCC	; 204
    3556:	9c 01       	movw	r18, r24
    3558:	ad 01       	movw	r20, r26
    355a:	61 e0       	ldi	r22, 0x01	; 1
    355c:	8b 81       	ldd	r24, Y+3	; 0x03
    355e:	9c 81       	ldd	r25, Y+4	; 0x04
    3560:	0e 94 a4 07 	call	0xf48	; 0xf48 <_ZN5Motor4moveEbmh>
				step_m34 = 2;
    3564:	89 81       	ldd	r24, Y+1	; 0x01
    3566:	9a 81       	ldd	r25, Y+2	; 0x02
    3568:	22 e0       	ldi	r18, 0x02	; 2
    356a:	fc 01       	movw	r30, r24
    356c:	25 83       	std	Z+5, r18	; 0x05
    356e:	7d c0       	rjmp	.+250    	; 0x366a <_ZN10CargaState3runEv+0x1fe>
			}
			else if (step_m34 == 2 && status->m4->isAt(M4_SIDE_CLOSE)) {
    3570:	89 81       	ldd	r24, Y+1	; 0x01
    3572:	9a 81       	ldd	r25, Y+2	; 0x02
    3574:	fc 01       	movw	r30, r24
    3576:	85 81       	ldd	r24, Z+5	; 0x05
    3578:	82 30       	cpi	r24, 0x02	; 2
    357a:	79 f4       	brne	.+30     	; 0x359a <_ZN10CargaState3runEv+0x12e>
    357c:	89 81       	ldd	r24, Y+1	; 0x01
    357e:	9a 81       	ldd	r25, Y+2	; 0x02
    3580:	fc 01       	movw	r30, r24
    3582:	82 81       	ldd	r24, Z+2	; 0x02
    3584:	93 81       	ldd	r25, Z+3	; 0x03
    3586:	fc 01       	movw	r30, r24
    3588:	86 81       	ldd	r24, Z+6	; 0x06
    358a:	97 81       	ldd	r25, Z+7	; 0x07
    358c:	61 e0       	ldi	r22, 0x01	; 1
    358e:	0e 94 ec 08 	call	0x11d8	; 0x11d8 <_ZN5Motor4isAtENS_4SideE>
    3592:	88 23       	and	r24, r24
    3594:	11 f0       	breq	.+4      	; 0x359a <_ZN10CargaState3runEv+0x12e>
    3596:	81 e0       	ldi	r24, 0x01	; 1
    3598:	01 c0       	rjmp	.+2      	; 0x359c <_ZN10CargaState3runEv+0x130>
    359a:	80 e0       	ldi	r24, 0x00	; 0
    359c:	88 23       	and	r24, r24
    359e:	19 f1       	breq	.+70     	; 0x35e6 <_ZN10CargaState3runEv+0x17a>
				status->m3->move(M3_DIR_BACKWARD, status->current_time, 255);
    35a0:	89 81       	ldd	r24, Y+1	; 0x01
    35a2:	9a 81       	ldd	r25, Y+2	; 0x02
    35a4:	fc 01       	movw	r30, r24
    35a6:	82 81       	ldd	r24, Z+2	; 0x02
    35a8:	93 81       	ldd	r25, Z+3	; 0x03
    35aa:	fc 01       	movw	r30, r24
    35ac:	80 a5       	ldd	r24, Z+40	; 0x28
    35ae:	91 a5       	ldd	r25, Z+41	; 0x29
    35b0:	a2 a5       	ldd	r26, Z+42	; 0x2a
    35b2:	b3 a5       	ldd	r27, Z+43	; 0x2b
    35b4:	29 81       	ldd	r18, Y+1	; 0x01
    35b6:	3a 81       	ldd	r19, Y+2	; 0x02
    35b8:	f9 01       	movw	r30, r18
    35ba:	22 81       	ldd	r18, Z+2	; 0x02
    35bc:	33 81       	ldd	r19, Z+3	; 0x03
    35be:	f9 01       	movw	r30, r18
    35c0:	04 80       	ldd	r0, Z+4	; 0x04
    35c2:	f5 81       	ldd	r31, Z+5	; 0x05
    35c4:	e0 2d       	mov	r30, r0
    35c6:	fc 83       	std	Y+4, r31	; 0x04
    35c8:	eb 83       	std	Y+3, r30	; 0x03
    35ca:	0f ef       	ldi	r16, 0xFF	; 255
    35cc:	9c 01       	movw	r18, r24
    35ce:	ad 01       	movw	r20, r26
    35d0:	60 e0       	ldi	r22, 0x00	; 0
    35d2:	8b 81       	ldd	r24, Y+3	; 0x03
    35d4:	9c 81       	ldd	r25, Y+4	; 0x04
    35d6:	0e 94 a4 07 	call	0xf48	; 0xf48 <_ZN5Motor4moveEbmh>
				step_m34 = 3;
    35da:	89 81       	ldd	r24, Y+1	; 0x01
    35dc:	9a 81       	ldd	r25, Y+2	; 0x02
    35de:	23 e0       	ldi	r18, 0x03	; 3
    35e0:	fc 01       	movw	r30, r24
    35e2:	25 83       	std	Z+5, r18	; 0x05
    35e4:	42 c0       	rjmp	.+132    	; 0x366a <_ZN10CargaState3runEv+0x1fe>
			}
			else if (step_m34 == 3 && status->m3->isAt(M3_SIDE_BACKWARD)) {
    35e6:	89 81       	ldd	r24, Y+1	; 0x01
    35e8:	9a 81       	ldd	r25, Y+2	; 0x02
    35ea:	fc 01       	movw	r30, r24
    35ec:	85 81       	ldd	r24, Z+5	; 0x05
    35ee:	83 30       	cpi	r24, 0x03	; 3
    35f0:	79 f4       	brne	.+30     	; 0x3610 <_ZN10CargaState3runEv+0x1a4>
    35f2:	89 81       	ldd	r24, Y+1	; 0x01
    35f4:	9a 81       	ldd	r25, Y+2	; 0x02
    35f6:	fc 01       	movw	r30, r24
    35f8:	82 81       	ldd	r24, Z+2	; 0x02
    35fa:	93 81       	ldd	r25, Z+3	; 0x03
    35fc:	fc 01       	movw	r30, r24
    35fe:	84 81       	ldd	r24, Z+4	; 0x04
    3600:	95 81       	ldd	r25, Z+5	; 0x05
    3602:	62 e0       	ldi	r22, 0x02	; 2
    3604:	0e 94 ec 08 	call	0x11d8	; 0x11d8 <_ZN5Motor4isAtENS_4SideE>
    3608:	88 23       	and	r24, r24
    360a:	11 f0       	breq	.+4      	; 0x3610 <_ZN10CargaState3runEv+0x1a4>
    360c:	81 e0       	ldi	r24, 0x01	; 1
    360e:	01 c0       	rjmp	.+2      	; 0x3612 <_ZN10CargaState3runEv+0x1a6>
    3610:	80 e0       	ldi	r24, 0x00	; 0
    3612:	88 23       	and	r24, r24
    3614:	51 f1       	breq	.+84     	; 0x366a <_ZN10CargaState3runEv+0x1fe>
				step_m34 = 4; // Finalizada la Fase 1
    3616:	89 81       	ldd	r24, Y+1	; 0x01
    3618:	9a 81       	ldd	r25, Y+2	; 0x02
    361a:	24 e0       	ldi	r18, 0x04	; 4
    361c:	fc 01       	movw	r30, r24
    361e:	25 83       	std	Z+5, r18	; 0x05
				
				status->is_armed = true; // --- NUEVO: Guardamos que ya se han armado si veníamos de Idle
    3620:	89 81       	ldd	r24, Y+1	; 0x01
    3622:	9a 81       	ldd	r25, Y+2	; 0x02
    3624:	fc 01       	movw	r30, r24
    3626:	82 81       	ldd	r24, Z+2	; 0x02
    3628:	93 81       	ldd	r25, Z+3	; 0x03
    362a:	21 e0       	ldi	r18, 0x01	; 1
    362c:	fc 01       	movw	r30, r24
    362e:	23 a3       	std	Z+35, r18	; 0x23
				
				// AHORA damos permiso a M1 para arrancar la Fase 2
				status->m1->move(M1_DIR_UP, status->current_time);
    3630:	89 81       	ldd	r24, Y+1	; 0x01
    3632:	9a 81       	ldd	r25, Y+2	; 0x02
    3634:	fc 01       	movw	r30, r24
    3636:	82 81       	ldd	r24, Z+2	; 0x02
    3638:	93 81       	ldd	r25, Z+3	; 0x03
    363a:	fc 01       	movw	r30, r24
    363c:	80 a5       	ldd	r24, Z+40	; 0x28
    363e:	91 a5       	ldd	r25, Z+41	; 0x29
    3640:	a2 a5       	ldd	r26, Z+42	; 0x2a
    3642:	b3 a5       	ldd	r27, Z+43	; 0x2b
    3644:	29 81       	ldd	r18, Y+1	; 0x01
    3646:	3a 81       	ldd	r19, Y+2	; 0x02
    3648:	f9 01       	movw	r30, r18
    364a:	22 81       	ldd	r18, Z+2	; 0x02
    364c:	33 81       	ldd	r19, Z+3	; 0x03
    364e:	f9 01       	movw	r30, r18
    3650:	01 90       	ld	r0, Z+
    3652:	f0 81       	ld	r31, Z
    3654:	e0 2d       	mov	r30, r0
    3656:	fc 83       	std	Y+4, r31	; 0x04
    3658:	eb 83       	std	Y+3, r30	; 0x03
    365a:	0c ec       	ldi	r16, 0xCC	; 204
    365c:	9c 01       	movw	r18, r24
    365e:	ad 01       	movw	r20, r26
    3660:	61 e0       	ldi	r22, 0x01	; 1
    3662:	8b 81       	ldd	r24, Y+3	; 0x03
    3664:	9c 81       	ldd	r25, Y+4	; 0x04
    3666:	0e 94 a4 07 	call	0xf48	; 0xf48 <_ZN5Motor4moveEbmh>
			
			// ==========================================
			// FASE 2: Secuencia de M1 y M2 (Recarga)
			// Solo se ejecuta si la Fase 1 ha terminado (step_m34 == 4)
			// ==========================================
			if (step_m34 == 4) {
    366a:	89 81       	ldd	r24, Y+1	; 0x01
    366c:	9a 81       	ldd	r25, Y+2	; 0x02
    366e:	fc 01       	movw	r30, r24
    3670:	85 81       	ldd	r24, Z+5	; 0x05
    3672:	84 30       	cpi	r24, 0x04	; 4
    3674:	09 f0       	breq	.+2      	; 0x3678 <_ZN10CargaState3runEv+0x20c>
    3676:	0f c1       	rjmp	.+542    	; 0x3896 <_ZN10CargaState3runEv+0x42a>
				if(step_m12 == 0 && status->m1->isAt(M1_SIDE_UP)) {
    3678:	89 81       	ldd	r24, Y+1	; 0x01
    367a:	9a 81       	ldd	r25, Y+2	; 0x02
    367c:	fc 01       	movw	r30, r24
    367e:	84 81       	ldd	r24, Z+4	; 0x04
    3680:	88 23       	and	r24, r24
    3682:	79 f4       	brne	.+30     	; 0x36a2 <_ZN10CargaState3runEv+0x236>
    3684:	89 81       	ldd	r24, Y+1	; 0x01
    3686:	9a 81       	ldd	r25, Y+2	; 0x02
    3688:	fc 01       	movw	r30, r24
    368a:	82 81       	ldd	r24, Z+2	; 0x02
    368c:	93 81       	ldd	r25, Z+3	; 0x03
    368e:	fc 01       	movw	r30, r24
    3690:	80 81       	ld	r24, Z
    3692:	91 81       	ldd	r25, Z+1	; 0x01
    3694:	61 e0       	ldi	r22, 0x01	; 1
    3696:	0e 94 ec 08 	call	0x11d8	; 0x11d8 <_ZN5Motor4isAtENS_4SideE>
    369a:	88 23       	and	r24, r24
    369c:	11 f0       	breq	.+4      	; 0x36a2 <_ZN10CargaState3runEv+0x236>
    369e:	81 e0       	ldi	r24, 0x01	; 1
    36a0:	01 c0       	rjmp	.+2      	; 0x36a4 <_ZN10CargaState3runEv+0x238>
    36a2:	80 e0       	ldi	r24, 0x00	; 0
    36a4:	88 23       	and	r24, r24
    36a6:	09 f4       	brne	.+2      	; 0x36aa <_ZN10CargaState3runEv+0x23e>
    36a8:	62 c0       	rjmp	.+196    	; 0x376e <_ZN10CargaState3runEv+0x302>
					// Asumiendo que usas LimitSwitch3::Position::RIGHT (o tu define M2_POS_RIGHT)
					if (status->m2->isAt(LimitSwitch3::Position::RIGHT)) { 
    36aa:	89 81       	ldd	r24, Y+1	; 0x01
    36ac:	9a 81       	ldd	r25, Y+2	; 0x02
    36ae:	fc 01       	movw	r30, r24
    36b0:	82 81       	ldd	r24, Z+2	; 0x02
    36b2:	93 81       	ldd	r25, Z+3	; 0x03
    36b4:	fc 01       	movw	r30, r24
    36b6:	82 81       	ldd	r24, Z+2	; 0x02
    36b8:	93 81       	ldd	r25, Z+3	; 0x03
    36ba:	63 e0       	ldi	r22, 0x03	; 3
    36bc:	0e 94 48 0e 	call	0x1c90	; 0x1c90 <_ZN6Motor24isAtEN12LimitSwitch38PositionE>
    36c0:	88 23       	and	r24, r24
    36c2:	19 f1       	breq	.+70     	; 0x370a <_ZN10CargaState3runEv+0x29e>
						status->m1->move(M1_DIR_DOWN, status->current_time);
    36c4:	89 81       	ldd	r24, Y+1	; 0x01
    36c6:	9a 81       	ldd	r25, Y+2	; 0x02
    36c8:	fc 01       	movw	r30, r24
    36ca:	82 81       	ldd	r24, Z+2	; 0x02
    36cc:	93 81       	ldd	r25, Z+3	; 0x03
    36ce:	fc 01       	movw	r30, r24
    36d0:	80 a5       	ldd	r24, Z+40	; 0x28
    36d2:	91 a5       	ldd	r25, Z+41	; 0x29
    36d4:	a2 a5       	ldd	r26, Z+42	; 0x2a
    36d6:	b3 a5       	ldd	r27, Z+43	; 0x2b
    36d8:	29 81       	ldd	r18, Y+1	; 0x01
    36da:	3a 81       	ldd	r19, Y+2	; 0x02
    36dc:	f9 01       	movw	r30, r18
    36de:	22 81       	ldd	r18, Z+2	; 0x02
    36e0:	33 81       	ldd	r19, Z+3	; 0x03
    36e2:	f9 01       	movw	r30, r18
    36e4:	01 90       	ld	r0, Z+
    36e6:	f0 81       	ld	r31, Z
    36e8:	e0 2d       	mov	r30, r0
    36ea:	fc 83       	std	Y+4, r31	; 0x04
    36ec:	eb 83       	std	Y+3, r30	; 0x03
    36ee:	0c ec       	ldi	r16, 0xCC	; 204
    36f0:	9c 01       	movw	r18, r24
    36f2:	ad 01       	movw	r20, r26
    36f4:	60 e0       	ldi	r22, 0x00	; 0
    36f6:	8b 81       	ldd	r24, Y+3	; 0x03
    36f8:	9c 81       	ldd	r25, Y+4	; 0x04
    36fa:	0e 94 a4 07 	call	0xf48	; 0xf48 <_ZN5Motor4moveEbmh>
						step_m12 = 1;
    36fe:	89 81       	ldd	r24, Y+1	; 0x01
    3700:	9a 81       	ldd	r25, Y+2	; 0x02
    3702:	21 e0       	ldi	r18, 0x01	; 1
    3704:	fc 01       	movw	r30, r24
    3706:	24 83       	std	Z+4, r18	; 0x04
				}
				else if (step_m12 == 3 && status->m1->isAt(M1_SIDE_UP)) {
					step_m12 = 4; // Finalizada la Fase 2
				}
			}
		}
    3708:	c6 c0       	rjmp	.+396    	; 0x3896 <_ZN10CargaState3runEv+0x42a>
					// Asumiendo que usas LimitSwitch3::Position::RIGHT (o tu define M2_POS_RIGHT)
					if (status->m2->isAt(LimitSwitch3::Position::RIGHT)) { 
						status->m1->move(M1_DIR_DOWN, status->current_time);
						step_m12 = 1;
					}
					else if (!status->m2->isMoving()) {
    370a:	89 81       	ldd	r24, Y+1	; 0x01
    370c:	9a 81       	ldd	r25, Y+2	; 0x02
    370e:	fc 01       	movw	r30, r24
    3710:	82 81       	ldd	r24, Z+2	; 0x02
    3712:	93 81       	ldd	r25, Z+3	; 0x03
    3714:	fc 01       	movw	r30, r24
    3716:	82 81       	ldd	r24, Z+2	; 0x02
    3718:	93 81       	ldd	r25, Z+3	; 0x03
    371a:	0e 94 77 0e 	call	0x1cee	; 0x1cee <_ZN6Motor28isMovingEv>
    371e:	98 2f       	mov	r25, r24
    3720:	81 e0       	ldi	r24, 0x01	; 1
    3722:	89 27       	eor	r24, r25
    3724:	88 23       	and	r24, r24
    3726:	09 f4       	brne	.+2      	; 0x372a <_ZN10CargaState3runEv+0x2be>
    3728:	b6 c0       	rjmp	.+364    	; 0x3896 <_ZN10CargaState3runEv+0x42a>
						status->m2->move(M2_DIR_RIGHT, LimitSwitch3::Position::RIGHT, status->current_time);
    372a:	89 81       	ldd	r24, Y+1	; 0x01
    372c:	9a 81       	ldd	r25, Y+2	; 0x02
    372e:	fc 01       	movw	r30, r24
    3730:	82 81       	ldd	r24, Z+2	; 0x02
    3732:	93 81       	ldd	r25, Z+3	; 0x03
    3734:	fc 01       	movw	r30, r24
    3736:	80 a5       	ldd	r24, Z+40	; 0x28
    3738:	91 a5       	ldd	r25, Z+41	; 0x29
    373a:	a2 a5       	ldd	r26, Z+42	; 0x2a
    373c:	b3 a5       	ldd	r27, Z+43	; 0x2b
    373e:	29 81       	ldd	r18, Y+1	; 0x01
    3740:	3a 81       	ldd	r19, Y+2	; 0x02
    3742:	f9 01       	movw	r30, r18
    3744:	22 81       	ldd	r18, Z+2	; 0x02
    3746:	33 81       	ldd	r19, Z+3	; 0x03
    3748:	f9 01       	movw	r30, r18
    374a:	02 80       	ldd	r0, Z+2	; 0x02
    374c:	f3 81       	ldd	r31, Z+3	; 0x03
    374e:	e0 2d       	mov	r30, r0
    3750:	fc 83       	std	Y+4, r31	; 0x04
    3752:	eb 83       	std	Y+3, r30	; 0x03
    3754:	0f 2e       	mov	r0, r31
    3756:	fc ec       	ldi	r31, 0xCC	; 204
    3758:	ef 2e       	mov	r14, r31
    375a:	f0 2d       	mov	r31, r0
    375c:	8c 01       	movw	r16, r24
    375e:	9d 01       	movw	r18, r26
    3760:	43 e0       	ldi	r20, 0x03	; 3
    3762:	60 e0       	ldi	r22, 0x00	; 0
    3764:	8b 81       	ldd	r24, Y+3	; 0x03
    3766:	9c 81       	ldd	r25, Y+4	; 0x04
    3768:	0e 94 4e 0c 	call	0x189c	; 0x189c <_ZN6Motor24moveEbN12LimitSwitch38PositionEmh>
				}
				else if (step_m12 == 3 && status->m1->isAt(M1_SIDE_UP)) {
					step_m12 = 4; // Finalizada la Fase 2
				}
			}
		}
    376c:	94 c0       	rjmp	.+296    	; 0x3896 <_ZN10CargaState3runEv+0x42a>
					}
					else if (!status->m2->isMoving()) {
						status->m2->move(M2_DIR_RIGHT, LimitSwitch3::Position::RIGHT, status->current_time);
					}
				}
				else if (step_m12 == 1 && status->m1->isAt(M1_SIDE_DOWN)) {
    376e:	89 81       	ldd	r24, Y+1	; 0x01
    3770:	9a 81       	ldd	r25, Y+2	; 0x02
    3772:	fc 01       	movw	r30, r24
    3774:	84 81       	ldd	r24, Z+4	; 0x04
    3776:	81 30       	cpi	r24, 0x01	; 1
    3778:	79 f4       	brne	.+30     	; 0x3798 <_ZN10CargaState3runEv+0x32c>
    377a:	89 81       	ldd	r24, Y+1	; 0x01
    377c:	9a 81       	ldd	r25, Y+2	; 0x02
    377e:	fc 01       	movw	r30, r24
    3780:	82 81       	ldd	r24, Z+2	; 0x02
    3782:	93 81       	ldd	r25, Z+3	; 0x03
    3784:	fc 01       	movw	r30, r24
    3786:	80 81       	ld	r24, Z
    3788:	91 81       	ldd	r25, Z+1	; 0x01
    378a:	62 e0       	ldi	r22, 0x02	; 2
    378c:	0e 94 ec 08 	call	0x11d8	; 0x11d8 <_ZN5Motor4isAtENS_4SideE>
    3790:	88 23       	and	r24, r24
    3792:	11 f0       	breq	.+4      	; 0x3798 <_ZN10CargaState3runEv+0x32c>
    3794:	81 e0       	ldi	r24, 0x01	; 1
    3796:	01 c0       	rjmp	.+2      	; 0x379a <_ZN10CargaState3runEv+0x32e>
    3798:	80 e0       	ldi	r24, 0x00	; 0
    379a:	88 23       	and	r24, r24
    379c:	b9 f0       	breq	.+46     	; 0x37cc <_ZN10CargaState3runEv+0x360>
					timer_m1 = status->current_time;
    379e:	89 81       	ldd	r24, Y+1	; 0x01
    37a0:	9a 81       	ldd	r25, Y+2	; 0x02
    37a2:	fc 01       	movw	r30, r24
    37a4:	82 81       	ldd	r24, Z+2	; 0x02
    37a6:	93 81       	ldd	r25, Z+3	; 0x03
    37a8:	fc 01       	movw	r30, r24
    37aa:	80 a5       	ldd	r24, Z+40	; 0x28
    37ac:	91 a5       	ldd	r25, Z+41	; 0x29
    37ae:	a2 a5       	ldd	r26, Z+42	; 0x2a
    37b0:	b3 a5       	ldd	r27, Z+43	; 0x2b
    37b2:	29 81       	ldd	r18, Y+1	; 0x01
    37b4:	3a 81       	ldd	r19, Y+2	; 0x02
    37b6:	f9 01       	movw	r30, r18
    37b8:	86 83       	std	Z+6, r24	; 0x06
    37ba:	97 83       	std	Z+7, r25	; 0x07
    37bc:	a0 87       	std	Z+8, r26	; 0x08
    37be:	b1 87       	std	Z+9, r27	; 0x09
					step_m12 = 2;
    37c0:	89 81       	ldd	r24, Y+1	; 0x01
    37c2:	9a 81       	ldd	r25, Y+2	; 0x02
    37c4:	22 e0       	ldi	r18, 0x02	; 2
    37c6:	fc 01       	movw	r30, r24
    37c8:	24 83       	std	Z+4, r18	; 0x04
				}
				else if (step_m12 == 3 && status->m1->isAt(M1_SIDE_UP)) {
					step_m12 = 4; // Finalizada la Fase 2
				}
			}
		}
    37ca:	65 c0       	rjmp	.+202    	; 0x3896 <_ZN10CargaState3runEv+0x42a>
				}
				else if (step_m12 == 1 && status->m1->isAt(M1_SIDE_DOWN)) {
					timer_m1 = status->current_time;
					step_m12 = 2;
				}
				else if (step_m12 == 2 && (status->current_time - timer_m1) >= 1000) {
    37cc:	89 81       	ldd	r24, Y+1	; 0x01
    37ce:	9a 81       	ldd	r25, Y+2	; 0x02
    37d0:	fc 01       	movw	r30, r24
    37d2:	84 81       	ldd	r24, Z+4	; 0x04
    37d4:	82 30       	cpi	r24, 0x02	; 2
    37d6:	09 f0       	breq	.+2      	; 0x37da <_ZN10CargaState3runEv+0x36e>
    37d8:	41 c0       	rjmp	.+130    	; 0x385c <_ZN10CargaState3runEv+0x3f0>
    37da:	89 81       	ldd	r24, Y+1	; 0x01
    37dc:	9a 81       	ldd	r25, Y+2	; 0x02
    37de:	fc 01       	movw	r30, r24
    37e0:	82 81       	ldd	r24, Z+2	; 0x02
    37e2:	93 81       	ldd	r25, Z+3	; 0x03
    37e4:	fc 01       	movw	r30, r24
    37e6:	20 a5       	ldd	r18, Z+40	; 0x28
    37e8:	31 a5       	ldd	r19, Z+41	; 0x29
    37ea:	42 a5       	ldd	r20, Z+42	; 0x2a
    37ec:	53 a5       	ldd	r21, Z+43	; 0x2b
    37ee:	89 81       	ldd	r24, Y+1	; 0x01
    37f0:	9a 81       	ldd	r25, Y+2	; 0x02
    37f2:	fc 01       	movw	r30, r24
    37f4:	86 81       	ldd	r24, Z+6	; 0x06
    37f6:	97 81       	ldd	r25, Z+7	; 0x07
    37f8:	a0 85       	ldd	r26, Z+8	; 0x08
    37fa:	b1 85       	ldd	r27, Z+9	; 0x09
    37fc:	79 01       	movw	r14, r18
    37fe:	8a 01       	movw	r16, r20
    3800:	e8 1a       	sub	r14, r24
    3802:	f9 0a       	sbc	r15, r25
    3804:	0a 0b       	sbc	r16, r26
    3806:	1b 0b       	sbc	r17, r27
    3808:	d8 01       	movw	r26, r16
    380a:	c7 01       	movw	r24, r14
    380c:	88 3e       	cpi	r24, 0xE8	; 232
    380e:	93 40       	sbci	r25, 0x03	; 3
    3810:	a1 05       	cpc	r26, r1
    3812:	b1 05       	cpc	r27, r1
    3814:	18 f1       	brcs	.+70     	; 0x385c <_ZN10CargaState3runEv+0x3f0>
					status->m1->move(M1_DIR_UP, status->current_time);
    3816:	89 81       	ldd	r24, Y+1	; 0x01
    3818:	9a 81       	ldd	r25, Y+2	; 0x02
    381a:	fc 01       	movw	r30, r24
    381c:	82 81       	ldd	r24, Z+2	; 0x02
    381e:	93 81       	ldd	r25, Z+3	; 0x03
    3820:	fc 01       	movw	r30, r24
    3822:	80 a5       	ldd	r24, Z+40	; 0x28
    3824:	91 a5       	ldd	r25, Z+41	; 0x29
    3826:	a2 a5       	ldd	r26, Z+42	; 0x2a
    3828:	b3 a5       	ldd	r27, Z+43	; 0x2b
    382a:	29 81       	ldd	r18, Y+1	; 0x01
    382c:	3a 81       	ldd	r19, Y+2	; 0x02
    382e:	f9 01       	movw	r30, r18
    3830:	22 81       	ldd	r18, Z+2	; 0x02
    3832:	33 81       	ldd	r19, Z+3	; 0x03
    3834:	f9 01       	movw	r30, r18
    3836:	01 90       	ld	r0, Z+
    3838:	f0 81       	ld	r31, Z
    383a:	e0 2d       	mov	r30, r0
    383c:	fc 83       	std	Y+4, r31	; 0x04
    383e:	eb 83       	std	Y+3, r30	; 0x03
    3840:	0c ec       	ldi	r16, 0xCC	; 204
    3842:	9c 01       	movw	r18, r24
    3844:	ad 01       	movw	r20, r26
    3846:	61 e0       	ldi	r22, 0x01	; 1
    3848:	8b 81       	ldd	r24, Y+3	; 0x03
    384a:	9c 81       	ldd	r25, Y+4	; 0x04
    384c:	0e 94 a4 07 	call	0xf48	; 0xf48 <_ZN5Motor4moveEbmh>
					step_m12 = 3;
    3850:	89 81       	ldd	r24, Y+1	; 0x01
    3852:	9a 81       	ldd	r25, Y+2	; 0x02
    3854:	23 e0       	ldi	r18, 0x03	; 3
    3856:	fc 01       	movw	r30, r24
    3858:	24 83       	std	Z+4, r18	; 0x04
				}
				else if (step_m12 == 3 && status->m1->isAt(M1_SIDE_UP)) {
					step_m12 = 4; // Finalizada la Fase 2
				}
			}
		}
    385a:	1d c0       	rjmp	.+58     	; 0x3896 <_ZN10CargaState3runEv+0x42a>
				}
				else if (step_m12 == 2 && (status->current_time - timer_m1) >= 1000) {
					status->m1->move(M1_DIR_UP, status->current_time);
					step_m12 = 3;
				}
				else if (step_m12 == 3 && status->m1->isAt(M1_SIDE_UP)) {
    385c:	89 81       	ldd	r24, Y+1	; 0x01
    385e:	9a 81       	ldd	r25, Y+2	; 0x02
    3860:	fc 01       	movw	r30, r24
    3862:	84 81       	ldd	r24, Z+4	; 0x04
    3864:	83 30       	cpi	r24, 0x03	; 3
    3866:	79 f4       	brne	.+30     	; 0x3886 <_ZN10CargaState3runEv+0x41a>
    3868:	89 81       	ldd	r24, Y+1	; 0x01
    386a:	9a 81       	ldd	r25, Y+2	; 0x02
    386c:	fc 01       	movw	r30, r24
    386e:	82 81       	ldd	r24, Z+2	; 0x02
    3870:	93 81       	ldd	r25, Z+3	; 0x03
    3872:	fc 01       	movw	r30, r24
    3874:	80 81       	ld	r24, Z
    3876:	91 81       	ldd	r25, Z+1	; 0x01
    3878:	61 e0       	ldi	r22, 0x01	; 1
    387a:	0e 94 ec 08 	call	0x11d8	; 0x11d8 <_ZN5Motor4isAtENS_4SideE>
    387e:	88 23       	and	r24, r24
    3880:	11 f0       	breq	.+4      	; 0x3886 <_ZN10CargaState3runEv+0x41a>
    3882:	81 e0       	ldi	r24, 0x01	; 1
    3884:	01 c0       	rjmp	.+2      	; 0x3888 <_ZN10CargaState3runEv+0x41c>
    3886:	80 e0       	ldi	r24, 0x00	; 0
    3888:	88 23       	and	r24, r24
    388a:	29 f0       	breq	.+10     	; 0x3896 <_ZN10CargaState3runEv+0x42a>
					step_m12 = 4; // Finalizada la Fase 2
    388c:	89 81       	ldd	r24, Y+1	; 0x01
    388e:	9a 81       	ldd	r25, Y+2	; 0x02
    3890:	24 e0       	ldi	r18, 0x04	; 4
    3892:	fc 01       	movw	r30, r24
    3894:	24 83       	std	Z+4, r18	; 0x04
				}
			}
		}
    3896:	00 00       	nop
    3898:	0f 90       	pop	r0
    389a:	0f 90       	pop	r0
    389c:	0f 90       	pop	r0
    389e:	0f 90       	pop	r0
    38a0:	df 91       	pop	r29
    38a2:	cf 91       	pop	r28
    38a4:	1f 91       	pop	r17
    38a6:	0f 91       	pop	r16
    38a8:	ff 90       	pop	r15
    38aa:	ef 90       	pop	r14
    38ac:	08 95       	ret

000038ae <_ZN10CargaState17check_transitionsEv>:
		
		States check_transitions() override {
    38ae:	cf 93       	push	r28
    38b0:	df 93       	push	r29
    38b2:	00 d0       	rcall	.+0      	; 0x38b4 <_ZN10CargaState17check_transitionsEv+0x6>
    38b4:	cd b7       	in	r28, 0x3d	; 61
    38b6:	de b7       	in	r29, 0x3e	; 62
    38b8:	9a 83       	std	Y+2, r25	; 0x02
    38ba:	89 83       	std	Y+1, r24	; 0x01
			if (step_m12 == 4 && step_m34 == 4) {
    38bc:	89 81       	ldd	r24, Y+1	; 0x01
    38be:	9a 81       	ldd	r25, Y+2	; 0x02
    38c0:	fc 01       	movw	r30, r24
    38c2:	84 81       	ldd	r24, Z+4	; 0x04
    38c4:	84 30       	cpi	r24, 0x04	; 4
    38c6:	41 f4       	brne	.+16     	; 0x38d8 <_ZN10CargaState17check_transitionsEv+0x2a>
    38c8:	89 81       	ldd	r24, Y+1	; 0x01
    38ca:	9a 81       	ldd	r25, Y+2	; 0x02
    38cc:	fc 01       	movw	r30, r24
    38ce:	85 81       	ldd	r24, Z+5	; 0x05
    38d0:	84 30       	cpi	r24, 0x04	; 4
    38d2:	11 f4       	brne	.+4      	; 0x38d8 <_ZN10CargaState17check_transitionsEv+0x2a>
				return States::Armado;
    38d4:	84 e0       	ldi	r24, 0x04	; 4
    38d6:	01 c0       	rjmp	.+2      	; 0x38da <_ZN10CargaState17check_transitionsEv+0x2c>
			}
			return States::NO_CHANGE;
    38d8:	8f ef       	ldi	r24, 0xFF	; 255
		}
    38da:	0f 90       	pop	r0
    38dc:	0f 90       	pop	r0
    38de:	df 91       	pop	r29
    38e0:	cf 91       	pop	r28
    38e2:	08 95       	ret

000038e4 <_ZN11ArmadoStateC1EP6Status>:

class ArmadoState : public StateActionBase {
	private:
	bool going_left = true; 
	public:
	explicit ArmadoState(Status* s) : StateActionBase(s) {}
    38e4:	cf 93       	push	r28
    38e6:	df 93       	push	r29
    38e8:	00 d0       	rcall	.+0      	; 0x38ea <_ZN11ArmadoStateC1EP6Status+0x6>
    38ea:	00 d0       	rcall	.+0      	; 0x38ec <_ZN11ArmadoStateC1EP6Status+0x8>
    38ec:	cd b7       	in	r28, 0x3d	; 61
    38ee:	de b7       	in	r29, 0x3e	; 62
    38f0:	9a 83       	std	Y+2, r25	; 0x02
    38f2:	89 83       	std	Y+1, r24	; 0x01
    38f4:	7c 83       	std	Y+4, r23	; 0x04
    38f6:	6b 83       	std	Y+3, r22	; 0x03
    38f8:	89 81       	ldd	r24, Y+1	; 0x01
    38fa:	9a 81       	ldd	r25, Y+2	; 0x02
    38fc:	2b 81       	ldd	r18, Y+3	; 0x03
    38fe:	3c 81       	ldd	r19, Y+4	; 0x04
    3900:	b9 01       	movw	r22, r18
    3902:	0e 94 3a 15 	call	0x2a74	; 0x2a74 <_ZN15StateActionBaseC1EP6Status>
    3906:	27 e6       	ldi	r18, 0x67	; 103
    3908:	32 e0       	ldi	r19, 0x02	; 2
    390a:	89 81       	ldd	r24, Y+1	; 0x01
    390c:	9a 81       	ldd	r25, Y+2	; 0x02
    390e:	fc 01       	movw	r30, r24
    3910:	31 83       	std	Z+1, r19	; 0x01
    3912:	20 83       	st	Z, r18
    3914:	89 81       	ldd	r24, Y+1	; 0x01
    3916:	9a 81       	ldd	r25, Y+2	; 0x02
    3918:	21 e0       	ldi	r18, 0x01	; 1
    391a:	fc 01       	movw	r30, r24
    391c:	24 83       	std	Z+4, r18	; 0x04
    391e:	00 00       	nop
    3920:	0f 90       	pop	r0
    3922:	0f 90       	pop	r0
    3924:	0f 90       	pop	r0
    3926:	0f 90       	pop	r0
    3928:	df 91       	pop	r29
    392a:	cf 91       	pop	r28
    392c:	08 95       	ret

0000392e <_ZN11ArmadoState5entryEv>:
	
	void entry() override {
    392e:	ef 92       	push	r14
    3930:	0f 93       	push	r16
    3932:	1f 93       	push	r17
    3934:	cf 93       	push	r28
    3936:	df 93       	push	r29
    3938:	00 d0       	rcall	.+0      	; 0x393a <_ZN11ArmadoState5entryEv+0xc>
    393a:	00 d0       	rcall	.+0      	; 0x393c <_ZN11ArmadoState5entryEv+0xe>
    393c:	cd b7       	in	r28, 0x3d	; 61
    393e:	de b7       	in	r29, 0x3e	; 62
    3940:	9a 83       	std	Y+2, r25	; 0x02
    3942:	89 83       	std	Y+1, r24	; 0x01
		status->led->on();
    3944:	89 81       	ldd	r24, Y+1	; 0x01
    3946:	9a 81       	ldd	r25, Y+2	; 0x02
    3948:	fc 01       	movw	r30, r24
    394a:	82 81       	ldd	r24, Z+2	; 0x02
    394c:	93 81       	ldd	r25, Z+3	; 0x03
    394e:	fc 01       	movw	r30, r24
    3950:	86 89       	ldd	r24, Z+22	; 0x16
    3952:	97 89       	ldd	r25, Z+23	; 0x17
    3954:	0e 94 50 04 	call	0x8a0	; 0x8a0 <_ZN3Led2onEv>
		going_left = true;
    3958:	89 81       	ldd	r24, Y+1	; 0x01
    395a:	9a 81       	ldd	r25, Y+2	; 0x02
    395c:	21 e0       	ldi	r18, 0x01	; 1
    395e:	fc 01       	movw	r30, r24
    3960:	24 83       	std	Z+4, r18	; 0x04
		
		// M2 viene del extremo DERECHO (al final de Carga). 
		// Lo mandamos al IZQUIERDO para iniciar el barrido. 
		// Al hacerlo, pasará por el centro ignorándolo gracias a tu clase Motor2.
		status->m2->move(M2_DIR_LEFT, LimitSwitch3::Position::LEFT, status->current_time, 153);
    3962:	89 81       	ldd	r24, Y+1	; 0x01
    3964:	9a 81       	ldd	r25, Y+2	; 0x02
    3966:	fc 01       	movw	r30, r24
    3968:	82 81       	ldd	r24, Z+2	; 0x02
    396a:	93 81       	ldd	r25, Z+3	; 0x03
    396c:	fc 01       	movw	r30, r24
    396e:	80 a5       	ldd	r24, Z+40	; 0x28
    3970:	91 a5       	ldd	r25, Z+41	; 0x29
    3972:	a2 a5       	ldd	r26, Z+42	; 0x2a
    3974:	b3 a5       	ldd	r27, Z+43	; 0x2b
    3976:	29 81       	ldd	r18, Y+1	; 0x01
    3978:	3a 81       	ldd	r19, Y+2	; 0x02
    397a:	f9 01       	movw	r30, r18
    397c:	22 81       	ldd	r18, Z+2	; 0x02
    397e:	33 81       	ldd	r19, Z+3	; 0x03
    3980:	f9 01       	movw	r30, r18
    3982:	02 80       	ldd	r0, Z+2	; 0x02
    3984:	f3 81       	ldd	r31, Z+3	; 0x03
    3986:	e0 2d       	mov	r30, r0
    3988:	fc 83       	std	Y+4, r31	; 0x04
    398a:	eb 83       	std	Y+3, r30	; 0x03
    398c:	0f 2e       	mov	r0, r31
    398e:	f9 e9       	ldi	r31, 0x99	; 153
    3990:	ef 2e       	mov	r14, r31
    3992:	f0 2d       	mov	r31, r0
    3994:	8c 01       	movw	r16, r24
    3996:	9d 01       	movw	r18, r26
    3998:	41 e0       	ldi	r20, 0x01	; 1
    399a:	61 e0       	ldi	r22, 0x01	; 1
    399c:	8b 81       	ldd	r24, Y+3	; 0x03
    399e:	9c 81       	ldd	r25, Y+4	; 0x04
    39a0:	0e 94 4e 0c 	call	0x189c	; 0x189c <_ZN6Motor24moveEbN12LimitSwitch38PositionEmh>
	}
    39a4:	00 00       	nop
    39a6:	0f 90       	pop	r0
    39a8:	0f 90       	pop	r0
    39aa:	0f 90       	pop	r0
    39ac:	0f 90       	pop	r0
    39ae:	df 91       	pop	r29
    39b0:	cf 91       	pop	r28
    39b2:	1f 91       	pop	r17
    39b4:	0f 91       	pop	r16
    39b6:	ef 90       	pop	r14
    39b8:	08 95       	ret

000039ba <_ZN11ArmadoState3runEv>:
	
	void run() override {
    39ba:	ef 92       	push	r14
    39bc:	0f 93       	push	r16
    39be:	1f 93       	push	r17
    39c0:	cf 93       	push	r28
    39c2:	df 93       	push	r29
    39c4:	00 d0       	rcall	.+0      	; 0x39c6 <_ZN11ArmadoState3runEv+0xc>
    39c6:	00 d0       	rcall	.+0      	; 0x39c8 <_ZN11ArmadoState3runEv+0xe>
    39c8:	cd b7       	in	r28, 0x3d	; 61
    39ca:	de b7       	in	r29, 0x3e	; 62
    39cc:	9a 83       	std	Y+2, r25	; 0x02
    39ce:	89 83       	std	Y+1, r24	; 0x01
		if (!status->m2->isMoving()) {
    39d0:	89 81       	ldd	r24, Y+1	; 0x01
    39d2:	9a 81       	ldd	r25, Y+2	; 0x02
    39d4:	fc 01       	movw	r30, r24
    39d6:	82 81       	ldd	r24, Z+2	; 0x02
    39d8:	93 81       	ldd	r25, Z+3	; 0x03
    39da:	fc 01       	movw	r30, r24
    39dc:	82 81       	ldd	r24, Z+2	; 0x02
    39de:	93 81       	ldd	r25, Z+3	; 0x03
    39e0:	0e 94 77 0e 	call	0x1cee	; 0x1cee <_ZN6Motor28isMovingEv>
    39e4:	98 2f       	mov	r25, r24
    39e6:	81 e0       	ldi	r24, 0x01	; 1
    39e8:	89 27       	eor	r24, r25
    39ea:	88 23       	and	r24, r24
    39ec:	09 f4       	brne	.+2      	; 0x39f0 <_ZN11ArmadoState3runEv+0x36>
    39ee:	b1 c0       	rjmp	.+354    	; 0x3b52 <_ZN11ArmadoState3runEv+0x198>
			
			if (going_left) {
    39f0:	89 81       	ldd	r24, Y+1	; 0x01
    39f2:	9a 81       	ldd	r25, Y+2	; 0x02
    39f4:	fc 01       	movw	r30, r24
    39f6:	84 81       	ldd	r24, Z+4	; 0x04
    39f8:	88 23       	and	r24, r24
    39fa:	09 f4       	brne	.+2      	; 0x39fe <_ZN11ArmadoState3runEv+0x44>
    39fc:	55 c0       	rjmp	.+170    	; 0x3aa8 <_ZN11ArmadoState3runEv+0xee>
				// Si íbamos a la izquierda y llegamos a la izquierda
				if(status->m2->isAt(LimitSwitch3::Position::LEFT)) {
    39fe:	89 81       	ldd	r24, Y+1	; 0x01
    3a00:	9a 81       	ldd	r25, Y+2	; 0x02
    3a02:	fc 01       	movw	r30, r24
    3a04:	82 81       	ldd	r24, Z+2	; 0x02
    3a06:	93 81       	ldd	r25, Z+3	; 0x03
    3a08:	fc 01       	movw	r30, r24
    3a0a:	82 81       	ldd	r24, Z+2	; 0x02
    3a0c:	93 81       	ldd	r25, Z+3	; 0x03
    3a0e:	61 e0       	ldi	r22, 0x01	; 1
    3a10:	0e 94 48 0e 	call	0x1c90	; 0x1c90 <_ZN6Motor24isAtEN12LimitSwitch38PositionE>
    3a14:	88 23       	and	r24, r24
    3a16:	31 f1       	breq	.+76     	; 0x3a64 <_ZN11ArmadoState3runEv+0xaa>
					going_left = false; // Rebotar hacia la derecha (pero solo hasta el MEDIO)
    3a18:	89 81       	ldd	r24, Y+1	; 0x01
    3a1a:	9a 81       	ldd	r25, Y+2	; 0x02
    3a1c:	fc 01       	movw	r30, r24
    3a1e:	14 82       	std	Z+4, r1	; 0x04
					status->m2->move(M2_DIR_RIGHT, LimitSwitch3::Position::MIDDLE, status->current_time, 153);
    3a20:	89 81       	ldd	r24, Y+1	; 0x01
    3a22:	9a 81       	ldd	r25, Y+2	; 0x02
    3a24:	fc 01       	movw	r30, r24
    3a26:	82 81       	ldd	r24, Z+2	; 0x02
    3a28:	93 81       	ldd	r25, Z+3	; 0x03
    3a2a:	fc 01       	movw	r30, r24
    3a2c:	80 a5       	ldd	r24, Z+40	; 0x28
    3a2e:	91 a5       	ldd	r25, Z+41	; 0x29
    3a30:	a2 a5       	ldd	r26, Z+42	; 0x2a
    3a32:	b3 a5       	ldd	r27, Z+43	; 0x2b
    3a34:	29 81       	ldd	r18, Y+1	; 0x01
    3a36:	3a 81       	ldd	r19, Y+2	; 0x02
    3a38:	f9 01       	movw	r30, r18
    3a3a:	22 81       	ldd	r18, Z+2	; 0x02
    3a3c:	33 81       	ldd	r19, Z+3	; 0x03
    3a3e:	f9 01       	movw	r30, r18
    3a40:	02 80       	ldd	r0, Z+2	; 0x02
    3a42:	f3 81       	ldd	r31, Z+3	; 0x03
    3a44:	e0 2d       	mov	r30, r0
    3a46:	fc 83       	std	Y+4, r31	; 0x04
    3a48:	eb 83       	std	Y+3, r30	; 0x03
    3a4a:	0f 2e       	mov	r0, r31
    3a4c:	f9 e9       	ldi	r31, 0x99	; 153
    3a4e:	ef 2e       	mov	r14, r31
    3a50:	f0 2d       	mov	r31, r0
    3a52:	8c 01       	movw	r16, r24
    3a54:	9d 01       	movw	r18, r26
    3a56:	42 e0       	ldi	r20, 0x02	; 2
    3a58:	60 e0       	ldi	r22, 0x00	; 0
    3a5a:	8b 81       	ldd	r24, Y+3	; 0x03
    3a5c:	9c 81       	ldd	r25, Y+4	; 0x04
    3a5e:	0e 94 4e 0c 	call	0x189c	; 0x189c <_ZN6Motor24moveEbN12LimitSwitch38PositionEmh>
					// Nos aseguramos de que el destino es siempre MIDDLE, y nunca enviarlo a RIGHT
					status->m2->move(M2_DIR_RIGHT, LimitSwitch3::Position::MIDDLE, status->current_time, 153);
				}
			}
		}
	}
    3a62:	77 c0       	rjmp	.+238    	; 0x3b52 <_ZN11ArmadoState3runEv+0x198>
				if(status->m2->isAt(LimitSwitch3::Position::LEFT)) {
					going_left = false; // Rebotar hacia la derecha (pero solo hasta el MEDIO)
					status->m2->move(M2_DIR_RIGHT, LimitSwitch3::Position::MIDDLE, status->current_time, 153);
				} else {
					// Rescate por si se detiene antes de tiempo
					status->m2->move(M2_DIR_LEFT, LimitSwitch3::Position::LEFT, status->current_time, 153);
    3a64:	89 81       	ldd	r24, Y+1	; 0x01
    3a66:	9a 81       	ldd	r25, Y+2	; 0x02
    3a68:	fc 01       	movw	r30, r24
    3a6a:	82 81       	ldd	r24, Z+2	; 0x02
    3a6c:	93 81       	ldd	r25, Z+3	; 0x03
    3a6e:	fc 01       	movw	r30, r24
    3a70:	80 a5       	ldd	r24, Z+40	; 0x28
    3a72:	91 a5       	ldd	r25, Z+41	; 0x29
    3a74:	a2 a5       	ldd	r26, Z+42	; 0x2a
    3a76:	b3 a5       	ldd	r27, Z+43	; 0x2b
    3a78:	29 81       	ldd	r18, Y+1	; 0x01
    3a7a:	3a 81       	ldd	r19, Y+2	; 0x02
    3a7c:	f9 01       	movw	r30, r18
    3a7e:	22 81       	ldd	r18, Z+2	; 0x02
    3a80:	33 81       	ldd	r19, Z+3	; 0x03
    3a82:	f9 01       	movw	r30, r18
    3a84:	02 80       	ldd	r0, Z+2	; 0x02
    3a86:	f3 81       	ldd	r31, Z+3	; 0x03
    3a88:	e0 2d       	mov	r30, r0
    3a8a:	fc 83       	std	Y+4, r31	; 0x04
    3a8c:	eb 83       	std	Y+3, r30	; 0x03
    3a8e:	0f 2e       	mov	r0, r31
    3a90:	f9 e9       	ldi	r31, 0x99	; 153
    3a92:	ef 2e       	mov	r14, r31
    3a94:	f0 2d       	mov	r31, r0
    3a96:	8c 01       	movw	r16, r24
    3a98:	9d 01       	movw	r18, r26
    3a9a:	41 e0       	ldi	r20, 0x01	; 1
    3a9c:	61 e0       	ldi	r22, 0x01	; 1
    3a9e:	8b 81       	ldd	r24, Y+3	; 0x03
    3aa0:	9c 81       	ldd	r25, Y+4	; 0x04
    3aa2:	0e 94 4e 0c 	call	0x189c	; 0x189c <_ZN6Motor24moveEbN12LimitSwitch38PositionEmh>
					// Nos aseguramos de que el destino es siempre MIDDLE, y nunca enviarlo a RIGHT
					status->m2->move(M2_DIR_RIGHT, LimitSwitch3::Position::MIDDLE, status->current_time, 153);
				}
			}
		}
	}
    3aa6:	55 c0       	rjmp	.+170    	; 0x3b52 <_ZN11ArmadoState3runEv+0x198>
					// Rescate por si se detiene antes de tiempo
					status->m2->move(M2_DIR_LEFT, LimitSwitch3::Position::LEFT, status->current_time, 153);
				}
			} else {
				// Si íbamos hacia la derecha (hacia el CENTRO) y llegamos al CENTRO
				if (status->m2->isAt(LimitSwitch3::Position::MIDDLE)) {
    3aa8:	89 81       	ldd	r24, Y+1	; 0x01
    3aaa:	9a 81       	ldd	r25, Y+2	; 0x02
    3aac:	fc 01       	movw	r30, r24
    3aae:	82 81       	ldd	r24, Z+2	; 0x02
    3ab0:	93 81       	ldd	r25, Z+3	; 0x03
    3ab2:	fc 01       	movw	r30, r24
    3ab4:	82 81       	ldd	r24, Z+2	; 0x02
    3ab6:	93 81       	ldd	r25, Z+3	; 0x03
    3ab8:	62 e0       	ldi	r22, 0x02	; 2
    3aba:	0e 94 48 0e 	call	0x1c90	; 0x1c90 <_ZN6Motor24isAtEN12LimitSwitch38PositionE>
    3abe:	88 23       	and	r24, r24
    3ac0:	39 f1       	breq	.+78     	; 0x3b10 <_ZN11ArmadoState3runEv+0x156>
					going_left = true; // Rebotar hacia la izquierda
    3ac2:	89 81       	ldd	r24, Y+1	; 0x01
    3ac4:	9a 81       	ldd	r25, Y+2	; 0x02
    3ac6:	21 e0       	ldi	r18, 0x01	; 1
    3ac8:	fc 01       	movw	r30, r24
    3aca:	24 83       	std	Z+4, r18	; 0x04
					status->m2->move(M2_DIR_LEFT, LimitSwitch3::Position::LEFT, status->current_time, 153);
    3acc:	89 81       	ldd	r24, Y+1	; 0x01
    3ace:	9a 81       	ldd	r25, Y+2	; 0x02
    3ad0:	fc 01       	movw	r30, r24
    3ad2:	82 81       	ldd	r24, Z+2	; 0x02
    3ad4:	93 81       	ldd	r25, Z+3	; 0x03
    3ad6:	fc 01       	movw	r30, r24
    3ad8:	80 a5       	ldd	r24, Z+40	; 0x28
    3ada:	91 a5       	ldd	r25, Z+41	; 0x29
    3adc:	a2 a5       	ldd	r26, Z+42	; 0x2a
    3ade:	b3 a5       	ldd	r27, Z+43	; 0x2b
    3ae0:	29 81       	ldd	r18, Y+1	; 0x01
    3ae2:	3a 81       	ldd	r19, Y+2	; 0x02
    3ae4:	f9 01       	movw	r30, r18
    3ae6:	22 81       	ldd	r18, Z+2	; 0x02
    3ae8:	33 81       	ldd	r19, Z+3	; 0x03
    3aea:	f9 01       	movw	r30, r18
    3aec:	02 80       	ldd	r0, Z+2	; 0x02
    3aee:	f3 81       	ldd	r31, Z+3	; 0x03
    3af0:	e0 2d       	mov	r30, r0
    3af2:	fc 83       	std	Y+4, r31	; 0x04
    3af4:	eb 83       	std	Y+3, r30	; 0x03
    3af6:	0f 2e       	mov	r0, r31
    3af8:	f9 e9       	ldi	r31, 0x99	; 153
    3afa:	ef 2e       	mov	r14, r31
    3afc:	f0 2d       	mov	r31, r0
    3afe:	8c 01       	movw	r16, r24
    3b00:	9d 01       	movw	r18, r26
    3b02:	41 e0       	ldi	r20, 0x01	; 1
    3b04:	61 e0       	ldi	r22, 0x01	; 1
    3b06:	8b 81       	ldd	r24, Y+3	; 0x03
    3b08:	9c 81       	ldd	r25, Y+4	; 0x04
    3b0a:	0e 94 4e 0c 	call	0x189c	; 0x189c <_ZN6Motor24moveEbN12LimitSwitch38PositionEmh>
					// Nos aseguramos de que el destino es siempre MIDDLE, y nunca enviarlo a RIGHT
					status->m2->move(M2_DIR_RIGHT, LimitSwitch3::Position::MIDDLE, status->current_time, 153);
				}
			}
		}
	}
    3b0e:	21 c0       	rjmp	.+66     	; 0x3b52 <_ZN11ArmadoState3runEv+0x198>
					going_left = true; // Rebotar hacia la izquierda
					status->m2->move(M2_DIR_LEFT, LimitSwitch3::Position::LEFT, status->current_time, 153);
				}
				else {
					// Nos aseguramos de que el destino es siempre MIDDLE, y nunca enviarlo a RIGHT
					status->m2->move(M2_DIR_RIGHT, LimitSwitch3::Position::MIDDLE, status->current_time, 153);
    3b10:	89 81       	ldd	r24, Y+1	; 0x01
    3b12:	9a 81       	ldd	r25, Y+2	; 0x02
    3b14:	fc 01       	movw	r30, r24
    3b16:	82 81       	ldd	r24, Z+2	; 0x02
    3b18:	93 81       	ldd	r25, Z+3	; 0x03
    3b1a:	fc 01       	movw	r30, r24
    3b1c:	80 a5       	ldd	r24, Z+40	; 0x28
    3b1e:	91 a5       	ldd	r25, Z+41	; 0x29
    3b20:	a2 a5       	ldd	r26, Z+42	; 0x2a
    3b22:	b3 a5       	ldd	r27, Z+43	; 0x2b
    3b24:	29 81       	ldd	r18, Y+1	; 0x01
    3b26:	3a 81       	ldd	r19, Y+2	; 0x02
    3b28:	f9 01       	movw	r30, r18
    3b2a:	22 81       	ldd	r18, Z+2	; 0x02
    3b2c:	33 81       	ldd	r19, Z+3	; 0x03
    3b2e:	f9 01       	movw	r30, r18
    3b30:	02 80       	ldd	r0, Z+2	; 0x02
    3b32:	f3 81       	ldd	r31, Z+3	; 0x03
    3b34:	e0 2d       	mov	r30, r0
    3b36:	fc 83       	std	Y+4, r31	; 0x04
    3b38:	eb 83       	std	Y+3, r30	; 0x03
    3b3a:	0f 2e       	mov	r0, r31
    3b3c:	f9 e9       	ldi	r31, 0x99	; 153
    3b3e:	ef 2e       	mov	r14, r31
    3b40:	f0 2d       	mov	r31, r0
    3b42:	8c 01       	movw	r16, r24
    3b44:	9d 01       	movw	r18, r26
    3b46:	42 e0       	ldi	r20, 0x02	; 2
    3b48:	60 e0       	ldi	r22, 0x00	; 0
    3b4a:	8b 81       	ldd	r24, Y+3	; 0x03
    3b4c:	9c 81       	ldd	r25, Y+4	; 0x04
    3b4e:	0e 94 4e 0c 	call	0x189c	; 0x189c <_ZN6Motor24moveEbN12LimitSwitch38PositionEmh>
				}
			}
		}
	}
    3b52:	00 00       	nop
    3b54:	0f 90       	pop	r0
    3b56:	0f 90       	pop	r0
    3b58:	0f 90       	pop	r0
    3b5a:	0f 90       	pop	r0
    3b5c:	df 91       	pop	r29
    3b5e:	cf 91       	pop	r28
    3b60:	1f 91       	pop	r17
    3b62:	0f 91       	pop	r16
    3b64:	ef 90       	pop	r14
    3b66:	08 95       	ret

00003b68 <_ZN11ArmadoState17check_transitionsEv>:
	
	States check_transitions() override {
    3b68:	cf 93       	push	r28
    3b6a:	df 93       	push	r29
    3b6c:	00 d0       	rcall	.+0      	; 0x3b6e <_ZN11ArmadoState17check_transitionsEv+0x6>
    3b6e:	cd b7       	in	r28, 0x3d	; 61
    3b70:	de b7       	in	r29, 0x3e	; 62
    3b72:	9a 83       	std	Y+2, r25	; 0x02
    3b74:	89 83       	std	Y+1, r24	; 0x01
		if (status->sw6->consumeClick()) {
    3b76:	89 81       	ldd	r24, Y+1	; 0x01
    3b78:	9a 81       	ldd	r25, Y+2	; 0x02
    3b7a:	fc 01       	movw	r30, r24
    3b7c:	82 81       	ldd	r24, Z+2	; 0x02
    3b7e:	93 81       	ldd	r25, Z+3	; 0x03
    3b80:	fc 01       	movw	r30, r24
    3b82:	84 89       	ldd	r24, Z+20	; 0x14
    3b84:	95 89       	ldd	r25, Z+21	; 0x15
    3b86:	0e 94 c8 11 	call	0x2390	; 0x2390 <_ZN10SwitchUser12consumeClickEv>
    3b8a:	88 23       	and	r24, r24
    3b8c:	11 f0       	breq	.+4      	; 0x3b92 <_ZN11ArmadoState17check_transitionsEv+0x2a>
			return States::Disparo;
    3b8e:	85 e0       	ldi	r24, 0x05	; 5
    3b90:	01 c0       	rjmp	.+2      	; 0x3b94 <_ZN11ArmadoState17check_transitionsEv+0x2c>
		}
		return States::NO_CHANGE;
    3b92:	8f ef       	ldi	r24, 0xFF	; 255
	}
    3b94:	0f 90       	pop	r0
    3b96:	0f 90       	pop	r0
    3b98:	df 91       	pop	r29
    3b9a:	cf 91       	pop	r28
    3b9c:	08 95       	ret

00003b9e <_ZN11ArmadoState4exitEv>:
	
	void exit() override {
    3b9e:	cf 93       	push	r28
    3ba0:	df 93       	push	r29
    3ba2:	00 d0       	rcall	.+0      	; 0x3ba4 <_ZN11ArmadoState4exitEv+0x6>
    3ba4:	cd b7       	in	r28, 0x3d	; 61
    3ba6:	de b7       	in	r29, 0x3e	; 62
    3ba8:	9a 83       	std	Y+2, r25	; 0x02
    3baa:	89 83       	std	Y+1, r24	; 0x01
		status->led->off();
    3bac:	89 81       	ldd	r24, Y+1	; 0x01
    3bae:	9a 81       	ldd	r25, Y+2	; 0x02
    3bb0:	fc 01       	movw	r30, r24
    3bb2:	82 81       	ldd	r24, Z+2	; 0x02
    3bb4:	93 81       	ldd	r25, Z+3	; 0x03
    3bb6:	fc 01       	movw	r30, r24
    3bb8:	86 89       	ldd	r24, Z+22	; 0x16
    3bba:	97 89       	ldd	r25, Z+23	; 0x17
    3bbc:	0e 94 75 04 	call	0x8ea	; 0x8ea <_ZN3Led3offEv>
		status->m2->stop(); // Congelamos el motor en la posición exacta donde disparó el jugador
    3bc0:	89 81       	ldd	r24, Y+1	; 0x01
    3bc2:	9a 81       	ldd	r25, Y+2	; 0x02
    3bc4:	fc 01       	movw	r30, r24
    3bc6:	82 81       	ldd	r24, Z+2	; 0x02
    3bc8:	93 81       	ldd	r25, Z+3	; 0x03
    3bca:	fc 01       	movw	r30, r24
    3bcc:	82 81       	ldd	r24, Z+2	; 0x02
    3bce:	93 81       	ldd	r25, Z+3	; 0x03
    3bd0:	0e 94 e2 0c 	call	0x19c4	; 0x19c4 <_ZN6Motor24stopEv>
	}
    3bd4:	00 00       	nop
    3bd6:	0f 90       	pop	r0
    3bd8:	0f 90       	pop	r0
    3bda:	df 91       	pop	r29
    3bdc:	cf 91       	pop	r28
    3bde:	08 95       	ret

00003be0 <_ZN12DisparoStateC1EP6Status>:
	private:
	uint32_t start_time = 0;
	bool m2_finished = false;
	
	public:
	explicit DisparoState(Status* s) : StateActionBase(s) {}
    3be0:	cf 93       	push	r28
    3be2:	df 93       	push	r29
    3be4:	00 d0       	rcall	.+0      	; 0x3be6 <_ZN12DisparoStateC1EP6Status+0x6>
    3be6:	00 d0       	rcall	.+0      	; 0x3be8 <_ZN12DisparoStateC1EP6Status+0x8>
    3be8:	cd b7       	in	r28, 0x3d	; 61
    3bea:	de b7       	in	r29, 0x3e	; 62
    3bec:	9a 83       	std	Y+2, r25	; 0x02
    3bee:	89 83       	std	Y+1, r24	; 0x01
    3bf0:	7c 83       	std	Y+4, r23	; 0x04
    3bf2:	6b 83       	std	Y+3, r22	; 0x03
    3bf4:	89 81       	ldd	r24, Y+1	; 0x01
    3bf6:	9a 81       	ldd	r25, Y+2	; 0x02
    3bf8:	2b 81       	ldd	r18, Y+3	; 0x03
    3bfa:	3c 81       	ldd	r19, Y+4	; 0x04
    3bfc:	b9 01       	movw	r22, r18
    3bfe:	0e 94 3a 15 	call	0x2a74	; 0x2a74 <_ZN15StateActionBaseC1EP6Status>
    3c02:	2b e5       	ldi	r18, 0x5B	; 91
    3c04:	32 e0       	ldi	r19, 0x02	; 2
    3c06:	89 81       	ldd	r24, Y+1	; 0x01
    3c08:	9a 81       	ldd	r25, Y+2	; 0x02
    3c0a:	fc 01       	movw	r30, r24
    3c0c:	31 83       	std	Z+1, r19	; 0x01
    3c0e:	20 83       	st	Z, r18
    3c10:	89 81       	ldd	r24, Y+1	; 0x01
    3c12:	9a 81       	ldd	r25, Y+2	; 0x02
    3c14:	fc 01       	movw	r30, r24
    3c16:	14 82       	std	Z+4, r1	; 0x04
    3c18:	15 82       	std	Z+5, r1	; 0x05
    3c1a:	16 82       	std	Z+6, r1	; 0x06
    3c1c:	17 82       	std	Z+7, r1	; 0x07
    3c1e:	89 81       	ldd	r24, Y+1	; 0x01
    3c20:	9a 81       	ldd	r25, Y+2	; 0x02
    3c22:	fc 01       	movw	r30, r24
    3c24:	10 86       	std	Z+8, r1	; 0x08
    3c26:	00 00       	nop
    3c28:	0f 90       	pop	r0
    3c2a:	0f 90       	pop	r0
    3c2c:	0f 90       	pop	r0
    3c2e:	0f 90       	pop	r0
    3c30:	df 91       	pop	r29
    3c32:	cf 91       	pop	r28
    3c34:	08 95       	ret

00003c36 <_ZN12DisparoState5entryEv>:

	void entry() override {
    3c36:	0f 93       	push	r16
    3c38:	cf 93       	push	r28
    3c3a:	df 93       	push	r29
    3c3c:	00 d0       	rcall	.+0      	; 0x3c3e <_ZN12DisparoState5entryEv+0x8>
    3c3e:	00 d0       	rcall	.+0      	; 0x3c40 <_ZN12DisparoState5entryEv+0xa>
    3c40:	cd b7       	in	r28, 0x3d	; 61
    3c42:	de b7       	in	r29, 0x3e	; 62
    3c44:	9a 83       	std	Y+2, r25	; 0x02
    3c46:	89 83       	std	Y+1, r24	; 0x01
		status->pinsManager->reset();
    3c48:	89 81       	ldd	r24, Y+1	; 0x01
    3c4a:	9a 81       	ldd	r25, Y+2	; 0x02
    3c4c:	fc 01       	movw	r30, r24
    3c4e:	82 81       	ldd	r24, Z+2	; 0x02
    3c50:	93 81       	ldd	r25, Z+3	; 0x03
    3c52:	fc 01       	movw	r30, r24
    3c54:	82 8d       	ldd	r24, Z+26	; 0x1a
    3c56:	93 8d       	ldd	r25, Z+27	; 0x1b
    3c58:	0e 94 4e 10 	call	0x209c	; 0x209c <_ZN11PinsManager5resetEv>

		start_time = status->current_time;
    3c5c:	89 81       	ldd	r24, Y+1	; 0x01
    3c5e:	9a 81       	ldd	r25, Y+2	; 0x02
    3c60:	fc 01       	movw	r30, r24
    3c62:	82 81       	ldd	r24, Z+2	; 0x02
    3c64:	93 81       	ldd	r25, Z+3	; 0x03
    3c66:	fc 01       	movw	r30, r24
    3c68:	80 a5       	ldd	r24, Z+40	; 0x28
    3c6a:	91 a5       	ldd	r25, Z+41	; 0x29
    3c6c:	a2 a5       	ldd	r26, Z+42	; 0x2a
    3c6e:	b3 a5       	ldd	r27, Z+43	; 0x2b
    3c70:	29 81       	ldd	r18, Y+1	; 0x01
    3c72:	3a 81       	ldd	r19, Y+2	; 0x02
    3c74:	f9 01       	movw	r30, r18
    3c76:	84 83       	std	Z+4, r24	; 0x04
    3c78:	95 83       	std	Z+5, r25	; 0x05
    3c7a:	a6 83       	std	Z+6, r26	; 0x06
    3c7c:	b7 83       	std	Z+7, r27	; 0x07
		m2_finished = false;
    3c7e:	89 81       	ldd	r24, Y+1	; 0x01
    3c80:	9a 81       	ldd	r25, Y+2	; 0x02
    3c82:	fc 01       	movw	r30, r24
    3c84:	10 86       	std	Z+8, r1	; 0x08
		
		status->is_armed = false; 
    3c86:	89 81       	ldd	r24, Y+1	; 0x01
    3c88:	9a 81       	ldd	r25, Y+2	; 0x02
    3c8a:	fc 01       	movw	r30, r24
    3c8c:	82 81       	ldd	r24, Z+2	; 0x02
    3c8e:	93 81       	ldd	r25, Z+3	; 0x03
    3c90:	fc 01       	movw	r30, r24
    3c92:	13 a2       	std	Z+35, r1	; 0x23
		
		// --- CRÍTICO: Abrimos M4 instantáneamente. 
		// Como es el retenedor, esto es lo que dispara físicamente la bola.
		status->m4->move(M4_DIR_OPEN, status->current_time, 255);
    3c94:	89 81       	ldd	r24, Y+1	; 0x01
    3c96:	9a 81       	ldd	r25, Y+2	; 0x02
    3c98:	fc 01       	movw	r30, r24
    3c9a:	82 81       	ldd	r24, Z+2	; 0x02
    3c9c:	93 81       	ldd	r25, Z+3	; 0x03
    3c9e:	fc 01       	movw	r30, r24
    3ca0:	80 a5       	ldd	r24, Z+40	; 0x28
    3ca2:	91 a5       	ldd	r25, Z+41	; 0x29
    3ca4:	a2 a5       	ldd	r26, Z+42	; 0x2a
    3ca6:	b3 a5       	ldd	r27, Z+43	; 0x2b
    3ca8:	29 81       	ldd	r18, Y+1	; 0x01
    3caa:	3a 81       	ldd	r19, Y+2	; 0x02
    3cac:	f9 01       	movw	r30, r18
    3cae:	22 81       	ldd	r18, Z+2	; 0x02
    3cb0:	33 81       	ldd	r19, Z+3	; 0x03
    3cb2:	f9 01       	movw	r30, r18
    3cb4:	06 80       	ldd	r0, Z+6	; 0x06
    3cb6:	f7 81       	ldd	r31, Z+7	; 0x07
    3cb8:	e0 2d       	mov	r30, r0
    3cba:	fc 83       	std	Y+4, r31	; 0x04
    3cbc:	eb 83       	std	Y+3, r30	; 0x03
    3cbe:	0f ef       	ldi	r16, 0xFF	; 255
    3cc0:	9c 01       	movw	r18, r24
    3cc2:	ad 01       	movw	r20, r26
    3cc4:	60 e0       	ldi	r22, 0x00	; 0
    3cc6:	8b 81       	ldd	r24, Y+3	; 0x03
    3cc8:	9c 81       	ldd	r25, Y+4	; 0x04
    3cca:	0e 94 a4 07 	call	0xf48	; 0xf48 <_ZN5Motor4moveEbmh>
	}
    3cce:	00 00       	nop
    3cd0:	0f 90       	pop	r0
    3cd2:	0f 90       	pop	r0
    3cd4:	0f 90       	pop	r0
    3cd6:	0f 90       	pop	r0
    3cd8:	df 91       	pop	r29
    3cda:	cf 91       	pop	r28
    3cdc:	0f 91       	pop	r16
    3cde:	08 95       	ret

00003ce0 <_ZN12DisparoState3runEv>:

	void run() override {
    3ce0:	ef 92       	push	r14
    3ce2:	ff 92       	push	r15
    3ce4:	0f 93       	push	r16
    3ce6:	1f 93       	push	r17
    3ce8:	cf 93       	push	r28
    3cea:	df 93       	push	r29
    3cec:	00 d0       	rcall	.+0      	; 0x3cee <_ZN12DisparoState3runEv+0xe>
    3cee:	00 d0       	rcall	.+0      	; 0x3cf0 <_ZN12DisparoState3runEv+0x10>
    3cf0:	cd b7       	in	r28, 0x3d	; 61
    3cf2:	de b7       	in	r29, 0x3e	; 62
    3cf4:	9a 83       	std	Y+2, r25	; 0x02
    3cf6:	89 83       	std	Y+1, r24	; 0x01
		// Pasados 3 segundos del disparo, mandamos M2 a su zona de aparcamiento
		if ((status->current_time - start_time) >= 3000) {
    3cf8:	89 81       	ldd	r24, Y+1	; 0x01
    3cfa:	9a 81       	ldd	r25, Y+2	; 0x02
    3cfc:	fc 01       	movw	r30, r24
    3cfe:	82 81       	ldd	r24, Z+2	; 0x02
    3d00:	93 81       	ldd	r25, Z+3	; 0x03
    3d02:	fc 01       	movw	r30, r24
    3d04:	20 a5       	ldd	r18, Z+40	; 0x28
    3d06:	31 a5       	ldd	r19, Z+41	; 0x29
    3d08:	42 a5       	ldd	r20, Z+42	; 0x2a
    3d0a:	53 a5       	ldd	r21, Z+43	; 0x2b
    3d0c:	89 81       	ldd	r24, Y+1	; 0x01
    3d0e:	9a 81       	ldd	r25, Y+2	; 0x02
    3d10:	fc 01       	movw	r30, r24
    3d12:	84 81       	ldd	r24, Z+4	; 0x04
    3d14:	95 81       	ldd	r25, Z+5	; 0x05
    3d16:	a6 81       	ldd	r26, Z+6	; 0x06
    3d18:	b7 81       	ldd	r27, Z+7	; 0x07
    3d1a:	79 01       	movw	r14, r18
    3d1c:	8a 01       	movw	r16, r20
    3d1e:	e8 1a       	sub	r14, r24
    3d20:	f9 0a       	sbc	r15, r25
    3d22:	0a 0b       	sbc	r16, r26
    3d24:	1b 0b       	sbc	r17, r27
    3d26:	d8 01       	movw	r26, r16
    3d28:	c7 01       	movw	r24, r14
    3d2a:	88 3b       	cpi	r24, 0xB8	; 184
    3d2c:	9b 40       	sbci	r25, 0x0B	; 11
    3d2e:	a1 05       	cpc	r26, r1
    3d30:	b1 05       	cpc	r27, r1
    3d32:	08 f4       	brcc	.+2      	; 0x3d36 <_ZN12DisparoState3runEv+0x56>
    3d34:	4c c0       	rjmp	.+152    	; 0x3dce <_ZN12DisparoState3runEv+0xee>
			if (!m2_finished) {
    3d36:	89 81       	ldd	r24, Y+1	; 0x01
    3d38:	9a 81       	ldd	r25, Y+2	; 0x02
    3d3a:	fc 01       	movw	r30, r24
    3d3c:	90 85       	ldd	r25, Z+8	; 0x08
    3d3e:	81 e0       	ldi	r24, 0x01	; 1
    3d40:	89 27       	eor	r24, r25
    3d42:	88 23       	and	r24, r24
    3d44:	09 f4       	brne	.+2      	; 0x3d48 <_ZN12DisparoState3runEv+0x68>
    3d46:	43 c0       	rjmp	.+134    	; 0x3dce <_ZN12DisparoState3runEv+0xee>
				if (status->m2->isAt(LimitSwitch3::Position::RIGHT)) {
    3d48:	89 81       	ldd	r24, Y+1	; 0x01
    3d4a:	9a 81       	ldd	r25, Y+2	; 0x02
    3d4c:	fc 01       	movw	r30, r24
    3d4e:	82 81       	ldd	r24, Z+2	; 0x02
    3d50:	93 81       	ldd	r25, Z+3	; 0x03
    3d52:	fc 01       	movw	r30, r24
    3d54:	82 81       	ldd	r24, Z+2	; 0x02
    3d56:	93 81       	ldd	r25, Z+3	; 0x03
    3d58:	63 e0       	ldi	r22, 0x03	; 3
    3d5a:	0e 94 48 0e 	call	0x1c90	; 0x1c90 <_ZN6Motor24isAtEN12LimitSwitch38PositionE>
    3d5e:	88 23       	and	r24, r24
    3d60:	31 f0       	breq	.+12     	; 0x3d6e <_ZN12DisparoState3runEv+0x8e>
					m2_finished = true;
    3d62:	89 81       	ldd	r24, Y+1	; 0x01
    3d64:	9a 81       	ldd	r25, Y+2	; 0x02
    3d66:	21 e0       	ldi	r18, 0x01	; 1
    3d68:	fc 01       	movw	r30, r24
    3d6a:	20 87       	std	Z+8, r18	; 0x08
				else if (!status->m2->isMoving()) {
					status->m2->startHoming(M2_DIR_RIGHT, LimitSwitch3::Position::RIGHT, status->current_time);
				}
			}
		}
	}
    3d6c:	30 c0       	rjmp	.+96     	; 0x3dce <_ZN12DisparoState3runEv+0xee>
		if ((status->current_time - start_time) >= 3000) {
			if (!m2_finished) {
				if (status->m2->isAt(LimitSwitch3::Position::RIGHT)) {
					m2_finished = true;
				}
				else if (!status->m2->isMoving()) {
    3d6e:	89 81       	ldd	r24, Y+1	; 0x01
    3d70:	9a 81       	ldd	r25, Y+2	; 0x02
    3d72:	fc 01       	movw	r30, r24
    3d74:	82 81       	ldd	r24, Z+2	; 0x02
    3d76:	93 81       	ldd	r25, Z+3	; 0x03
    3d78:	fc 01       	movw	r30, r24
    3d7a:	82 81       	ldd	r24, Z+2	; 0x02
    3d7c:	93 81       	ldd	r25, Z+3	; 0x03
    3d7e:	0e 94 77 0e 	call	0x1cee	; 0x1cee <_ZN6Motor28isMovingEv>
    3d82:	98 2f       	mov	r25, r24
    3d84:	81 e0       	ldi	r24, 0x01	; 1
    3d86:	89 27       	eor	r24, r25
    3d88:	88 23       	and	r24, r24
    3d8a:	09 f1       	breq	.+66     	; 0x3dce <_ZN12DisparoState3runEv+0xee>
					status->m2->startHoming(M2_DIR_RIGHT, LimitSwitch3::Position::RIGHT, status->current_time);
    3d8c:	89 81       	ldd	r24, Y+1	; 0x01
    3d8e:	9a 81       	ldd	r25, Y+2	; 0x02
    3d90:	fc 01       	movw	r30, r24
    3d92:	82 81       	ldd	r24, Z+2	; 0x02
    3d94:	93 81       	ldd	r25, Z+3	; 0x03
    3d96:	fc 01       	movw	r30, r24
    3d98:	80 a5       	ldd	r24, Z+40	; 0x28
    3d9a:	91 a5       	ldd	r25, Z+41	; 0x29
    3d9c:	a2 a5       	ldd	r26, Z+42	; 0x2a
    3d9e:	b3 a5       	ldd	r27, Z+43	; 0x2b
    3da0:	29 81       	ldd	r18, Y+1	; 0x01
    3da2:	3a 81       	ldd	r19, Y+2	; 0x02
    3da4:	f9 01       	movw	r30, r18
    3da6:	22 81       	ldd	r18, Z+2	; 0x02
    3da8:	33 81       	ldd	r19, Z+3	; 0x03
    3daa:	f9 01       	movw	r30, r18
    3dac:	02 80       	ldd	r0, Z+2	; 0x02
    3dae:	f3 81       	ldd	r31, Z+3	; 0x03
    3db0:	e0 2d       	mov	r30, r0
    3db2:	fc 83       	std	Y+4, r31	; 0x04
    3db4:	eb 83       	std	Y+3, r30	; 0x03
    3db6:	0f 2e       	mov	r0, r31
    3db8:	fc ec       	ldi	r31, 0xCC	; 204
    3dba:	ef 2e       	mov	r14, r31
    3dbc:	f0 2d       	mov	r31, r0
    3dbe:	8c 01       	movw	r16, r24
    3dc0:	9d 01       	movw	r18, r26
    3dc2:	43 e0       	ldi	r20, 0x03	; 3
    3dc4:	60 e0       	ldi	r22, 0x00	; 0
    3dc6:	8b 81       	ldd	r24, Y+3	; 0x03
    3dc8:	9c 81       	ldd	r25, Y+4	; 0x04
    3dca:	0e 94 bc 0b 	call	0x1778	; 0x1778 <_ZN6Motor211startHomingEbN12LimitSwitch38PositionEmh>
				}
			}
		}
	}
    3dce:	00 00       	nop
    3dd0:	0f 90       	pop	r0
    3dd2:	0f 90       	pop	r0
    3dd4:	0f 90       	pop	r0
    3dd6:	0f 90       	pop	r0
    3dd8:	df 91       	pop	r29
    3dda:	cf 91       	pop	r28
    3ddc:	1f 91       	pop	r17
    3dde:	0f 91       	pop	r16
    3de0:	ff 90       	pop	r15
    3de2:	ef 90       	pop	r14
    3de4:	08 95       	ret

00003de6 <_ZN12DisparoState17check_transitionsEv>:

	States check_transitions() override {
    3de6:	ef 92       	push	r14
    3de8:	ff 92       	push	r15
    3dea:	0f 93       	push	r16
    3dec:	1f 93       	push	r17
    3dee:	cf 93       	push	r28
    3df0:	df 93       	push	r29
    3df2:	00 d0       	rcall	.+0      	; 0x3df4 <_ZN12DisparoState17check_transitionsEv+0xe>
    3df4:	cd b7       	in	r28, 0x3d	; 61
    3df6:	de b7       	in	r29, 0x3e	; 62
    3df8:	9a 83       	std	Y+2, r25	; 0x02
    3dfa:	89 83       	std	Y+1, r24	; 0x01
		// Salimos cuando pasen los 5 segundos totales de espera de la bola
		// Y confirmemos que la compuerta M4 se abrió completamente (vástago liberado)
		// Y M2 esté aparcado.
		if ((status->current_time - start_time >= 5000) && m2_finished && status->m4->isAt(M4_SIDE_OPEN)) {
    3dfc:	89 81       	ldd	r24, Y+1	; 0x01
    3dfe:	9a 81       	ldd	r25, Y+2	; 0x02
    3e00:	fc 01       	movw	r30, r24
    3e02:	82 81       	ldd	r24, Z+2	; 0x02
    3e04:	93 81       	ldd	r25, Z+3	; 0x03
    3e06:	fc 01       	movw	r30, r24
    3e08:	20 a5       	ldd	r18, Z+40	; 0x28
    3e0a:	31 a5       	ldd	r19, Z+41	; 0x29
    3e0c:	42 a5       	ldd	r20, Z+42	; 0x2a
    3e0e:	53 a5       	ldd	r21, Z+43	; 0x2b
    3e10:	89 81       	ldd	r24, Y+1	; 0x01
    3e12:	9a 81       	ldd	r25, Y+2	; 0x02
    3e14:	fc 01       	movw	r30, r24
    3e16:	84 81       	ldd	r24, Z+4	; 0x04
    3e18:	95 81       	ldd	r25, Z+5	; 0x05
    3e1a:	a6 81       	ldd	r26, Z+6	; 0x06
    3e1c:	b7 81       	ldd	r27, Z+7	; 0x07
    3e1e:	79 01       	movw	r14, r18
    3e20:	8a 01       	movw	r16, r20
    3e22:	e8 1a       	sub	r14, r24
    3e24:	f9 0a       	sbc	r15, r25
    3e26:	0a 0b       	sbc	r16, r26
    3e28:	1b 0b       	sbc	r17, r27
    3e2a:	d8 01       	movw	r26, r16
    3e2c:	c7 01       	movw	r24, r14
    3e2e:	88 38       	cpi	r24, 0x88	; 136
    3e30:	93 41       	sbci	r25, 0x13	; 19
    3e32:	a1 05       	cpc	r26, r1
    3e34:	b1 05       	cpc	r27, r1
    3e36:	a8 f0       	brcs	.+42     	; 0x3e62 <_ZN12DisparoState17check_transitionsEv+0x7c>
    3e38:	89 81       	ldd	r24, Y+1	; 0x01
    3e3a:	9a 81       	ldd	r25, Y+2	; 0x02
    3e3c:	fc 01       	movw	r30, r24
    3e3e:	80 85       	ldd	r24, Z+8	; 0x08
    3e40:	88 23       	and	r24, r24
    3e42:	79 f0       	breq	.+30     	; 0x3e62 <_ZN12DisparoState17check_transitionsEv+0x7c>
    3e44:	89 81       	ldd	r24, Y+1	; 0x01
    3e46:	9a 81       	ldd	r25, Y+2	; 0x02
    3e48:	fc 01       	movw	r30, r24
    3e4a:	82 81       	ldd	r24, Z+2	; 0x02
    3e4c:	93 81       	ldd	r25, Z+3	; 0x03
    3e4e:	fc 01       	movw	r30, r24
    3e50:	86 81       	ldd	r24, Z+6	; 0x06
    3e52:	97 81       	ldd	r25, Z+7	; 0x07
    3e54:	62 e0       	ldi	r22, 0x02	; 2
    3e56:	0e 94 ec 08 	call	0x11d8	; 0x11d8 <_ZN5Motor4isAtENS_4SideE>
    3e5a:	88 23       	and	r24, r24
    3e5c:	11 f0       	breq	.+4      	; 0x3e62 <_ZN12DisparoState17check_transitionsEv+0x7c>
    3e5e:	81 e0       	ldi	r24, 0x01	; 1
    3e60:	01 c0       	rjmp	.+2      	; 0x3e64 <_ZN12DisparoState17check_transitionsEv+0x7e>
    3e62:	80 e0       	ldi	r24, 0x00	; 0
    3e64:	88 23       	and	r24, r24
    3e66:	11 f0       	breq	.+4      	; 0x3e6c <_ZN12DisparoState17check_transitionsEv+0x86>
			return States::Retorno;
    3e68:	86 e0       	ldi	r24, 0x06	; 6
    3e6a:	01 c0       	rjmp	.+2      	; 0x3e6e <_ZN12DisparoState17check_transitionsEv+0x88>
		}
		return States::NO_CHANGE;
    3e6c:	8f ef       	ldi	r24, 0xFF	; 255
	}
    3e6e:	0f 90       	pop	r0
    3e70:	0f 90       	pop	r0
    3e72:	df 91       	pop	r29
    3e74:	cf 91       	pop	r28
    3e76:	1f 91       	pop	r17
    3e78:	0f 91       	pop	r16
    3e7a:	ff 90       	pop	r15
    3e7c:	ef 90       	pop	r14
    3e7e:	08 95       	ret

00003e80 <_ZN12DisparoState4exitEv>:
	
	void exit() override {
    3e80:	cf 93       	push	r28
    3e82:	df 93       	push	r29
    3e84:	00 d0       	rcall	.+0      	; 0x3e86 <_ZN12DisparoState4exitEv+0x6>
    3e86:	00 d0       	rcall	.+0      	; 0x3e88 <_ZN12DisparoState4exitEv+0x8>
    3e88:	cd b7       	in	r28, 0x3d	; 61
    3e8a:	de b7       	in	r29, 0x3e	; 62
    3e8c:	9c 83       	std	Y+4, r25	; 0x04
    3e8e:	8b 83       	std	Y+3, r24	; 0x03
		status->score += status->pinsManager->getScore();
    3e90:	8b 81       	ldd	r24, Y+3	; 0x03
    3e92:	9c 81       	ldd	r25, Y+4	; 0x04
    3e94:	fc 01       	movw	r30, r24
    3e96:	82 81       	ldd	r24, Z+2	; 0x02
    3e98:	93 81       	ldd	r25, Z+3	; 0x03
    3e9a:	fc 01       	movw	r30, r24
    3e9c:	82 8d       	ldd	r24, Z+26	; 0x1a
    3e9e:	93 8d       	ldd	r25, Z+27	; 0x1b
    3ea0:	0e 94 25 10 	call	0x204a	; 0x204a <_ZN11PinsManager8getScoreEv>
    3ea4:	48 2f       	mov	r20, r24
    3ea6:	8b 81       	ldd	r24, Y+3	; 0x03
    3ea8:	9c 81       	ldd	r25, Y+4	; 0x04
    3eaa:	fc 01       	movw	r30, r24
    3eac:	82 81       	ldd	r24, Z+2	; 0x02
    3eae:	93 81       	ldd	r25, Z+3	; 0x03
    3eb0:	2b 81       	ldd	r18, Y+3	; 0x03
    3eb2:	3c 81       	ldd	r19, Y+4	; 0x04
    3eb4:	f9 01       	movw	r30, r18
    3eb6:	22 81       	ldd	r18, Z+2	; 0x02
    3eb8:	33 81       	ldd	r19, Z+3	; 0x03
    3eba:	f9 01       	movw	r30, r18
    3ebc:	20 a1       	ldd	r18, Z+32	; 0x20
    3ebe:	24 0f       	add	r18, r20
    3ec0:	fc 01       	movw	r30, r24
    3ec2:	20 a3       	std	Z+32, r18	; 0x20
		status->display->setScore(status->score);
    3ec4:	8b 81       	ldd	r24, Y+3	; 0x03
    3ec6:	9c 81       	ldd	r25, Y+4	; 0x04
    3ec8:	fc 01       	movw	r30, r24
    3eca:	82 81       	ldd	r24, Z+2	; 0x02
    3ecc:	93 81       	ldd	r25, Z+3	; 0x03
    3ece:	fc 01       	movw	r30, r24
    3ed0:	20 a1       	ldd	r18, Z+32	; 0x20
    3ed2:	8b 81       	ldd	r24, Y+3	; 0x03
    3ed4:	9c 81       	ldd	r25, Y+4	; 0x04
    3ed6:	fc 01       	movw	r30, r24
    3ed8:	82 81       	ldd	r24, Z+2	; 0x02
    3eda:	93 81       	ldd	r25, Z+3	; 0x03
    3edc:	fc 01       	movw	r30, r24
    3ede:	80 8d       	ldd	r24, Z+24	; 0x18
    3ee0:	91 8d       	ldd	r25, Z+25	; 0x19
    3ee2:	62 2f       	mov	r22, r18
    3ee4:	0e 94 c4 02 	call	0x588	; 0x588 <_ZN7Display8setScoreEh>
		status->total_throws++;
    3ee8:	8b 81       	ldd	r24, Y+3	; 0x03
    3eea:	9c 81       	ldd	r25, Y+4	; 0x04
    3eec:	fc 01       	movw	r30, r24
    3eee:	82 81       	ldd	r24, Z+2	; 0x02
    3ef0:	93 81       	ldd	r25, Z+3	; 0x03
    3ef2:	fc 01       	movw	r30, r24
    3ef4:	24 a5       	ldd	r18, Z+44	; 0x2c
    3ef6:	2f 5f       	subi	r18, 0xFF	; 255
    3ef8:	fc 01       	movw	r30, r24
    3efa:	24 a7       	std	Z+44, r18	; 0x2c

		uint8_t points = status->pinsManager->getScore();
    3efc:	8b 81       	ldd	r24, Y+3	; 0x03
    3efe:	9c 81       	ldd	r25, Y+4	; 0x04
    3f00:	fc 01       	movw	r30, r24
    3f02:	82 81       	ldd	r24, Z+2	; 0x02
    3f04:	93 81       	ldd	r25, Z+3	; 0x03
    3f06:	fc 01       	movw	r30, r24
    3f08:	82 8d       	ldd	r24, Z+26	; 0x1a
    3f0a:	93 8d       	ldd	r25, Z+27	; 0x1b
    3f0c:	0e 94 25 10 	call	0x204a	; 0x204a <_ZN11PinsManager8getScoreEv>
    3f10:	8a 83       	std	Y+2, r24	; 0x02
		status->uart->print("B:");
    3f12:	8b 81       	ldd	r24, Y+3	; 0x03
    3f14:	9c 81       	ldd	r25, Y+4	; 0x04
    3f16:	fc 01       	movw	r30, r24
    3f18:	82 81       	ldd	r24, Z+2	; 0x02
    3f1a:	93 81       	ldd	r25, Z+3	; 0x03
    3f1c:	fc 01       	movw	r30, r24
    3f1e:	86 8d       	ldd	r24, Z+30	; 0x1e
    3f20:	97 8d       	ldd	r25, Z+31	; 0x1f
    3f22:	62 e2       	ldi	r22, 0x22	; 34
    3f24:	72 e0       	ldi	r23, 0x02	; 2
    3f26:	0e 94 49 13 	call	0x2692	; 0x2692 <_ZN4UART5printEPKc>
		for (uint8_t i = 0; i < 6; i++) {
    3f2a:	19 82       	std	Y+1, r1	; 0x01
    3f2c:	89 81       	ldd	r24, Y+1	; 0x01
    3f2e:	86 30       	cpi	r24, 0x06	; 6
    3f30:	f8 f4       	brcc	.+62     	; 0x3f70 <_ZN12DisparoState4exitEv+0xf0>
			status->uart->send(status->pinsManager->isPinUp(i) ? '1' : '0');
    3f32:	8b 81       	ldd	r24, Y+3	; 0x03
    3f34:	9c 81       	ldd	r25, Y+4	; 0x04
    3f36:	fc 01       	movw	r30, r24
    3f38:	82 81       	ldd	r24, Z+2	; 0x02
    3f3a:	93 81       	ldd	r25, Z+3	; 0x03
    3f3c:	fc 01       	movw	r30, r24
    3f3e:	82 8d       	ldd	r24, Z+26	; 0x1a
    3f40:	93 8d       	ldd	r25, Z+27	; 0x1b
    3f42:	69 81       	ldd	r22, Y+1	; 0x01
    3f44:	0e 94 35 10 	call	0x206a	; 0x206a <_ZN11PinsManager7isPinUpEh>
    3f48:	88 23       	and	r24, r24
    3f4a:	11 f0       	breq	.+4      	; 0x3f50 <_ZN12DisparoState4exitEv+0xd0>
    3f4c:	21 e3       	ldi	r18, 0x31	; 49
    3f4e:	01 c0       	rjmp	.+2      	; 0x3f52 <_ZN12DisparoState4exitEv+0xd2>
    3f50:	20 e3       	ldi	r18, 0x30	; 48
    3f52:	8b 81       	ldd	r24, Y+3	; 0x03
    3f54:	9c 81       	ldd	r25, Y+4	; 0x04
    3f56:	fc 01       	movw	r30, r24
    3f58:	82 81       	ldd	r24, Z+2	; 0x02
    3f5a:	93 81       	ldd	r25, Z+3	; 0x03
    3f5c:	fc 01       	movw	r30, r24
    3f5e:	86 8d       	ldd	r24, Z+30	; 0x1e
    3f60:	97 8d       	ldd	r25, Z+31	; 0x1f
    3f62:	62 2f       	mov	r22, r18
    3f64:	0e 94 fd 12 	call	0x25fa	; 0x25fa <_ZN4UART4sendEc>
		status->display->setScore(status->score);
		status->total_throws++;

		uint8_t points = status->pinsManager->getScore();
		status->uart->print("B:");
		for (uint8_t i = 0; i < 6; i++) {
    3f68:	89 81       	ldd	r24, Y+1	; 0x01
    3f6a:	8f 5f       	subi	r24, 0xFF	; 255
    3f6c:	89 83       	std	Y+1, r24	; 0x01
    3f6e:	de cf       	rjmp	.-68     	; 0x3f2c <_ZN12DisparoState4exitEv+0xac>
			status->uart->send(status->pinsManager->isPinUp(i) ? '1' : '0');
		}
		status->uart->send('\n');
    3f70:	8b 81       	ldd	r24, Y+3	; 0x03
    3f72:	9c 81       	ldd	r25, Y+4	; 0x04
    3f74:	fc 01       	movw	r30, r24
    3f76:	82 81       	ldd	r24, Z+2	; 0x02
    3f78:	93 81       	ldd	r25, Z+3	; 0x03
    3f7a:	fc 01       	movw	r30, r24
    3f7c:	86 8d       	ldd	r24, Z+30	; 0x1e
    3f7e:	97 8d       	ldd	r25, Z+31	; 0x1f
    3f80:	6a e0       	ldi	r22, 0x0A	; 10
    3f82:	0e 94 fd 12 	call	0x25fa	; 0x25fa <_ZN4UART4sendEc>
		status->uart->print("P:");
    3f86:	8b 81       	ldd	r24, Y+3	; 0x03
    3f88:	9c 81       	ldd	r25, Y+4	; 0x04
    3f8a:	fc 01       	movw	r30, r24
    3f8c:	82 81       	ldd	r24, Z+2	; 0x02
    3f8e:	93 81       	ldd	r25, Z+3	; 0x03
    3f90:	fc 01       	movw	r30, r24
    3f92:	86 8d       	ldd	r24, Z+30	; 0x1e
    3f94:	97 8d       	ldd	r25, Z+31	; 0x1f
    3f96:	65 e2       	ldi	r22, 0x25	; 37
    3f98:	72 e0       	ldi	r23, 0x02	; 2
    3f9a:	0e 94 49 13 	call	0x2692	; 0x2692 <_ZN4UART5printEPKc>
		status->uart->send(points + '0');
    3f9e:	8a 81       	ldd	r24, Y+2	; 0x02
    3fa0:	20 e3       	ldi	r18, 0x30	; 48
    3fa2:	28 0f       	add	r18, r24
    3fa4:	8b 81       	ldd	r24, Y+3	; 0x03
    3fa6:	9c 81       	ldd	r25, Y+4	; 0x04
    3fa8:	fc 01       	movw	r30, r24
    3faa:	82 81       	ldd	r24, Z+2	; 0x02
    3fac:	93 81       	ldd	r25, Z+3	; 0x03
    3fae:	fc 01       	movw	r30, r24
    3fb0:	86 8d       	ldd	r24, Z+30	; 0x1e
    3fb2:	97 8d       	ldd	r25, Z+31	; 0x1f
    3fb4:	62 2f       	mov	r22, r18
    3fb6:	0e 94 fd 12 	call	0x25fa	; 0x25fa <_ZN4UART4sendEc>
		status->uart->send('\n');
    3fba:	8b 81       	ldd	r24, Y+3	; 0x03
    3fbc:	9c 81       	ldd	r25, Y+4	; 0x04
    3fbe:	fc 01       	movw	r30, r24
    3fc0:	82 81       	ldd	r24, Z+2	; 0x02
    3fc2:	93 81       	ldd	r25, Z+3	; 0x03
    3fc4:	fc 01       	movw	r30, r24
    3fc6:	86 8d       	ldd	r24, Z+30	; 0x1e
    3fc8:	97 8d       	ldd	r25, Z+31	; 0x1f
    3fca:	6a e0       	ldi	r22, 0x0A	; 10
    3fcc:	0e 94 fd 12 	call	0x25fa	; 0x25fa <_ZN4UART4sendEc>

		if(status->total_throws >= 8) {
    3fd0:	8b 81       	ldd	r24, Y+3	; 0x03
    3fd2:	9c 81       	ldd	r25, Y+4	; 0x04
    3fd4:	fc 01       	movw	r30, r24
    3fd6:	82 81       	ldd	r24, Z+2	; 0x02
    3fd8:	93 81       	ldd	r25, Z+3	; 0x03
    3fda:	fc 01       	movw	r30, r24
    3fdc:	84 a5       	ldd	r24, Z+44	; 0x2c
    3fde:	88 30       	cpi	r24, 0x08	; 8
    3fe0:	40 f0       	brcs	.+16     	; 0x3ff2 <_ZN12DisparoState4exitEv+0x172>
			status->is_last_turn = true;
    3fe2:	8b 81       	ldd	r24, Y+3	; 0x03
    3fe4:	9c 81       	ldd	r25, Y+4	; 0x04
    3fe6:	fc 01       	movw	r30, r24
    3fe8:	82 81       	ldd	r24, Z+2	; 0x02
    3fea:	93 81       	ldd	r25, Z+3	; 0x03
    3fec:	21 e0       	ldi	r18, 0x01	; 1
    3fee:	fc 01       	movw	r30, r24
    3ff0:	21 a3       	std	Z+33, r18	; 0x21
		}

		status->pinsManager->reset();
    3ff2:	8b 81       	ldd	r24, Y+3	; 0x03
    3ff4:	9c 81       	ldd	r25, Y+4	; 0x04
    3ff6:	fc 01       	movw	r30, r24
    3ff8:	82 81       	ldd	r24, Z+2	; 0x02
    3ffa:	93 81       	ldd	r25, Z+3	; 0x03
    3ffc:	fc 01       	movw	r30, r24
    3ffe:	82 8d       	ldd	r24, Z+26	; 0x1a
    4000:	93 8d       	ldd	r25, Z+27	; 0x1b
    4002:	0e 94 4e 10 	call	0x209c	; 0x209c <_ZN11PinsManager5resetEv>
	}
    4006:	00 00       	nop
    4008:	0f 90       	pop	r0
    400a:	0f 90       	pop	r0
    400c:	0f 90       	pop	r0
    400e:	0f 90       	pop	r0
    4010:	df 91       	pop	r29
    4012:	cf 91       	pop	r28
    4014:	08 95       	ret

00004016 <_ZN12RetornoStateC1EP6Status>:
	private:
		uint8_t step_m5 = 0;
		uint8_t step_m34 = 0; // --- NUEVO: Control paralelo de M3 y M4
		
	public:
		explicit RetornoState(Status* s) : StateActionBase(s) {}
    4016:	cf 93       	push	r28
    4018:	df 93       	push	r29
    401a:	00 d0       	rcall	.+0      	; 0x401c <_ZN12RetornoStateC1EP6Status+0x6>
    401c:	00 d0       	rcall	.+0      	; 0x401e <_ZN12RetornoStateC1EP6Status+0x8>
    401e:	cd b7       	in	r28, 0x3d	; 61
    4020:	de b7       	in	r29, 0x3e	; 62
    4022:	9a 83       	std	Y+2, r25	; 0x02
    4024:	89 83       	std	Y+1, r24	; 0x01
    4026:	7c 83       	std	Y+4, r23	; 0x04
    4028:	6b 83       	std	Y+3, r22	; 0x03
    402a:	89 81       	ldd	r24, Y+1	; 0x01
    402c:	9a 81       	ldd	r25, Y+2	; 0x02
    402e:	2b 81       	ldd	r18, Y+3	; 0x03
    4030:	3c 81       	ldd	r19, Y+4	; 0x04
    4032:	b9 01       	movw	r22, r18
    4034:	0e 94 3a 15 	call	0x2a74	; 0x2a74 <_ZN15StateActionBaseC1EP6Status>
    4038:	2f e4       	ldi	r18, 0x4F	; 79
    403a:	32 e0       	ldi	r19, 0x02	; 2
    403c:	89 81       	ldd	r24, Y+1	; 0x01
    403e:	9a 81       	ldd	r25, Y+2	; 0x02
    4040:	fc 01       	movw	r30, r24
    4042:	31 83       	std	Z+1, r19	; 0x01
    4044:	20 83       	st	Z, r18
    4046:	89 81       	ldd	r24, Y+1	; 0x01
    4048:	9a 81       	ldd	r25, Y+2	; 0x02
    404a:	fc 01       	movw	r30, r24
    404c:	14 82       	std	Z+4, r1	; 0x04
    404e:	89 81       	ldd	r24, Y+1	; 0x01
    4050:	9a 81       	ldd	r25, Y+2	; 0x02
    4052:	fc 01       	movw	r30, r24
    4054:	15 82       	std	Z+5, r1	; 0x05
    4056:	00 00       	nop
    4058:	0f 90       	pop	r0
    405a:	0f 90       	pop	r0
    405c:	0f 90       	pop	r0
    405e:	0f 90       	pop	r0
    4060:	df 91       	pop	r29
    4062:	cf 91       	pop	r28
    4064:	08 95       	ret

00004066 <_ZN12RetornoState5entryEv>:

		void entry() override {
    4066:	0f 93       	push	r16
    4068:	cf 93       	push	r28
    406a:	df 93       	push	r29
    406c:	00 d0       	rcall	.+0      	; 0x406e <_ZN12RetornoState5entryEv+0x8>
    406e:	00 d0       	rcall	.+0      	; 0x4070 <_ZN12RetornoState5entryEv+0xa>
    4070:	cd b7       	in	r28, 0x3d	; 61
    4072:	de b7       	in	r29, 0x3e	; 62
    4074:	9a 83       	std	Y+2, r25	; 0x02
    4076:	89 83       	std	Y+1, r24	; 0x01
			step_m5 = 0;
    4078:	89 81       	ldd	r24, Y+1	; 0x01
    407a:	9a 81       	ldd	r25, Y+2	; 0x02
    407c:	fc 01       	movw	r30, r24
    407e:	14 82       	std	Z+4, r1	; 0x04
			step_m34 = 0;
    4080:	89 81       	ldd	r24, Y+1	; 0x01
    4082:	9a 81       	ldd	r25, Y+2	; 0x02
    4084:	fc 01       	movw	r30, r24
    4086:	15 82       	std	Z+5, r1	; 0x05
			
			// Arrancamos el movimiento nada más entrar al estado
			status->m5->move(M5_DIR_UP, status->current_time, 255);
    4088:	89 81       	ldd	r24, Y+1	; 0x01
    408a:	9a 81       	ldd	r25, Y+2	; 0x02
    408c:	fc 01       	movw	r30, r24
    408e:	82 81       	ldd	r24, Z+2	; 0x02
    4090:	93 81       	ldd	r25, Z+3	; 0x03
    4092:	fc 01       	movw	r30, r24
    4094:	80 a5       	ldd	r24, Z+40	; 0x28
    4096:	91 a5       	ldd	r25, Z+41	; 0x29
    4098:	a2 a5       	ldd	r26, Z+42	; 0x2a
    409a:	b3 a5       	ldd	r27, Z+43	; 0x2b
    409c:	29 81       	ldd	r18, Y+1	; 0x01
    409e:	3a 81       	ldd	r19, Y+2	; 0x02
    40a0:	f9 01       	movw	r30, r18
    40a2:	22 81       	ldd	r18, Z+2	; 0x02
    40a4:	33 81       	ldd	r19, Z+3	; 0x03
    40a6:	f9 01       	movw	r30, r18
    40a8:	00 84       	ldd	r0, Z+8	; 0x08
    40aa:	f1 85       	ldd	r31, Z+9	; 0x09
    40ac:	e0 2d       	mov	r30, r0
    40ae:	fc 83       	std	Y+4, r31	; 0x04
    40b0:	eb 83       	std	Y+3, r30	; 0x03
    40b2:	0f ef       	ldi	r16, 0xFF	; 255
    40b4:	9c 01       	movw	r18, r24
    40b6:	ad 01       	movw	r20, r26
    40b8:	61 e0       	ldi	r22, 0x01	; 1
    40ba:	8b 81       	ldd	r24, Y+3	; 0x03
    40bc:	9c 81       	ldd	r25, Y+4	; 0x04
    40be:	0e 94 a4 07 	call	0xf48	; 0xf48 <_ZN5Motor4moveEbmh>

			// --- NUEVO: Si no es el último turno, arrancamos la compuerta de los bolos
			if (!status->is_last_turn) {
    40c2:	89 81       	ldd	r24, Y+1	; 0x01
    40c4:	9a 81       	ldd	r25, Y+2	; 0x02
    40c6:	fc 01       	movw	r30, r24
    40c8:	82 81       	ldd	r24, Z+2	; 0x02
    40ca:	93 81       	ldd	r25, Z+3	; 0x03
    40cc:	fc 01       	movw	r30, r24
    40ce:	91 a1       	ldd	r25, Z+33	; 0x21
    40d0:	81 e0       	ldi	r24, 0x01	; 1
    40d2:	89 27       	eor	r24, r25
    40d4:	88 23       	and	r24, r24
    40d6:	e9 f0       	breq	.+58     	; 0x4112 <_ZN12RetornoState5entryEv+0xac>
				status->m4->move(M4_DIR_OPEN, status->current_time);
    40d8:	89 81       	ldd	r24, Y+1	; 0x01
    40da:	9a 81       	ldd	r25, Y+2	; 0x02
    40dc:	fc 01       	movw	r30, r24
    40de:	82 81       	ldd	r24, Z+2	; 0x02
    40e0:	93 81       	ldd	r25, Z+3	; 0x03
    40e2:	fc 01       	movw	r30, r24
    40e4:	80 a5       	ldd	r24, Z+40	; 0x28
    40e6:	91 a5       	ldd	r25, Z+41	; 0x29
    40e8:	a2 a5       	ldd	r26, Z+42	; 0x2a
    40ea:	b3 a5       	ldd	r27, Z+43	; 0x2b
    40ec:	29 81       	ldd	r18, Y+1	; 0x01
    40ee:	3a 81       	ldd	r19, Y+2	; 0x02
    40f0:	f9 01       	movw	r30, r18
    40f2:	22 81       	ldd	r18, Z+2	; 0x02
    40f4:	33 81       	ldd	r19, Z+3	; 0x03
    40f6:	f9 01       	movw	r30, r18
    40f8:	06 80       	ldd	r0, Z+6	; 0x06
    40fa:	f7 81       	ldd	r31, Z+7	; 0x07
    40fc:	e0 2d       	mov	r30, r0
    40fe:	fc 83       	std	Y+4, r31	; 0x04
    4100:	eb 83       	std	Y+3, r30	; 0x03
    4102:	0c ec       	ldi	r16, 0xCC	; 204
    4104:	9c 01       	movw	r18, r24
    4106:	ad 01       	movw	r20, r26
    4108:	60 e0       	ldi	r22, 0x00	; 0
    410a:	8b 81       	ldd	r24, Y+3	; 0x03
    410c:	9c 81       	ldd	r25, Y+4	; 0x04
    410e:	0e 94 a4 07 	call	0xf48	; 0xf48 <_ZN5Motor4moveEbmh>
			}
		}
    4112:	00 00       	nop
    4114:	0f 90       	pop	r0
    4116:	0f 90       	pop	r0
    4118:	0f 90       	pop	r0
    411a:	0f 90       	pop	r0
    411c:	df 91       	pop	r29
    411e:	cf 91       	pop	r28
    4120:	0f 91       	pop	r16
    4122:	08 95       	ret

00004124 <_ZN12RetornoState3runEv>:
				
		void run() override {
    4124:	0f 93       	push	r16
    4126:	cf 93       	push	r28
    4128:	df 93       	push	r29
    412a:	00 d0       	rcall	.+0      	; 0x412c <_ZN12RetornoState3runEv+0x8>
    412c:	00 d0       	rcall	.+0      	; 0x412e <_ZN12RetornoState3runEv+0xa>
    412e:	cd b7       	in	r28, 0x3d	; 61
    4130:	de b7       	in	r29, 0x3e	; 62
    4132:	9a 83       	std	Y+2, r25	; 0x02
    4134:	89 83       	std	Y+1, r24	; 0x01
			// Si el tiempo NO se ha agotado (Turno Normal)
			if (!status->is_last_turn) {
    4136:	89 81       	ldd	r24, Y+1	; 0x01
    4138:	9a 81       	ldd	r25, Y+2	; 0x02
    413a:	fc 01       	movw	r30, r24
    413c:	82 81       	ldd	r24, Z+2	; 0x02
    413e:	93 81       	ldd	r25, Z+3	; 0x03
    4140:	fc 01       	movw	r30, r24
    4142:	91 a1       	ldd	r25, Z+33	; 0x21
    4144:	81 e0       	ldi	r24, 0x01	; 1
    4146:	89 27       	eor	r24, r25
    4148:	88 23       	and	r24, r24
    414a:	09 f4       	brne	.+2      	; 0x414e <_ZN12RetornoState3runEv+0x2a>
    414c:	12 c1       	rjmp	.+548    	; 0x4372 <_ZN12RetornoState3runEv+0x24e>
				
				// --- LÓGICA M5 (Pelota) ---
				if (step_m5 == 0 && status->m5->isAt(M5_SIDE_UP)) {
    414e:	89 81       	ldd	r24, Y+1	; 0x01
    4150:	9a 81       	ldd	r25, Y+2	; 0x02
    4152:	fc 01       	movw	r30, r24
    4154:	84 81       	ldd	r24, Z+4	; 0x04
    4156:	88 23       	and	r24, r24
    4158:	79 f4       	brne	.+30     	; 0x4178 <_ZN12RetornoState3runEv+0x54>
    415a:	89 81       	ldd	r24, Y+1	; 0x01
    415c:	9a 81       	ldd	r25, Y+2	; 0x02
    415e:	fc 01       	movw	r30, r24
    4160:	82 81       	ldd	r24, Z+2	; 0x02
    4162:	93 81       	ldd	r25, Z+3	; 0x03
    4164:	fc 01       	movw	r30, r24
    4166:	80 85       	ldd	r24, Z+8	; 0x08
    4168:	91 85       	ldd	r25, Z+9	; 0x09
    416a:	61 e0       	ldi	r22, 0x01	; 1
    416c:	0e 94 ec 08 	call	0x11d8	; 0x11d8 <_ZN5Motor4isAtENS_4SideE>
    4170:	88 23       	and	r24, r24
    4172:	11 f0       	breq	.+4      	; 0x4178 <_ZN12RetornoState3runEv+0x54>
    4174:	81 e0       	ldi	r24, 0x01	; 1
    4176:	01 c0       	rjmp	.+2      	; 0x417a <_ZN12RetornoState3runEv+0x56>
    4178:	80 e0       	ldi	r24, 0x00	; 0
    417a:	88 23       	and	r24, r24
    417c:	11 f1       	breq	.+68     	; 0x41c2 <_ZN12RetornoState3runEv+0x9e>
					status->m5->move(M5_DIR_DOWN, status->current_time, 255);
    417e:	89 81       	ldd	r24, Y+1	; 0x01
    4180:	9a 81       	ldd	r25, Y+2	; 0x02
    4182:	fc 01       	movw	r30, r24
    4184:	82 81       	ldd	r24, Z+2	; 0x02
    4186:	93 81       	ldd	r25, Z+3	; 0x03
    4188:	fc 01       	movw	r30, r24
    418a:	80 a5       	ldd	r24, Z+40	; 0x28
    418c:	91 a5       	ldd	r25, Z+41	; 0x29
    418e:	a2 a5       	ldd	r26, Z+42	; 0x2a
    4190:	b3 a5       	ldd	r27, Z+43	; 0x2b
    4192:	29 81       	ldd	r18, Y+1	; 0x01
    4194:	3a 81       	ldd	r19, Y+2	; 0x02
    4196:	f9 01       	movw	r30, r18
    4198:	22 81       	ldd	r18, Z+2	; 0x02
    419a:	33 81       	ldd	r19, Z+3	; 0x03
    419c:	f9 01       	movw	r30, r18
    419e:	00 84       	ldd	r0, Z+8	; 0x08
    41a0:	f1 85       	ldd	r31, Z+9	; 0x09
    41a2:	e0 2d       	mov	r30, r0
    41a4:	fc 83       	std	Y+4, r31	; 0x04
    41a6:	eb 83       	std	Y+3, r30	; 0x03
    41a8:	0f ef       	ldi	r16, 0xFF	; 255
    41aa:	9c 01       	movw	r18, r24
    41ac:	ad 01       	movw	r20, r26
    41ae:	60 e0       	ldi	r22, 0x00	; 0
    41b0:	8b 81       	ldd	r24, Y+3	; 0x03
    41b2:	9c 81       	ldd	r25, Y+4	; 0x04
    41b4:	0e 94 a4 07 	call	0xf48	; 0xf48 <_ZN5Motor4moveEbmh>
					step_m5 = 1;
    41b8:	89 81       	ldd	r24, Y+1	; 0x01
    41ba:	9a 81       	ldd	r25, Y+2	; 0x02
    41bc:	21 e0       	ldi	r18, 0x01	; 1
    41be:	fc 01       	movw	r30, r24
    41c0:	24 83       	std	Z+4, r18	; 0x04
				}

				// --- NUEVO: LÓGICA PARALELA M3/M4 (Bolos) ---
				// Paso 0: Como M4 ya viene abierto del disparo, empezamos mandando a M3 adelante.
				if (step_m34 == 0 && status->m4->isAt(M4_SIDE_OPEN)) {
    41c2:	89 81       	ldd	r24, Y+1	; 0x01
    41c4:	9a 81       	ldd	r25, Y+2	; 0x02
    41c6:	fc 01       	movw	r30, r24
    41c8:	85 81       	ldd	r24, Z+5	; 0x05
    41ca:	88 23       	and	r24, r24
    41cc:	79 f4       	brne	.+30     	; 0x41ec <_ZN12RetornoState3runEv+0xc8>
    41ce:	89 81       	ldd	r24, Y+1	; 0x01
    41d0:	9a 81       	ldd	r25, Y+2	; 0x02
    41d2:	fc 01       	movw	r30, r24
    41d4:	82 81       	ldd	r24, Z+2	; 0x02
    41d6:	93 81       	ldd	r25, Z+3	; 0x03
    41d8:	fc 01       	movw	r30, r24
    41da:	86 81       	ldd	r24, Z+6	; 0x06
    41dc:	97 81       	ldd	r25, Z+7	; 0x07
    41de:	62 e0       	ldi	r22, 0x02	; 2
    41e0:	0e 94 ec 08 	call	0x11d8	; 0x11d8 <_ZN5Motor4isAtENS_4SideE>
    41e4:	88 23       	and	r24, r24
    41e6:	11 f0       	breq	.+4      	; 0x41ec <_ZN12RetornoState3runEv+0xc8>
    41e8:	81 e0       	ldi	r24, 0x01	; 1
    41ea:	01 c0       	rjmp	.+2      	; 0x41ee <_ZN12RetornoState3runEv+0xca>
    41ec:	80 e0       	ldi	r24, 0x00	; 0
    41ee:	88 23       	and	r24, r24
    41f0:	19 f1       	breq	.+70     	; 0x4238 <_ZN12RetornoState3runEv+0x114>
					status->m3->move(M3_DIR_FORWARD, status->current_time, 255);
    41f2:	89 81       	ldd	r24, Y+1	; 0x01
    41f4:	9a 81       	ldd	r25, Y+2	; 0x02
    41f6:	fc 01       	movw	r30, r24
    41f8:	82 81       	ldd	r24, Z+2	; 0x02
    41fa:	93 81       	ldd	r25, Z+3	; 0x03
    41fc:	fc 01       	movw	r30, r24
    41fe:	80 a5       	ldd	r24, Z+40	; 0x28
    4200:	91 a5       	ldd	r25, Z+41	; 0x29
    4202:	a2 a5       	ldd	r26, Z+42	; 0x2a
    4204:	b3 a5       	ldd	r27, Z+43	; 0x2b
    4206:	29 81       	ldd	r18, Y+1	; 0x01
    4208:	3a 81       	ldd	r19, Y+2	; 0x02
    420a:	f9 01       	movw	r30, r18
    420c:	22 81       	ldd	r18, Z+2	; 0x02
    420e:	33 81       	ldd	r19, Z+3	; 0x03
    4210:	f9 01       	movw	r30, r18
    4212:	04 80       	ldd	r0, Z+4	; 0x04
    4214:	f5 81       	ldd	r31, Z+5	; 0x05
    4216:	e0 2d       	mov	r30, r0
    4218:	fc 83       	std	Y+4, r31	; 0x04
    421a:	eb 83       	std	Y+3, r30	; 0x03
    421c:	0f ef       	ldi	r16, 0xFF	; 255
    421e:	9c 01       	movw	r18, r24
    4220:	ad 01       	movw	r20, r26
    4222:	61 e0       	ldi	r22, 0x01	; 1
    4224:	8b 81       	ldd	r24, Y+3	; 0x03
    4226:	9c 81       	ldd	r25, Y+4	; 0x04
    4228:	0e 94 a4 07 	call	0xf48	; 0xf48 <_ZN5Motor4moveEbmh>
					step_m34 = 1;
    422c:	89 81       	ldd	r24, Y+1	; 0x01
    422e:	9a 81       	ldd	r25, Y+2	; 0x02
    4230:	21 e0       	ldi	r18, 0x01	; 1
    4232:	fc 01       	movw	r30, r24
    4234:	25 83       	std	Z+5, r18	; 0x05
				if (step_m5 == 0 && status->m5->isAt(M5_SIDE_UP)) {
					status->m5->move(M5_DIR_DOWN, status->current_time, 255);
					step_m5 = 1;
				}
			}
		}
    4236:	d7 c0       	rjmp	.+430    	; 0x43e6 <_ZN12RetornoState3runEv+0x2c2>
				// Paso 0: Como M4 ya viene abierto del disparo, empezamos mandando a M3 adelante.
				if (step_m34 == 0 && status->m4->isAt(M4_SIDE_OPEN)) {
					status->m3->move(M3_DIR_FORWARD, status->current_time, 255);
					step_m34 = 1;
				}
				else if (step_m34 == 1 && status->m3->isAt(M3_SIDE_FORWARD)) {
    4238:	89 81       	ldd	r24, Y+1	; 0x01
    423a:	9a 81       	ldd	r25, Y+2	; 0x02
    423c:	fc 01       	movw	r30, r24
    423e:	85 81       	ldd	r24, Z+5	; 0x05
    4240:	81 30       	cpi	r24, 0x01	; 1
    4242:	79 f4       	brne	.+30     	; 0x4262 <_ZN12RetornoState3runEv+0x13e>
    4244:	89 81       	ldd	r24, Y+1	; 0x01
    4246:	9a 81       	ldd	r25, Y+2	; 0x02
    4248:	fc 01       	movw	r30, r24
    424a:	82 81       	ldd	r24, Z+2	; 0x02
    424c:	93 81       	ldd	r25, Z+3	; 0x03
    424e:	fc 01       	movw	r30, r24
    4250:	84 81       	ldd	r24, Z+4	; 0x04
    4252:	95 81       	ldd	r25, Z+5	; 0x05
    4254:	61 e0       	ldi	r22, 0x01	; 1
    4256:	0e 94 ec 08 	call	0x11d8	; 0x11d8 <_ZN5Motor4isAtENS_4SideE>
    425a:	88 23       	and	r24, r24
    425c:	11 f0       	breq	.+4      	; 0x4262 <_ZN12RetornoState3runEv+0x13e>
    425e:	81 e0       	ldi	r24, 0x01	; 1
    4260:	01 c0       	rjmp	.+2      	; 0x4264 <_ZN12RetornoState3runEv+0x140>
    4262:	80 e0       	ldi	r24, 0x00	; 0
    4264:	88 23       	and	r24, r24
    4266:	19 f1       	breq	.+70     	; 0x42ae <_ZN12RetornoState3runEv+0x18a>
					// Paso 1: M3 llegó adelante. Cerramos la compuerta M4.
					status->m4->move(M4_DIR_CLOSE, status->current_time);
    4268:	89 81       	ldd	r24, Y+1	; 0x01
    426a:	9a 81       	ldd	r25, Y+2	; 0x02
    426c:	fc 01       	movw	r30, r24
    426e:	82 81       	ldd	r24, Z+2	; 0x02
    4270:	93 81       	ldd	r25, Z+3	; 0x03
    4272:	fc 01       	movw	r30, r24
    4274:	80 a5       	ldd	r24, Z+40	; 0x28
    4276:	91 a5       	ldd	r25, Z+41	; 0x29
    4278:	a2 a5       	ldd	r26, Z+42	; 0x2a
    427a:	b3 a5       	ldd	r27, Z+43	; 0x2b
    427c:	29 81       	ldd	r18, Y+1	; 0x01
    427e:	3a 81       	ldd	r19, Y+2	; 0x02
    4280:	f9 01       	movw	r30, r18
    4282:	22 81       	ldd	r18, Z+2	; 0x02
    4284:	33 81       	ldd	r19, Z+3	; 0x03
    4286:	f9 01       	movw	r30, r18
    4288:	06 80       	ldd	r0, Z+6	; 0x06
    428a:	f7 81       	ldd	r31, Z+7	; 0x07
    428c:	e0 2d       	mov	r30, r0
    428e:	fc 83       	std	Y+4, r31	; 0x04
    4290:	eb 83       	std	Y+3, r30	; 0x03
    4292:	0c ec       	ldi	r16, 0xCC	; 204
    4294:	9c 01       	movw	r18, r24
    4296:	ad 01       	movw	r20, r26
    4298:	61 e0       	ldi	r22, 0x01	; 1
    429a:	8b 81       	ldd	r24, Y+3	; 0x03
    429c:	9c 81       	ldd	r25, Y+4	; 0x04
    429e:	0e 94 a4 07 	call	0xf48	; 0xf48 <_ZN5Motor4moveEbmh>
					step_m34 = 2;
    42a2:	89 81       	ldd	r24, Y+1	; 0x01
    42a4:	9a 81       	ldd	r25, Y+2	; 0x02
    42a6:	22 e0       	ldi	r18, 0x02	; 2
    42a8:	fc 01       	movw	r30, r24
    42aa:	25 83       	std	Z+5, r18	; 0x05
				if (step_m5 == 0 && status->m5->isAt(M5_SIDE_UP)) {
					status->m5->move(M5_DIR_DOWN, status->current_time, 255);
					step_m5 = 1;
				}
			}
		}
    42ac:	9c c0       	rjmp	.+312    	; 0x43e6 <_ZN12RetornoState3runEv+0x2c2>
				else if (step_m34 == 1 && status->m3->isAt(M3_SIDE_FORWARD)) {
					// Paso 1: M3 llegó adelante. Cerramos la compuerta M4.
					status->m4->move(M4_DIR_CLOSE, status->current_time);
					step_m34 = 2;
				}
				else if (step_m34 == 2 && status->m4->isAt(M4_SIDE_CLOSE)) {
    42ae:	89 81       	ldd	r24, Y+1	; 0x01
    42b0:	9a 81       	ldd	r25, Y+2	; 0x02
    42b2:	fc 01       	movw	r30, r24
    42b4:	85 81       	ldd	r24, Z+5	; 0x05
    42b6:	82 30       	cpi	r24, 0x02	; 2
    42b8:	79 f4       	brne	.+30     	; 0x42d8 <_ZN12RetornoState3runEv+0x1b4>
    42ba:	89 81       	ldd	r24, Y+1	; 0x01
    42bc:	9a 81       	ldd	r25, Y+2	; 0x02
    42be:	fc 01       	movw	r30, r24
    42c0:	82 81       	ldd	r24, Z+2	; 0x02
    42c2:	93 81       	ldd	r25, Z+3	; 0x03
    42c4:	fc 01       	movw	r30, r24
    42c6:	86 81       	ldd	r24, Z+6	; 0x06
    42c8:	97 81       	ldd	r25, Z+7	; 0x07
    42ca:	61 e0       	ldi	r22, 0x01	; 1
    42cc:	0e 94 ec 08 	call	0x11d8	; 0x11d8 <_ZN5Motor4isAtENS_4SideE>
    42d0:	88 23       	and	r24, r24
    42d2:	11 f0       	breq	.+4      	; 0x42d8 <_ZN12RetornoState3runEv+0x1b4>
    42d4:	81 e0       	ldi	r24, 0x01	; 1
    42d6:	01 c0       	rjmp	.+2      	; 0x42da <_ZN12RetornoState3runEv+0x1b6>
    42d8:	80 e0       	ldi	r24, 0x00	; 0
    42da:	88 23       	and	r24, r24
    42dc:	19 f1       	breq	.+70     	; 0x4324 <_ZN12RetornoState3runEv+0x200>
					// Paso 2: Compuerta cerrada. Retiramos a M3 hacia atrás.
					status->m3->move(M3_DIR_BACKWARD, status->current_time, 255);
    42de:	89 81       	ldd	r24, Y+1	; 0x01
    42e0:	9a 81       	ldd	r25, Y+2	; 0x02
    42e2:	fc 01       	movw	r30, r24
    42e4:	82 81       	ldd	r24, Z+2	; 0x02
    42e6:	93 81       	ldd	r25, Z+3	; 0x03
    42e8:	fc 01       	movw	r30, r24
    42ea:	80 a5       	ldd	r24, Z+40	; 0x28
    42ec:	91 a5       	ldd	r25, Z+41	; 0x29
    42ee:	a2 a5       	ldd	r26, Z+42	; 0x2a
    42f0:	b3 a5       	ldd	r27, Z+43	; 0x2b
    42f2:	29 81       	ldd	r18, Y+1	; 0x01
    42f4:	3a 81       	ldd	r19, Y+2	; 0x02
    42f6:	f9 01       	movw	r30, r18
    42f8:	22 81       	ldd	r18, Z+2	; 0x02
    42fa:	33 81       	ldd	r19, Z+3	; 0x03
    42fc:	f9 01       	movw	r30, r18
    42fe:	04 80       	ldd	r0, Z+4	; 0x04
    4300:	f5 81       	ldd	r31, Z+5	; 0x05
    4302:	e0 2d       	mov	r30, r0
    4304:	fc 83       	std	Y+4, r31	; 0x04
    4306:	eb 83       	std	Y+3, r30	; 0x03
    4308:	0f ef       	ldi	r16, 0xFF	; 255
    430a:	9c 01       	movw	r18, r24
    430c:	ad 01       	movw	r20, r26
    430e:	60 e0       	ldi	r22, 0x00	; 0
    4310:	8b 81       	ldd	r24, Y+3	; 0x03
    4312:	9c 81       	ldd	r25, Y+4	; 0x04
    4314:	0e 94 a4 07 	call	0xf48	; 0xf48 <_ZN5Motor4moveEbmh>
					step_m34 = 3;
    4318:	89 81       	ldd	r24, Y+1	; 0x01
    431a:	9a 81       	ldd	r25, Y+2	; 0x02
    431c:	23 e0       	ldi	r18, 0x03	; 3
    431e:	fc 01       	movw	r30, r24
    4320:	25 83       	std	Z+5, r18	; 0x05
				if (step_m5 == 0 && status->m5->isAt(M5_SIDE_UP)) {
					status->m5->move(M5_DIR_DOWN, status->current_time, 255);
					step_m5 = 1;
				}
			}
		}
    4322:	61 c0       	rjmp	.+194    	; 0x43e6 <_ZN12RetornoState3runEv+0x2c2>
				else if (step_m34 == 2 && status->m4->isAt(M4_SIDE_CLOSE)) {
					// Paso 2: Compuerta cerrada. Retiramos a M3 hacia atrás.
					status->m3->move(M3_DIR_BACKWARD, status->current_time, 255);
					step_m34 = 3;
				}
				else if (step_m34 == 3 && status->m3->isAt(M3_SIDE_BACKWARD)) {
    4324:	89 81       	ldd	r24, Y+1	; 0x01
    4326:	9a 81       	ldd	r25, Y+2	; 0x02
    4328:	fc 01       	movw	r30, r24
    432a:	85 81       	ldd	r24, Z+5	; 0x05
    432c:	83 30       	cpi	r24, 0x03	; 3
    432e:	79 f4       	brne	.+30     	; 0x434e <_ZN12RetornoState3runEv+0x22a>
    4330:	89 81       	ldd	r24, Y+1	; 0x01
    4332:	9a 81       	ldd	r25, Y+2	; 0x02
    4334:	fc 01       	movw	r30, r24
    4336:	82 81       	ldd	r24, Z+2	; 0x02
    4338:	93 81       	ldd	r25, Z+3	; 0x03
    433a:	fc 01       	movw	r30, r24
    433c:	84 81       	ldd	r24, Z+4	; 0x04
    433e:	95 81       	ldd	r25, Z+5	; 0x05
    4340:	62 e0       	ldi	r22, 0x02	; 2
    4342:	0e 94 ec 08 	call	0x11d8	; 0x11d8 <_ZN5Motor4isAtENS_4SideE>
    4346:	88 23       	and	r24, r24
    4348:	11 f0       	breq	.+4      	; 0x434e <_ZN12RetornoState3runEv+0x22a>
    434a:	81 e0       	ldi	r24, 0x01	; 1
    434c:	01 c0       	rjmp	.+2      	; 0x4350 <_ZN12RetornoState3runEv+0x22c>
    434e:	80 e0       	ldi	r24, 0x00	; 0
    4350:	88 23       	and	r24, r24
    4352:	09 f4       	brne	.+2      	; 0x4356 <_ZN12RetornoState3runEv+0x232>
    4354:	48 c0       	rjmp	.+144    	; 0x43e6 <_ZN12RetornoState3runEv+0x2c2>
					step_m34 = 4; // Secuencia completada
    4356:	89 81       	ldd	r24, Y+1	; 0x01
    4358:	9a 81       	ldd	r25, Y+2	; 0x02
    435a:	24 e0       	ldi	r18, 0x04	; 4
    435c:	fc 01       	movw	r30, r24
    435e:	25 83       	std	Z+5, r18	; 0x05
					status->is_armed = true; 
    4360:	89 81       	ldd	r24, Y+1	; 0x01
    4362:	9a 81       	ldd	r25, Y+2	; 0x02
    4364:	fc 01       	movw	r30, r24
    4366:	82 81       	ldd	r24, Z+2	; 0x02
    4368:	93 81       	ldd	r25, Z+3	; 0x03
    436a:	21 e0       	ldi	r18, 0x01	; 1
    436c:	fc 01       	movw	r30, r24
    436e:	23 a3       	std	Z+35, r18	; 0x23
				if (step_m5 == 0 && status->m5->isAt(M5_SIDE_UP)) {
					status->m5->move(M5_DIR_DOWN, status->current_time, 255);
					step_m5 = 1;
				}
			}
		}
    4370:	3a c0       	rjmp	.+116    	; 0x43e6 <_ZN12RetornoState3runEv+0x2c2>
					status->is_armed = true; 
				}

			}
			else {
				if (step_m5 == 0 && status->m5->isAt(M5_SIDE_UP)) {
    4372:	89 81       	ldd	r24, Y+1	; 0x01
    4374:	9a 81       	ldd	r25, Y+2	; 0x02
    4376:	fc 01       	movw	r30, r24
    4378:	84 81       	ldd	r24, Z+4	; 0x04
    437a:	88 23       	and	r24, r24
    437c:	79 f4       	brne	.+30     	; 0x439c <_ZN12RetornoState3runEv+0x278>
    437e:	89 81       	ldd	r24, Y+1	; 0x01
    4380:	9a 81       	ldd	r25, Y+2	; 0x02
    4382:	fc 01       	movw	r30, r24
    4384:	82 81       	ldd	r24, Z+2	; 0x02
    4386:	93 81       	ldd	r25, Z+3	; 0x03
    4388:	fc 01       	movw	r30, r24
    438a:	80 85       	ldd	r24, Z+8	; 0x08
    438c:	91 85       	ldd	r25, Z+9	; 0x09
    438e:	61 e0       	ldi	r22, 0x01	; 1
    4390:	0e 94 ec 08 	call	0x11d8	; 0x11d8 <_ZN5Motor4isAtENS_4SideE>
    4394:	88 23       	and	r24, r24
    4396:	11 f0       	breq	.+4      	; 0x439c <_ZN12RetornoState3runEv+0x278>
    4398:	81 e0       	ldi	r24, 0x01	; 1
    439a:	01 c0       	rjmp	.+2      	; 0x439e <_ZN12RetornoState3runEv+0x27a>
    439c:	80 e0       	ldi	r24, 0x00	; 0
    439e:	88 23       	and	r24, r24
    43a0:	11 f1       	breq	.+68     	; 0x43e6 <_ZN12RetornoState3runEv+0x2c2>
					status->m5->move(M5_DIR_DOWN, status->current_time, 255);
    43a2:	89 81       	ldd	r24, Y+1	; 0x01
    43a4:	9a 81       	ldd	r25, Y+2	; 0x02
    43a6:	fc 01       	movw	r30, r24
    43a8:	82 81       	ldd	r24, Z+2	; 0x02
    43aa:	93 81       	ldd	r25, Z+3	; 0x03
    43ac:	fc 01       	movw	r30, r24
    43ae:	80 a5       	ldd	r24, Z+40	; 0x28
    43b0:	91 a5       	ldd	r25, Z+41	; 0x29
    43b2:	a2 a5       	ldd	r26, Z+42	; 0x2a
    43b4:	b3 a5       	ldd	r27, Z+43	; 0x2b
    43b6:	29 81       	ldd	r18, Y+1	; 0x01
    43b8:	3a 81       	ldd	r19, Y+2	; 0x02
    43ba:	f9 01       	movw	r30, r18
    43bc:	22 81       	ldd	r18, Z+2	; 0x02
    43be:	33 81       	ldd	r19, Z+3	; 0x03
    43c0:	f9 01       	movw	r30, r18
    43c2:	00 84       	ldd	r0, Z+8	; 0x08
    43c4:	f1 85       	ldd	r31, Z+9	; 0x09
    43c6:	e0 2d       	mov	r30, r0
    43c8:	fc 83       	std	Y+4, r31	; 0x04
    43ca:	eb 83       	std	Y+3, r30	; 0x03
    43cc:	0f ef       	ldi	r16, 0xFF	; 255
    43ce:	9c 01       	movw	r18, r24
    43d0:	ad 01       	movw	r20, r26
    43d2:	60 e0       	ldi	r22, 0x00	; 0
    43d4:	8b 81       	ldd	r24, Y+3	; 0x03
    43d6:	9c 81       	ldd	r25, Y+4	; 0x04
    43d8:	0e 94 a4 07 	call	0xf48	; 0xf48 <_ZN5Motor4moveEbmh>
					step_m5 = 1;
    43dc:	89 81       	ldd	r24, Y+1	; 0x01
    43de:	9a 81       	ldd	r25, Y+2	; 0x02
    43e0:	21 e0       	ldi	r18, 0x01	; 1
    43e2:	fc 01       	movw	r30, r24
    43e4:	24 83       	std	Z+4, r18	; 0x04
				}
			}
		}
    43e6:	00 00       	nop
    43e8:	0f 90       	pop	r0
    43ea:	0f 90       	pop	r0
    43ec:	0f 90       	pop	r0
    43ee:	0f 90       	pop	r0
    43f0:	df 91       	pop	r29
    43f2:	cf 91       	pop	r28
    43f4:	0f 91       	pop	r16
    43f6:	08 95       	ret

000043f8 <_ZN12RetornoState17check_transitionsEv>:
		
		States check_transitions() override {
    43f8:	cf 93       	push	r28
    43fa:	df 93       	push	r29
    43fc:	00 d0       	rcall	.+0      	; 0x43fe <_ZN12RetornoState17check_transitionsEv+0x6>
    43fe:	cd b7       	in	r28, 0x3d	; 61
    4400:	de b7       	in	r29, 0x3e	; 62
    4402:	9a 83       	std	Y+2, r25	; 0x02
    4404:	89 83       	std	Y+1, r24	; 0x01
			if (!status->is_last_turn) {
    4406:	89 81       	ldd	r24, Y+1	; 0x01
    4408:	9a 81       	ldd	r25, Y+2	; 0x02
    440a:	fc 01       	movw	r30, r24
    440c:	82 81       	ldd	r24, Z+2	; 0x02
    440e:	93 81       	ldd	r25, Z+3	; 0x03
    4410:	fc 01       	movw	r30, r24
    4412:	91 a1       	ldd	r25, Z+33	; 0x21
    4414:	81 e0       	ldi	r24, 0x01	; 1
    4416:	89 27       	eor	r24, r25
    4418:	88 23       	and	r24, r24
    441a:	01 f1       	breq	.+64     	; 0x445c <_ZN12RetornoState17check_transitionsEv+0x64>
				// --- NUEVO: Transición espera a que M5 baje Y los bolos (M3/M4) hayan terminado
				if (step_m5 == 1 && status->m5->isAt(M5_SIDE_DOWN) && step_m34 == 4) {
    441c:	89 81       	ldd	r24, Y+1	; 0x01
    441e:	9a 81       	ldd	r25, Y+2	; 0x02
    4420:	fc 01       	movw	r30, r24
    4422:	84 81       	ldd	r24, Z+4	; 0x04
    4424:	81 30       	cpi	r24, 0x01	; 1
    4426:	a9 f4       	brne	.+42     	; 0x4452 <_ZN12RetornoState17check_transitionsEv+0x5a>
    4428:	89 81       	ldd	r24, Y+1	; 0x01
    442a:	9a 81       	ldd	r25, Y+2	; 0x02
    442c:	fc 01       	movw	r30, r24
    442e:	82 81       	ldd	r24, Z+2	; 0x02
    4430:	93 81       	ldd	r25, Z+3	; 0x03
    4432:	fc 01       	movw	r30, r24
    4434:	80 85       	ldd	r24, Z+8	; 0x08
    4436:	91 85       	ldd	r25, Z+9	; 0x09
    4438:	62 e0       	ldi	r22, 0x02	; 2
    443a:	0e 94 ec 08 	call	0x11d8	; 0x11d8 <_ZN5Motor4isAtENS_4SideE>
    443e:	88 23       	and	r24, r24
    4440:	41 f0       	breq	.+16     	; 0x4452 <_ZN12RetornoState17check_transitionsEv+0x5a>
    4442:	89 81       	ldd	r24, Y+1	; 0x01
    4444:	9a 81       	ldd	r25, Y+2	; 0x02
    4446:	fc 01       	movw	r30, r24
    4448:	85 81       	ldd	r24, Z+5	; 0x05
    444a:	84 30       	cpi	r24, 0x04	; 4
    444c:	11 f4       	brne	.+4      	; 0x4452 <_ZN12RetornoState17check_transitionsEv+0x5a>
    444e:	81 e0       	ldi	r24, 0x01	; 1
    4450:	01 c0       	rjmp	.+2      	; 0x4454 <_ZN12RetornoState17check_transitionsEv+0x5c>
    4452:	80 e0       	ldi	r24, 0x00	; 0
    4454:	88 23       	and	r24, r24
    4456:	19 f1       	breq	.+70     	; 0x449e <_ZN12RetornoState17check_transitionsEv+0xa6>
					return States::Carga; 
    4458:	83 e0       	ldi	r24, 0x03	; 3
    445a:	22 c0       	rjmp	.+68     	; 0x44a0 <_ZN12RetornoState17check_transitionsEv+0xa8>
				}
			} 
			else {
				// Transición para último turno: Esperamos a que llegue ARRIBA
				if (step_m5 == 1 && status->m5->isAt(M5_SIDE_DOWN)) {
    445c:	89 81       	ldd	r24, Y+1	; 0x01
    445e:	9a 81       	ldd	r25, Y+2	; 0x02
    4460:	fc 01       	movw	r30, r24
    4462:	84 81       	ldd	r24, Z+4	; 0x04
    4464:	81 30       	cpi	r24, 0x01	; 1
    4466:	79 f4       	brne	.+30     	; 0x4486 <_ZN12RetornoState17check_transitionsEv+0x8e>
    4468:	89 81       	ldd	r24, Y+1	; 0x01
    446a:	9a 81       	ldd	r25, Y+2	; 0x02
    446c:	fc 01       	movw	r30, r24
    446e:	82 81       	ldd	r24, Z+2	; 0x02
    4470:	93 81       	ldd	r25, Z+3	; 0x03
    4472:	fc 01       	movw	r30, r24
    4474:	80 85       	ldd	r24, Z+8	; 0x08
    4476:	91 85       	ldd	r25, Z+9	; 0x09
    4478:	62 e0       	ldi	r22, 0x02	; 2
    447a:	0e 94 ec 08 	call	0x11d8	; 0x11d8 <_ZN5Motor4isAtENS_4SideE>
    447e:	88 23       	and	r24, r24
    4480:	11 f0       	breq	.+4      	; 0x4486 <_ZN12RetornoState17check_transitionsEv+0x8e>
    4482:	81 e0       	ldi	r24, 0x01	; 1
    4484:	01 c0       	rjmp	.+2      	; 0x4488 <_ZN12RetornoState17check_transitionsEv+0x90>
    4486:	80 e0       	ldi	r24, 0x00	; 0
    4488:	88 23       	and	r24, r24
    448a:	49 f0       	breq	.+18     	; 0x449e <_ZN12RetornoState17check_transitionsEv+0xa6>
					status->is_last_turn = false;
    448c:	89 81       	ldd	r24, Y+1	; 0x01
    448e:	9a 81       	ldd	r25, Y+2	; 0x02
    4490:	fc 01       	movw	r30, r24
    4492:	82 81       	ldd	r24, Z+2	; 0x02
    4494:	93 81       	ldd	r25, Z+3	; 0x03
    4496:	fc 01       	movw	r30, r24
    4498:	11 a2       	std	Z+33, r1	; 0x21
					return States::Idle; 
    449a:	82 e0       	ldi	r24, 0x02	; 2
    449c:	01 c0       	rjmp	.+2      	; 0x44a0 <_ZN12RetornoState17check_transitionsEv+0xa8>
				}
			}
			
			return States::NO_CHANGE;
    449e:	8f ef       	ldi	r24, 0xFF	; 255
		}
    44a0:	0f 90       	pop	r0
    44a2:	0f 90       	pop	r0
    44a4:	df 91       	pop	r29
    44a6:	cf 91       	pop	r28
    44a8:	08 95       	ret

000044aa <_ZN12StateMachineC1Ev>:

	// States Lookup Array
	StateActionBase* state_actions[NUM_STATES];

	public:
	explicit StateMachine() {
    44aa:	cf 93       	push	r28
    44ac:	df 93       	push	r29
    44ae:	00 d0       	rcall	.+0      	; 0x44b0 <_ZN12StateMachineC1Ev+0x6>
    44b0:	cd b7       	in	r28, 0x3d	; 61
    44b2:	de b7       	in	r29, 0x3e	; 62
    44b4:	9a 83       	std	Y+2, r25	; 0x02
    44b6:	89 83       	std	Y+1, r24	; 0x01
    44b8:	89 81       	ldd	r24, Y+1	; 0x01
    44ba:	9a 81       	ldd	r25, Y+2	; 0x02
    44bc:	0e 94 bf 13 	call	0x277e	; 0x277e <_ZN6StatusC1Ev>
    44c0:	29 81       	ldd	r18, Y+1	; 0x01
    44c2:	3a 81       	ldd	r19, Y+2	; 0x02
    44c4:	89 81       	ldd	r24, Y+1	; 0x01
    44c6:	9a 81       	ldd	r25, Y+2	; 0x02
    44c8:	8e 96       	adiw	r24, 0x2e	; 46
    44ca:	b9 01       	movw	r22, r18
    44cc:	0e 94 8e 15 	call	0x2b1c	; 0x2b1c <_ZN9InitStateC1EP6Status>
    44d0:	29 81       	ldd	r18, Y+1	; 0x01
    44d2:	3a 81       	ldd	r19, Y+2	; 0x02
    44d4:	89 81       	ldd	r24, Y+1	; 0x01
    44d6:	9a 81       	ldd	r25, Y+2	; 0x02
    44d8:	c2 96       	adiw	r24, 0x32	; 50
    44da:	b9 01       	movw	r22, r18
    44dc:	0e 94 32 17 	call	0x2e64	; 0x2e64 <_ZN16CalibrationStateC1EP6Status>
    44e0:	29 81       	ldd	r18, Y+1	; 0x01
    44e2:	3a 81       	ldd	r19, Y+2	; 0x02
    44e4:	89 81       	ldd	r24, Y+1	; 0x01
    44e6:	9a 81       	ldd	r25, Y+2	; 0x02
    44e8:	c8 96       	adiw	r24, 0x38	; 56
    44ea:	b9 01       	movw	r22, r18
    44ec:	0e 94 c0 18 	call	0x3180	; 0x3180 <_ZN9IdleStateC1EP6Status>
    44f0:	29 81       	ldd	r18, Y+1	; 0x01
    44f2:	3a 81       	ldd	r19, Y+2	; 0x02
    44f4:	89 81       	ldd	r24, Y+1	; 0x01
    44f6:	9a 81       	ldd	r25, Y+2	; 0x02
    44f8:	cc 96       	adiw	r24, 0x3c	; 60
    44fa:	b9 01       	movw	r22, r18
    44fc:	0e 94 93 19 	call	0x3326	; 0x3326 <_ZN10CargaStateC1EP6Status>
    4500:	29 81       	ldd	r18, Y+1	; 0x01
    4502:	3a 81       	ldd	r19, Y+2	; 0x02
    4504:	89 81       	ldd	r24, Y+1	; 0x01
    4506:	9a 81       	ldd	r25, Y+2	; 0x02
    4508:	8a 5b       	subi	r24, 0xBA	; 186
    450a:	9f 4f       	sbci	r25, 0xFF	; 255
    450c:	b9 01       	movw	r22, r18
    450e:	0e 94 72 1c 	call	0x38e4	; 0x38e4 <_ZN11ArmadoStateC1EP6Status>
    4512:	29 81       	ldd	r18, Y+1	; 0x01
    4514:	3a 81       	ldd	r19, Y+2	; 0x02
    4516:	89 81       	ldd	r24, Y+1	; 0x01
    4518:	9a 81       	ldd	r25, Y+2	; 0x02
    451a:	85 5b       	subi	r24, 0xB5	; 181
    451c:	9f 4f       	sbci	r25, 0xFF	; 255
    451e:	b9 01       	movw	r22, r18
    4520:	0e 94 f0 1d 	call	0x3be0	; 0x3be0 <_ZN12DisparoStateC1EP6Status>
    4524:	29 81       	ldd	r18, Y+1	; 0x01
    4526:	3a 81       	ldd	r19, Y+2	; 0x02
    4528:	89 81       	ldd	r24, Y+1	; 0x01
    452a:	9a 81       	ldd	r25, Y+2	; 0x02
    452c:	8c 5a       	subi	r24, 0xAC	; 172
    452e:	9f 4f       	sbci	r25, 0xFF	; 255
    4530:	b9 01       	movw	r22, r18
    4532:	0e 94 0b 20 	call	0x4016	; 0x4016 <_ZN12RetornoStateC1EP6Status>
		// Populate lookup array
		state_actions[static_cast<uint8_t>(States::Init)] = &init_state;
    4536:	89 81       	ldd	r24, Y+1	; 0x01
    4538:	9a 81       	ldd	r25, Y+2	; 0x02
    453a:	9c 01       	movw	r18, r24
    453c:	22 5d       	subi	r18, 0xD2	; 210
    453e:	3f 4f       	sbci	r19, 0xFF	; 255
    4540:	89 81       	ldd	r24, Y+1	; 0x01
    4542:	9a 81       	ldd	r25, Y+2	; 0x02
    4544:	86 5a       	subi	r24, 0xA6	; 166
    4546:	9f 4f       	sbci	r25, 0xFF	; 255
    4548:	fc 01       	movw	r30, r24
    454a:	31 83       	std	Z+1, r19	; 0x01
    454c:	20 83       	st	Z, r18
		state_actions[static_cast<uint8_t>(States::Calibration)] = &calibration_state;
    454e:	89 81       	ldd	r24, Y+1	; 0x01
    4550:	9a 81       	ldd	r25, Y+2	; 0x02
    4552:	9c 01       	movw	r18, r24
    4554:	2e 5c       	subi	r18, 0xCE	; 206
    4556:	3f 4f       	sbci	r19, 0xFF	; 255
    4558:	89 81       	ldd	r24, Y+1	; 0x01
    455a:	9a 81       	ldd	r25, Y+2	; 0x02
    455c:	84 5a       	subi	r24, 0xA4	; 164
    455e:	9f 4f       	sbci	r25, 0xFF	; 255
    4560:	fc 01       	movw	r30, r24
    4562:	31 83       	std	Z+1, r19	; 0x01
    4564:	20 83       	st	Z, r18
		state_actions[static_cast<uint8_t>(States::Idle)] = &idle_state;
    4566:	89 81       	ldd	r24, Y+1	; 0x01
    4568:	9a 81       	ldd	r25, Y+2	; 0x02
    456a:	9c 01       	movw	r18, r24
    456c:	28 5c       	subi	r18, 0xC8	; 200
    456e:	3f 4f       	sbci	r19, 0xFF	; 255
    4570:	89 81       	ldd	r24, Y+1	; 0x01
    4572:	9a 81       	ldd	r25, Y+2	; 0x02
    4574:	82 5a       	subi	r24, 0xA2	; 162
    4576:	9f 4f       	sbci	r25, 0xFF	; 255
    4578:	fc 01       	movw	r30, r24
    457a:	31 83       	std	Z+1, r19	; 0x01
    457c:	20 83       	st	Z, r18
		state_actions[static_cast<uint8_t>(States::Carga)] = &carga_state;
    457e:	89 81       	ldd	r24, Y+1	; 0x01
    4580:	9a 81       	ldd	r25, Y+2	; 0x02
    4582:	9c 01       	movw	r18, r24
    4584:	24 5c       	subi	r18, 0xC4	; 196
    4586:	3f 4f       	sbci	r19, 0xFF	; 255
    4588:	89 81       	ldd	r24, Y+1	; 0x01
    458a:	9a 81       	ldd	r25, Y+2	; 0x02
    458c:	80 5a       	subi	r24, 0xA0	; 160
    458e:	9f 4f       	sbci	r25, 0xFF	; 255
    4590:	fc 01       	movw	r30, r24
    4592:	31 83       	std	Z+1, r19	; 0x01
    4594:	20 83       	st	Z, r18
		state_actions[static_cast<uint8_t>(States::Armado)] = &armado_state;
    4596:	89 81       	ldd	r24, Y+1	; 0x01
    4598:	9a 81       	ldd	r25, Y+2	; 0x02
    459a:	9c 01       	movw	r18, r24
    459c:	2a 5b       	subi	r18, 0xBA	; 186
    459e:	3f 4f       	sbci	r19, 0xFF	; 255
    45a0:	89 81       	ldd	r24, Y+1	; 0x01
    45a2:	9a 81       	ldd	r25, Y+2	; 0x02
    45a4:	8e 59       	subi	r24, 0x9E	; 158
    45a6:	9f 4f       	sbci	r25, 0xFF	; 255
    45a8:	fc 01       	movw	r30, r24
    45aa:	31 83       	std	Z+1, r19	; 0x01
    45ac:	20 83       	st	Z, r18
		state_actions[static_cast<uint8_t>(States::Disparo)] = &disparo_state;
    45ae:	89 81       	ldd	r24, Y+1	; 0x01
    45b0:	9a 81       	ldd	r25, Y+2	; 0x02
    45b2:	9c 01       	movw	r18, r24
    45b4:	25 5b       	subi	r18, 0xB5	; 181
    45b6:	3f 4f       	sbci	r19, 0xFF	; 255
    45b8:	89 81       	ldd	r24, Y+1	; 0x01
    45ba:	9a 81       	ldd	r25, Y+2	; 0x02
    45bc:	8c 59       	subi	r24, 0x9C	; 156
    45be:	9f 4f       	sbci	r25, 0xFF	; 255
    45c0:	fc 01       	movw	r30, r24
    45c2:	31 83       	std	Z+1, r19	; 0x01
    45c4:	20 83       	st	Z, r18
		state_actions[static_cast<uint8_t>(States::Retorno)] = &retorno_state;
    45c6:	89 81       	ldd	r24, Y+1	; 0x01
    45c8:	9a 81       	ldd	r25, Y+2	; 0x02
    45ca:	9c 01       	movw	r18, r24
    45cc:	2c 5a       	subi	r18, 0xAC	; 172
    45ce:	3f 4f       	sbci	r19, 0xFF	; 255
    45d0:	89 81       	ldd	r24, Y+1	; 0x01
    45d2:	9a 81       	ldd	r25, Y+2	; 0x02
    45d4:	8a 59       	subi	r24, 0x9A	; 154
    45d6:	9f 4f       	sbci	r25, 0xFF	; 255
    45d8:	fc 01       	movw	r30, r24
    45da:	31 83       	std	Z+1, r19	; 0x01
    45dc:	20 83       	st	Z, r18
	}
    45de:	00 00       	nop
    45e0:	0f 90       	pop	r0
    45e2:	0f 90       	pop	r0
    45e4:	df 91       	pop	r29
    45e6:	cf 91       	pop	r28
    45e8:	08 95       	ret

000045ea <_ZN12StateMachine4stepEv>:

	void step() {
    45ea:	cf 93       	push	r28
    45ec:	df 93       	push	r29
    45ee:	00 d0       	rcall	.+0      	; 0x45f0 <_ZN12StateMachine4stepEv+0x6>
    45f0:	00 d0       	rcall	.+0      	; 0x45f2 <_ZN12StateMachine4stepEv+0x8>
    45f2:	1f 92       	push	r1
    45f4:	cd b7       	in	r28, 0x3d	; 61
    45f6:	de b7       	in	r29, 0x3e	; 62
    45f8:	9d 83       	std	Y+5, r25	; 0x05
    45fa:	8c 83       	std	Y+4, r24	; 0x04
		status.update_sensors();
    45fc:	8c 81       	ldd	r24, Y+4	; 0x04
    45fe:	9d 81       	ldd	r25, Y+5	; 0x05
    4600:	0e 94 17 14 	call	0x282e	; 0x282e <_ZN6Status14update_sensorsEv>

		// 1. Get from current state the transition state (if any)
		StateActionBase* current_action = state_actions[static_cast<uint8_t>(status.getState())];
    4604:	8c 81       	ldd	r24, Y+4	; 0x04
    4606:	9d 81       	ldd	r25, Y+5	; 0x05
    4608:	0e 94 07 14 	call	0x280e	; 0x280e <_ZN6Status8getStateEv>
    460c:	88 2f       	mov	r24, r24
    460e:	90 e0       	ldi	r25, 0x00	; 0
    4610:	2c 81       	ldd	r18, Y+4	; 0x04
    4612:	3d 81       	ldd	r19, Y+5	; 0x05
    4614:	8d 96       	adiw	r24, 0x2d	; 45
    4616:	88 0f       	add	r24, r24
    4618:	99 1f       	adc	r25, r25
    461a:	82 0f       	add	r24, r18
    461c:	93 1f       	adc	r25, r19
    461e:	fc 01       	movw	r30, r24
    4620:	80 81       	ld	r24, Z
    4622:	91 81       	ldd	r25, Z+1	; 0x01
    4624:	9a 83       	std	Y+2, r25	; 0x02
    4626:	89 83       	std	Y+1, r24	; 0x01
		States next_state = current_action->check_transitions();
    4628:	89 81       	ldd	r24, Y+1	; 0x01
    462a:	9a 81       	ldd	r25, Y+2	; 0x02
    462c:	fc 01       	movw	r30, r24
    462e:	80 81       	ld	r24, Z
    4630:	91 81       	ldd	r25, Z+1	; 0x01
    4632:	fc 01       	movw	r30, r24
    4634:	20 81       	ld	r18, Z
    4636:	31 81       	ldd	r19, Z+1	; 0x01
    4638:	89 81       	ldd	r24, Y+1	; 0x01
    463a:	9a 81       	ldd	r25, Y+2	; 0x02
    463c:	f9 01       	movw	r30, r18
    463e:	09 95       	icall
    4640:	8b 83       	std	Y+3, r24	; 0x03

		// 2. Perform transition if needed
		if (next_state != States::NO_CHANGE && next_state != status.getState()) {
    4642:	8b 81       	ldd	r24, Y+3	; 0x03
    4644:	8f 3f       	cpi	r24, 0xFF	; 255
    4646:	51 f0       	breq	.+20     	; 0x465c <_ZN12StateMachine4stepEv+0x72>
    4648:	8c 81       	ldd	r24, Y+4	; 0x04
    464a:	9d 81       	ldd	r25, Y+5	; 0x05
    464c:	0e 94 07 14 	call	0x280e	; 0x280e <_ZN6Status8getStateEv>
    4650:	98 2f       	mov	r25, r24
    4652:	8b 81       	ldd	r24, Y+3	; 0x03
    4654:	98 17       	cp	r25, r24
    4656:	11 f0       	breq	.+4      	; 0x465c <_ZN12StateMachine4stepEv+0x72>
    4658:	81 e0       	ldi	r24, 0x01	; 1
    465a:	01 c0       	rjmp	.+2      	; 0x465e <_ZN12StateMachine4stepEv+0x74>
    465c:	80 e0       	ldi	r24, 0x00	; 0
    465e:	88 23       	and	r24, r24
    4660:	61 f1       	breq	.+88     	; 0x46ba <_ZN12StateMachine4stepEv+0xd0>
			current_action->exit();
    4662:	89 81       	ldd	r24, Y+1	; 0x01
    4664:	9a 81       	ldd	r25, Y+2	; 0x02
    4666:	fc 01       	movw	r30, r24
    4668:	80 81       	ld	r24, Z
    466a:	91 81       	ldd	r25, Z+1	; 0x01
    466c:	06 96       	adiw	r24, 0x06	; 6
    466e:	fc 01       	movw	r30, r24
    4670:	20 81       	ld	r18, Z
    4672:	31 81       	ldd	r19, Z+1	; 0x01
    4674:	89 81       	ldd	r24, Y+1	; 0x01
    4676:	9a 81       	ldd	r25, Y+2	; 0x02
    4678:	f9 01       	movw	r30, r18
    467a:	09 95       	icall
			status.setState(next_state);
    467c:	8c 81       	ldd	r24, Y+4	; 0x04
    467e:	9d 81       	ldd	r25, Y+5	; 0x05
    4680:	6b 81       	ldd	r22, Y+3	; 0x03
    4682:	0e 94 f2 13 	call	0x27e4	; 0x27e4 <_ZN6Status8setStateE6States>
			state_actions[static_cast<uint8_t>(status.getState())]->entry();
    4686:	8c 81       	ldd	r24, Y+4	; 0x04
    4688:	9d 81       	ldd	r25, Y+5	; 0x05
    468a:	0e 94 07 14 	call	0x280e	; 0x280e <_ZN6Status8getStateEv>
    468e:	88 2f       	mov	r24, r24
    4690:	90 e0       	ldi	r25, 0x00	; 0
    4692:	2c 81       	ldd	r18, Y+4	; 0x04
    4694:	3d 81       	ldd	r19, Y+5	; 0x05
    4696:	8d 96       	adiw	r24, 0x2d	; 45
    4698:	88 0f       	add	r24, r24
    469a:	99 1f       	adc	r25, r25
    469c:	82 0f       	add	r24, r18
    469e:	93 1f       	adc	r25, r19
    46a0:	fc 01       	movw	r30, r24
    46a2:	80 81       	ld	r24, Z
    46a4:	91 81       	ldd	r25, Z+1	; 0x01
    46a6:	fc 01       	movw	r30, r24
    46a8:	20 81       	ld	r18, Z
    46aa:	31 81       	ldd	r19, Z+1	; 0x01
    46ac:	2e 5f       	subi	r18, 0xFE	; 254
    46ae:	3f 4f       	sbci	r19, 0xFF	; 255
    46b0:	f9 01       	movw	r30, r18
    46b2:	20 81       	ld	r18, Z
    46b4:	31 81       	ldd	r19, Z+1	; 0x01
    46b6:	f9 01       	movw	r30, r18
    46b8:	09 95       	icall
		}

		// 3. Perform action of the (potentially new) current state
		state_actions[static_cast<uint8_t>(status.getState())]->run();
    46ba:	8c 81       	ldd	r24, Y+4	; 0x04
    46bc:	9d 81       	ldd	r25, Y+5	; 0x05
    46be:	0e 94 07 14 	call	0x280e	; 0x280e <_ZN6Status8getStateEv>
    46c2:	88 2f       	mov	r24, r24
    46c4:	90 e0       	ldi	r25, 0x00	; 0
    46c6:	2c 81       	ldd	r18, Y+4	; 0x04
    46c8:	3d 81       	ldd	r19, Y+5	; 0x05
    46ca:	8d 96       	adiw	r24, 0x2d	; 45
    46cc:	88 0f       	add	r24, r24
    46ce:	99 1f       	adc	r25, r25
    46d0:	82 0f       	add	r24, r18
    46d2:	93 1f       	adc	r25, r19
    46d4:	fc 01       	movw	r30, r24
    46d6:	80 81       	ld	r24, Z
    46d8:	91 81       	ldd	r25, Z+1	; 0x01
    46da:	fc 01       	movw	r30, r24
    46dc:	20 81       	ld	r18, Z
    46de:	31 81       	ldd	r19, Z+1	; 0x01
    46e0:	2c 5f       	subi	r18, 0xFC	; 252
    46e2:	3f 4f       	sbci	r19, 0xFF	; 255
    46e4:	f9 01       	movw	r30, r18
    46e6:	20 81       	ld	r18, Z
    46e8:	31 81       	ldd	r19, Z+1	; 0x01
    46ea:	f9 01       	movw	r30, r18
    46ec:	09 95       	icall
	}
    46ee:	00 00       	nop
    46f0:	0f 90       	pop	r0
    46f2:	0f 90       	pop	r0
    46f4:	0f 90       	pop	r0
    46f6:	0f 90       	pop	r0
    46f8:	0f 90       	pop	r0
    46fa:	df 91       	pop	r29
    46fc:	cf 91       	pop	r28
    46fe:	08 95       	ret

00004700 <_ZN12StateMachine5startEv>:

	void start() {
    4700:	cf 93       	push	r28
    4702:	df 93       	push	r29
    4704:	00 d0       	rcall	.+0      	; 0x4706 <_ZN12StateMachine5startEv+0x6>
    4706:	cd b7       	in	r28, 0x3d	; 61
    4708:	de b7       	in	r29, 0x3e	; 62
    470a:	9a 83       	std	Y+2, r25	; 0x02
    470c:	89 83       	std	Y+1, r24	; 0x01
		// 1. Trigger initial state entry
		state_actions[static_cast<uint8_t>(status.getState())]->entry();
    470e:	89 81       	ldd	r24, Y+1	; 0x01
    4710:	9a 81       	ldd	r25, Y+2	; 0x02
    4712:	0e 94 07 14 	call	0x280e	; 0x280e <_ZN6Status8getStateEv>
    4716:	88 2f       	mov	r24, r24
    4718:	90 e0       	ldi	r25, 0x00	; 0
    471a:	29 81       	ldd	r18, Y+1	; 0x01
    471c:	3a 81       	ldd	r19, Y+2	; 0x02
    471e:	8d 96       	adiw	r24, 0x2d	; 45
    4720:	88 0f       	add	r24, r24
    4722:	99 1f       	adc	r25, r25
    4724:	82 0f       	add	r24, r18
    4726:	93 1f       	adc	r25, r19
    4728:	fc 01       	movw	r30, r24
    472a:	80 81       	ld	r24, Z
    472c:	91 81       	ldd	r25, Z+1	; 0x01
    472e:	fc 01       	movw	r30, r24
    4730:	20 81       	ld	r18, Z
    4732:	31 81       	ldd	r19, Z+1	; 0x01
    4734:	2e 5f       	subi	r18, 0xFE	; 254
    4736:	3f 4f       	sbci	r19, 0xFF	; 255
    4738:	f9 01       	movw	r30, r18
    473a:	20 81       	ld	r18, Z
    473c:	31 81       	ldd	r19, Z+1	; 0x01
    473e:	f9 01       	movw	r30, r18
    4740:	09 95       	icall

		while (1) {
			step();
    4742:	89 81       	ldd	r24, Y+1	; 0x01
    4744:	9a 81       	ldd	r25, Y+2	; 0x02
    4746:	0e 94 f5 22 	call	0x45ea	; 0x45ea <_ZN12StateMachine4stepEv>

	void start() {
		// 1. Trigger initial state entry
		state_actions[static_cast<uint8_t>(status.getState())]->entry();

		while (1) {
    474a:	fb cf       	rjmp	.-10     	; 0x4742 <_ZN12StateMachine5startEv+0x42>

0000474c <_ZN12StateMachine10get_statusEv>:
			step();
		}
	}
	
	Status& get_status() { return status; }
    474c:	cf 93       	push	r28
    474e:	df 93       	push	r29
    4750:	00 d0       	rcall	.+0      	; 0x4752 <_ZN12StateMachine10get_statusEv+0x6>
    4752:	cd b7       	in	r28, 0x3d	; 61
    4754:	de b7       	in	r29, 0x3e	; 62
    4756:	9a 83       	std	Y+2, r25	; 0x02
    4758:	89 83       	std	Y+1, r24	; 0x01
    475a:	89 81       	ldd	r24, Y+1	; 0x01
    475c:	9a 81       	ldd	r25, Y+2	; 0x02
    475e:	0f 90       	pop	r0
    4760:	0f 90       	pop	r0
    4762:	df 91       	pop	r29
    4764:	cf 91       	pop	r28
    4766:	08 95       	ret

00004768 <__vector_42>:

// PinsManager* pinsPtr = 0;
// ISR(PCINT2_vect) { if(pinsPtr) pinsPtr->onInterrupt(); }

Timer* timerPtr = 0;
ISR(TIMER4_COMPA_vect) { if(timerPtr) timerPtr->addTick(); }
    4768:	1f 92       	push	r1
    476a:	0f 92       	push	r0
    476c:	00 90 5f 00 	lds	r0, 0x005F	; 0x80005f <__TEXT_REGION_LENGTH__+0x7f005f>
    4770:	0f 92       	push	r0
    4772:	11 24       	eor	r1, r1
    4774:	2f 93       	push	r18
    4776:	3f 93       	push	r19
    4778:	4f 93       	push	r20
    477a:	5f 93       	push	r21
    477c:	6f 93       	push	r22
    477e:	7f 93       	push	r23
    4780:	8f 93       	push	r24
    4782:	9f 93       	push	r25
    4784:	af 93       	push	r26
    4786:	bf 93       	push	r27
    4788:	ef 93       	push	r30
    478a:	ff 93       	push	r31
    478c:	cf 93       	push	r28
    478e:	df 93       	push	r29
    4790:	cd b7       	in	r28, 0x3d	; 61
    4792:	de b7       	in	r29, 0x3e	; 62
    4794:	80 91 ac 02 	lds	r24, 0x02AC	; 0x8002ac <__data_end>
    4798:	90 91 ad 02 	lds	r25, 0x02AD	; 0x8002ad <__data_end+0x1>
    479c:	89 2b       	or	r24, r25
    479e:	31 f0       	breq	.+12     	; 0x47ac <__vector_42+0x44>
    47a0:	80 91 ac 02 	lds	r24, 0x02AC	; 0x8002ac <__data_end>
    47a4:	90 91 ad 02 	lds	r25, 0x02AD	; 0x8002ad <__data_end+0x1>
    47a8:	0e 94 3f 12 	call	0x247e	; 0x247e <_ZN5Timer7addTickEv>
    47ac:	00 00       	nop
    47ae:	df 91       	pop	r29
    47b0:	cf 91       	pop	r28
    47b2:	ff 91       	pop	r31
    47b4:	ef 91       	pop	r30
    47b6:	bf 91       	pop	r27
    47b8:	af 91       	pop	r26
    47ba:	9f 91       	pop	r25
    47bc:	8f 91       	pop	r24
    47be:	7f 91       	pop	r23
    47c0:	6f 91       	pop	r22
    47c2:	5f 91       	pop	r21
    47c4:	4f 91       	pop	r20
    47c6:	3f 91       	pop	r19
    47c8:	2f 91       	pop	r18
    47ca:	0f 90       	pop	r0
    47cc:	00 92 5f 00 	sts	0x005F, r0	; 0x80005f <__TEXT_REGION_LENGTH__+0x7f005f>
    47d0:	0f 90       	pop	r0
    47d2:	1f 90       	pop	r1
    47d4:	18 95       	reti

000047d6 <__vector_26>:

UART* uartPtr = 0;
ISR(USART0_UDRE_vect) { if(uartPtr) uartPtr->isrUDRE(); }
    47d6:	1f 92       	push	r1
    47d8:	0f 92       	push	r0
    47da:	00 90 5f 00 	lds	r0, 0x005F	; 0x80005f <__TEXT_REGION_LENGTH__+0x7f005f>
    47de:	0f 92       	push	r0
    47e0:	11 24       	eor	r1, r1
    47e2:	2f 93       	push	r18
    47e4:	3f 93       	push	r19
    47e6:	4f 93       	push	r20
    47e8:	5f 93       	push	r21
    47ea:	6f 93       	push	r22
    47ec:	7f 93       	push	r23
    47ee:	8f 93       	push	r24
    47f0:	9f 93       	push	r25
    47f2:	af 93       	push	r26
    47f4:	bf 93       	push	r27
    47f6:	ef 93       	push	r30
    47f8:	ff 93       	push	r31
    47fa:	cf 93       	push	r28
    47fc:	df 93       	push	r29
    47fe:	cd b7       	in	r28, 0x3d	; 61
    4800:	de b7       	in	r29, 0x3e	; 62
    4802:	80 91 ae 02 	lds	r24, 0x02AE	; 0x8002ae <uartPtr>
    4806:	90 91 af 02 	lds	r25, 0x02AF	; 0x8002af <uartPtr+0x1>
    480a:	89 2b       	or	r24, r25
    480c:	31 f0       	breq	.+12     	; 0x481a <__vector_26+0x44>
    480e:	80 91 ae 02 	lds	r24, 0x02AE	; 0x8002ae <uartPtr>
    4812:	90 91 af 02 	lds	r25, 0x02AF	; 0x8002af <uartPtr+0x1>
    4816:	0e 94 70 13 	call	0x26e0	; 0x26e0 <_ZN4UART7isrUDREEv>
    481a:	00 00       	nop
    481c:	df 91       	pop	r29
    481e:	cf 91       	pop	r28
    4820:	ff 91       	pop	r31
    4822:	ef 91       	pop	r30
    4824:	bf 91       	pop	r27
    4826:	af 91       	pop	r26
    4828:	9f 91       	pop	r25
    482a:	8f 91       	pop	r24
    482c:	7f 91       	pop	r23
    482e:	6f 91       	pop	r22
    4830:	5f 91       	pop	r21
    4832:	4f 91       	pop	r20
    4834:	3f 91       	pop	r19
    4836:	2f 91       	pop	r18
    4838:	0f 90       	pop	r0
    483a:	00 92 5f 00 	sts	0x005F, r0	; 0x80005f <__TEXT_REGION_LENGTH__+0x7f005f>
    483e:	0f 90       	pop	r0
    4840:	1f 90       	pop	r1
    4842:	18 95       	reti

00004844 <main>:

int main(void) {
    4844:	8f 92       	push	r8
    4846:	9f 92       	push	r9
    4848:	af 92       	push	r10
    484a:	bf 92       	push	r11
    484c:	cf 92       	push	r12
    484e:	ef 92       	push	r14
    4850:	ff 92       	push	r15
    4852:	0f 93       	push	r16
    4854:	1f 93       	push	r17
    4856:	cf 93       	push	r28
    4858:	df 93       	push	r29
    485a:	cd b7       	in	r28, 0x3d	; 61
    485c:	de b7       	in	r29, 0x3e	; 62
    485e:	c1 51       	subi	r28, 0x11	; 17
    4860:	d2 40       	sbci	r29, 0x02	; 2
    4862:	0f b6       	in	r0, 0x3f	; 63
    4864:	f8 94       	cli
    4866:	de bf       	out	0x3e, r29	; 62
    4868:	0f be       	out	0x3f, r0	; 63
    486a:	cd bf       	out	0x3d, r28	; 61
	// Instanciaci�n de Hardware
	LimitSwitch	 sw1(&PINK, &PORTK, &DDRK, (1 << PK6));
    486c:	ce 01       	movw	r24, r28
    486e:	03 96       	adiw	r24, 0x03	; 3
    4870:	00 e4       	ldi	r16, 0x40	; 64
    4872:	27 e0       	ldi	r18, 0x07	; 7
    4874:	31 e0       	ldi	r19, 0x01	; 1
    4876:	48 e0       	ldi	r20, 0x08	; 8
    4878:	51 e0       	ldi	r21, 0x01	; 1
    487a:	66 e0       	ldi	r22, 0x06	; 6
    487c:	71 e0       	ldi	r23, 0x01	; 1
    487e:	0e 94 34 05 	call	0xa68	; 0xa68 <_ZN11LimitSwitchC1EPVhS1_S1_h>
	LimitSwitch3 sw2(&PINK, &PORTK, &DDRK, (1 << PK7));
    4882:	ce 01       	movw	r24, r28
    4884:	41 96       	adiw	r24, 0x11	; 17
    4886:	00 e8       	ldi	r16, 0x80	; 128
    4888:	27 e0       	ldi	r18, 0x07	; 7
    488a:	31 e0       	ldi	r19, 0x01	; 1
    488c:	48 e0       	ldi	r20, 0x08	; 8
    488e:	51 e0       	ldi	r21, 0x01	; 1
    4890:	66 e0       	ldi	r22, 0x06	; 6
    4892:	71 e0       	ldi	r23, 0x01	; 1
    4894:	0e 94 0d 09 	call	0x121a	; 0x121a <_ZN12LimitSwitch3C1EPVhS1_S1_h>
	LimitSwitch	 sw3(&PIND, &PORTD, &DDRD, (1 << PD0));
    4898:	ce 01       	movw	r24, r28
    489a:	81 96       	adiw	r24, 0x21	; 33
    489c:	01 e0       	ldi	r16, 0x01	; 1
    489e:	2a e2       	ldi	r18, 0x2A	; 42
    48a0:	30 e0       	ldi	r19, 0x00	; 0
    48a2:	4b e2       	ldi	r20, 0x2B	; 43
    48a4:	50 e0       	ldi	r21, 0x00	; 0
    48a6:	69 e2       	ldi	r22, 0x29	; 41
    48a8:	70 e0       	ldi	r23, 0x00	; 0
    48aa:	0e 94 34 05 	call	0xa68	; 0xa68 <_ZN11LimitSwitchC1EPVhS1_S1_h>
	LimitSwitch	 sw4(&PIND, &PORTD, &DDRD, (1 << PD1));
    48ae:	ce 01       	movw	r24, r28
    48b0:	8f 96       	adiw	r24, 0x2f	; 47
    48b2:	02 e0       	ldi	r16, 0x02	; 2
    48b4:	2a e2       	ldi	r18, 0x2A	; 42
    48b6:	30 e0       	ldi	r19, 0x00	; 0
    48b8:	4b e2       	ldi	r20, 0x2B	; 43
    48ba:	50 e0       	ldi	r21, 0x00	; 0
    48bc:	69 e2       	ldi	r22, 0x29	; 41
    48be:	70 e0       	ldi	r23, 0x00	; 0
    48c0:	0e 94 34 05 	call	0xa68	; 0xa68 <_ZN11LimitSwitchC1EPVhS1_S1_h>
	LimitSwitch	 sw5(&PIND, &PORTD, &DDRD, (1 << PD2));
    48c4:	ce 01       	movw	r24, r28
    48c6:	cd 96       	adiw	r24, 0x3d	; 61
    48c8:	04 e0       	ldi	r16, 0x04	; 4
    48ca:	2a e2       	ldi	r18, 0x2A	; 42
    48cc:	30 e0       	ldi	r19, 0x00	; 0
    48ce:	4b e2       	ldi	r20, 0x2B	; 43
    48d0:	50 e0       	ldi	r21, 0x00	; 0
    48d2:	69 e2       	ldi	r22, 0x29	; 41
    48d4:	70 e0       	ldi	r23, 0x00	; 0
    48d6:	0e 94 34 05 	call	0xa68	; 0xa68 <_ZN11LimitSwitchC1EPVhS1_S1_h>
	SwitchUser	 sw6(&PIND, &PORTD, &DDRD, (1 << PD3));
    48da:	ce 01       	movw	r24, r28
    48dc:	85 5b       	subi	r24, 0xB5	; 181
    48de:	9f 4f       	sbci	r25, 0xFF	; 255
    48e0:	08 e0       	ldi	r16, 0x08	; 8
    48e2:	2a e2       	ldi	r18, 0x2A	; 42
    48e4:	30 e0       	ldi	r19, 0x00	; 0
    48e6:	4b e2       	ldi	r20, 0x2B	; 43
    48e8:	50 e0       	ldi	r21, 0x00	; 0
    48ea:	69 e2       	ldi	r22, 0x29	; 41
    48ec:	70 e0       	ldi	r23, 0x00	; 0
    48ee:	0e 94 90 10 	call	0x2120	; 0x2120 <_ZN10SwitchUserC1EPVhS1_S1_h>
	
	Motor  m1(&PORTB, &DDRB, (1 << PB0), &PORTB, &DDRB, (1 << PB4), &OCR2A,  &sw1);
    48f2:	9e 01       	movw	r18, r28
    48f4:	2d 5f       	subi	r18, 0xFD	; 253
    48f6:	3f 4f       	sbci	r19, 0xFF	; 255
    48f8:	ce 01       	movw	r24, r28
    48fa:	87 5a       	subi	r24, 0xA7	; 167
    48fc:	9f 4f       	sbci	r25, 0xFF	; 255
    48fe:	49 01       	movw	r8, r18
    4900:	0f 2e       	mov	r0, r31
    4902:	f3 eb       	ldi	r31, 0xB3	; 179
    4904:	af 2e       	mov	r10, r31
    4906:	b1 2c       	mov	r11, r1
    4908:	f0 2d       	mov	r31, r0
    490a:	68 94       	set
    490c:	cc 24       	eor	r12, r12
    490e:	c4 f8       	bld	r12, 4
    4910:	0f 2e       	mov	r0, r31
    4912:	f4 e2       	ldi	r31, 0x24	; 36
    4914:	ef 2e       	mov	r14, r31
    4916:	f1 2c       	mov	r15, r1
    4918:	f0 2d       	mov	r31, r0
    491a:	05 e2       	ldi	r16, 0x25	; 37
    491c:	10 e0       	ldi	r17, 0x00	; 0
    491e:	21 e0       	ldi	r18, 0x01	; 1
    4920:	44 e2       	ldi	r20, 0x24	; 36
    4922:	50 e0       	ldi	r21, 0x00	; 0
    4924:	65 e2       	ldi	r22, 0x25	; 37
    4926:	70 e0       	ldi	r23, 0x00	; 0
    4928:	0e 94 91 06 	call	0xd22	; 0xd22 <_ZN5MotorC1EPVhS1_hS1_S1_hS1_P11LimitSwitch>
	Motor2 m2(&PORTB, &DDRB, (1 << PB1), &PORTB, &DDRB, (1 << PB5), &OCR1AL, &sw2);
    492c:	9e 01       	movw	r18, r28
    492e:	2f 5e       	subi	r18, 0xEF	; 239
    4930:	3f 4f       	sbci	r19, 0xFF	; 255
    4932:	ce 01       	movw	r24, r28
    4934:	8d 58       	subi	r24, 0x8D	; 141
    4936:	9f 4f       	sbci	r25, 0xFF	; 255
    4938:	49 01       	movw	r8, r18
    493a:	0f 2e       	mov	r0, r31
    493c:	f8 e8       	ldi	r31, 0x88	; 136
    493e:	af 2e       	mov	r10, r31
    4940:	b1 2c       	mov	r11, r1
    4942:	f0 2d       	mov	r31, r0
    4944:	68 94       	set
    4946:	cc 24       	eor	r12, r12
    4948:	c5 f8       	bld	r12, 5
    494a:	0f 2e       	mov	r0, r31
    494c:	f4 e2       	ldi	r31, 0x24	; 36
    494e:	ef 2e       	mov	r14, r31
    4950:	f1 2c       	mov	r15, r1
    4952:	f0 2d       	mov	r31, r0
    4954:	05 e2       	ldi	r16, 0x25	; 37
    4956:	10 e0       	ldi	r17, 0x00	; 0
    4958:	22 e0       	ldi	r18, 0x02	; 2
    495a:	44 e2       	ldi	r20, 0x24	; 36
    495c:	50 e0       	ldi	r21, 0x00	; 0
    495e:	65 e2       	ldi	r22, 0x25	; 37
    4960:	70 e0       	ldi	r23, 0x00	; 0
    4962:	0e 94 c7 0a 	call	0x158e	; 0x158e <_ZN6Motor2C1EPVhS1_hS1_S1_hS1_P12LimitSwitch3>
	Motor  m3(&PORTB, &DDRB, (1 << PB2), &PORTB, &DDRB, (1 << PB6), &OCR1BL, &sw3);
    4966:	9e 01       	movw	r18, r28
    4968:	2f 5d       	subi	r18, 0xDF	; 223
    496a:	3f 4f       	sbci	r19, 0xFF	; 255
    496c:	ce 01       	movw	r24, r28
    496e:	81 57       	subi	r24, 0x71	; 113
    4970:	9f 4f       	sbci	r25, 0xFF	; 255
    4972:	49 01       	movw	r8, r18
    4974:	0f 2e       	mov	r0, r31
    4976:	fa e8       	ldi	r31, 0x8A	; 138
    4978:	af 2e       	mov	r10, r31
    497a:	b1 2c       	mov	r11, r1
    497c:	f0 2d       	mov	r31, r0
    497e:	68 94       	set
    4980:	cc 24       	eor	r12, r12
    4982:	c6 f8       	bld	r12, 6
    4984:	0f 2e       	mov	r0, r31
    4986:	f4 e2       	ldi	r31, 0x24	; 36
    4988:	ef 2e       	mov	r14, r31
    498a:	f1 2c       	mov	r15, r1
    498c:	f0 2d       	mov	r31, r0
    498e:	05 e2       	ldi	r16, 0x25	; 37
    4990:	10 e0       	ldi	r17, 0x00	; 0
    4992:	24 e0       	ldi	r18, 0x04	; 4
    4994:	44 e2       	ldi	r20, 0x24	; 36
    4996:	50 e0       	ldi	r21, 0x00	; 0
    4998:	65 e2       	ldi	r22, 0x25	; 37
    499a:	70 e0       	ldi	r23, 0x00	; 0
    499c:	0e 94 91 06 	call	0xd22	; 0xd22 <_ZN5MotorC1EPVhS1_hS1_S1_hS1_P11LimitSwitch>
	Motor  m4(&PORTB, &DDRB, (1 << PB3), &PORTB, &DDRB, (1 << PB7), &OCR0A,  &sw4);
    49a0:	9e 01       	movw	r18, r28
    49a2:	21 5d       	subi	r18, 0xD1	; 209
    49a4:	3f 4f       	sbci	r19, 0xFF	; 255
    49a6:	ce 01       	movw	r24, r28
    49a8:	87 55       	subi	r24, 0x57	; 87
    49aa:	9f 4f       	sbci	r25, 0xFF	; 255
    49ac:	49 01       	movw	r8, r18
    49ae:	0f 2e       	mov	r0, r31
    49b0:	f7 e4       	ldi	r31, 0x47	; 71
    49b2:	af 2e       	mov	r10, r31
    49b4:	b1 2c       	mov	r11, r1
    49b6:	f0 2d       	mov	r31, r0
    49b8:	68 94       	set
    49ba:	cc 24       	eor	r12, r12
    49bc:	c7 f8       	bld	r12, 7
    49be:	0f 2e       	mov	r0, r31
    49c0:	f4 e2       	ldi	r31, 0x24	; 36
    49c2:	ef 2e       	mov	r14, r31
    49c4:	f1 2c       	mov	r15, r1
    49c6:	f0 2d       	mov	r31, r0
    49c8:	05 e2       	ldi	r16, 0x25	; 37
    49ca:	10 e0       	ldi	r17, 0x00	; 0
    49cc:	28 e0       	ldi	r18, 0x08	; 8
    49ce:	44 e2       	ldi	r20, 0x24	; 36
    49d0:	50 e0       	ldi	r21, 0x00	; 0
    49d2:	65 e2       	ldi	r22, 0x25	; 37
    49d4:	70 e0       	ldi	r23, 0x00	; 0
    49d6:	0e 94 91 06 	call	0xd22	; 0xd22 <_ZN5MotorC1EPVhS1_hS1_S1_hS1_P11LimitSwitch>
	Motor  m5(&PORTD, &DDRD, (1 << PD4), &PORTL, &DDRL, (1 << PL3), &OCR5AL, &sw5);
    49da:	9e 01       	movw	r18, r28
    49dc:	23 5c       	subi	r18, 0xC3	; 195
    49de:	3f 4f       	sbci	r19, 0xFF	; 255
    49e0:	ce 01       	movw	r24, r28
    49e2:	8d 53       	subi	r24, 0x3D	; 61
    49e4:	9f 4f       	sbci	r25, 0xFF	; 255
    49e6:	49 01       	movw	r8, r18
    49e8:	0f 2e       	mov	r0, r31
    49ea:	f8 e2       	ldi	r31, 0x28	; 40
    49ec:	af 2e       	mov	r10, r31
    49ee:	bb 24       	eor	r11, r11
    49f0:	b3 94       	inc	r11
    49f2:	f0 2d       	mov	r31, r0
    49f4:	68 94       	set
    49f6:	cc 24       	eor	r12, r12
    49f8:	c3 f8       	bld	r12, 3
    49fa:	0f 2e       	mov	r0, r31
    49fc:	fa e0       	ldi	r31, 0x0A	; 10
    49fe:	ef 2e       	mov	r14, r31
    4a00:	ff 24       	eor	r15, r15
    4a02:	f3 94       	inc	r15
    4a04:	f0 2d       	mov	r31, r0
    4a06:	0b e0       	ldi	r16, 0x0B	; 11
    4a08:	11 e0       	ldi	r17, 0x01	; 1
    4a0a:	20 e1       	ldi	r18, 0x10	; 16
    4a0c:	4a e2       	ldi	r20, 0x2A	; 42
    4a0e:	50 e0       	ldi	r21, 0x00	; 0
    4a10:	6b e2       	ldi	r22, 0x2B	; 43
    4a12:	70 e0       	ldi	r23, 0x00	; 0
    4a14:	0e 94 91 06 	call	0xd22	; 0xd22 <_ZN5MotorC1EPVhS1_hS1_S1_hS1_P11LimitSwitch>
	
	volatile uint8_t* segPorts[7] = {&PORTL, &PORTL, &PORTL, &PORTD, &PORTL, &PORTL, &PORTL};
    4a18:	ce 01       	movw	r24, r28
    4a1a:	83 52       	subi	r24, 0x23	; 35
    4a1c:	9f 4f       	sbci	r25, 0xFF	; 255
    4a1e:	2e e0       	ldi	r18, 0x0E	; 14
    4a20:	e8 e2       	ldi	r30, 0x28	; 40
    4a22:	f2 e0       	ldi	r31, 0x02	; 2
    4a24:	dc 01       	movw	r26, r24
    4a26:	01 90       	ld	r0, Z+
    4a28:	0d 92       	st	X+, r0
    4a2a:	2a 95       	dec	r18
    4a2c:	e1 f7       	brne	.-8      	; 0x4a26 <main+0x1e2>
	volatile uint8_t* segDdrs[7]  = {&DDRL,  &DDRL,  &DDRL,  &DDRD,  &DDRL,  &DDRL,  &DDRL};
    4a2e:	ce 01       	movw	r24, r28
    4a30:	85 51       	subi	r24, 0x15	; 21
    4a32:	9f 4f       	sbci	r25, 0xFF	; 255
    4a34:	2e e0       	ldi	r18, 0x0E	; 14
    4a36:	e6 e3       	ldi	r30, 0x36	; 54
    4a38:	f2 e0       	ldi	r31, 0x02	; 2
    4a3a:	dc 01       	movw	r26, r24
    4a3c:	01 90       	ld	r0, Z+
    4a3e:	0d 92       	st	X+, r0
    4a40:	2a 95       	dec	r18
    4a42:	e1 f7       	brne	.-8      	; 0x4a3c <main+0x1f8>
	uint8_t segMasks[7]           = {(1<<PL0), (1<<PL1), (1<<PL2), (1<<PD6), (1<<PL4), (1<<PL5), (1<<PL6)};
    4a44:	ce 01       	movw	r24, r28
    4a46:	87 50       	subi	r24, 0x07	; 7
    4a48:	9f 4f       	sbci	r25, 0xFF	; 255
    4a4a:	27 e0       	ldi	r18, 0x07	; 7
    4a4c:	e4 e4       	ldi	r30, 0x44	; 68
    4a4e:	f2 e0       	ldi	r31, 0x02	; 2
    4a50:	dc 01       	movw	r26, r24
    4a52:	01 90       	ld	r0, Z+
    4a54:	0d 92       	st	X+, r0
    4a56:	2a 95       	dec	r18
    4a58:	e1 f7       	brne	.-8      	; 0x4a52 <main+0x20e>
	Display display(segPorts, segDdrs, segMasks, &PORTL, &DDRL, (1<<PL7));
    4a5a:	9e 01       	movw	r18, r28
    4a5c:	27 50       	subi	r18, 0x07	; 7
    4a5e:	3f 4f       	sbci	r19, 0xFF	; 255
    4a60:	ae 01       	movw	r20, r28
    4a62:	45 51       	subi	r20, 0x15	; 21
    4a64:	5f 4f       	sbci	r21, 0xFF	; 255
    4a66:	be 01       	movw	r22, r28
    4a68:	63 52       	subi	r22, 0x23	; 35
    4a6a:	7f 4f       	sbci	r23, 0xFF	; 255
    4a6c:	ce 01       	movw	r24, r28
    4a6e:	93 95       	inc	r25
    4a70:	68 94       	set
    4a72:	cc 24       	eor	r12, r12
    4a74:	c7 f8       	bld	r12, 7
    4a76:	0f 2e       	mov	r0, r31
    4a78:	fa e0       	ldi	r31, 0x0A	; 10
    4a7a:	ef 2e       	mov	r14, r31
    4a7c:	ff 24       	eor	r15, r15
    4a7e:	f3 94       	inc	r15
    4a80:	f0 2d       	mov	r31, r0
    4a82:	0b e0       	ldi	r16, 0x0B	; 11
    4a84:	11 e0       	ldi	r17, 0x01	; 1
    4a86:	0e 94 91 00 	call	0x122	; 0x122 <_ZN7DisplayC1EPPVhS2_PhS1_S1_h>
	
	Led led(&PORTD, &DDRD, (1<<PD7));
    4a8a:	ce 01       	movw	r24, r28
    4a8c:	81 5c       	subi	r24, 0xC1	; 193
    4a8e:	9e 4f       	sbci	r25, 0xFE	; 254
    4a90:	20 e8       	ldi	r18, 0x80	; 128
    4a92:	4a e2       	ldi	r20, 0x2A	; 42
    4a94:	50 e0       	ldi	r21, 0x00	; 0
    4a96:	6b e2       	ldi	r22, 0x2B	; 43
    4a98:	70 e0       	ldi	r23, 0x00	; 0
    4a9a:	0e 94 d7 03 	call	0x7ae	; 0x7ae <_ZN3LedC1EPVhS1_h>
	PinsManager pinsManager;
    4a9e:	ce 01       	movw	r24, r28
    4aa0:	83 5b       	subi	r24, 0xB3	; 179
    4aa2:	9e 4f       	sbci	r25, 0xFE	; 254
    4aa4:	0e 94 c2 0e 	call	0x1d84	; 0x1d84 <_ZN11PinsManagerC1Ev>
	Timer timer;
    4aa8:	ce 01       	movw	r24, r28
    4aaa:	8c 59       	subi	r24, 0x9C	; 156
    4aac:	9e 4f       	sbci	r25, 0xFE	; 254
    4aae:	0e 94 e1 11 	call	0x23c2	; 0x23c2 <_ZN5TimerC1Ev>
	UART uart;
    4ab2:	ce 01       	movw	r24, r28
    4ab4:	88 59       	subi	r24, 0x98	; 152
    4ab6:	9e 4f       	sbci	r25, 0xFE	; 254
    4ab8:	0e 94 8e 12 	call	0x251c	; 0x251c <_ZN4UARTC1Ev>

	// Interrupt pointers
	// pinsPtr = &pinsManager;
	timerPtr = &timer;
    4abc:	ce 01       	movw	r24, r28
    4abe:	8c 59       	subi	r24, 0x9C	; 156
    4ac0:	9e 4f       	sbci	r25, 0xFE	; 254
    4ac2:	90 93 ad 02 	sts	0x02AD, r25	; 0x8002ad <__data_end+0x1>
    4ac6:	80 93 ac 02 	sts	0x02AC, r24	; 0x8002ac <__data_end>
	uartPtr = &uart;
    4aca:	ce 01       	movw	r24, r28
    4acc:	88 59       	subi	r24, 0x98	; 152
    4ace:	9e 4f       	sbci	r25, 0xFE	; 254
    4ad0:	90 93 af 02 	sts	0x02AF, r25	; 0x8002af <uartPtr+0x1>
    4ad4:	80 93 ae 02 	sts	0x02AE, r24	; 0x8002ae <uartPtr>
	
	// Vincular a state machine
	StateMachine sm;
    4ad8:	ce 01       	movw	r24, r28
    4ada:	86 55       	subi	r24, 0x56	; 86
    4adc:	9e 4f       	sbci	r25, 0xFE	; 254
    4ade:	0e 94 55 22 	call	0x44aa	; 0x44aa <_ZN12StateMachineC1Ev>
	Status& st = sm.get_status();
    4ae2:	ce 01       	movw	r24, r28
    4ae4:	86 55       	subi	r24, 0x56	; 86
    4ae6:	9e 4f       	sbci	r25, 0xFE	; 254
    4ae8:	0e 94 a6 23 	call	0x474c	; 0x474c <_ZN12StateMachine10get_statusEv>
    4aec:	9a 83       	std	Y+2, r25	; 0x02
    4aee:	89 83       	std	Y+1, r24	; 0x01
	
	st.m1 = &m1; st.m2 = &m2; st.m3 = &m3; st.m4 = &m4; st.m5 = &m5;
    4af0:	89 81       	ldd	r24, Y+1	; 0x01
    4af2:	9a 81       	ldd	r25, Y+2	; 0x02
    4af4:	9e 01       	movw	r18, r28
    4af6:	27 5a       	subi	r18, 0xA7	; 167
    4af8:	3f 4f       	sbci	r19, 0xFF	; 255
    4afa:	fc 01       	movw	r30, r24
    4afc:	31 83       	std	Z+1, r19	; 0x01
    4afe:	20 83       	st	Z, r18
    4b00:	89 81       	ldd	r24, Y+1	; 0x01
    4b02:	9a 81       	ldd	r25, Y+2	; 0x02
    4b04:	9e 01       	movw	r18, r28
    4b06:	2d 58       	subi	r18, 0x8D	; 141
    4b08:	3f 4f       	sbci	r19, 0xFF	; 255
    4b0a:	fc 01       	movw	r30, r24
    4b0c:	33 83       	std	Z+3, r19	; 0x03
    4b0e:	22 83       	std	Z+2, r18	; 0x02
    4b10:	89 81       	ldd	r24, Y+1	; 0x01
    4b12:	9a 81       	ldd	r25, Y+2	; 0x02
    4b14:	9e 01       	movw	r18, r28
    4b16:	21 57       	subi	r18, 0x71	; 113
    4b18:	3f 4f       	sbci	r19, 0xFF	; 255
    4b1a:	fc 01       	movw	r30, r24
    4b1c:	35 83       	std	Z+5, r19	; 0x05
    4b1e:	24 83       	std	Z+4, r18	; 0x04
    4b20:	89 81       	ldd	r24, Y+1	; 0x01
    4b22:	9a 81       	ldd	r25, Y+2	; 0x02
    4b24:	9e 01       	movw	r18, r28
    4b26:	27 55       	subi	r18, 0x57	; 87
    4b28:	3f 4f       	sbci	r19, 0xFF	; 255
    4b2a:	fc 01       	movw	r30, r24
    4b2c:	37 83       	std	Z+7, r19	; 0x07
    4b2e:	26 83       	std	Z+6, r18	; 0x06
    4b30:	89 81       	ldd	r24, Y+1	; 0x01
    4b32:	9a 81       	ldd	r25, Y+2	; 0x02
    4b34:	9e 01       	movw	r18, r28
    4b36:	2d 53       	subi	r18, 0x3D	; 61
    4b38:	3f 4f       	sbci	r19, 0xFF	; 255
    4b3a:	fc 01       	movw	r30, r24
    4b3c:	31 87       	std	Z+9, r19	; 0x09
    4b3e:	20 87       	std	Z+8, r18	; 0x08
	st.sw1 = &sw1; st.sw2 = &sw2; st.sw3 = &sw3; st.sw4 = &sw4; st.sw5 = &sw5; st.sw6 = &sw6;
    4b40:	89 81       	ldd	r24, Y+1	; 0x01
    4b42:	9a 81       	ldd	r25, Y+2	; 0x02
    4b44:	9e 01       	movw	r18, r28
    4b46:	2d 5f       	subi	r18, 0xFD	; 253
    4b48:	3f 4f       	sbci	r19, 0xFF	; 255
    4b4a:	fc 01       	movw	r30, r24
    4b4c:	33 87       	std	Z+11, r19	; 0x0b
    4b4e:	22 87       	std	Z+10, r18	; 0x0a
    4b50:	89 81       	ldd	r24, Y+1	; 0x01
    4b52:	9a 81       	ldd	r25, Y+2	; 0x02
    4b54:	9e 01       	movw	r18, r28
    4b56:	2f 5e       	subi	r18, 0xEF	; 239
    4b58:	3f 4f       	sbci	r19, 0xFF	; 255
    4b5a:	fc 01       	movw	r30, r24
    4b5c:	35 87       	std	Z+13, r19	; 0x0d
    4b5e:	24 87       	std	Z+12, r18	; 0x0c
    4b60:	89 81       	ldd	r24, Y+1	; 0x01
    4b62:	9a 81       	ldd	r25, Y+2	; 0x02
    4b64:	9e 01       	movw	r18, r28
    4b66:	2f 5d       	subi	r18, 0xDF	; 223
    4b68:	3f 4f       	sbci	r19, 0xFF	; 255
    4b6a:	fc 01       	movw	r30, r24
    4b6c:	37 87       	std	Z+15, r19	; 0x0f
    4b6e:	26 87       	std	Z+14, r18	; 0x0e
    4b70:	89 81       	ldd	r24, Y+1	; 0x01
    4b72:	9a 81       	ldd	r25, Y+2	; 0x02
    4b74:	9e 01       	movw	r18, r28
    4b76:	21 5d       	subi	r18, 0xD1	; 209
    4b78:	3f 4f       	sbci	r19, 0xFF	; 255
    4b7a:	fc 01       	movw	r30, r24
    4b7c:	31 8b       	std	Z+17, r19	; 0x11
    4b7e:	20 8b       	std	Z+16, r18	; 0x10
    4b80:	89 81       	ldd	r24, Y+1	; 0x01
    4b82:	9a 81       	ldd	r25, Y+2	; 0x02
    4b84:	9e 01       	movw	r18, r28
    4b86:	23 5c       	subi	r18, 0xC3	; 195
    4b88:	3f 4f       	sbci	r19, 0xFF	; 255
    4b8a:	fc 01       	movw	r30, r24
    4b8c:	33 8b       	std	Z+19, r19	; 0x13
    4b8e:	22 8b       	std	Z+18, r18	; 0x12
    4b90:	89 81       	ldd	r24, Y+1	; 0x01
    4b92:	9a 81       	ldd	r25, Y+2	; 0x02
    4b94:	9e 01       	movw	r18, r28
    4b96:	25 5b       	subi	r18, 0xB5	; 181
    4b98:	3f 4f       	sbci	r19, 0xFF	; 255
    4b9a:	fc 01       	movw	r30, r24
    4b9c:	35 8b       	std	Z+21, r19	; 0x15
    4b9e:	24 8b       	std	Z+20, r18	; 0x14
	st.led = &led;
    4ba0:	89 81       	ldd	r24, Y+1	; 0x01
    4ba2:	9a 81       	ldd	r25, Y+2	; 0x02
    4ba4:	9e 01       	movw	r18, r28
    4ba6:	21 5c       	subi	r18, 0xC1	; 193
    4ba8:	3e 4f       	sbci	r19, 0xFE	; 254
    4baa:	fc 01       	movw	r30, r24
    4bac:	37 8b       	std	Z+23, r19	; 0x17
    4bae:	26 8b       	std	Z+22, r18	; 0x16
	st.display = &display;
    4bb0:	89 81       	ldd	r24, Y+1	; 0x01
    4bb2:	9a 81       	ldd	r25, Y+2	; 0x02
    4bb4:	9e 01       	movw	r18, r28
    4bb6:	33 95       	inc	r19
    4bb8:	fc 01       	movw	r30, r24
    4bba:	31 8f       	std	Z+25, r19	; 0x19
    4bbc:	20 8f       	std	Z+24, r18	; 0x18
	st.pinsManager = &pinsManager;
    4bbe:	89 81       	ldd	r24, Y+1	; 0x01
    4bc0:	9a 81       	ldd	r25, Y+2	; 0x02
    4bc2:	9e 01       	movw	r18, r28
    4bc4:	23 5b       	subi	r18, 0xB3	; 179
    4bc6:	3e 4f       	sbci	r19, 0xFE	; 254
    4bc8:	fc 01       	movw	r30, r24
    4bca:	33 8f       	std	Z+27, r19	; 0x1b
    4bcc:	22 8f       	std	Z+26, r18	; 0x1a
	st.timer = &timer;
    4bce:	89 81       	ldd	r24, Y+1	; 0x01
    4bd0:	9a 81       	ldd	r25, Y+2	; 0x02
    4bd2:	9e 01       	movw	r18, r28
    4bd4:	2c 59       	subi	r18, 0x9C	; 156
    4bd6:	3e 4f       	sbci	r19, 0xFE	; 254
    4bd8:	fc 01       	movw	r30, r24
    4bda:	35 8f       	std	Z+29, r19	; 0x1d
    4bdc:	24 8f       	std	Z+28, r18	; 0x1c
	st.uart = &uart;
    4bde:	89 81       	ldd	r24, Y+1	; 0x01
    4be0:	9a 81       	ldd	r25, Y+2	; 0x02
    4be2:	9e 01       	movw	r18, r28
    4be4:	28 59       	subi	r18, 0x98	; 152
    4be6:	3e 4f       	sbci	r19, 0xFE	; 254
    4be8:	fc 01       	movw	r30, r24
    4bea:	37 8f       	std	Z+31, r19	; 0x1f
    4bec:	26 8f       	std	Z+30, r18	; 0x1e
	
	sei(); // Habilitar interrupciones globales
    4bee:	78 94       	sei

	sm.start();
    4bf0:	ce 01       	movw	r24, r28
    4bf2:	86 55       	subi	r24, 0x56	; 86
    4bf4:	9e 4f       	sbci	r25, 0xFE	; 254
    4bf6:	0e 94 80 23 	call	0x4700	; 0x4700 <_ZN12StateMachine5startEv>
	
	return 0;
    4bfa:	80 e0       	ldi	r24, 0x00	; 0
    4bfc:	90 e0       	ldi	r25, 0x00	; 0
    4bfe:	cf 5e       	subi	r28, 0xEF	; 239
    4c00:	dd 4f       	sbci	r29, 0xFD	; 253
    4c02:	0f b6       	in	r0, 0x3f	; 63
    4c04:	f8 94       	cli
    4c06:	de bf       	out	0x3e, r29	; 62
    4c08:	0f be       	out	0x3f, r0	; 63
    4c0a:	cd bf       	out	0x3d, r28	; 61
    4c0c:	df 91       	pop	r29
    4c0e:	cf 91       	pop	r28
    4c10:	1f 91       	pop	r17
    4c12:	0f 91       	pop	r16
    4c14:	ff 90       	pop	r15
    4c16:	ef 90       	pop	r14
    4c18:	cf 90       	pop	r12
    4c1a:	bf 90       	pop	r11
    4c1c:	af 90       	pop	r10
    4c1e:	9f 90       	pop	r9
    4c20:	8f 90       	pop	r8
    4c22:	08 95       	ret

00004c24 <__udivmodsi4>:
    4c24:	a1 e2       	ldi	r26, 0x21	; 33
    4c26:	1a 2e       	mov	r1, r26
    4c28:	aa 1b       	sub	r26, r26
    4c2a:	bb 1b       	sub	r27, r27
    4c2c:	fd 01       	movw	r30, r26
    4c2e:	0d c0       	rjmp	.+26     	; 0x4c4a <__udivmodsi4_ep>

00004c30 <__udivmodsi4_loop>:
    4c30:	aa 1f       	adc	r26, r26
    4c32:	bb 1f       	adc	r27, r27
    4c34:	ee 1f       	adc	r30, r30
    4c36:	ff 1f       	adc	r31, r31
    4c38:	a2 17       	cp	r26, r18
    4c3a:	b3 07       	cpc	r27, r19
    4c3c:	e4 07       	cpc	r30, r20
    4c3e:	f5 07       	cpc	r31, r21
    4c40:	20 f0       	brcs	.+8      	; 0x4c4a <__udivmodsi4_ep>
    4c42:	a2 1b       	sub	r26, r18
    4c44:	b3 0b       	sbc	r27, r19
    4c46:	e4 0b       	sbc	r30, r20
    4c48:	f5 0b       	sbc	r31, r21

00004c4a <__udivmodsi4_ep>:
    4c4a:	66 1f       	adc	r22, r22
    4c4c:	77 1f       	adc	r23, r23
    4c4e:	88 1f       	adc	r24, r24
    4c50:	99 1f       	adc	r25, r25
    4c52:	1a 94       	dec	r1
    4c54:	69 f7       	brne	.-38     	; 0x4c30 <__udivmodsi4_loop>
    4c56:	60 95       	com	r22
    4c58:	70 95       	com	r23
    4c5a:	80 95       	com	r24
    4c5c:	90 95       	com	r25
    4c5e:	9b 01       	movw	r18, r22
    4c60:	ac 01       	movw	r20, r24
    4c62:	bd 01       	movw	r22, r26
    4c64:	cf 01       	movw	r24, r30
    4c66:	08 95       	ret

00004c68 <_exit>:
    4c68:	f8 94       	cli

00004c6a <__stop_program>:
    4c6a:	ff cf       	rjmp	.-2      	; 0x4c6a <__stop_program>
