
bolera_code.elf:     file format elf32-avr

Sections:
Idx Name          Size      VMA       LMA       File off  Algn
  0 .data         0000008e  00800200  00004844  000048d8  2**0
                  CONTENTS, ALLOC, LOAD, DATA
  1 .text         00004844  00000000  00000000  00000094  2**1
                  CONTENTS, ALLOC, LOAD, READONLY, CODE
  2 .bss          00000002  0080028e  0080028e  00004966  2**0
                  ALLOC
  3 .comment      00000030  00000000  00000000  00004966  2**0
                  CONTENTS, READONLY
  4 .note.gnu.avr.deviceinfo 0000003c  00000000  00000000  00004998  2**2
                  CONTENTS, READONLY
  5 .debug_aranges 00000358  00000000  00000000  000049d4  2**0
                  CONTENTS, READONLY, DEBUGGING
  6 .debug_info   00004399  00000000  00000000  00004d2c  2**0
                  CONTENTS, READONLY, DEBUGGING
  7 .debug_abbrev 0000101b  00000000  00000000  000090c5  2**0
                  CONTENTS, READONLY, DEBUGGING
  8 .debug_line   00002410  00000000  00000000  0000a0e0  2**0
                  CONTENTS, READONLY, DEBUGGING
  9 .debug_frame  00000f00  00000000  00000000  0000c4f0  2**2
                  CONTENTS, READONLY, DEBUGGING
 10 .debug_str    0000a7e4  00000000  00000000  0000d3f0  2**0
                  CONTENTS, READONLY, DEBUGGING
 11 .debug_loc    000021b2  00000000  00000000  00017bd4  2**0
                  CONTENTS, READONLY, DEBUGGING
 12 .debug_ranges 00000348  00000000  00000000  00019d86  2**0
                  CONTENTS, READONLY, DEBUGGING
 13 .debug_macro  00003637  00000000  00000000  0001a0ce  2**0
                  CONTENTS, READONLY, DEBUGGING

Disassembly of section .text:

00000000 <__vectors>:
       0:	0c 94 72 00 	jmp	0xe4	; 0xe4 <__ctors_end>
       4:	0c 94 8f 00 	jmp	0x11e	; 0x11e <__bad_interrupt>
       8:	0c 94 8f 00 	jmp	0x11e	; 0x11e <__bad_interrupt>
       c:	0c 94 8f 00 	jmp	0x11e	; 0x11e <__bad_interrupt>
      10:	0c 94 8f 00 	jmp	0x11e	; 0x11e <__bad_interrupt>
      14:	0c 94 8f 00 	jmp	0x11e	; 0x11e <__bad_interrupt>
      18:	0c 94 8f 00 	jmp	0x11e	; 0x11e <__bad_interrupt>
      1c:	0c 94 8f 00 	jmp	0x11e	; 0x11e <__bad_interrupt>
      20:	0c 94 8f 00 	jmp	0x11e	; 0x11e <__bad_interrupt>
      24:	0c 94 8f 00 	jmp	0x11e	; 0x11e <__bad_interrupt>
      28:	0c 94 8f 00 	jmp	0x11e	; 0x11e <__bad_interrupt>
      2c:	0c 94 8f 00 	jmp	0x11e	; 0x11e <__bad_interrupt>
      30:	0c 94 8f 00 	jmp	0x11e	; 0x11e <__bad_interrupt>
      34:	0c 94 8f 00 	jmp	0x11e	; 0x11e <__bad_interrupt>
      38:	0c 94 8f 00 	jmp	0x11e	; 0x11e <__bad_interrupt>
      3c:	0c 94 8f 00 	jmp	0x11e	; 0x11e <__bad_interrupt>
      40:	0c 94 8f 00 	jmp	0x11e	; 0x11e <__bad_interrupt>
      44:	0c 94 8f 00 	jmp	0x11e	; 0x11e <__bad_interrupt>
      48:	0c 94 8f 00 	jmp	0x11e	; 0x11e <__bad_interrupt>
      4c:	0c 94 8f 00 	jmp	0x11e	; 0x11e <__bad_interrupt>
      50:	0c 94 8f 00 	jmp	0x11e	; 0x11e <__bad_interrupt>
      54:	0c 94 8f 00 	jmp	0x11e	; 0x11e <__bad_interrupt>
      58:	0c 94 8f 00 	jmp	0x11e	; 0x11e <__bad_interrupt>
      5c:	0c 94 8f 00 	jmp	0x11e	; 0x11e <__bad_interrupt>
      60:	0c 94 8f 00 	jmp	0x11e	; 0x11e <__bad_interrupt>
      64:	0c 94 8f 00 	jmp	0x11e	; 0x11e <__bad_interrupt>
      68:	0c 94 8f 00 	jmp	0x11e	; 0x11e <__bad_interrupt>
      6c:	0c 94 8f 00 	jmp	0x11e	; 0x11e <__bad_interrupt>
      70:	0c 94 8f 00 	jmp	0x11e	; 0x11e <__bad_interrupt>
      74:	0c 94 8f 00 	jmp	0x11e	; 0x11e <__bad_interrupt>
      78:	0c 94 8f 00 	jmp	0x11e	; 0x11e <__bad_interrupt>
      7c:	0c 94 8f 00 	jmp	0x11e	; 0x11e <__bad_interrupt>
      80:	0c 94 8f 00 	jmp	0x11e	; 0x11e <__bad_interrupt>
      84:	0c 94 8f 00 	jmp	0x11e	; 0x11e <__bad_interrupt>
      88:	0c 94 8f 00 	jmp	0x11e	; 0x11e <__bad_interrupt>
      8c:	0c 94 8f 00 	jmp	0x11e	; 0x11e <__bad_interrupt>
      90:	0c 94 8f 00 	jmp	0x11e	; 0x11e <__bad_interrupt>
      94:	0c 94 8f 00 	jmp	0x11e	; 0x11e <__bad_interrupt>
      98:	0c 94 8f 00 	jmp	0x11e	; 0x11e <__bad_interrupt>
      9c:	0c 94 8f 00 	jmp	0x11e	; 0x11e <__bad_interrupt>
      a0:	0c 94 8f 00 	jmp	0x11e	; 0x11e <__bad_interrupt>
      a4:	0c 94 8f 00 	jmp	0x11e	; 0x11e <__bad_interrupt>
      a8:	0c 94 eb 21 	jmp	0x43d6	; 0x43d6 <__vector_42>
      ac:	0c 94 8f 00 	jmp	0x11e	; 0x11e <__bad_interrupt>
      b0:	0c 94 8f 00 	jmp	0x11e	; 0x11e <__bad_interrupt>
      b4:	0c 94 8f 00 	jmp	0x11e	; 0x11e <__bad_interrupt>
      b8:	0c 94 8f 00 	jmp	0x11e	; 0x11e <__bad_interrupt>
      bc:	0c 94 8f 00 	jmp	0x11e	; 0x11e <__bad_interrupt>
      c0:	0c 94 8f 00 	jmp	0x11e	; 0x11e <__bad_interrupt>
      c4:	0c 94 8f 00 	jmp	0x11e	; 0x11e <__bad_interrupt>
      c8:	0c 94 8f 00 	jmp	0x11e	; 0x11e <__bad_interrupt>
      cc:	0c 94 8f 00 	jmp	0x11e	; 0x11e <__bad_interrupt>
      d0:	0c 94 8f 00 	jmp	0x11e	; 0x11e <__bad_interrupt>
      d4:	0c 94 8f 00 	jmp	0x11e	; 0x11e <__bad_interrupt>
      d8:	0c 94 8f 00 	jmp	0x11e	; 0x11e <__bad_interrupt>
      dc:	0c 94 8f 00 	jmp	0x11e	; 0x11e <__bad_interrupt>
      e0:	0c 94 8f 00 	jmp	0x11e	; 0x11e <__bad_interrupt>

000000e4 <__ctors_end>:
      e4:	11 24       	eor	r1, r1
      e6:	1f be       	out	0x3f, r1	; 63
      e8:	cf ef       	ldi	r28, 0xFF	; 255
      ea:	d1 e2       	ldi	r29, 0x21	; 33
      ec:	de bf       	out	0x3e, r29	; 62
      ee:	cd bf       	out	0x3d, r28	; 61

000000f0 <__do_copy_data>:
      f0:	12 e0       	ldi	r17, 0x02	; 2
      f2:	a0 e0       	ldi	r26, 0x00	; 0
      f4:	b2 e0       	ldi	r27, 0x02	; 2
      f6:	e4 e4       	ldi	r30, 0x44	; 68
      f8:	f8 e4       	ldi	r31, 0x48	; 72
      fa:	02 c0       	rjmp	.+4      	; 0x100 <__do_copy_data+0x10>
      fc:	05 90       	lpm	r0, Z+
      fe:	0d 92       	st	X+, r0
     100:	ae 38       	cpi	r26, 0x8E	; 142
     102:	b1 07       	cpc	r27, r17
     104:	d9 f7       	brne	.-10     	; 0xfc <__do_copy_data+0xc>

00000106 <__do_clear_bss>:
     106:	22 e0       	ldi	r18, 0x02	; 2
     108:	ae e8       	ldi	r26, 0x8E	; 142
     10a:	b2 e0       	ldi	r27, 0x02	; 2
     10c:	01 c0       	rjmp	.+2      	; 0x110 <.do_clear_bss_start>

0000010e <.do_clear_bss_loop>:
     10e:	1d 92       	st	X+, r1

00000110 <.do_clear_bss_start>:
     110:	a0 39       	cpi	r26, 0x90	; 144
     112:	b2 07       	cpc	r27, r18
     114:	e1 f7       	brne	.-8      	; 0x10e <.do_clear_bss_loop>
     116:	0e 94 22 22 	call	0x4444	; 0x4444 <main>
     11a:	0c 94 20 24 	jmp	0x4840	; 0x4840 <_exit>

0000011e <__bad_interrupt>:
     11e:	0c 94 00 00 	jmp	0	; 0x0 <__vectors>

00000122 <_ZN7DisplayC1EPPVhS2_PhS1_S1_h>:
    
    uint32_t lastTime;
    const uint32_t refreshInterval = 5;
    
    public:
    Display(
     122:	cf 92       	push	r12
     124:	ef 92       	push	r14
     126:	ff 92       	push	r15
     128:	0f 93       	push	r16
     12a:	1f 93       	push	r17
     12c:	cf 93       	push	r28
     12e:	df 93       	push	r29
     130:	cd b7       	in	r28, 0x3d	; 61
     132:	de b7       	in	r29, 0x3e	; 62
     134:	2e 97       	sbiw	r28, 0x0e	; 14
     136:	0f b6       	in	r0, 0x3f	; 63
     138:	f8 94       	cli
     13a:	de bf       	out	0x3e, r29	; 62
     13c:	0f be       	out	0x3f, r0	; 63
     13e:	cd bf       	out	0x3d, r28	; 61
     140:	9b 83       	std	Y+3, r25	; 0x03
     142:	8a 83       	std	Y+2, r24	; 0x02
     144:	7d 83       	std	Y+5, r23	; 0x05
     146:	6c 83       	std	Y+4, r22	; 0x04
     148:	5f 83       	std	Y+7, r21	; 0x07
     14a:	4e 83       	std	Y+6, r20	; 0x06
     14c:	39 87       	std	Y+9, r19	; 0x09
     14e:	28 87       	std	Y+8, r18	; 0x08
     150:	1b 87       	std	Y+11, r17	; 0x0b
     152:	0a 87       	std	Y+10, r16	; 0x0a
     154:	fd 86       	std	Y+13, r15	; 0x0d
     156:	ec 86       	std	Y+12, r14	; 0x0c
     158:	ce 86       	std	Y+14, r12	; 0x0e
        uint8_t mData[7],
        volatile uint8_t* pDS,
        volatile uint8_t* dDS,
        uint8_t mDS
        
    ) {
     15a:	8a 81       	ldd	r24, Y+2	; 0x02
     15c:	9b 81       	ldd	r25, Y+3	; 0x03
     15e:	2a e0       	ldi	r18, 0x0A	; 10
     160:	e0 e0       	ldi	r30, 0x00	; 0
     162:	f2 e0       	ldi	r31, 0x02	; 2
     164:	dc 01       	movw	r26, r24
     166:	9a 96       	adiw	r26, 0x2a	; 42
     168:	01 90       	ld	r0, Z+
     16a:	0d 92       	st	X+, r0
     16c:	2a 95       	dec	r18
     16e:	e1 f7       	brne	.-8      	; 0x168 <_ZN7DisplayC1EPPVhS2_PhS1_S1_h+0x46>
     170:	2a 81       	ldd	r18, Y+2	; 0x02
     172:	3b 81       	ldd	r19, Y+3	; 0x03
     174:	85 e0       	ldi	r24, 0x05	; 5
     176:	90 e0       	ldi	r25, 0x00	; 0
     178:	a0 e0       	ldi	r26, 0x00	; 0
     17a:	b0 e0       	ldi	r27, 0x00	; 0
     17c:	f9 01       	movw	r30, r18
     17e:	80 af       	std	Z+56, r24	; 0x38
     180:	91 af       	std	Z+57, r25	; 0x39
     182:	a2 af       	std	Z+58, r26	; 0x3a
     184:	b3 af       	std	Z+59, r27	; 0x3b
        for (uint8_t i = 0; i<7; i++) {
     186:	19 82       	std	Y+1, r1	; 0x01
     188:	89 81       	ldd	r24, Y+1	; 0x01
     18a:	87 30       	cpi	r24, 0x07	; 7
     18c:	08 f0       	brcs	.+2      	; 0x190 <_ZN7DisplayC1EPPVhS2_PhS1_S1_h+0x6e>
     18e:	48 c0       	rjmp	.+144    	; 0x220 <_ZN7DisplayC1EPPVhS2_PhS1_S1_h+0xfe>
            portData[i] = pData[i];
     190:	89 81       	ldd	r24, Y+1	; 0x01
     192:	88 2f       	mov	r24, r24
     194:	90 e0       	ldi	r25, 0x00	; 0
     196:	29 81       	ldd	r18, Y+1	; 0x01
     198:	22 2f       	mov	r18, r18
     19a:	30 e0       	ldi	r19, 0x00	; 0
     19c:	22 0f       	add	r18, r18
     19e:	33 1f       	adc	r19, r19
     1a0:	4c 81       	ldd	r20, Y+4	; 0x04
     1a2:	5d 81       	ldd	r21, Y+5	; 0x05
     1a4:	24 0f       	add	r18, r20
     1a6:	35 1f       	adc	r19, r21
     1a8:	f9 01       	movw	r30, r18
     1aa:	20 81       	ld	r18, Z
     1ac:	31 81       	ldd	r19, Z+1	; 0x01
     1ae:	4a 81       	ldd	r20, Y+2	; 0x02
     1b0:	5b 81       	ldd	r21, Y+3	; 0x03
     1b2:	88 0f       	add	r24, r24
     1b4:	99 1f       	adc	r25, r25
     1b6:	84 0f       	add	r24, r20
     1b8:	95 1f       	adc	r25, r21
     1ba:	fc 01       	movw	r30, r24
     1bc:	31 83       	std	Z+1, r19	; 0x01
     1be:	20 83       	st	Z, r18
            ddrData[i]  = dData[i];
     1c0:	89 81       	ldd	r24, Y+1	; 0x01
     1c2:	88 2f       	mov	r24, r24
     1c4:	90 e0       	ldi	r25, 0x00	; 0
     1c6:	29 81       	ldd	r18, Y+1	; 0x01
     1c8:	22 2f       	mov	r18, r18
     1ca:	30 e0       	ldi	r19, 0x00	; 0
     1cc:	22 0f       	add	r18, r18
     1ce:	33 1f       	adc	r19, r19
     1d0:	4e 81       	ldd	r20, Y+6	; 0x06
     1d2:	5f 81       	ldd	r21, Y+7	; 0x07
     1d4:	24 0f       	add	r18, r20
     1d6:	35 1f       	adc	r19, r21
     1d8:	f9 01       	movw	r30, r18
     1da:	20 81       	ld	r18, Z
     1dc:	31 81       	ldd	r19, Z+1	; 0x01
     1de:	4a 81       	ldd	r20, Y+2	; 0x02
     1e0:	5b 81       	ldd	r21, Y+3	; 0x03
     1e2:	07 96       	adiw	r24, 0x07	; 7
     1e4:	88 0f       	add	r24, r24
     1e6:	99 1f       	adc	r25, r25
     1e8:	84 0f       	add	r24, r20
     1ea:	95 1f       	adc	r25, r21
     1ec:	fc 01       	movw	r30, r24
     1ee:	31 83       	std	Z+1, r19	; 0x01
     1f0:	20 83       	st	Z, r18
            maskData[i] = mData[i];
     1f2:	89 81       	ldd	r24, Y+1	; 0x01
     1f4:	88 2f       	mov	r24, r24
     1f6:	90 e0       	ldi	r25, 0x00	; 0
     1f8:	29 81       	ldd	r18, Y+1	; 0x01
     1fa:	22 2f       	mov	r18, r18
     1fc:	30 e0       	ldi	r19, 0x00	; 0
     1fe:	48 85       	ldd	r20, Y+8	; 0x08
     200:	59 85       	ldd	r21, Y+9	; 0x09
     202:	24 0f       	add	r18, r20
     204:	35 1f       	adc	r19, r21
     206:	f9 01       	movw	r30, r18
     208:	40 81       	ld	r20, Z
     20a:	2a 81       	ldd	r18, Y+2	; 0x02
     20c:	3b 81       	ldd	r19, Y+3	; 0x03
     20e:	82 0f       	add	r24, r18
     210:	93 1f       	adc	r25, r19
     212:	4c 96       	adiw	r24, 0x1c	; 28
     214:	fc 01       	movw	r30, r24
     216:	40 83       	st	Z, r20
        volatile uint8_t* pDS,
        volatile uint8_t* dDS,
        uint8_t mDS
        
    ) {
        for (uint8_t i = 0; i<7; i++) {
     218:	89 81       	ldd	r24, Y+1	; 0x01
     21a:	8f 5f       	subi	r24, 0xFF	; 255
     21c:	89 83       	std	Y+1, r24	; 0x01
     21e:	b4 cf       	rjmp	.-152    	; 0x188 <_ZN7DisplayC1EPPVhS2_PhS1_S1_h+0x66>
            portData[i] = pData[i];
            ddrData[i]  = dData[i];
            maskData[i] = mData[i];
        }
        
        portDS = pDS;
     220:	8a 81       	ldd	r24, Y+2	; 0x02
     222:	9b 81       	ldd	r25, Y+3	; 0x03
     224:	2a 85       	ldd	r18, Y+10	; 0x0a
     226:	3b 85       	ldd	r19, Y+11	; 0x0b
     228:	fc 01       	movw	r30, r24
     22a:	34 a3       	std	Z+36, r19	; 0x24
     22c:	23 a3       	std	Z+35, r18	; 0x23
        ddrDS  = dDS;
     22e:	8a 81       	ldd	r24, Y+2	; 0x02
     230:	9b 81       	ldd	r25, Y+3	; 0x03
     232:	2c 85       	ldd	r18, Y+12	; 0x0c
     234:	3d 85       	ldd	r19, Y+13	; 0x0d
     236:	fc 01       	movw	r30, r24
     238:	36 a3       	std	Z+38, r19	; 0x26
     23a:	25 a3       	std	Z+37, r18	; 0x25
        maskDS = mDS;
     23c:	8a 81       	ldd	r24, Y+2	; 0x02
     23e:	9b 81       	ldd	r25, Y+3	; 0x03
     240:	2e 85       	ldd	r18, Y+14	; 0x0e
     242:	fc 01       	movw	r30, r24
     244:	27 a3       	std	Z+39, r18	; 0x27
        
        currentScore = 0;
     246:	8a 81       	ldd	r24, Y+2	; 0x02
     248:	9b 81       	ldd	r25, Y+3	; 0x03
     24a:	fc 01       	movw	r30, r24
     24c:	10 a6       	std	Z+40, r1	; 0x28
        showTens = false;
     24e:	8a 81       	ldd	r24, Y+2	; 0x02
     250:	9b 81       	ldd	r25, Y+3	; 0x03
     252:	fc 01       	movw	r30, r24
     254:	11 a6       	std	Z+41, r1	; 0x29
    }
     256:	00 00       	nop
     258:	2e 96       	adiw	r28, 0x0e	; 14
     25a:	0f b6       	in	r0, 0x3f	; 63
     25c:	f8 94       	cli
     25e:	de bf       	out	0x3e, r29	; 62
     260:	0f be       	out	0x3f, r0	; 63
     262:	cd bf       	out	0x3d, r28	; 61
     264:	df 91       	pop	r29
     266:	cf 91       	pop	r28
     268:	1f 91       	pop	r17
     26a:	0f 91       	pop	r16
     26c:	ff 90       	pop	r15
     26e:	ef 90       	pop	r14
     270:	cf 90       	pop	r12
     272:	08 95       	ret

00000274 <_ZN7Display4initEv>:
    
    void init() {
     274:	cf 93       	push	r28
     276:	df 93       	push	r29
     278:	00 d0       	rcall	.+0      	; 0x27a <_ZN7Display4initEv+0x6>
     27a:	1f 92       	push	r1
     27c:	cd b7       	in	r28, 0x3d	; 61
     27e:	de b7       	in	r29, 0x3e	; 62
     280:	9b 83       	std	Y+3, r25	; 0x03
     282:	8a 83       	std	Y+2, r24	; 0x02
        for (uint8_t i = 0; i<7; i++) {
     284:	19 82       	std	Y+1, r1	; 0x01
     286:	89 81       	ldd	r24, Y+1	; 0x01
     288:	87 30       	cpi	r24, 0x07	; 7
     28a:	08 f0       	brcs	.+2      	; 0x28e <_ZN7Display4initEv+0x1a>
     28c:	59 c0       	rjmp	.+178    	; 0x340 <_ZN7Display4initEv+0xcc>
            *ddrData[i] |= maskData[i];
     28e:	89 81       	ldd	r24, Y+1	; 0x01
     290:	88 2f       	mov	r24, r24
     292:	90 e0       	ldi	r25, 0x00	; 0
     294:	2a 81       	ldd	r18, Y+2	; 0x02
     296:	3b 81       	ldd	r19, Y+3	; 0x03
     298:	07 96       	adiw	r24, 0x07	; 7
     29a:	88 0f       	add	r24, r24
     29c:	99 1f       	adc	r25, r25
     29e:	82 0f       	add	r24, r18
     2a0:	93 1f       	adc	r25, r19
     2a2:	fc 01       	movw	r30, r24
     2a4:	80 81       	ld	r24, Z
     2a6:	91 81       	ldd	r25, Z+1	; 0x01
     2a8:	29 81       	ldd	r18, Y+1	; 0x01
     2aa:	22 2f       	mov	r18, r18
     2ac:	30 e0       	ldi	r19, 0x00	; 0
     2ae:	4a 81       	ldd	r20, Y+2	; 0x02
     2b0:	5b 81       	ldd	r21, Y+3	; 0x03
     2b2:	29 5f       	subi	r18, 0xF9	; 249
     2b4:	3f 4f       	sbci	r19, 0xFF	; 255
     2b6:	22 0f       	add	r18, r18
     2b8:	33 1f       	adc	r19, r19
     2ba:	24 0f       	add	r18, r20
     2bc:	35 1f       	adc	r19, r21
     2be:	f9 01       	movw	r30, r18
     2c0:	20 81       	ld	r18, Z
     2c2:	31 81       	ldd	r19, Z+1	; 0x01
     2c4:	f9 01       	movw	r30, r18
     2c6:	60 81       	ld	r22, Z
     2c8:	29 81       	ldd	r18, Y+1	; 0x01
     2ca:	22 2f       	mov	r18, r18
     2cc:	30 e0       	ldi	r19, 0x00	; 0
     2ce:	4a 81       	ldd	r20, Y+2	; 0x02
     2d0:	5b 81       	ldd	r21, Y+3	; 0x03
     2d2:	24 0f       	add	r18, r20
     2d4:	35 1f       	adc	r19, r21
     2d6:	24 5e       	subi	r18, 0xE4	; 228
     2d8:	3f 4f       	sbci	r19, 0xFF	; 255
     2da:	f9 01       	movw	r30, r18
     2dc:	20 81       	ld	r18, Z
     2de:	26 2b       	or	r18, r22
     2e0:	fc 01       	movw	r30, r24
     2e2:	20 83       	st	Z, r18
            *portData[i] &= ~maskData[i];
     2e4:	89 81       	ldd	r24, Y+1	; 0x01
     2e6:	88 2f       	mov	r24, r24
     2e8:	90 e0       	ldi	r25, 0x00	; 0
     2ea:	2a 81       	ldd	r18, Y+2	; 0x02
     2ec:	3b 81       	ldd	r19, Y+3	; 0x03
     2ee:	88 0f       	add	r24, r24
     2f0:	99 1f       	adc	r25, r25
     2f2:	82 0f       	add	r24, r18
     2f4:	93 1f       	adc	r25, r19
     2f6:	fc 01       	movw	r30, r24
     2f8:	80 81       	ld	r24, Z
     2fa:	91 81       	ldd	r25, Z+1	; 0x01
     2fc:	29 81       	ldd	r18, Y+1	; 0x01
     2fe:	22 2f       	mov	r18, r18
     300:	30 e0       	ldi	r19, 0x00	; 0
     302:	4a 81       	ldd	r20, Y+2	; 0x02
     304:	5b 81       	ldd	r21, Y+3	; 0x03
     306:	22 0f       	add	r18, r18
     308:	33 1f       	adc	r19, r19
     30a:	24 0f       	add	r18, r20
     30c:	35 1f       	adc	r19, r21
     30e:	f9 01       	movw	r30, r18
     310:	20 81       	ld	r18, Z
     312:	31 81       	ldd	r19, Z+1	; 0x01
     314:	f9 01       	movw	r30, r18
     316:	20 81       	ld	r18, Z
     318:	62 2f       	mov	r22, r18
     31a:	29 81       	ldd	r18, Y+1	; 0x01
     31c:	22 2f       	mov	r18, r18
     31e:	30 e0       	ldi	r19, 0x00	; 0
     320:	4a 81       	ldd	r20, Y+2	; 0x02
     322:	5b 81       	ldd	r21, Y+3	; 0x03
     324:	24 0f       	add	r18, r20
     326:	35 1f       	adc	r19, r21
     328:	24 5e       	subi	r18, 0xE4	; 228
     32a:	3f 4f       	sbci	r19, 0xFF	; 255
     32c:	f9 01       	movw	r30, r18
     32e:	20 81       	ld	r18, Z
     330:	20 95       	com	r18
     332:	26 23       	and	r18, r22
     334:	fc 01       	movw	r30, r24
     336:	20 83       	st	Z, r18
        currentScore = 0;
        showTens = false;
    }
    
    void init() {
        for (uint8_t i = 0; i<7; i++) {
     338:	89 81       	ldd	r24, Y+1	; 0x01
     33a:	8f 5f       	subi	r24, 0xFF	; 255
     33c:	89 83       	std	Y+1, r24	; 0x01
     33e:	a3 cf       	rjmp	.-186    	; 0x286 <_ZN7Display4initEv+0x12>
            *ddrData[i] |= maskData[i];
            *portData[i] &= ~maskData[i];
        }
        
        *ddrDS  |=  maskDS;
     340:	8a 81       	ldd	r24, Y+2	; 0x02
     342:	9b 81       	ldd	r25, Y+3	; 0x03
     344:	fc 01       	movw	r30, r24
     346:	85 a1       	ldd	r24, Z+37	; 0x25
     348:	96 a1       	ldd	r25, Z+38	; 0x26
     34a:	2a 81       	ldd	r18, Y+2	; 0x02
     34c:	3b 81       	ldd	r19, Y+3	; 0x03
     34e:	f9 01       	movw	r30, r18
     350:	25 a1       	ldd	r18, Z+37	; 0x25
     352:	36 a1       	ldd	r19, Z+38	; 0x26
     354:	f9 01       	movw	r30, r18
     356:	40 81       	ld	r20, Z
     358:	2a 81       	ldd	r18, Y+2	; 0x02
     35a:	3b 81       	ldd	r19, Y+3	; 0x03
     35c:	f9 01       	movw	r30, r18
     35e:	27 a1       	ldd	r18, Z+39	; 0x27
     360:	24 2b       	or	r18, r20
     362:	fc 01       	movw	r30, r24
     364:	20 83       	st	Z, r18
        *portDS &= ~maskDS;
     366:	8a 81       	ldd	r24, Y+2	; 0x02
     368:	9b 81       	ldd	r25, Y+3	; 0x03
     36a:	fc 01       	movw	r30, r24
     36c:	83 a1       	ldd	r24, Z+35	; 0x23
     36e:	94 a1       	ldd	r25, Z+36	; 0x24
     370:	2a 81       	ldd	r18, Y+2	; 0x02
     372:	3b 81       	ldd	r19, Y+3	; 0x03
     374:	f9 01       	movw	r30, r18
     376:	23 a1       	ldd	r18, Z+35	; 0x23
     378:	34 a1       	ldd	r19, Z+36	; 0x24
     37a:	f9 01       	movw	r30, r18
     37c:	20 81       	ld	r18, Z
     37e:	42 2f       	mov	r20, r18
     380:	2a 81       	ldd	r18, Y+2	; 0x02
     382:	3b 81       	ldd	r19, Y+3	; 0x03
     384:	f9 01       	movw	r30, r18
     386:	27 a1       	ldd	r18, Z+39	; 0x27
     388:	20 95       	com	r18
     38a:	24 23       	and	r18, r20
     38c:	fc 01       	movw	r30, r24
     38e:	20 83       	st	Z, r18
    }
     390:	00 00       	nop
     392:	0f 90       	pop	r0
     394:	0f 90       	pop	r0
     396:	0f 90       	pop	r0
     398:	df 91       	pop	r29
     39a:	cf 91       	pop	r28
     39c:	08 95       	ret

0000039e <_ZN7Display5clearEv>:
    
    void clear() {
     39e:	cf 93       	push	r28
     3a0:	df 93       	push	r29
     3a2:	00 d0       	rcall	.+0      	; 0x3a4 <_ZN7Display5clearEv+0x6>
     3a4:	1f 92       	push	r1
     3a6:	cd b7       	in	r28, 0x3d	; 61
     3a8:	de b7       	in	r29, 0x3e	; 62
     3aa:	9b 83       	std	Y+3, r25	; 0x03
     3ac:	8a 83       	std	Y+2, r24	; 0x02
        // Apagar todos los segmentos
        for (uint8_t i = 0; i<7; i++) {
     3ae:	19 82       	std	Y+1, r1	; 0x01
     3b0:	89 81       	ldd	r24, Y+1	; 0x01
     3b2:	87 30       	cpi	r24, 0x07	; 7
     3b4:	70 f5       	brcc	.+92     	; 0x412 <__LOCK_REGION_LENGTH__+0x12>
            *portData[i] &= ~maskData[i];
     3b6:	89 81       	ldd	r24, Y+1	; 0x01
     3b8:	88 2f       	mov	r24, r24
     3ba:	90 e0       	ldi	r25, 0x00	; 0
     3bc:	2a 81       	ldd	r18, Y+2	; 0x02
     3be:	3b 81       	ldd	r19, Y+3	; 0x03
     3c0:	88 0f       	add	r24, r24
     3c2:	99 1f       	adc	r25, r25
     3c4:	82 0f       	add	r24, r18
     3c6:	93 1f       	adc	r25, r19
     3c8:	fc 01       	movw	r30, r24
     3ca:	80 81       	ld	r24, Z
     3cc:	91 81       	ldd	r25, Z+1	; 0x01
     3ce:	29 81       	ldd	r18, Y+1	; 0x01
     3d0:	22 2f       	mov	r18, r18
     3d2:	30 e0       	ldi	r19, 0x00	; 0
     3d4:	4a 81       	ldd	r20, Y+2	; 0x02
     3d6:	5b 81       	ldd	r21, Y+3	; 0x03
     3d8:	22 0f       	add	r18, r18
     3da:	33 1f       	adc	r19, r19
     3dc:	24 0f       	add	r18, r20
     3de:	35 1f       	adc	r19, r21
     3e0:	f9 01       	movw	r30, r18
     3e2:	20 81       	ld	r18, Z
     3e4:	31 81       	ldd	r19, Z+1	; 0x01
     3e6:	f9 01       	movw	r30, r18
     3e8:	20 81       	ld	r18, Z
     3ea:	62 2f       	mov	r22, r18
     3ec:	29 81       	ldd	r18, Y+1	; 0x01
     3ee:	22 2f       	mov	r18, r18
     3f0:	30 e0       	ldi	r19, 0x00	; 0
     3f2:	4a 81       	ldd	r20, Y+2	; 0x02
     3f4:	5b 81       	ldd	r21, Y+3	; 0x03
     3f6:	24 0f       	add	r18, r20
     3f8:	35 1f       	adc	r19, r21
     3fa:	24 5e       	subi	r18, 0xE4	; 228
     3fc:	3f 4f       	sbci	r19, 0xFF	; 255
     3fe:	f9 01       	movw	r30, r18
     400:	20 81       	ld	r18, Z
     402:	20 95       	com	r18
     404:	26 23       	and	r18, r22
     406:	fc 01       	movw	r30, r24
     408:	20 83       	st	Z, r18
        *portDS &= ~maskDS;
    }
    
    void clear() {
        // Apagar todos los segmentos
        for (uint8_t i = 0; i<7; i++) {
     40a:	89 81       	ldd	r24, Y+1	; 0x01
     40c:	8f 5f       	subi	r24, 0xFF	; 255
     40e:	89 83       	std	Y+1, r24	; 0x01
     410:	cf cf       	rjmp	.-98     	; 0x3b0 <_ZN7Display5clearEv+0x12>
            *portData[i] &= ~maskData[i];
        }
    }
     412:	00 00       	nop
     414:	0f 90       	pop	r0
     416:	0f 90       	pop	r0
     418:	0f 90       	pop	r0
     41a:	df 91       	pop	r29
     41c:	cf 91       	pop	r28
     41e:	08 95       	ret

00000420 <_ZN7Display10printDigitEh>:
    
    void printDigit(uint8_t digit) {
     420:	cf 93       	push	r28
     422:	df 93       	push	r29
     424:	00 d0       	rcall	.+0      	; 0x426 <_ZN7Display10printDigitEh+0x6>
     426:	00 d0       	rcall	.+0      	; 0x428 <_ZN7Display10printDigitEh+0x8>
     428:	1f 92       	push	r1
     42a:	cd b7       	in	r28, 0x3d	; 61
     42c:	de b7       	in	r29, 0x3e	; 62
     42e:	9c 83       	std	Y+4, r25	; 0x04
     430:	8b 83       	std	Y+3, r24	; 0x03
     432:	6d 83       	std	Y+5, r22	; 0x05
        // Mostrar un dígito (0-9) en el display.
        if (digit>9) return;
     434:	8d 81       	ldd	r24, Y+5	; 0x05
     436:	8a 30       	cpi	r24, 0x0A	; 10
     438:	08 f0       	brcs	.+2      	; 0x43c <_ZN7Display10printDigitEh+0x1c>
     43a:	76 c0       	rjmp	.+236    	; 0x528 <_ZN7Display10printDigitEh+0x108>
        uint8_t pattern = digits[digit];
     43c:	8d 81       	ldd	r24, Y+5	; 0x05
     43e:	88 2f       	mov	r24, r24
     440:	90 e0       	ldi	r25, 0x00	; 0
     442:	2b 81       	ldd	r18, Y+3	; 0x03
     444:	3c 81       	ldd	r19, Y+4	; 0x04
     446:	82 0f       	add	r24, r18
     448:	93 1f       	adc	r25, r19
     44a:	8a 96       	adiw	r24, 0x2a	; 42
     44c:	fc 01       	movw	r30, r24
     44e:	80 81       	ld	r24, Z
     450:	8a 83       	std	Y+2, r24	; 0x02
        
        for (uint8_t i=0; i<7; i++) {
     452:	19 82       	std	Y+1, r1	; 0x01
     454:	89 81       	ldd	r24, Y+1	; 0x01
     456:	87 30       	cpi	r24, 0x07	; 7
     458:	08 f0       	brcs	.+2      	; 0x45c <_ZN7Display10printDigitEh+0x3c>
     45a:	67 c0       	rjmp	.+206    	; 0x52a <_ZN7Display10printDigitEh+0x10a>
            if (pattern & (1<<i)) {
     45c:	8a 81       	ldd	r24, Y+2	; 0x02
     45e:	88 2f       	mov	r24, r24
     460:	90 e0       	ldi	r25, 0x00	; 0
     462:	29 81       	ldd	r18, Y+1	; 0x01
     464:	22 2f       	mov	r18, r18
     466:	30 e0       	ldi	r19, 0x00	; 0
     468:	02 c0       	rjmp	.+4      	; 0x46e <_ZN7Display10printDigitEh+0x4e>
     46a:	95 95       	asr	r25
     46c:	87 95       	ror	r24
     46e:	2a 95       	dec	r18
     470:	e2 f7       	brpl	.-8      	; 0x46a <_ZN7Display10printDigitEh+0x4a>
     472:	81 70       	andi	r24, 0x01	; 1
     474:	99 27       	eor	r25, r25
     476:	89 2b       	or	r24, r25
     478:	49 f1       	breq	.+82     	; 0x4cc <_ZN7Display10printDigitEh+0xac>
                *portData[i] |= maskData[i];
     47a:	89 81       	ldd	r24, Y+1	; 0x01
     47c:	88 2f       	mov	r24, r24
     47e:	90 e0       	ldi	r25, 0x00	; 0
     480:	2b 81       	ldd	r18, Y+3	; 0x03
     482:	3c 81       	ldd	r19, Y+4	; 0x04
     484:	88 0f       	add	r24, r24
     486:	99 1f       	adc	r25, r25
     488:	82 0f       	add	r24, r18
     48a:	93 1f       	adc	r25, r19
     48c:	fc 01       	movw	r30, r24
     48e:	80 81       	ld	r24, Z
     490:	91 81       	ldd	r25, Z+1	; 0x01
     492:	29 81       	ldd	r18, Y+1	; 0x01
     494:	22 2f       	mov	r18, r18
     496:	30 e0       	ldi	r19, 0x00	; 0
     498:	4b 81       	ldd	r20, Y+3	; 0x03
     49a:	5c 81       	ldd	r21, Y+4	; 0x04
     49c:	22 0f       	add	r18, r18
     49e:	33 1f       	adc	r19, r19
     4a0:	24 0f       	add	r18, r20
     4a2:	35 1f       	adc	r19, r21
     4a4:	f9 01       	movw	r30, r18
     4a6:	20 81       	ld	r18, Z
     4a8:	31 81       	ldd	r19, Z+1	; 0x01
     4aa:	f9 01       	movw	r30, r18
     4ac:	60 81       	ld	r22, Z
     4ae:	29 81       	ldd	r18, Y+1	; 0x01
     4b0:	22 2f       	mov	r18, r18
     4b2:	30 e0       	ldi	r19, 0x00	; 0
     4b4:	4b 81       	ldd	r20, Y+3	; 0x03
     4b6:	5c 81       	ldd	r21, Y+4	; 0x04
     4b8:	24 0f       	add	r18, r20
     4ba:	35 1f       	adc	r19, r21
     4bc:	24 5e       	subi	r18, 0xE4	; 228
     4be:	3f 4f       	sbci	r19, 0xFF	; 255
     4c0:	f9 01       	movw	r30, r18
     4c2:	20 81       	ld	r18, Z
     4c4:	26 2b       	or	r18, r22
     4c6:	fc 01       	movw	r30, r24
     4c8:	20 83       	st	Z, r18
     4ca:	2a c0       	rjmp	.+84     	; 0x520 <_ZN7Display10printDigitEh+0x100>
            } else {
                *portData[i] &= ~maskData[i];
     4cc:	89 81       	ldd	r24, Y+1	; 0x01
     4ce:	88 2f       	mov	r24, r24
     4d0:	90 e0       	ldi	r25, 0x00	; 0
     4d2:	2b 81       	ldd	r18, Y+3	; 0x03
     4d4:	3c 81       	ldd	r19, Y+4	; 0x04
     4d6:	88 0f       	add	r24, r24
     4d8:	99 1f       	adc	r25, r25
     4da:	82 0f       	add	r24, r18
     4dc:	93 1f       	adc	r25, r19
     4de:	fc 01       	movw	r30, r24
     4e0:	80 81       	ld	r24, Z
     4e2:	91 81       	ldd	r25, Z+1	; 0x01
     4e4:	29 81       	ldd	r18, Y+1	; 0x01
     4e6:	22 2f       	mov	r18, r18
     4e8:	30 e0       	ldi	r19, 0x00	; 0
     4ea:	4b 81       	ldd	r20, Y+3	; 0x03
     4ec:	5c 81       	ldd	r21, Y+4	; 0x04
     4ee:	22 0f       	add	r18, r18
     4f0:	33 1f       	adc	r19, r19
     4f2:	24 0f       	add	r18, r20
     4f4:	35 1f       	adc	r19, r21
     4f6:	f9 01       	movw	r30, r18
     4f8:	20 81       	ld	r18, Z
     4fa:	31 81       	ldd	r19, Z+1	; 0x01
     4fc:	f9 01       	movw	r30, r18
     4fe:	20 81       	ld	r18, Z
     500:	62 2f       	mov	r22, r18
     502:	29 81       	ldd	r18, Y+1	; 0x01
     504:	22 2f       	mov	r18, r18
     506:	30 e0       	ldi	r19, 0x00	; 0
     508:	4b 81       	ldd	r20, Y+3	; 0x03
     50a:	5c 81       	ldd	r21, Y+4	; 0x04
     50c:	24 0f       	add	r18, r20
     50e:	35 1f       	adc	r19, r21
     510:	24 5e       	subi	r18, 0xE4	; 228
     512:	3f 4f       	sbci	r19, 0xFF	; 255
     514:	f9 01       	movw	r30, r18
     516:	20 81       	ld	r18, Z
     518:	20 95       	com	r18
     51a:	26 23       	and	r18, r22
     51c:	fc 01       	movw	r30, r24
     51e:	20 83       	st	Z, r18
    void printDigit(uint8_t digit) {
        // Mostrar un dígito (0-9) en el display.
        if (digit>9) return;
        uint8_t pattern = digits[digit];
        
        for (uint8_t i=0; i<7; i++) {
     520:	89 81       	ldd	r24, Y+1	; 0x01
     522:	8f 5f       	subi	r24, 0xFF	; 255
     524:	89 83       	std	Y+1, r24	; 0x01
     526:	96 cf       	rjmp	.-212    	; 0x454 <_ZN7Display10printDigitEh+0x34>
        }
    }
    
    void printDigit(uint8_t digit) {
        // Mostrar un dígito (0-9) en el display.
        if (digit>9) return;
     528:	00 00       	nop
                *portData[i] |= maskData[i];
            } else {
                *portData[i] &= ~maskData[i];
            }
        }
    }
     52a:	0f 90       	pop	r0
     52c:	0f 90       	pop	r0
     52e:	0f 90       	pop	r0
     530:	0f 90       	pop	r0
     532:	0f 90       	pop	r0
     534:	df 91       	pop	r29
     536:	cf 91       	pop	r28
     538:	08 95       	ret

0000053a <_ZN7Display8setScoreEh>:
    
    void setScore(uint8_t score) {
     53a:	cf 93       	push	r28
     53c:	df 93       	push	r29
     53e:	00 d0       	rcall	.+0      	; 0x540 <_ZN7Display8setScoreEh+0x6>
     540:	1f 92       	push	r1
     542:	cd b7       	in	r28, 0x3d	; 61
     544:	de b7       	in	r29, 0x3e	; 62
     546:	9a 83       	std	Y+2, r25	; 0x02
     548:	89 83       	std	Y+1, r24	; 0x01
     54a:	6b 83       	std	Y+3, r22	; 0x03
        // Establece el puntaje actual (número a mostrar).
        if (score > 99) score = 99;
     54c:	8b 81       	ldd	r24, Y+3	; 0x03
     54e:	84 36       	cpi	r24, 0x64	; 100
     550:	10 f0       	brcs	.+4      	; 0x556 <_ZN7Display8setScoreEh+0x1c>
     552:	83 e6       	ldi	r24, 0x63	; 99
     554:	8b 83       	std	Y+3, r24	; 0x03
        currentScore = score; 
     556:	89 81       	ldd	r24, Y+1	; 0x01
     558:	9a 81       	ldd	r25, Y+2	; 0x02
     55a:	2b 81       	ldd	r18, Y+3	; 0x03
     55c:	fc 01       	movw	r30, r24
     55e:	20 a7       	std	Z+40, r18	; 0x28
    }
     560:	00 00       	nop
     562:	0f 90       	pop	r0
     564:	0f 90       	pop	r0
     566:	0f 90       	pop	r0
     568:	df 91       	pop	r29
     56a:	cf 91       	pop	r28
     56c:	08 95       	ret

0000056e <_ZN7Display7refreshEv>:
    
    void resetScore() {
        currentScore=0;
    }
    
    void refresh() {
     56e:	cf 93       	push	r28
     570:	df 93       	push	r29
     572:	00 d0       	rcall	.+0      	; 0x574 <_ZN7Display7refreshEv+0x6>
     574:	00 d0       	rcall	.+0      	; 0x576 <_ZN7Display7refreshEv+0x8>
     576:	cd b7       	in	r28, 0x3d	; 61
     578:	de b7       	in	r29, 0x3e	; 62
     57a:	9c 83       	std	Y+4, r25	; 0x04
     57c:	8b 83       	std	Y+3, r24	; 0x03
        // Actualiza el display mostrando el dígito correspondiente.
        clear();
     57e:	8b 81       	ldd	r24, Y+3	; 0x03
     580:	9c 81       	ldd	r25, Y+4	; 0x04
     582:	0e 94 cf 01 	call	0x39e	; 0x39e <_ZN7Display5clearEv>
        if (showTens) {
     586:	8b 81       	ldd	r24, Y+3	; 0x03
     588:	9c 81       	ldd	r25, Y+4	; 0x04
     58a:	fc 01       	movw	r30, r24
     58c:	81 a5       	ldd	r24, Z+41	; 0x29
     58e:	88 23       	and	r24, r24
     590:	29 f1       	breq	.+74     	; 0x5dc <_ZN7Display7refreshEv+0x6e>
            uint8_t tens = currentScore/10;
     592:	8b 81       	ldd	r24, Y+3	; 0x03
     594:	9c 81       	ldd	r25, Y+4	; 0x04
     596:	fc 01       	movw	r30, r24
     598:	90 a5       	ldd	r25, Z+40	; 0x28
     59a:	8d ec       	ldi	r24, 0xCD	; 205
     59c:	98 9f       	mul	r25, r24
     59e:	81 2d       	mov	r24, r1
     5a0:	11 24       	eor	r1, r1
     5a2:	86 95       	lsr	r24
     5a4:	86 95       	lsr	r24
     5a6:	86 95       	lsr	r24
     5a8:	89 83       	std	Y+1, r24	; 0x01
            *portDS |= maskDS;
     5aa:	8b 81       	ldd	r24, Y+3	; 0x03
     5ac:	9c 81       	ldd	r25, Y+4	; 0x04
     5ae:	fc 01       	movw	r30, r24
     5b0:	83 a1       	ldd	r24, Z+35	; 0x23
     5b2:	94 a1       	ldd	r25, Z+36	; 0x24
     5b4:	2b 81       	ldd	r18, Y+3	; 0x03
     5b6:	3c 81       	ldd	r19, Y+4	; 0x04
     5b8:	f9 01       	movw	r30, r18
     5ba:	23 a1       	ldd	r18, Z+35	; 0x23
     5bc:	34 a1       	ldd	r19, Z+36	; 0x24
     5be:	f9 01       	movw	r30, r18
     5c0:	40 81       	ld	r20, Z
     5c2:	2b 81       	ldd	r18, Y+3	; 0x03
     5c4:	3c 81       	ldd	r19, Y+4	; 0x04
     5c6:	f9 01       	movw	r30, r18
     5c8:	27 a1       	ldd	r18, Z+39	; 0x27
     5ca:	24 2b       	or	r18, r20
     5cc:	fc 01       	movw	r30, r24
     5ce:	20 83       	st	Z, r18
            printDigit(tens);
     5d0:	8b 81       	ldd	r24, Y+3	; 0x03
     5d2:	9c 81       	ldd	r25, Y+4	; 0x04
     5d4:	69 81       	ldd	r22, Y+1	; 0x01
     5d6:	0e 94 10 02 	call	0x420	; 0x420 <_ZN7Display10printDigitEh>
     5da:	2e c0       	rjmp	.+92     	; 0x638 <_ZN7Display7refreshEv+0xca>
        } else {
            uint8_t units = currentScore%10;
     5dc:	8b 81       	ldd	r24, Y+3	; 0x03
     5de:	9c 81       	ldd	r25, Y+4	; 0x04
     5e0:	fc 01       	movw	r30, r24
     5e2:	90 a5       	ldd	r25, Z+40	; 0x28
     5e4:	8d ec       	ldi	r24, 0xCD	; 205
     5e6:	98 9f       	mul	r25, r24
     5e8:	81 2d       	mov	r24, r1
     5ea:	11 24       	eor	r1, r1
     5ec:	86 95       	lsr	r24
     5ee:	86 95       	lsr	r24
     5f0:	86 95       	lsr	r24
     5f2:	88 0f       	add	r24, r24
     5f4:	28 2f       	mov	r18, r24
     5f6:	22 0f       	add	r18, r18
     5f8:	22 0f       	add	r18, r18
     5fa:	82 0f       	add	r24, r18
     5fc:	f9 2f       	mov	r31, r25
     5fe:	f8 1b       	sub	r31, r24
     600:	8f 2f       	mov	r24, r31
     602:	8a 83       	std	Y+2, r24	; 0x02
            *portDS &= ~maskDS;
     604:	8b 81       	ldd	r24, Y+3	; 0x03
     606:	9c 81       	ldd	r25, Y+4	; 0x04
     608:	fc 01       	movw	r30, r24
     60a:	83 a1       	ldd	r24, Z+35	; 0x23
     60c:	94 a1       	ldd	r25, Z+36	; 0x24
     60e:	2b 81       	ldd	r18, Y+3	; 0x03
     610:	3c 81       	ldd	r19, Y+4	; 0x04
     612:	f9 01       	movw	r30, r18
     614:	23 a1       	ldd	r18, Z+35	; 0x23
     616:	34 a1       	ldd	r19, Z+36	; 0x24
     618:	f9 01       	movw	r30, r18
     61a:	20 81       	ld	r18, Z
     61c:	42 2f       	mov	r20, r18
     61e:	2b 81       	ldd	r18, Y+3	; 0x03
     620:	3c 81       	ldd	r19, Y+4	; 0x04
     622:	f9 01       	movw	r30, r18
     624:	27 a1       	ldd	r18, Z+39	; 0x27
     626:	20 95       	com	r18
     628:	24 23       	and	r18, r20
     62a:	fc 01       	movw	r30, r24
     62c:	20 83       	st	Z, r18
            printDigit(units);
     62e:	8b 81       	ldd	r24, Y+3	; 0x03
     630:	9c 81       	ldd	r25, Y+4	; 0x04
     632:	6a 81       	ldd	r22, Y+2	; 0x02
     634:	0e 94 10 02 	call	0x420	; 0x420 <_ZN7Display10printDigitEh>
        }
        
        showTens = !showTens;
     638:	8b 81       	ldd	r24, Y+3	; 0x03
     63a:	9c 81       	ldd	r25, Y+4	; 0x04
     63c:	fc 01       	movw	r30, r24
     63e:	91 a5       	ldd	r25, Z+41	; 0x29
     640:	81 e0       	ldi	r24, 0x01	; 1
     642:	29 2f       	mov	r18, r25
     644:	28 27       	eor	r18, r24
     646:	8b 81       	ldd	r24, Y+3	; 0x03
     648:	9c 81       	ldd	r25, Y+4	; 0x04
     64a:	fc 01       	movw	r30, r24
     64c:	21 a7       	std	Z+41, r18	; 0x29
    }
     64e:	00 00       	nop
     650:	0f 90       	pop	r0
     652:	0f 90       	pop	r0
     654:	0f 90       	pop	r0
     656:	0f 90       	pop	r0
     658:	df 91       	pop	r29
     65a:	cf 91       	pop	r28
     65c:	08 95       	ret

0000065e <_ZN7Display6updateEmb>:
    
    void update(uint32_t currentTime, bool endGame) {
     65e:	cf 93       	push	r28
     660:	df 93       	push	r29
     662:	cd b7       	in	r28, 0x3d	; 61
     664:	de b7       	in	r29, 0x3e	; 62
     666:	27 97       	sbiw	r28, 0x07	; 7
     668:	0f b6       	in	r0, 0x3f	; 63
     66a:	f8 94       	cli
     66c:	de bf       	out	0x3e, r29	; 62
     66e:	0f be       	out	0x3f, r0	; 63
     670:	cd bf       	out	0x3d, r28	; 61
     672:	9a 83       	std	Y+2, r25	; 0x02
     674:	89 83       	std	Y+1, r24	; 0x01
     676:	4b 83       	std	Y+3, r20	; 0x03
     678:	5c 83       	std	Y+4, r21	; 0x04
     67a:	6d 83       	std	Y+5, r22	; 0x05
     67c:	7e 83       	std	Y+6, r23	; 0x06
     67e:	2f 83       	std	Y+7, r18	; 0x07
        /*
         * Actualiza el display según el tiempo y el estado del juego.
         * Si endGame, parpadea el puntaje.
         */
        if (endGame && ((currentTime%1000) >= 900)) {
     680:	8f 81       	ldd	r24, Y+7	; 0x07
     682:	88 23       	and	r24, r24
     684:	c1 f0       	breq	.+48     	; 0x6b6 <_ZN7Display6updateEmb+0x58>
     686:	8b 81       	ldd	r24, Y+3	; 0x03
     688:	9c 81       	ldd	r25, Y+4	; 0x04
     68a:	ad 81       	ldd	r26, Y+5	; 0x05
     68c:	be 81       	ldd	r27, Y+6	; 0x06
     68e:	28 ee       	ldi	r18, 0xE8	; 232
     690:	33 e0       	ldi	r19, 0x03	; 3
     692:	40 e0       	ldi	r20, 0x00	; 0
     694:	50 e0       	ldi	r21, 0x00	; 0
     696:	bc 01       	movw	r22, r24
     698:	cd 01       	movw	r24, r26
     69a:	0e 94 fe 23 	call	0x47fc	; 0x47fc <__udivmodsi4>
     69e:	dc 01       	movw	r26, r24
     6a0:	cb 01       	movw	r24, r22
     6a2:	84 38       	cpi	r24, 0x84	; 132
     6a4:	93 40       	sbci	r25, 0x03	; 3
     6a6:	a1 05       	cpc	r26, r1
     6a8:	b1 05       	cpc	r27, r1
     6aa:	28 f0       	brcs	.+10     	; 0x6b6 <_ZN7Display6updateEmb+0x58>
            clear(); 
     6ac:	89 81       	ldd	r24, Y+1	; 0x01
     6ae:	9a 81       	ldd	r25, Y+2	; 0x02
     6b0:	0e 94 cf 01 	call	0x39e	; 0x39e <_ZN7Display5clearEv>
            if (currentTime - lastTime >= refreshInterval) {
                refresh();
                lastTime = currentTime;
            }
        }
    }
     6b4:	2a c0       	rjmp	.+84     	; 0x70a <_ZN7Display6updateEmb+0xac>
         * Si endGame, parpadea el puntaje.
         */
        if (endGame && ((currentTime%1000) >= 900)) {
            clear(); 
        } else {
            if (currentTime - lastTime >= refreshInterval) {
     6b6:	89 81       	ldd	r24, Y+1	; 0x01
     6b8:	9a 81       	ldd	r25, Y+2	; 0x02
     6ba:	fc 01       	movw	r30, r24
     6bc:	84 a9       	ldd	r24, Z+52	; 0x34
     6be:	95 a9       	ldd	r25, Z+53	; 0x35
     6c0:	a6 a9       	ldd	r26, Z+54	; 0x36
     6c2:	b7 a9       	ldd	r27, Z+55	; 0x37
     6c4:	2b 81       	ldd	r18, Y+3	; 0x03
     6c6:	3c 81       	ldd	r19, Y+4	; 0x04
     6c8:	4d 81       	ldd	r20, Y+5	; 0x05
     6ca:	5e 81       	ldd	r21, Y+6	; 0x06
     6cc:	28 1b       	sub	r18, r24
     6ce:	39 0b       	sbc	r19, r25
     6d0:	4a 0b       	sbc	r20, r26
     6d2:	5b 0b       	sbc	r21, r27
     6d4:	89 81       	ldd	r24, Y+1	; 0x01
     6d6:	9a 81       	ldd	r25, Y+2	; 0x02
     6d8:	fc 01       	movw	r30, r24
     6da:	80 ad       	ldd	r24, Z+56	; 0x38
     6dc:	91 ad       	ldd	r25, Z+57	; 0x39
     6de:	a2 ad       	ldd	r26, Z+58	; 0x3a
     6e0:	b3 ad       	ldd	r27, Z+59	; 0x3b
     6e2:	28 17       	cp	r18, r24
     6e4:	39 07       	cpc	r19, r25
     6e6:	4a 07       	cpc	r20, r26
     6e8:	5b 07       	cpc	r21, r27
     6ea:	78 f0       	brcs	.+30     	; 0x70a <_ZN7Display6updateEmb+0xac>
                refresh();
     6ec:	89 81       	ldd	r24, Y+1	; 0x01
     6ee:	9a 81       	ldd	r25, Y+2	; 0x02
     6f0:	0e 94 b7 02 	call	0x56e	; 0x56e <_ZN7Display7refreshEv>
                lastTime = currentTime;
     6f4:	29 81       	ldd	r18, Y+1	; 0x01
     6f6:	3a 81       	ldd	r19, Y+2	; 0x02
     6f8:	8b 81       	ldd	r24, Y+3	; 0x03
     6fa:	9c 81       	ldd	r25, Y+4	; 0x04
     6fc:	ad 81       	ldd	r26, Y+5	; 0x05
     6fe:	be 81       	ldd	r27, Y+6	; 0x06
     700:	f9 01       	movw	r30, r18
     702:	84 ab       	std	Z+52, r24	; 0x34
     704:	95 ab       	std	Z+53, r25	; 0x35
     706:	a6 ab       	std	Z+54, r26	; 0x36
     708:	b7 ab       	std	Z+55, r27	; 0x37
            }
        }
    }
     70a:	00 00       	nop
     70c:	27 96       	adiw	r28, 0x07	; 7
     70e:	0f b6       	in	r0, 0x3f	; 63
     710:	f8 94       	cli
     712:	de bf       	out	0x3e, r29	; 62
     714:	0f be       	out	0x3f, r0	; 63
     716:	cd bf       	out	0x3d, r28	; 61
     718:	df 91       	pop	r29
     71a:	cf 91       	pop	r28
     71c:	08 95       	ret

0000071e <_ZN3LedC1EPVhS1_h>:
    uint32_t blinkInterval;
    
    bool isActive;
    
    public:
    Led(volatile uint8_t* portR, volatile uint8_t* ddrR, uint8_t m) {
     71e:	cf 93       	push	r28
     720:	df 93       	push	r29
     722:	cd b7       	in	r28, 0x3d	; 61
     724:	de b7       	in	r29, 0x3e	; 62
     726:	27 97       	sbiw	r28, 0x07	; 7
     728:	0f b6       	in	r0, 0x3f	; 63
     72a:	f8 94       	cli
     72c:	de bf       	out	0x3e, r29	; 62
     72e:	0f be       	out	0x3f, r0	; 63
     730:	cd bf       	out	0x3d, r28	; 61
     732:	9a 83       	std	Y+2, r25	; 0x02
     734:	89 83       	std	Y+1, r24	; 0x01
     736:	7c 83       	std	Y+4, r23	; 0x04
     738:	6b 83       	std	Y+3, r22	; 0x03
     73a:	5e 83       	std	Y+6, r21	; 0x06
     73c:	4d 83       	std	Y+5, r20	; 0x05
     73e:	2f 83       	std	Y+7, r18	; 0x07
        portReg	= portR;
     740:	89 81       	ldd	r24, Y+1	; 0x01
     742:	9a 81       	ldd	r25, Y+2	; 0x02
     744:	2b 81       	ldd	r18, Y+3	; 0x03
     746:	3c 81       	ldd	r19, Y+4	; 0x04
     748:	fc 01       	movw	r30, r24
     74a:	31 83       	std	Z+1, r19	; 0x01
     74c:	20 83       	st	Z, r18
        ddrReg	= ddrR;
     74e:	89 81       	ldd	r24, Y+1	; 0x01
     750:	9a 81       	ldd	r25, Y+2	; 0x02
     752:	2d 81       	ldd	r18, Y+5	; 0x05
     754:	3e 81       	ldd	r19, Y+6	; 0x06
     756:	fc 01       	movw	r30, r24
     758:	33 83       	std	Z+3, r19	; 0x03
     75a:	22 83       	std	Z+2, r18	; 0x02
        mask	= m;
     75c:	89 81       	ldd	r24, Y+1	; 0x01
     75e:	9a 81       	ldd	r25, Y+2	; 0x02
     760:	2f 81       	ldd	r18, Y+7	; 0x07
     762:	fc 01       	movw	r30, r24
     764:	24 83       	std	Z+4, r18	; 0x04
        
        lastTime = 0;
     766:	89 81       	ldd	r24, Y+1	; 0x01
     768:	9a 81       	ldd	r25, Y+2	; 0x02
     76a:	fc 01       	movw	r30, r24
     76c:	15 82       	std	Z+5, r1	; 0x05
     76e:	16 82       	std	Z+6, r1	; 0x06
     770:	17 82       	std	Z+7, r1	; 0x07
     772:	10 86       	std	Z+8, r1	; 0x08
        blinkInterval =	100; // 100ms
     774:	29 81       	ldd	r18, Y+1	; 0x01
     776:	3a 81       	ldd	r19, Y+2	; 0x02
     778:	84 e6       	ldi	r24, 0x64	; 100
     77a:	90 e0       	ldi	r25, 0x00	; 0
     77c:	a0 e0       	ldi	r26, 0x00	; 0
     77e:	b0 e0       	ldi	r27, 0x00	; 0
     780:	f9 01       	movw	r30, r18
     782:	81 87       	std	Z+9, r24	; 0x09
     784:	92 87       	std	Z+10, r25	; 0x0a
     786:	a3 87       	std	Z+11, r26	; 0x0b
     788:	b4 87       	std	Z+12, r27	; 0x0c
        isActive = false;
     78a:	89 81       	ldd	r24, Y+1	; 0x01
     78c:	9a 81       	ldd	r25, Y+2	; 0x02
     78e:	fc 01       	movw	r30, r24
     790:	15 86       	std	Z+13, r1	; 0x0d
    }
     792:	00 00       	nop
     794:	27 96       	adiw	r28, 0x07	; 7
     796:	0f b6       	in	r0, 0x3f	; 63
     798:	f8 94       	cli
     79a:	de bf       	out	0x3e, r29	; 62
     79c:	0f be       	out	0x3f, r0	; 63
     79e:	cd bf       	out	0x3d, r28	; 61
     7a0:	df 91       	pop	r29
     7a2:	cf 91       	pop	r28
     7a4:	08 95       	ret

000007a6 <_ZN3Led4initEv>:
    
    void init() {
     7a6:	cf 93       	push	r28
     7a8:	df 93       	push	r29
     7aa:	00 d0       	rcall	.+0      	; 0x7ac <_ZN3Led4initEv+0x6>
     7ac:	cd b7       	in	r28, 0x3d	; 61
     7ae:	de b7       	in	r29, 0x3e	; 62
     7b0:	9a 83       	std	Y+2, r25	; 0x02
     7b2:	89 83       	std	Y+1, r24	; 0x01
        *ddrReg  |=  mask; // Output
     7b4:	89 81       	ldd	r24, Y+1	; 0x01
     7b6:	9a 81       	ldd	r25, Y+2	; 0x02
     7b8:	fc 01       	movw	r30, r24
     7ba:	82 81       	ldd	r24, Z+2	; 0x02
     7bc:	93 81       	ldd	r25, Z+3	; 0x03
     7be:	29 81       	ldd	r18, Y+1	; 0x01
     7c0:	3a 81       	ldd	r19, Y+2	; 0x02
     7c2:	f9 01       	movw	r30, r18
     7c4:	22 81       	ldd	r18, Z+2	; 0x02
     7c6:	33 81       	ldd	r19, Z+3	; 0x03
     7c8:	f9 01       	movw	r30, r18
     7ca:	40 81       	ld	r20, Z
     7cc:	29 81       	ldd	r18, Y+1	; 0x01
     7ce:	3a 81       	ldd	r19, Y+2	; 0x02
     7d0:	f9 01       	movw	r30, r18
     7d2:	24 81       	ldd	r18, Z+4	; 0x04
     7d4:	24 2b       	or	r18, r20
     7d6:	fc 01       	movw	r30, r24
     7d8:	20 83       	st	Z, r18
        *portReg &= ~mask; // 0
     7da:	89 81       	ldd	r24, Y+1	; 0x01
     7dc:	9a 81       	ldd	r25, Y+2	; 0x02
     7de:	fc 01       	movw	r30, r24
     7e0:	80 81       	ld	r24, Z
     7e2:	91 81       	ldd	r25, Z+1	; 0x01
     7e4:	29 81       	ldd	r18, Y+1	; 0x01
     7e6:	3a 81       	ldd	r19, Y+2	; 0x02
     7e8:	f9 01       	movw	r30, r18
     7ea:	20 81       	ld	r18, Z
     7ec:	31 81       	ldd	r19, Z+1	; 0x01
     7ee:	f9 01       	movw	r30, r18
     7f0:	20 81       	ld	r18, Z
     7f2:	42 2f       	mov	r20, r18
     7f4:	29 81       	ldd	r18, Y+1	; 0x01
     7f6:	3a 81       	ldd	r19, Y+2	; 0x02
     7f8:	f9 01       	movw	r30, r18
     7fa:	24 81       	ldd	r18, Z+4	; 0x04
     7fc:	20 95       	com	r18
     7fe:	24 23       	and	r18, r20
     800:	fc 01       	movw	r30, r24
     802:	20 83       	st	Z, r18
    }
     804:	00 00       	nop
     806:	0f 90       	pop	r0
     808:	0f 90       	pop	r0
     80a:	df 91       	pop	r29
     80c:	cf 91       	pop	r28
     80e:	08 95       	ret

00000810 <_ZN3Led2onEv>:
    
    void on() {
     810:	cf 93       	push	r28
     812:	df 93       	push	r29
     814:	00 d0       	rcall	.+0      	; 0x816 <_ZN3Led2onEv+0x6>
     816:	cd b7       	in	r28, 0x3d	; 61
     818:	de b7       	in	r29, 0x3e	; 62
     81a:	9a 83       	std	Y+2, r25	; 0x02
     81c:	89 83       	std	Y+1, r24	; 0x01
        isActive = true;
     81e:	89 81       	ldd	r24, Y+1	; 0x01
     820:	9a 81       	ldd	r25, Y+2	; 0x02
     822:	21 e0       	ldi	r18, 0x01	; 1
     824:	fc 01       	movw	r30, r24
     826:	25 87       	std	Z+13, r18	; 0x0d
        *portReg |= mask;
     828:	89 81       	ldd	r24, Y+1	; 0x01
     82a:	9a 81       	ldd	r25, Y+2	; 0x02
     82c:	fc 01       	movw	r30, r24
     82e:	80 81       	ld	r24, Z
     830:	91 81       	ldd	r25, Z+1	; 0x01
     832:	29 81       	ldd	r18, Y+1	; 0x01
     834:	3a 81       	ldd	r19, Y+2	; 0x02
     836:	f9 01       	movw	r30, r18
     838:	20 81       	ld	r18, Z
     83a:	31 81       	ldd	r19, Z+1	; 0x01
     83c:	f9 01       	movw	r30, r18
     83e:	40 81       	ld	r20, Z
     840:	29 81       	ldd	r18, Y+1	; 0x01
     842:	3a 81       	ldd	r19, Y+2	; 0x02
     844:	f9 01       	movw	r30, r18
     846:	24 81       	ldd	r18, Z+4	; 0x04
     848:	24 2b       	or	r18, r20
     84a:	fc 01       	movw	r30, r24
     84c:	20 83       	st	Z, r18
    }
     84e:	00 00       	nop
     850:	0f 90       	pop	r0
     852:	0f 90       	pop	r0
     854:	df 91       	pop	r29
     856:	cf 91       	pop	r28
     858:	08 95       	ret

0000085a <_ZN3Led3offEv>:
    
    void off() {
     85a:	cf 93       	push	r28
     85c:	df 93       	push	r29
     85e:	00 d0       	rcall	.+0      	; 0x860 <_ZN3Led3offEv+0x6>
     860:	cd b7       	in	r28, 0x3d	; 61
     862:	de b7       	in	r29, 0x3e	; 62
     864:	9a 83       	std	Y+2, r25	; 0x02
     866:	89 83       	std	Y+1, r24	; 0x01
        isActive = false;
     868:	89 81       	ldd	r24, Y+1	; 0x01
     86a:	9a 81       	ldd	r25, Y+2	; 0x02
     86c:	fc 01       	movw	r30, r24
     86e:	15 86       	std	Z+13, r1	; 0x0d
        *portReg &= ~mask;
     870:	89 81       	ldd	r24, Y+1	; 0x01
     872:	9a 81       	ldd	r25, Y+2	; 0x02
     874:	fc 01       	movw	r30, r24
     876:	80 81       	ld	r24, Z
     878:	91 81       	ldd	r25, Z+1	; 0x01
     87a:	29 81       	ldd	r18, Y+1	; 0x01
     87c:	3a 81       	ldd	r19, Y+2	; 0x02
     87e:	f9 01       	movw	r30, r18
     880:	20 81       	ld	r18, Z
     882:	31 81       	ldd	r19, Z+1	; 0x01
     884:	f9 01       	movw	r30, r18
     886:	20 81       	ld	r18, Z
     888:	42 2f       	mov	r20, r18
     88a:	29 81       	ldd	r18, Y+1	; 0x01
     88c:	3a 81       	ldd	r19, Y+2	; 0x02
     88e:	f9 01       	movw	r30, r18
     890:	24 81       	ldd	r18, Z+4	; 0x04
     892:	20 95       	com	r18
     894:	24 23       	and	r18, r20
     896:	fc 01       	movw	r30, r24
     898:	20 83       	st	Z, r18
    }
     89a:	00 00       	nop
     89c:	0f 90       	pop	r0
     89e:	0f 90       	pop	r0
     8a0:	df 91       	pop	r29
     8a2:	cf 91       	pop	r28
     8a4:	08 95       	ret

000008a6 <_ZN3Led6toggleEv>:
    
    void toggle() {
     8a6:	cf 93       	push	r28
     8a8:	df 93       	push	r29
     8aa:	00 d0       	rcall	.+0      	; 0x8ac <_ZN3Led6toggleEv+0x6>
     8ac:	cd b7       	in	r28, 0x3d	; 61
     8ae:	de b7       	in	r29, 0x3e	; 62
     8b0:	9a 83       	std	Y+2, r25	; 0x02
     8b2:	89 83       	std	Y+1, r24	; 0x01
        *portReg ^= mask;
     8b4:	89 81       	ldd	r24, Y+1	; 0x01
     8b6:	9a 81       	ldd	r25, Y+2	; 0x02
     8b8:	fc 01       	movw	r30, r24
     8ba:	80 81       	ld	r24, Z
     8bc:	91 81       	ldd	r25, Z+1	; 0x01
     8be:	29 81       	ldd	r18, Y+1	; 0x01
     8c0:	3a 81       	ldd	r19, Y+2	; 0x02
     8c2:	f9 01       	movw	r30, r18
     8c4:	20 81       	ld	r18, Z
     8c6:	31 81       	ldd	r19, Z+1	; 0x01
     8c8:	f9 01       	movw	r30, r18
     8ca:	40 81       	ld	r20, Z
     8cc:	29 81       	ldd	r18, Y+1	; 0x01
     8ce:	3a 81       	ldd	r19, Y+2	; 0x02
     8d0:	f9 01       	movw	r30, r18
     8d2:	24 81       	ldd	r18, Z+4	; 0x04
     8d4:	24 27       	eor	r18, r20
     8d6:	fc 01       	movw	r30, r24
     8d8:	20 83       	st	Z, r18
    }
     8da:	00 00       	nop
     8dc:	0f 90       	pop	r0
     8de:	0f 90       	pop	r0
     8e0:	df 91       	pop	r29
     8e2:	cf 91       	pop	r28
     8e4:	08 95       	ret

000008e6 <_ZN3Led6updateEmb>:
    
    void update(uint32_t currentTime, bool lastTurn) {
     8e6:	cf 93       	push	r28
     8e8:	df 93       	push	r29
     8ea:	cd b7       	in	r28, 0x3d	; 61
     8ec:	de b7       	in	r29, 0x3e	; 62
     8ee:	27 97       	sbiw	r28, 0x07	; 7
     8f0:	0f b6       	in	r0, 0x3f	; 63
     8f2:	f8 94       	cli
     8f4:	de bf       	out	0x3e, r29	; 62
     8f6:	0f be       	out	0x3f, r0	; 63
     8f8:	cd bf       	out	0x3d, r28	; 61
     8fa:	9a 83       	std	Y+2, r25	; 0x02
     8fc:	89 83       	std	Y+1, r24	; 0x01
     8fe:	4b 83       	std	Y+3, r20	; 0x03
     900:	5c 83       	std	Y+4, r21	; 0x04
     902:	6d 83       	std	Y+5, r22	; 0x05
     904:	7e 83       	std	Y+6, r23	; 0x06
     906:	2f 83       	std	Y+7, r18	; 0x07
        // Si lastTurn y IsActive, gestiona el parpadeo. Mantiene su estado en caso contrario.
        if(isActive) {	
     908:	89 81       	ldd	r24, Y+1	; 0x01
     90a:	9a 81       	ldd	r25, Y+2	; 0x02
     90c:	fc 01       	movw	r30, r24
     90e:	85 85       	ldd	r24, Z+13	; 0x0d
     910:	88 23       	and	r24, r24
     912:	09 f4       	brne	.+2      	; 0x916 <_ZN3Led6updateEmb+0x30>
     914:	42 c0       	rjmp	.+132    	; 0x99a <_ZN3Led6updateEmb+0xb4>
            if (lastTurn) {
     916:	8f 81       	ldd	r24, Y+7	; 0x07
     918:	88 23       	and	r24, r24
     91a:	59 f1       	breq	.+86     	; 0x972 <_ZN3Led6updateEmb+0x8c>
                if (currentTime - lastTime >= blinkInterval) {
     91c:	89 81       	ldd	r24, Y+1	; 0x01
     91e:	9a 81       	ldd	r25, Y+2	; 0x02
     920:	fc 01       	movw	r30, r24
     922:	85 81       	ldd	r24, Z+5	; 0x05
     924:	96 81       	ldd	r25, Z+6	; 0x06
     926:	a7 81       	ldd	r26, Z+7	; 0x07
     928:	b0 85       	ldd	r27, Z+8	; 0x08
     92a:	2b 81       	ldd	r18, Y+3	; 0x03
     92c:	3c 81       	ldd	r19, Y+4	; 0x04
     92e:	4d 81       	ldd	r20, Y+5	; 0x05
     930:	5e 81       	ldd	r21, Y+6	; 0x06
     932:	28 1b       	sub	r18, r24
     934:	39 0b       	sbc	r19, r25
     936:	4a 0b       	sbc	r20, r26
     938:	5b 0b       	sbc	r21, r27
     93a:	89 81       	ldd	r24, Y+1	; 0x01
     93c:	9a 81       	ldd	r25, Y+2	; 0x02
     93e:	fc 01       	movw	r30, r24
     940:	81 85       	ldd	r24, Z+9	; 0x09
     942:	92 85       	ldd	r25, Z+10	; 0x0a
     944:	a3 85       	ldd	r26, Z+11	; 0x0b
     946:	b4 85       	ldd	r27, Z+12	; 0x0c
     948:	28 17       	cp	r18, r24
     94a:	39 07       	cpc	r19, r25
     94c:	4a 07       	cpc	r20, r26
     94e:	5b 07       	cpc	r21, r27
     950:	c8 f1       	brcs	.+114    	; 0x9c4 <_ZN3Led6updateEmb+0xde>
                    toggle();
     952:	89 81       	ldd	r24, Y+1	; 0x01
     954:	9a 81       	ldd	r25, Y+2	; 0x02
     956:	0e 94 53 04 	call	0x8a6	; 0x8a6 <_ZN3Led6toggleEv>
                    lastTime = currentTime;
     95a:	29 81       	ldd	r18, Y+1	; 0x01
     95c:	3a 81       	ldd	r19, Y+2	; 0x02
     95e:	8b 81       	ldd	r24, Y+3	; 0x03
     960:	9c 81       	ldd	r25, Y+4	; 0x04
     962:	ad 81       	ldd	r26, Y+5	; 0x05
     964:	be 81       	ldd	r27, Y+6	; 0x06
     966:	f9 01       	movw	r30, r18
     968:	85 83       	std	Z+5, r24	; 0x05
     96a:	96 83       	std	Z+6, r25	; 0x06
     96c:	a7 83       	std	Z+7, r26	; 0x07
     96e:	b0 87       	std	Z+8, r27	; 0x08
                *portReg |= mask;
            }
        } else {
            *portReg &= ~mask;
        }
    }
     970:	29 c0       	rjmp	.+82     	; 0x9c4 <_ZN3Led6updateEmb+0xde>
                if (currentTime - lastTime >= blinkInterval) {
                    toggle();
                    lastTime = currentTime;
                }
            } else {
                *portReg |= mask;
     972:	89 81       	ldd	r24, Y+1	; 0x01
     974:	9a 81       	ldd	r25, Y+2	; 0x02
     976:	fc 01       	movw	r30, r24
     978:	80 81       	ld	r24, Z
     97a:	91 81       	ldd	r25, Z+1	; 0x01
     97c:	29 81       	ldd	r18, Y+1	; 0x01
     97e:	3a 81       	ldd	r19, Y+2	; 0x02
     980:	f9 01       	movw	r30, r18
     982:	20 81       	ld	r18, Z
     984:	31 81       	ldd	r19, Z+1	; 0x01
     986:	f9 01       	movw	r30, r18
     988:	40 81       	ld	r20, Z
     98a:	29 81       	ldd	r18, Y+1	; 0x01
     98c:	3a 81       	ldd	r19, Y+2	; 0x02
     98e:	f9 01       	movw	r30, r18
     990:	24 81       	ldd	r18, Z+4	; 0x04
     992:	24 2b       	or	r18, r20
     994:	fc 01       	movw	r30, r24
     996:	20 83       	st	Z, r18
            }
        } else {
            *portReg &= ~mask;
        }
    }
     998:	15 c0       	rjmp	.+42     	; 0x9c4 <_ZN3Led6updateEmb+0xde>
                }
            } else {
                *portReg |= mask;
            }
        } else {
            *portReg &= ~mask;
     99a:	89 81       	ldd	r24, Y+1	; 0x01
     99c:	9a 81       	ldd	r25, Y+2	; 0x02
     99e:	fc 01       	movw	r30, r24
     9a0:	80 81       	ld	r24, Z
     9a2:	91 81       	ldd	r25, Z+1	; 0x01
     9a4:	29 81       	ldd	r18, Y+1	; 0x01
     9a6:	3a 81       	ldd	r19, Y+2	; 0x02
     9a8:	f9 01       	movw	r30, r18
     9aa:	20 81       	ld	r18, Z
     9ac:	31 81       	ldd	r19, Z+1	; 0x01
     9ae:	f9 01       	movw	r30, r18
     9b0:	20 81       	ld	r18, Z
     9b2:	42 2f       	mov	r20, r18
     9b4:	29 81       	ldd	r18, Y+1	; 0x01
     9b6:	3a 81       	ldd	r19, Y+2	; 0x02
     9b8:	f9 01       	movw	r30, r18
     9ba:	24 81       	ldd	r18, Z+4	; 0x04
     9bc:	20 95       	com	r18
     9be:	24 23       	and	r18, r20
     9c0:	fc 01       	movw	r30, r24
     9c2:	20 83       	st	Z, r18
        }
    }
     9c4:	00 00       	nop
     9c6:	27 96       	adiw	r28, 0x07	; 7
     9c8:	0f b6       	in	r0, 0x3f	; 63
     9ca:	f8 94       	cli
     9cc:	de bf       	out	0x3e, r29	; 62
     9ce:	0f be       	out	0x3f, r0	; 63
     9d0:	cd bf       	out	0x3d, r28	; 61
     9d2:	df 91       	pop	r29
     9d4:	cf 91       	pop	r28
     9d6:	08 95       	ret

000009d8 <_ZN11LimitSwitchC1EPVhS1_S1_h>:
    bool stableState;   // Último estado estable confirmado
    bool flagPressed;   // Flanco de subida pendiente de consumir
	uint32_t lastSampleTime;

    public:
    LimitSwitch(volatile uint8_t* pinR, volatile uint8_t* portR, volatile uint8_t* ddrR, uint8_t m) {
     9d8:	0f 93       	push	r16
     9da:	cf 93       	push	r28
     9dc:	df 93       	push	r29
     9de:	cd b7       	in	r28, 0x3d	; 61
     9e0:	de b7       	in	r29, 0x3e	; 62
     9e2:	29 97       	sbiw	r28, 0x09	; 9
     9e4:	0f b6       	in	r0, 0x3f	; 63
     9e6:	f8 94       	cli
     9e8:	de bf       	out	0x3e, r29	; 62
     9ea:	0f be       	out	0x3f, r0	; 63
     9ec:	cd bf       	out	0x3d, r28	; 61
     9ee:	9a 83       	std	Y+2, r25	; 0x02
     9f0:	89 83       	std	Y+1, r24	; 0x01
     9f2:	7c 83       	std	Y+4, r23	; 0x04
     9f4:	6b 83       	std	Y+3, r22	; 0x03
     9f6:	5e 83       	std	Y+6, r21	; 0x06
     9f8:	4d 83       	std	Y+5, r20	; 0x05
     9fa:	38 87       	std	Y+8, r19	; 0x08
     9fc:	2f 83       	std	Y+7, r18	; 0x07
     9fe:	09 87       	std	Y+9, r16	; 0x09
		pinReg  = pinR;
     a00:	89 81       	ldd	r24, Y+1	; 0x01
     a02:	9a 81       	ldd	r25, Y+2	; 0x02
     a04:	2b 81       	ldd	r18, Y+3	; 0x03
     a06:	3c 81       	ldd	r19, Y+4	; 0x04
     a08:	fc 01       	movw	r30, r24
     a0a:	31 83       	std	Z+1, r19	; 0x01
     a0c:	20 83       	st	Z, r18
		portReg = portR;
     a0e:	89 81       	ldd	r24, Y+1	; 0x01
     a10:	9a 81       	ldd	r25, Y+2	; 0x02
     a12:	2d 81       	ldd	r18, Y+5	; 0x05
     a14:	3e 81       	ldd	r19, Y+6	; 0x06
     a16:	fc 01       	movw	r30, r24
     a18:	33 83       	std	Z+3, r19	; 0x03
     a1a:	22 83       	std	Z+2, r18	; 0x02
		ddrReg  = ddrR;
     a1c:	89 81       	ldd	r24, Y+1	; 0x01
     a1e:	9a 81       	ldd	r25, Y+2	; 0x02
     a20:	2f 81       	ldd	r18, Y+7	; 0x07
     a22:	38 85       	ldd	r19, Y+8	; 0x08
     a24:	fc 01       	movw	r30, r24
     a26:	35 83       	std	Z+5, r19	; 0x05
     a28:	24 83       	std	Z+4, r18	; 0x04
		mask    = m;
     a2a:	89 81       	ldd	r24, Y+1	; 0x01
     a2c:	9a 81       	ldd	r25, Y+2	; 0x02
     a2e:	29 85       	ldd	r18, Y+9	; 0x09
     a30:	fc 01       	movw	r30, r24
     a32:	26 83       	std	Z+6, r18	; 0x06
		
		counter = 0;
     a34:	89 81       	ldd	r24, Y+1	; 0x01
     a36:	9a 81       	ldd	r25, Y+2	; 0x02
     a38:	fc 01       	movw	r30, r24
     a3a:	17 82       	std	Z+7, r1	; 0x07
		stableState = false;
     a3c:	89 81       	ldd	r24, Y+1	; 0x01
     a3e:	9a 81       	ldd	r25, Y+2	; 0x02
     a40:	fc 01       	movw	r30, r24
     a42:	10 86       	std	Z+8, r1	; 0x08
		flagPressed = false;
     a44:	89 81       	ldd	r24, Y+1	; 0x01
     a46:	9a 81       	ldd	r25, Y+2	; 0x02
     a48:	fc 01       	movw	r30, r24
     a4a:	11 86       	std	Z+9, r1	; 0x09
		lastSampleTime = 0;
     a4c:	89 81       	ldd	r24, Y+1	; 0x01
     a4e:	9a 81       	ldd	r25, Y+2	; 0x02
     a50:	fc 01       	movw	r30, r24
     a52:	12 86       	std	Z+10, r1	; 0x0a
     a54:	13 86       	std	Z+11, r1	; 0x0b
     a56:	14 86       	std	Z+12, r1	; 0x0c
     a58:	15 86       	std	Z+13, r1	; 0x0d
	}
     a5a:	00 00       	nop
     a5c:	29 96       	adiw	r28, 0x09	; 9
     a5e:	0f b6       	in	r0, 0x3f	; 63
     a60:	f8 94       	cli
     a62:	de bf       	out	0x3e, r29	; 62
     a64:	0f be       	out	0x3f, r0	; 63
     a66:	cd bf       	out	0x3d, r28	; 61
     a68:	df 91       	pop	r29
     a6a:	cf 91       	pop	r28
     a6c:	0f 91       	pop	r16
     a6e:	08 95       	ret

00000a70 <_ZN11LimitSwitch4initEv>:
    
    void init() {
     a70:	cf 93       	push	r28
     a72:	df 93       	push	r29
     a74:	00 d0       	rcall	.+0      	; 0xa76 <_ZN11LimitSwitch4initEv+0x6>
     a76:	cd b7       	in	r28, 0x3d	; 61
     a78:	de b7       	in	r29, 0x3e	; 62
     a7a:	9a 83       	std	Y+2, r25	; 0x02
     a7c:	89 83       	std	Y+1, r24	; 0x01
        *ddrReg  &= ~mask; // Input
     a7e:	89 81       	ldd	r24, Y+1	; 0x01
     a80:	9a 81       	ldd	r25, Y+2	; 0x02
     a82:	fc 01       	movw	r30, r24
     a84:	84 81       	ldd	r24, Z+4	; 0x04
     a86:	95 81       	ldd	r25, Z+5	; 0x05
     a88:	29 81       	ldd	r18, Y+1	; 0x01
     a8a:	3a 81       	ldd	r19, Y+2	; 0x02
     a8c:	f9 01       	movw	r30, r18
     a8e:	24 81       	ldd	r18, Z+4	; 0x04
     a90:	35 81       	ldd	r19, Z+5	; 0x05
     a92:	f9 01       	movw	r30, r18
     a94:	20 81       	ld	r18, Z
     a96:	42 2f       	mov	r20, r18
     a98:	29 81       	ldd	r18, Y+1	; 0x01
     a9a:	3a 81       	ldd	r19, Y+2	; 0x02
     a9c:	f9 01       	movw	r30, r18
     a9e:	26 81       	ldd	r18, Z+6	; 0x06
     aa0:	20 95       	com	r18
     aa2:	24 23       	and	r18, r20
     aa4:	fc 01       	movw	r30, r24
     aa6:	20 83       	st	Z, r18
        *portReg |=  mask; // Pull-up
     aa8:	89 81       	ldd	r24, Y+1	; 0x01
     aaa:	9a 81       	ldd	r25, Y+2	; 0x02
     aac:	fc 01       	movw	r30, r24
     aae:	82 81       	ldd	r24, Z+2	; 0x02
     ab0:	93 81       	ldd	r25, Z+3	; 0x03
     ab2:	29 81       	ldd	r18, Y+1	; 0x01
     ab4:	3a 81       	ldd	r19, Y+2	; 0x02
     ab6:	f9 01       	movw	r30, r18
     ab8:	22 81       	ldd	r18, Z+2	; 0x02
     aba:	33 81       	ldd	r19, Z+3	; 0x03
     abc:	f9 01       	movw	r30, r18
     abe:	40 81       	ld	r20, Z
     ac0:	29 81       	ldd	r18, Y+1	; 0x01
     ac2:	3a 81       	ldd	r19, Y+2	; 0x02
     ac4:	f9 01       	movw	r30, r18
     ac6:	26 81       	ldd	r18, Z+6	; 0x06
     ac8:	24 2b       	or	r18, r20
     aca:	fc 01       	movw	r30, r24
     acc:	20 83       	st	Z, r18
    }
     ace:	00 00       	nop
     ad0:	0f 90       	pop	r0
     ad2:	0f 90       	pop	r0
     ad4:	df 91       	pop	r29
     ad6:	cf 91       	pop	r28
     ad8:	08 95       	ret

00000ada <_ZN11LimitSwitch6updateEm>:
    
    void update(uint32_t currentTime) {
     ada:	cf 93       	push	r28
     adc:	df 93       	push	r29
     ade:	cd b7       	in	r28, 0x3d	; 61
     ae0:	de b7       	in	r29, 0x3e	; 62
     ae2:	27 97       	sbiw	r28, 0x07	; 7
     ae4:	0f b6       	in	r0, 0x3f	; 63
     ae6:	f8 94       	cli
     ae8:	de bf       	out	0x3e, r29	; 62
     aea:	0f be       	out	0x3f, r0	; 63
     aec:	cd bf       	out	0x3d, r28	; 61
     aee:	9b 83       	std	Y+3, r25	; 0x03
     af0:	8a 83       	std	Y+2, r24	; 0x02
     af2:	4c 83       	std	Y+4, r20	; 0x04
     af4:	5d 83       	std	Y+5, r21	; 0x05
     af6:	6e 83       	std	Y+6, r22	; 0x06
     af8:	7f 83       	std	Y+7, r23	; 0x07
        /*
         * Actualiza el estado del switch.
         * Implementa un sistema de antirrebotes integrador: requiere SAMPLES lecturas consecutivas iguales para cambiar el estado estable.
         */
        if (currentTime == lastSampleTime) return; // Evitar muestrear más de una vez por ms
     afa:	8a 81       	ldd	r24, Y+2	; 0x02
     afc:	9b 81       	ldd	r25, Y+3	; 0x03
     afe:	fc 01       	movw	r30, r24
     b00:	22 85       	ldd	r18, Z+10	; 0x0a
     b02:	33 85       	ldd	r19, Z+11	; 0x0b
     b04:	44 85       	ldd	r20, Z+12	; 0x0c
     b06:	55 85       	ldd	r21, Z+13	; 0x0d
     b08:	8c 81       	ldd	r24, Y+4	; 0x04
     b0a:	9d 81       	ldd	r25, Y+5	; 0x05
     b0c:	ae 81       	ldd	r26, Y+6	; 0x06
     b0e:	bf 81       	ldd	r27, Y+7	; 0x07
     b10:	28 17       	cp	r18, r24
     b12:	39 07       	cpc	r19, r25
     b14:	4a 07       	cpc	r20, r26
     b16:	5b 07       	cpc	r21, r27
     b18:	09 f4       	brne	.+2      	; 0xb1c <_ZN11LimitSwitch6updateEm+0x42>
     b1a:	6f c0       	rjmp	.+222    	; 0xbfa <_ZN11LimitSwitch6updateEm+0x120>
        lastSampleTime = currentTime;
     b1c:	2a 81       	ldd	r18, Y+2	; 0x02
     b1e:	3b 81       	ldd	r19, Y+3	; 0x03
     b20:	8c 81       	ldd	r24, Y+4	; 0x04
     b22:	9d 81       	ldd	r25, Y+5	; 0x05
     b24:	ae 81       	ldd	r26, Y+6	; 0x06
     b26:	bf 81       	ldd	r27, Y+7	; 0x07
     b28:	f9 01       	movw	r30, r18
     b2a:	82 87       	std	Z+10, r24	; 0x0a
     b2c:	93 87       	std	Z+11, r25	; 0x0b
     b2e:	a4 87       	std	Z+12, r26	; 0x0c
     b30:	b5 87       	std	Z+13, r27	; 0x0d

        bool reading = !(*pinReg & mask);
     b32:	8a 81       	ldd	r24, Y+2	; 0x02
     b34:	9b 81       	ldd	r25, Y+3	; 0x03
     b36:	fc 01       	movw	r30, r24
     b38:	80 81       	ld	r24, Z
     b3a:	91 81       	ldd	r25, Z+1	; 0x01
     b3c:	fc 01       	movw	r30, r24
     b3e:	20 81       	ld	r18, Z
     b40:	8a 81       	ldd	r24, Y+2	; 0x02
     b42:	9b 81       	ldd	r25, Y+3	; 0x03
     b44:	fc 01       	movw	r30, r24
     b46:	86 81       	ldd	r24, Z+6	; 0x06
     b48:	92 2f       	mov	r25, r18
     b4a:	98 23       	and	r25, r24
     b4c:	81 e0       	ldi	r24, 0x01	; 1
     b4e:	99 23       	and	r25, r25
     b50:	09 f0       	breq	.+2      	; 0xb54 <_ZN11LimitSwitch6updateEm+0x7a>
     b52:	80 e0       	ldi	r24, 0x00	; 0
     b54:	89 83       	std	Y+1, r24	; 0x01

        // Integrador saturante
        if(reading && counter < SAMPLES) counter++;
     b56:	89 81       	ldd	r24, Y+1	; 0x01
     b58:	88 23       	and	r24, r24
     b5a:	89 f0       	breq	.+34     	; 0xb7e <_ZN11LimitSwitch6updateEm+0xa4>
     b5c:	8a 81       	ldd	r24, Y+2	; 0x02
     b5e:	9b 81       	ldd	r25, Y+3	; 0x03
     b60:	fc 01       	movw	r30, r24
     b62:	87 81       	ldd	r24, Z+7	; 0x07
     b64:	8a 30       	cpi	r24, 0x0A	; 10
     b66:	58 f4       	brcc	.+22     	; 0xb7e <_ZN11LimitSwitch6updateEm+0xa4>
     b68:	8a 81       	ldd	r24, Y+2	; 0x02
     b6a:	9b 81       	ldd	r25, Y+3	; 0x03
     b6c:	fc 01       	movw	r30, r24
     b6e:	87 81       	ldd	r24, Z+7	; 0x07
     b70:	21 e0       	ldi	r18, 0x01	; 1
     b72:	28 0f       	add	r18, r24
     b74:	8a 81       	ldd	r24, Y+2	; 0x02
     b76:	9b 81       	ldd	r25, Y+3	; 0x03
     b78:	fc 01       	movw	r30, r24
     b7a:	27 83       	std	Z+7, r18	; 0x07
     b7c:	15 c0       	rjmp	.+42     	; 0xba8 <_ZN11LimitSwitch6updateEm+0xce>
        else if(!reading && counter > 0) counter--;
     b7e:	99 81       	ldd	r25, Y+1	; 0x01
     b80:	81 e0       	ldi	r24, 0x01	; 1
     b82:	89 27       	eor	r24, r25
     b84:	88 23       	and	r24, r24
     b86:	81 f0       	breq	.+32     	; 0xba8 <_ZN11LimitSwitch6updateEm+0xce>
     b88:	8a 81       	ldd	r24, Y+2	; 0x02
     b8a:	9b 81       	ldd	r25, Y+3	; 0x03
     b8c:	fc 01       	movw	r30, r24
     b8e:	87 81       	ldd	r24, Z+7	; 0x07
     b90:	88 23       	and	r24, r24
     b92:	51 f0       	breq	.+20     	; 0xba8 <_ZN11LimitSwitch6updateEm+0xce>
     b94:	8a 81       	ldd	r24, Y+2	; 0x02
     b96:	9b 81       	ldd	r25, Y+3	; 0x03
     b98:	fc 01       	movw	r30, r24
     b9a:	87 81       	ldd	r24, Z+7	; 0x07
     b9c:	2f ef       	ldi	r18, 0xFF	; 255
     b9e:	28 0f       	add	r18, r24
     ba0:	8a 81       	ldd	r24, Y+2	; 0x02
     ba2:	9b 81       	ldd	r25, Y+3	; 0x03
     ba4:	fc 01       	movw	r30, r24
     ba6:	27 83       	std	Z+7, r18	; 0x07

        // Flanco descendente (pulsado->suelto)
        if (stableState && counter == 0) {
     ba8:	8a 81       	ldd	r24, Y+2	; 0x02
     baa:	9b 81       	ldd	r25, Y+3	; 0x03
     bac:	fc 01       	movw	r30, r24
     bae:	80 85       	ldd	r24, Z+8	; 0x08
     bb0:	88 23       	and	r24, r24
     bb2:	51 f0       	breq	.+20     	; 0xbc8 <_ZN11LimitSwitch6updateEm+0xee>
     bb4:	8a 81       	ldd	r24, Y+2	; 0x02
     bb6:	9b 81       	ldd	r25, Y+3	; 0x03
     bb8:	fc 01       	movw	r30, r24
     bba:	87 81       	ldd	r24, Z+7	; 0x07
     bbc:	88 23       	and	r24, r24
     bbe:	21 f4       	brne	.+8      	; 0xbc8 <_ZN11LimitSwitch6updateEm+0xee>
            stableState = false;
     bc0:	8a 81       	ldd	r24, Y+2	; 0x02
     bc2:	9b 81       	ldd	r25, Y+3	; 0x03
     bc4:	fc 01       	movw	r30, r24
     bc6:	10 86       	std	Z+8, r1	; 0x08
        }

        // Flanco ascendente (suelto->pulsado)
        if (!stableState && counter == SAMPLES) {
     bc8:	8a 81       	ldd	r24, Y+2	; 0x02
     bca:	9b 81       	ldd	r25, Y+3	; 0x03
     bcc:	fc 01       	movw	r30, r24
     bce:	90 85       	ldd	r25, Z+8	; 0x08
     bd0:	81 e0       	ldi	r24, 0x01	; 1
     bd2:	89 27       	eor	r24, r25
     bd4:	88 23       	and	r24, r24
     bd6:	91 f0       	breq	.+36     	; 0xbfc <_ZN11LimitSwitch6updateEm+0x122>
     bd8:	8a 81       	ldd	r24, Y+2	; 0x02
     bda:	9b 81       	ldd	r25, Y+3	; 0x03
     bdc:	fc 01       	movw	r30, r24
     bde:	87 81       	ldd	r24, Z+7	; 0x07
     be0:	8a 30       	cpi	r24, 0x0A	; 10
     be2:	61 f4       	brne	.+24     	; 0xbfc <_ZN11LimitSwitch6updateEm+0x122>
            stableState = true;
     be4:	8a 81       	ldd	r24, Y+2	; 0x02
     be6:	9b 81       	ldd	r25, Y+3	; 0x03
     be8:	21 e0       	ldi	r18, 0x01	; 1
     bea:	fc 01       	movw	r30, r24
     bec:	20 87       	std	Z+8, r18	; 0x08
            flagPressed = true; // Marcar que se ha detectado un nuevo pulso
     bee:	8a 81       	ldd	r24, Y+2	; 0x02
     bf0:	9b 81       	ldd	r25, Y+3	; 0x03
     bf2:	21 e0       	ldi	r18, 0x01	; 1
     bf4:	fc 01       	movw	r30, r24
     bf6:	21 87       	std	Z+9, r18	; 0x09
     bf8:	01 c0       	rjmp	.+2      	; 0xbfc <_ZN11LimitSwitch6updateEm+0x122>
    void update(uint32_t currentTime) {
        /*
         * Actualiza el estado del switch.
         * Implementa un sistema de antirrebotes integrador: requiere SAMPLES lecturas consecutivas iguales para cambiar el estado estable.
         */
        if (currentTime == lastSampleTime) return; // Evitar muestrear más de una vez por ms
     bfa:	00 00       	nop
        // Flanco ascendente (suelto->pulsado)
        if (!stableState && counter == SAMPLES) {
            stableState = true;
            flagPressed = true; // Marcar que se ha detectado un nuevo pulso
        }
    }
     bfc:	27 96       	adiw	r28, 0x07	; 7
     bfe:	0f b6       	in	r0, 0x3f	; 63
     c00:	f8 94       	cli
     c02:	de bf       	out	0x3e, r29	; 62
     c04:	0f be       	out	0x3f, r0	; 63
     c06:	cd bf       	out	0x3d, r28	; 61
     c08:	df 91       	pop	r29
     c0a:	cf 91       	pop	r28
     c0c:	08 95       	ret

00000c0e <_ZN11LimitSwitch9isPressedEv>:

    bool isPressed() {
     c0e:	cf 93       	push	r28
     c10:	df 93       	push	r29
     c12:	00 d0       	rcall	.+0      	; 0xc14 <_ZN11LimitSwitch9isPressedEv+0x6>
     c14:	cd b7       	in	r28, 0x3d	; 61
     c16:	de b7       	in	r29, 0x3e	; 62
     c18:	9a 83       	std	Y+2, r25	; 0x02
     c1a:	89 83       	std	Y+1, r24	; 0x01
        // Devuelve true si se ha detectado un nuevo pulso.
        // No se resetea el flag
        return stableState;
     c1c:	89 81       	ldd	r24, Y+1	; 0x01
     c1e:	9a 81       	ldd	r25, Y+2	; 0x02
     c20:	fc 01       	movw	r30, r24
     c22:	80 85       	ldd	r24, Z+8	; 0x08
    }
     c24:	0f 90       	pop	r0
     c26:	0f 90       	pop	r0
     c28:	df 91       	pop	r29
     c2a:	cf 91       	pop	r28
     c2c:	08 95       	ret

00000c2e <_ZN11LimitSwitch12consumePressEv>:

    bool consumePress() {
     c2e:	cf 93       	push	r28
     c30:	df 93       	push	r29
     c32:	00 d0       	rcall	.+0      	; 0xc34 <_ZN11LimitSwitch12consumePressEv+0x6>
     c34:	cd b7       	in	r28, 0x3d	; 61
     c36:	de b7       	in	r29, 0x3e	; 62
     c38:	9a 83       	std	Y+2, r25	; 0x02
     c3a:	89 83       	std	Y+1, r24	; 0x01
        /*
         * Devuelve true si se ha detectado un nuevo pulso y resetea el flag.
         */
        if (flagPressed) {
     c3c:	89 81       	ldd	r24, Y+1	; 0x01
     c3e:	9a 81       	ldd	r25, Y+2	; 0x02
     c40:	fc 01       	movw	r30, r24
     c42:	81 85       	ldd	r24, Z+9	; 0x09
     c44:	88 23       	and	r24, r24
     c46:	31 f0       	breq	.+12     	; 0xc54 <_ZN11LimitSwitch12consumePressEv+0x26>
            flagPressed = false; // Consumir el flanco detectado
     c48:	89 81       	ldd	r24, Y+1	; 0x01
     c4a:	9a 81       	ldd	r25, Y+2	; 0x02
     c4c:	fc 01       	movw	r30, r24
     c4e:	11 86       	std	Z+9, r1	; 0x09
            return true;
     c50:	81 e0       	ldi	r24, 0x01	; 1
     c52:	01 c0       	rjmp	.+2      	; 0xc56 <_ZN11LimitSwitch12consumePressEv+0x28>
        }
        return false;
     c54:	80 e0       	ldi	r24, 0x00	; 0
    }
     c56:	0f 90       	pop	r0
     c58:	0f 90       	pop	r0
     c5a:	df 91       	pop	r29
     c5c:	cf 91       	pop	r28
     c5e:	08 95       	ret

00000c60 <_ZN11LimitSwitch13forceReleasedEv>:
    //     counter     = SAMPLES; // Forzar estado presionado
    //     stableState = true;
    //     flagPressed = false;   // No genera evento
    // }

    void forceReleased() {
     c60:	cf 93       	push	r28
     c62:	df 93       	push	r29
     c64:	00 d0       	rcall	.+0      	; 0xc66 <_ZN11LimitSwitch13forceReleasedEv+0x6>
     c66:	cd b7       	in	r28, 0x3d	; 61
     c68:	de b7       	in	r29, 0x3e	; 62
     c6a:	9a 83       	std	Y+2, r25	; 0x02
     c6c:	89 83       	std	Y+1, r24	; 0x01
        counter     = 0;     // Forzar estado suelto
     c6e:	89 81       	ldd	r24, Y+1	; 0x01
     c70:	9a 81       	ldd	r25, Y+2	; 0x02
     c72:	fc 01       	movw	r30, r24
     c74:	17 82       	std	Z+7, r1	; 0x07
        stableState = false;
     c76:	89 81       	ldd	r24, Y+1	; 0x01
     c78:	9a 81       	ldd	r25, Y+2	; 0x02
     c7a:	fc 01       	movw	r30, r24
     c7c:	10 86       	std	Z+8, r1	; 0x08
        flagPressed = false;
     c7e:	89 81       	ldd	r24, Y+1	; 0x01
     c80:	9a 81       	ldd	r25, Y+2	; 0x02
     c82:	fc 01       	movw	r30, r24
     c84:	11 86       	std	Z+9, r1	; 0x09
    }
     c86:	00 00       	nop
     c88:	0f 90       	pop	r0
     c8a:	0f 90       	pop	r0
     c8c:	df 91       	pop	r29
     c8e:	cf 91       	pop	r28
     c90:	08 95       	ret

00000c92 <_ZN5MotorC1EPVhS1_hS1_S1_hS1_P11LimitSwitch>:
    bool     escaping;
    uint32_t escapeStart;
    uint32_t escapeTimeMs = 300;

    public:
    Motor(volatile uint8_t* pDIR, volatile uint8_t* dDIR, uint8_t mDIR,
     c92:	8f 92       	push	r8
     c94:	9f 92       	push	r9
     c96:	af 92       	push	r10
     c98:	bf 92       	push	r11
     c9a:	cf 92       	push	r12
     c9c:	ef 92       	push	r14
     c9e:	ff 92       	push	r15
     ca0:	0f 93       	push	r16
     ca2:	1f 93       	push	r17
     ca4:	cf 93       	push	r28
     ca6:	df 93       	push	r29
     ca8:	cd b7       	in	r28, 0x3d	; 61
     caa:	de b7       	in	r29, 0x3e	; 62
     cac:	60 97       	sbiw	r28, 0x10	; 16
     cae:	0f b6       	in	r0, 0x3f	; 63
     cb0:	f8 94       	cli
     cb2:	de bf       	out	0x3e, r29	; 62
     cb4:	0f be       	out	0x3f, r0	; 63
     cb6:	cd bf       	out	0x3d, r28	; 61
     cb8:	9a 83       	std	Y+2, r25	; 0x02
     cba:	89 83       	std	Y+1, r24	; 0x01
     cbc:	7c 83       	std	Y+4, r23	; 0x04
     cbe:	6b 83       	std	Y+3, r22	; 0x03
     cc0:	5e 83       	std	Y+6, r21	; 0x06
     cc2:	4d 83       	std	Y+5, r20	; 0x05
     cc4:	2f 83       	std	Y+7, r18	; 0x07
     cc6:	19 87       	std	Y+9, r17	; 0x09
     cc8:	08 87       	std	Y+8, r16	; 0x08
     cca:	fb 86       	std	Y+11, r15	; 0x0b
     ccc:	ea 86       	std	Y+10, r14	; 0x0a
     cce:	cc 86       	std	Y+12, r12	; 0x0c
     cd0:	be 86       	std	Y+14, r11	; 0x0e
     cd2:	ad 86       	std	Y+13, r10	; 0x0d
     cd4:	98 8a       	std	Y+16, r9	; 0x10
     cd6:	8f 86       	std	Y+15, r8	; 0x0f
          volatile uint8_t* pEN,  volatile uint8_t* dEN,  uint8_t mEN,
          volatile uint8_t* rPWM, LimitSwitch* swPtr = nullptr) {
     cd8:	29 81       	ldd	r18, Y+1	; 0x01
     cda:	3a 81       	ldd	r19, Y+2	; 0x02
     cdc:	8c e2       	ldi	r24, 0x2C	; 44
     cde:	91 e0       	ldi	r25, 0x01	; 1
     ce0:	a0 e0       	ldi	r26, 0x00	; 0
     ce2:	b0 e0       	ldi	r27, 0x00	; 0
     ce4:	f9 01       	movw	r30, r18
     ce6:	86 8b       	std	Z+22, r24	; 0x16
     ce8:	97 8b       	std	Z+23, r25	; 0x17
     cea:	a0 8f       	std	Z+24, r26	; 0x18
     cec:	b1 8f       	std	Z+25, r27	; 0x19
        portDIR   = pDIR; ddrDIR = dDIR; maskDIR = mDIR;
     cee:	89 81       	ldd	r24, Y+1	; 0x01
     cf0:	9a 81       	ldd	r25, Y+2	; 0x02
     cf2:	2b 81       	ldd	r18, Y+3	; 0x03
     cf4:	3c 81       	ldd	r19, Y+4	; 0x04
     cf6:	fc 01       	movw	r30, r24
     cf8:	31 83       	std	Z+1, r19	; 0x01
     cfa:	20 83       	st	Z, r18
     cfc:	89 81       	ldd	r24, Y+1	; 0x01
     cfe:	9a 81       	ldd	r25, Y+2	; 0x02
     d00:	2d 81       	ldd	r18, Y+5	; 0x05
     d02:	3e 81       	ldd	r19, Y+6	; 0x06
     d04:	fc 01       	movw	r30, r24
     d06:	33 83       	std	Z+3, r19	; 0x03
     d08:	22 83       	std	Z+2, r18	; 0x02
     d0a:	89 81       	ldd	r24, Y+1	; 0x01
     d0c:	9a 81       	ldd	r25, Y+2	; 0x02
     d0e:	2f 81       	ldd	r18, Y+7	; 0x07
     d10:	fc 01       	movw	r30, r24
     d12:	24 83       	std	Z+4, r18	; 0x04
        portEN    = pEN;  ddrEN  = dEN;  maskEN  = mEN;
     d14:	89 81       	ldd	r24, Y+1	; 0x01
     d16:	9a 81       	ldd	r25, Y+2	; 0x02
     d18:	28 85       	ldd	r18, Y+8	; 0x08
     d1a:	39 85       	ldd	r19, Y+9	; 0x09
     d1c:	fc 01       	movw	r30, r24
     d1e:	36 83       	std	Z+6, r19	; 0x06
     d20:	25 83       	std	Z+5, r18	; 0x05
     d22:	89 81       	ldd	r24, Y+1	; 0x01
     d24:	9a 81       	ldd	r25, Y+2	; 0x02
     d26:	2a 85       	ldd	r18, Y+10	; 0x0a
     d28:	3b 85       	ldd	r19, Y+11	; 0x0b
     d2a:	fc 01       	movw	r30, r24
     d2c:	30 87       	std	Z+8, r19	; 0x08
     d2e:	27 83       	std	Z+7, r18	; 0x07
     d30:	89 81       	ldd	r24, Y+1	; 0x01
     d32:	9a 81       	ldd	r25, Y+2	; 0x02
     d34:	2c 85       	ldd	r18, Y+12	; 0x0c
     d36:	fc 01       	movw	r30, r24
     d38:	21 87       	std	Z+9, r18	; 0x09
        ocrPWM    = rPWM;
     d3a:	89 81       	ldd	r24, Y+1	; 0x01
     d3c:	9a 81       	ldd	r25, Y+2	; 0x02
     d3e:	2d 85       	ldd	r18, Y+13	; 0x0d
     d40:	3e 85       	ldd	r19, Y+14	; 0x0e
     d42:	fc 01       	movw	r30, r24
     d44:	33 87       	std	Z+11, r19	; 0x0b
     d46:	22 87       	std	Z+10, r18	; 0x0a
        sw        = swPtr;
     d48:	89 81       	ldd	r24, Y+1	; 0x01
     d4a:	9a 81       	ldd	r25, Y+2	; 0x02
     d4c:	2f 85       	ldd	r18, Y+15	; 0x0f
     d4e:	38 89       	ldd	r19, Y+16	; 0x10
     d50:	fc 01       	movw	r30, r24
     d52:	35 87       	std	Z+13, r19	; 0x0d
     d54:	24 87       	std	Z+12, r18	; 0x0c
        moving    = false;
     d56:	89 81       	ldd	r24, Y+1	; 0x01
     d58:	9a 81       	ldd	r25, Y+2	; 0x02
     d5a:	fc 01       	movw	r30, r24
     d5c:	16 86       	std	Z+14, r1	; 0x0e
        direction = true;
     d5e:	89 81       	ldd	r24, Y+1	; 0x01
     d60:	9a 81       	ldd	r25, Y+2	; 0x02
     d62:	21 e0       	ldi	r18, 0x01	; 1
     d64:	fc 01       	movw	r30, r24
     d66:	27 87       	std	Z+15, r18	; 0x0f
        lastSide  = Side::UNKNOWN;
     d68:	89 81       	ldd	r24, Y+1	; 0x01
     d6a:	9a 81       	ldd	r25, Y+2	; 0x02
     d6c:	fc 01       	movw	r30, r24
     d6e:	10 8a       	std	Z+16, r1	; 0x10
        escaping  = false;
     d70:	89 81       	ldd	r24, Y+1	; 0x01
     d72:	9a 81       	ldd	r25, Y+2	; 0x02
     d74:	fc 01       	movw	r30, r24
     d76:	11 8a       	std	Z+17, r1	; 0x11
        escapeStart = 0;
     d78:	89 81       	ldd	r24, Y+1	; 0x01
     d7a:	9a 81       	ldd	r25, Y+2	; 0x02
     d7c:	fc 01       	movw	r30, r24
     d7e:	12 8a       	std	Z+18, r1	; 0x12
     d80:	13 8a       	std	Z+19, r1	; 0x13
     d82:	14 8a       	std	Z+20, r1	; 0x14
     d84:	15 8a       	std	Z+21, r1	; 0x15
    }
     d86:	00 00       	nop
     d88:	60 96       	adiw	r28, 0x10	; 16
     d8a:	0f b6       	in	r0, 0x3f	; 63
     d8c:	f8 94       	cli
     d8e:	de bf       	out	0x3e, r29	; 62
     d90:	0f be       	out	0x3f, r0	; 63
     d92:	cd bf       	out	0x3d, r28	; 61
     d94:	df 91       	pop	r29
     d96:	cf 91       	pop	r28
     d98:	1f 91       	pop	r17
     d9a:	0f 91       	pop	r16
     d9c:	ff 90       	pop	r15
     d9e:	ef 90       	pop	r14
     da0:	cf 90       	pop	r12
     da2:	bf 90       	pop	r11
     da4:	af 90       	pop	r10
     da6:	9f 90       	pop	r9
     da8:	8f 90       	pop	r8
     daa:	08 95       	ret

00000dac <_ZN5Motor4initEv>:

    void init() {
     dac:	cf 93       	push	r28
     dae:	df 93       	push	r29
     db0:	00 d0       	rcall	.+0      	; 0xdb2 <_ZN5Motor4initEv+0x6>
     db2:	cd b7       	in	r28, 0x3d	; 61
     db4:	de b7       	in	r29, 0x3e	; 62
     db6:	9a 83       	std	Y+2, r25	; 0x02
     db8:	89 83       	std	Y+1, r24	; 0x01
        *ddrDIR  |= maskDIR;
     dba:	89 81       	ldd	r24, Y+1	; 0x01
     dbc:	9a 81       	ldd	r25, Y+2	; 0x02
     dbe:	fc 01       	movw	r30, r24
     dc0:	82 81       	ldd	r24, Z+2	; 0x02
     dc2:	93 81       	ldd	r25, Z+3	; 0x03
     dc4:	29 81       	ldd	r18, Y+1	; 0x01
     dc6:	3a 81       	ldd	r19, Y+2	; 0x02
     dc8:	f9 01       	movw	r30, r18
     dca:	22 81       	ldd	r18, Z+2	; 0x02
     dcc:	33 81       	ldd	r19, Z+3	; 0x03
     dce:	f9 01       	movw	r30, r18
     dd0:	40 81       	ld	r20, Z
     dd2:	29 81       	ldd	r18, Y+1	; 0x01
     dd4:	3a 81       	ldd	r19, Y+2	; 0x02
     dd6:	f9 01       	movw	r30, r18
     dd8:	24 81       	ldd	r18, Z+4	; 0x04
     dda:	24 2b       	or	r18, r20
     ddc:	fc 01       	movw	r30, r24
     dde:	20 83       	st	Z, r18
        *ddrEN   |= maskEN;
     de0:	89 81       	ldd	r24, Y+1	; 0x01
     de2:	9a 81       	ldd	r25, Y+2	; 0x02
     de4:	fc 01       	movw	r30, r24
     de6:	87 81       	ldd	r24, Z+7	; 0x07
     de8:	90 85       	ldd	r25, Z+8	; 0x08
     dea:	29 81       	ldd	r18, Y+1	; 0x01
     dec:	3a 81       	ldd	r19, Y+2	; 0x02
     dee:	f9 01       	movw	r30, r18
     df0:	27 81       	ldd	r18, Z+7	; 0x07
     df2:	30 85       	ldd	r19, Z+8	; 0x08
     df4:	f9 01       	movw	r30, r18
     df6:	40 81       	ld	r20, Z
     df8:	29 81       	ldd	r18, Y+1	; 0x01
     dfa:	3a 81       	ldd	r19, Y+2	; 0x02
     dfc:	f9 01       	movw	r30, r18
     dfe:	21 85       	ldd	r18, Z+9	; 0x09
     e00:	24 2b       	or	r18, r20
     e02:	fc 01       	movw	r30, r24
     e04:	20 83       	st	Z, r18
        *portDIR &= ~maskDIR;
     e06:	89 81       	ldd	r24, Y+1	; 0x01
     e08:	9a 81       	ldd	r25, Y+2	; 0x02
     e0a:	fc 01       	movw	r30, r24
     e0c:	80 81       	ld	r24, Z
     e0e:	91 81       	ldd	r25, Z+1	; 0x01
     e10:	29 81       	ldd	r18, Y+1	; 0x01
     e12:	3a 81       	ldd	r19, Y+2	; 0x02
     e14:	f9 01       	movw	r30, r18
     e16:	20 81       	ld	r18, Z
     e18:	31 81       	ldd	r19, Z+1	; 0x01
     e1a:	f9 01       	movw	r30, r18
     e1c:	20 81       	ld	r18, Z
     e1e:	42 2f       	mov	r20, r18
     e20:	29 81       	ldd	r18, Y+1	; 0x01
     e22:	3a 81       	ldd	r19, Y+2	; 0x02
     e24:	f9 01       	movw	r30, r18
     e26:	24 81       	ldd	r18, Z+4	; 0x04
     e28:	20 95       	com	r18
     e2a:	24 23       	and	r18, r20
     e2c:	fc 01       	movw	r30, r24
     e2e:	20 83       	st	Z, r18
        *portEN  &= ~maskEN;
     e30:	89 81       	ldd	r24, Y+1	; 0x01
     e32:	9a 81       	ldd	r25, Y+2	; 0x02
     e34:	fc 01       	movw	r30, r24
     e36:	85 81       	ldd	r24, Z+5	; 0x05
     e38:	96 81       	ldd	r25, Z+6	; 0x06
     e3a:	29 81       	ldd	r18, Y+1	; 0x01
     e3c:	3a 81       	ldd	r19, Y+2	; 0x02
     e3e:	f9 01       	movw	r30, r18
     e40:	25 81       	ldd	r18, Z+5	; 0x05
     e42:	36 81       	ldd	r19, Z+6	; 0x06
     e44:	f9 01       	movw	r30, r18
     e46:	20 81       	ld	r18, Z
     e48:	42 2f       	mov	r20, r18
     e4a:	29 81       	ldd	r18, Y+1	; 0x01
     e4c:	3a 81       	ldd	r19, Y+2	; 0x02
     e4e:	f9 01       	movw	r30, r18
     e50:	21 85       	ldd	r18, Z+9	; 0x09
     e52:	20 95       	com	r18
     e54:	24 23       	and	r18, r20
     e56:	fc 01       	movw	r30, r24
     e58:	20 83       	st	Z, r18
        *ocrPWM   = 0;
     e5a:	89 81       	ldd	r24, Y+1	; 0x01
     e5c:	9a 81       	ldd	r25, Y+2	; 0x02
     e5e:	fc 01       	movw	r30, r24
     e60:	82 85       	ldd	r24, Z+10	; 0x0a
     e62:	93 85       	ldd	r25, Z+11	; 0x0b
     e64:	fc 01       	movw	r30, r24
     e66:	10 82       	st	Z, r1
    }
     e68:	00 00       	nop
     e6a:	0f 90       	pop	r0
     e6c:	0f 90       	pop	r0
     e6e:	df 91       	pop	r29
     e70:	cf 91       	pop	r28
     e72:	08 95       	ret

00000e74 <_ZN5Motor13setEscapeTimeEm>:

    void setEscapeTime(uint32_t ms) {
     e74:	cf 93       	push	r28
     e76:	df 93       	push	r29
     e78:	00 d0       	rcall	.+0      	; 0xe7a <_ZN5Motor13setEscapeTimeEm+0x6>
     e7a:	00 d0       	rcall	.+0      	; 0xe7c <_ZN5Motor13setEscapeTimeEm+0x8>
     e7c:	00 d0       	rcall	.+0      	; 0xe7e <_ZN5Motor13setEscapeTimeEm+0xa>
     e7e:	cd b7       	in	r28, 0x3d	; 61
     e80:	de b7       	in	r29, 0x3e	; 62
     e82:	9a 83       	std	Y+2, r25	; 0x02
     e84:	89 83       	std	Y+1, r24	; 0x01
     e86:	4b 83       	std	Y+3, r20	; 0x03
     e88:	5c 83       	std	Y+4, r21	; 0x04
     e8a:	6d 83       	std	Y+5, r22	; 0x05
     e8c:	7e 83       	std	Y+6, r23	; 0x06
        // Actualiza el tiempo de escape.
        escapeTimeMs = ms;
     e8e:	29 81       	ldd	r18, Y+1	; 0x01
     e90:	3a 81       	ldd	r19, Y+2	; 0x02
     e92:	8b 81       	ldd	r24, Y+3	; 0x03
     e94:	9c 81       	ldd	r25, Y+4	; 0x04
     e96:	ad 81       	ldd	r26, Y+5	; 0x05
     e98:	be 81       	ldd	r27, Y+6	; 0x06
     e9a:	f9 01       	movw	r30, r18
     e9c:	86 8b       	std	Z+22, r24	; 0x16
     e9e:	97 8b       	std	Z+23, r25	; 0x17
     ea0:	a0 8f       	std	Z+24, r26	; 0x18
     ea2:	b1 8f       	std	Z+25, r27	; 0x19
    }
     ea4:	00 00       	nop
     ea6:	26 96       	adiw	r28, 0x06	; 6
     ea8:	0f b6       	in	r0, 0x3f	; 63
     eaa:	f8 94       	cli
     eac:	de bf       	out	0x3e, r29	; 62
     eae:	0f be       	out	0x3f, r0	; 63
     eb0:	cd bf       	out	0x3d, r28	; 61
     eb2:	df 91       	pop	r29
     eb4:	cf 91       	pop	r28
     eb6:	08 95       	ret

00000eb8 <_ZN5Motor4moveEbmh>:

    void move(bool dir, uint32_t currentTime, uint8_t speed = DEFAULT_SPEED) {
     eb8:	0f 93       	push	r16
     eba:	cf 93       	push	r28
     ebc:	df 93       	push	r29
     ebe:	cd b7       	in	r28, 0x3d	; 61
     ec0:	de b7       	in	r29, 0x3e	; 62
     ec2:	29 97       	sbiw	r28, 0x09	; 9
     ec4:	0f b6       	in	r0, 0x3f	; 63
     ec6:	f8 94       	cli
     ec8:	de bf       	out	0x3e, r29	; 62
     eca:	0f be       	out	0x3f, r0	; 63
     ecc:	cd bf       	out	0x3d, r28	; 61
     ece:	9b 83       	std	Y+3, r25	; 0x03
     ed0:	8a 83       	std	Y+2, r24	; 0x02
     ed2:	6c 83       	std	Y+4, r22	; 0x04
     ed4:	2d 83       	std	Y+5, r18	; 0x05
     ed6:	3e 83       	std	Y+6, r19	; 0x06
     ed8:	4f 83       	std	Y+7, r20	; 0x07
     eda:	58 87       	std	Y+8, r21	; 0x08
     edc:	09 87       	std	Y+9, r16	; 0x09
         * Implementa escape al iniciar el movimiento para evitar falsos positivos en el switch.
         */

        // if (sw == 0) return;

        Side targetSide = dir ? Side::A : Side::B;
     ede:	8c 81       	ldd	r24, Y+4	; 0x04
     ee0:	88 23       	and	r24, r24
     ee2:	11 f0       	breq	.+4      	; 0xee8 <_ZN5Motor4moveEbmh+0x30>
     ee4:	81 e0       	ldi	r24, 0x01	; 1
     ee6:	01 c0       	rjmp	.+2      	; 0xeea <_ZN5Motor4moveEbmh+0x32>
     ee8:	82 e0       	ldi	r24, 0x02	; 2
     eea:	89 83       	std	Y+1, r24	; 0x01
        if (lastSide == targetSide) return;
     eec:	8a 81       	ldd	r24, Y+2	; 0x02
     eee:	9b 81       	ldd	r25, Y+3	; 0x03
     ef0:	fc 01       	movw	r30, r24
     ef2:	90 89       	ldd	r25, Z+16	; 0x10
     ef4:	89 81       	ldd	r24, Y+1	; 0x01
     ef6:	98 17       	cp	r25, r24
     ef8:	09 f4       	brne	.+2      	; 0xefc <_ZN5Motor4moveEbmh+0x44>
     efa:	61 c0       	rjmp	.+194    	; 0xfbe <_ZN5Motor4moveEbmh+0x106>

        // Escape al iniciar movimiento (ignorar switch durante escapeTimeMs)
        escaping = true;
     efc:	8a 81       	ldd	r24, Y+2	; 0x02
     efe:	9b 81       	ldd	r25, Y+3	; 0x03
     f00:	21 e0       	ldi	r18, 0x01	; 1
     f02:	fc 01       	movw	r30, r24
     f04:	21 8b       	std	Z+17, r18	; 0x11
        escapeStart = currentTime;
     f06:	2a 81       	ldd	r18, Y+2	; 0x02
     f08:	3b 81       	ldd	r19, Y+3	; 0x03
     f0a:	8d 81       	ldd	r24, Y+5	; 0x05
     f0c:	9e 81       	ldd	r25, Y+6	; 0x06
     f0e:	af 81       	ldd	r26, Y+7	; 0x07
     f10:	b8 85       	ldd	r27, Y+8	; 0x08
     f12:	f9 01       	movw	r30, r18
     f14:	82 8b       	std	Z+18, r24	; 0x12
     f16:	93 8b       	std	Z+19, r25	; 0x13
     f18:	a4 8b       	std	Z+20, r26	; 0x14
     f1a:	b5 8b       	std	Z+21, r27	; 0x15
        if(sw != 0) sw->forceReleased();
     f1c:	8a 81       	ldd	r24, Y+2	; 0x02
     f1e:	9b 81       	ldd	r25, Y+3	; 0x03
     f20:	fc 01       	movw	r30, r24
     f22:	84 85       	ldd	r24, Z+12	; 0x0c
     f24:	95 85       	ldd	r25, Z+13	; 0x0d
     f26:	89 2b       	or	r24, r25
     f28:	39 f0       	breq	.+14     	; 0xf38 <_ZN5Motor4moveEbmh+0x80>
     f2a:	8a 81       	ldd	r24, Y+2	; 0x02
     f2c:	9b 81       	ldd	r25, Y+3	; 0x03
     f2e:	fc 01       	movw	r30, r24
     f30:	84 85       	ldd	r24, Z+12	; 0x0c
     f32:	95 85       	ldd	r25, Z+13	; 0x0d
     f34:	0e 94 30 06 	call	0xc60	; 0xc60 <_ZN11LimitSwitch13forceReleasedEv>

        if (dir) *portDIR |= maskDIR; 
     f38:	8c 81       	ldd	r24, Y+4	; 0x04
     f3a:	88 23       	and	r24, r24
     f3c:	a1 f0       	breq	.+40     	; 0xf66 <_ZN5Motor4moveEbmh+0xae>
     f3e:	8a 81       	ldd	r24, Y+2	; 0x02
     f40:	9b 81       	ldd	r25, Y+3	; 0x03
     f42:	fc 01       	movw	r30, r24
     f44:	80 81       	ld	r24, Z
     f46:	91 81       	ldd	r25, Z+1	; 0x01
     f48:	2a 81       	ldd	r18, Y+2	; 0x02
     f4a:	3b 81       	ldd	r19, Y+3	; 0x03
     f4c:	f9 01       	movw	r30, r18
     f4e:	20 81       	ld	r18, Z
     f50:	31 81       	ldd	r19, Z+1	; 0x01
     f52:	f9 01       	movw	r30, r18
     f54:	40 81       	ld	r20, Z
     f56:	2a 81       	ldd	r18, Y+2	; 0x02
     f58:	3b 81       	ldd	r19, Y+3	; 0x03
     f5a:	f9 01       	movw	r30, r18
     f5c:	24 81       	ldd	r18, Z+4	; 0x04
     f5e:	24 2b       	or	r18, r20
     f60:	fc 01       	movw	r30, r24
     f62:	20 83       	st	Z, r18
     f64:	15 c0       	rjmp	.+42     	; 0xf90 <_ZN5Motor4moveEbmh+0xd8>
        else     *portDIR &= ~maskDIR; 
     f66:	8a 81       	ldd	r24, Y+2	; 0x02
     f68:	9b 81       	ldd	r25, Y+3	; 0x03
     f6a:	fc 01       	movw	r30, r24
     f6c:	80 81       	ld	r24, Z
     f6e:	91 81       	ldd	r25, Z+1	; 0x01
     f70:	2a 81       	ldd	r18, Y+2	; 0x02
     f72:	3b 81       	ldd	r19, Y+3	; 0x03
     f74:	f9 01       	movw	r30, r18
     f76:	20 81       	ld	r18, Z
     f78:	31 81       	ldd	r19, Z+1	; 0x01
     f7a:	f9 01       	movw	r30, r18
     f7c:	20 81       	ld	r18, Z
     f7e:	42 2f       	mov	r20, r18
     f80:	2a 81       	ldd	r18, Y+2	; 0x02
     f82:	3b 81       	ldd	r19, Y+3	; 0x03
     f84:	f9 01       	movw	r30, r18
     f86:	24 81       	ldd	r18, Z+4	; 0x04
     f88:	20 95       	com	r18
     f8a:	24 23       	and	r18, r20
     f8c:	fc 01       	movw	r30, r24
     f8e:	20 83       	st	Z, r18

        *ocrPWM = speed;
     f90:	8a 81       	ldd	r24, Y+2	; 0x02
     f92:	9b 81       	ldd	r25, Y+3	; 0x03
     f94:	fc 01       	movw	r30, r24
     f96:	82 85       	ldd	r24, Z+10	; 0x0a
     f98:	93 85       	ldd	r25, Z+11	; 0x0b
     f9a:	29 85       	ldd	r18, Y+9	; 0x09
     f9c:	fc 01       	movw	r30, r24
     f9e:	20 83       	st	Z, r18

        direction = dir;
     fa0:	8a 81       	ldd	r24, Y+2	; 0x02
     fa2:	9b 81       	ldd	r25, Y+3	; 0x03
     fa4:	2c 81       	ldd	r18, Y+4	; 0x04
     fa6:	fc 01       	movw	r30, r24
     fa8:	27 87       	std	Z+15, r18	; 0x0f
        lastSide = Side::UNKNOWN; 
     faa:	8a 81       	ldd	r24, Y+2	; 0x02
     fac:	9b 81       	ldd	r25, Y+3	; 0x03
     fae:	fc 01       	movw	r30, r24
     fb0:	10 8a       	std	Z+16, r1	; 0x10
        moving = true;
     fb2:	8a 81       	ldd	r24, Y+2	; 0x02
     fb4:	9b 81       	ldd	r25, Y+3	; 0x03
     fb6:	21 e0       	ldi	r18, 0x01	; 1
     fb8:	fc 01       	movw	r30, r24
     fba:	26 87       	std	Z+14, r18	; 0x0e
     fbc:	01 c0       	rjmp	.+2      	; 0xfc0 <_ZN5Motor4moveEbmh+0x108>
         */

        // if (sw == 0) return;

        Side targetSide = dir ? Side::A : Side::B;
        if (lastSide == targetSide) return;
     fbe:	00 00       	nop
        *ocrPWM = speed;

        direction = dir;
        lastSide = Side::UNKNOWN; 
        moving = true;
    }
     fc0:	29 96       	adiw	r28, 0x09	; 9
     fc2:	0f b6       	in	r0, 0x3f	; 63
     fc4:	f8 94       	cli
     fc6:	de bf       	out	0x3e, r29	; 62
     fc8:	0f be       	out	0x3f, r0	; 63
     fca:	cd bf       	out	0x3d, r28	; 61
     fcc:	df 91       	pop	r29
     fce:	cf 91       	pop	r28
     fd0:	0f 91       	pop	r16
     fd2:	08 95       	ret

00000fd4 <_ZN5Motor4stopEv>:

    void stop() {
     fd4:	cf 93       	push	r28
     fd6:	df 93       	push	r29
     fd8:	00 d0       	rcall	.+0      	; 0xfda <_ZN5Motor4stopEv+0x6>
     fda:	cd b7       	in	r28, 0x3d	; 61
     fdc:	de b7       	in	r29, 0x3e	; 62
     fde:	9a 83       	std	Y+2, r25	; 0x02
     fe0:	89 83       	std	Y+1, r24	; 0x01
        *ocrPWM = 0;
     fe2:	89 81       	ldd	r24, Y+1	; 0x01
     fe4:	9a 81       	ldd	r25, Y+2	; 0x02
     fe6:	fc 01       	movw	r30, r24
     fe8:	82 85       	ldd	r24, Z+10	; 0x0a
     fea:	93 85       	ldd	r25, Z+11	; 0x0b
     fec:	fc 01       	movw	r30, r24
     fee:	10 82       	st	Z, r1
        moving = false;
     ff0:	89 81       	ldd	r24, Y+1	; 0x01
     ff2:	9a 81       	ldd	r25, Y+2	; 0x02
     ff4:	fc 01       	movw	r30, r24
     ff6:	16 86       	std	Z+14, r1	; 0x0e
        escaping = false;
     ff8:	89 81       	ldd	r24, Y+1	; 0x01
     ffa:	9a 81       	ldd	r25, Y+2	; 0x02
     ffc:	fc 01       	movw	r30, r24
     ffe:	11 8a       	std	Z+17, r1	; 0x11
    }
    1000:	00 00       	nop
    1002:	0f 90       	pop	r0
    1004:	0f 90       	pop	r0
    1006:	df 91       	pop	r29
    1008:	cf 91       	pop	r28
    100a:	08 95       	ret

0000100c <_ZN5Motor6updateEm>:

    void update(uint32_t currentTime) {
    100c:	cf 93       	push	r28
    100e:	df 93       	push	r29
    1010:	00 d0       	rcall	.+0      	; 0x1012 <_ZN5Motor6updateEm+0x6>
    1012:	00 d0       	rcall	.+0      	; 0x1014 <_ZN5Motor6updateEm+0x8>
    1014:	00 d0       	rcall	.+0      	; 0x1016 <_ZN5Motor6updateEm+0xa>
    1016:	cd b7       	in	r28, 0x3d	; 61
    1018:	de b7       	in	r29, 0x3e	; 62
    101a:	9a 83       	std	Y+2, r25	; 0x02
    101c:	89 83       	std	Y+1, r24	; 0x01
    101e:	4b 83       	std	Y+3, r20	; 0x03
    1020:	5c 83       	std	Y+4, r21	; 0x04
    1022:	6d 83       	std	Y+5, r22	; 0x05
    1024:	7e 83       	std	Y+6, r23	; 0x06
        /*
        * Actualiza el estado del motor en función del tiempo y el estado del switch.
        * Implementa lógica de escape para evitar falsos positivos en los switches.
        */
        if (!moving || sw == 0) return;
    1026:	89 81       	ldd	r24, Y+1	; 0x01
    1028:	9a 81       	ldd	r25, Y+2	; 0x02
    102a:	fc 01       	movw	r30, r24
    102c:	96 85       	ldd	r25, Z+14	; 0x0e
    102e:	81 e0       	ldi	r24, 0x01	; 1
    1030:	89 27       	eor	r24, r25
    1032:	88 23       	and	r24, r24
    1034:	09 f0       	breq	.+2      	; 0x1038 <_ZN5Motor6updateEm+0x2c>
    1036:	6c c0       	rjmp	.+216    	; 0x1110 <_ZN5Motor6updateEm+0x104>
    1038:	89 81       	ldd	r24, Y+1	; 0x01
    103a:	9a 81       	ldd	r25, Y+2	; 0x02
    103c:	fc 01       	movw	r30, r24
    103e:	84 85       	ldd	r24, Z+12	; 0x0c
    1040:	95 85       	ldd	r25, Z+13	; 0x0d
    1042:	89 2b       	or	r24, r25
    1044:	09 f4       	brne	.+2      	; 0x1048 <_ZN5Motor6updateEm+0x3c>
    1046:	64 c0       	rjmp	.+200    	; 0x1110 <_ZN5Motor6updateEm+0x104>
        
        // Si estamos en escape, esperamos a que termine sin procesar el switch
        if(escaping) {
    1048:	89 81       	ldd	r24, Y+1	; 0x01
    104a:	9a 81       	ldd	r25, Y+2	; 0x02
    104c:	fc 01       	movw	r30, r24
    104e:	81 89       	ldd	r24, Z+17	; 0x11
    1050:	88 23       	and	r24, r24
    1052:	09 f4       	brne	.+2      	; 0x1056 <_ZN5Motor6updateEm+0x4a>
    1054:	42 c0       	rjmp	.+132    	; 0x10da <_ZN5Motor6updateEm+0xce>
            if ((currentTime - escapeStart) >= escapeTimeMs) {
    1056:	89 81       	ldd	r24, Y+1	; 0x01
    1058:	9a 81       	ldd	r25, Y+2	; 0x02
    105a:	fc 01       	movw	r30, r24
    105c:	82 89       	ldd	r24, Z+18	; 0x12
    105e:	93 89       	ldd	r25, Z+19	; 0x13
    1060:	a4 89       	ldd	r26, Z+20	; 0x14
    1062:	b5 89       	ldd	r27, Z+21	; 0x15
    1064:	2b 81       	ldd	r18, Y+3	; 0x03
    1066:	3c 81       	ldd	r19, Y+4	; 0x04
    1068:	4d 81       	ldd	r20, Y+5	; 0x05
    106a:	5e 81       	ldd	r21, Y+6	; 0x06
    106c:	28 1b       	sub	r18, r24
    106e:	39 0b       	sbc	r19, r25
    1070:	4a 0b       	sbc	r20, r26
    1072:	5b 0b       	sbc	r21, r27
    1074:	89 81       	ldd	r24, Y+1	; 0x01
    1076:	9a 81       	ldd	r25, Y+2	; 0x02
    1078:	fc 01       	movw	r30, r24
    107a:	86 89       	ldd	r24, Z+22	; 0x16
    107c:	97 89       	ldd	r25, Z+23	; 0x17
    107e:	a0 8d       	ldd	r26, Z+24	; 0x18
    1080:	b1 8d       	ldd	r27, Z+25	; 0x19
    1082:	28 17       	cp	r18, r24
    1084:	39 07       	cpc	r19, r25
    1086:	4a 07       	cpc	r20, r26
    1088:	5b 07       	cpc	r21, r27
    108a:	08 f4       	brcc	.+2      	; 0x108e <_ZN5Motor6updateEm+0x82>
    108c:	43 c0       	rjmp	.+134    	; 0x1114 <_ZN5Motor6updateEm+0x108>
                escaping = false;
    108e:	89 81       	ldd	r24, Y+1	; 0x01
    1090:	9a 81       	ldd	r25, Y+2	; 0x02
    1092:	fc 01       	movw	r30, r24
    1094:	11 8a       	std	Z+17, r1	; 0x11
                if (sw->isPressed()) {
    1096:	89 81       	ldd	r24, Y+1	; 0x01
    1098:	9a 81       	ldd	r25, Y+2	; 0x02
    109a:	fc 01       	movw	r30, r24
    109c:	84 85       	ldd	r24, Z+12	; 0x0c
    109e:	95 85       	ldd	r25, Z+13	; 0x0d
    10a0:	0e 94 07 06 	call	0xc0e	; 0xc0e <_ZN11LimitSwitch9isPressedEv>
    10a4:	88 23       	and	r24, r24
    10a6:	89 f0       	breq	.+34     	; 0x10ca <_ZN5Motor6updateEm+0xbe>
                    stop();
    10a8:	89 81       	ldd	r24, Y+1	; 0x01
    10aa:	9a 81       	ldd	r25, Y+2	; 0x02
    10ac:	0e 94 ea 07 	call	0xfd4	; 0xfd4 <_ZN5Motor4stopEv>
                    lastSide = direction ? Side::A : Side::B;
    10b0:	89 81       	ldd	r24, Y+1	; 0x01
    10b2:	9a 81       	ldd	r25, Y+2	; 0x02
    10b4:	fc 01       	movw	r30, r24
    10b6:	87 85       	ldd	r24, Z+15	; 0x0f
    10b8:	88 23       	and	r24, r24
    10ba:	11 f0       	breq	.+4      	; 0x10c0 <_ZN5Motor6updateEm+0xb4>
    10bc:	21 e0       	ldi	r18, 0x01	; 1
    10be:	01 c0       	rjmp	.+2      	; 0x10c2 <_ZN5Motor6updateEm+0xb6>
    10c0:	22 e0       	ldi	r18, 0x02	; 2
    10c2:	89 81       	ldd	r24, Y+1	; 0x01
    10c4:	9a 81       	ldd	r25, Y+2	; 0x02
    10c6:	fc 01       	movw	r30, r24
    10c8:	20 8b       	std	Z+16, r18	; 0x10
                }
                sw->consumePress(); // Limpiar flancos residuales
    10ca:	89 81       	ldd	r24, Y+1	; 0x01
    10cc:	9a 81       	ldd	r25, Y+2	; 0x02
    10ce:	fc 01       	movw	r30, r24
    10d0:	84 85       	ldd	r24, Z+12	; 0x0c
    10d2:	95 85       	ldd	r25, Z+13	; 0x0d
    10d4:	0e 94 17 06 	call	0xc2e	; 0xc2e <_ZN11LimitSwitch12consumePressEv>
            }
            return;
    10d8:	1d c0       	rjmp	.+58     	; 0x1114 <_ZN5Motor6updateEm+0x108>
        }

        // Si no estamos en escape, procesamos el switch normalmente
        if (sw->consumePress()) {
    10da:	89 81       	ldd	r24, Y+1	; 0x01
    10dc:	9a 81       	ldd	r25, Y+2	; 0x02
    10de:	fc 01       	movw	r30, r24
    10e0:	84 85       	ldd	r24, Z+12	; 0x0c
    10e2:	95 85       	ldd	r25, Z+13	; 0x0d
    10e4:	0e 94 17 06 	call	0xc2e	; 0xc2e <_ZN11LimitSwitch12consumePressEv>
    10e8:	88 23       	and	r24, r24
    10ea:	a9 f0       	breq	.+42     	; 0x1116 <_ZN5Motor6updateEm+0x10a>
            stop();
    10ec:	89 81       	ldd	r24, Y+1	; 0x01
    10ee:	9a 81       	ldd	r25, Y+2	; 0x02
    10f0:	0e 94 ea 07 	call	0xfd4	; 0xfd4 <_ZN5Motor4stopEv>
            lastSide = direction ? Side::A : Side::B;
    10f4:	89 81       	ldd	r24, Y+1	; 0x01
    10f6:	9a 81       	ldd	r25, Y+2	; 0x02
    10f8:	fc 01       	movw	r30, r24
    10fa:	87 85       	ldd	r24, Z+15	; 0x0f
    10fc:	88 23       	and	r24, r24
    10fe:	11 f0       	breq	.+4      	; 0x1104 <_ZN5Motor6updateEm+0xf8>
    1100:	21 e0       	ldi	r18, 0x01	; 1
    1102:	01 c0       	rjmp	.+2      	; 0x1106 <_ZN5Motor6updateEm+0xfa>
    1104:	22 e0       	ldi	r18, 0x02	; 2
    1106:	89 81       	ldd	r24, Y+1	; 0x01
    1108:	9a 81       	ldd	r25, Y+2	; 0x02
    110a:	fc 01       	movw	r30, r24
    110c:	20 8b       	std	Z+16, r18	; 0x10
    110e:	03 c0       	rjmp	.+6      	; 0x1116 <_ZN5Motor6updateEm+0x10a>
    void update(uint32_t currentTime) {
        /*
        * Actualiza el estado del motor en función del tiempo y el estado del switch.
        * Implementa lógica de escape para evitar falsos positivos en los switches.
        */
        if (!moving || sw == 0) return;
    1110:	00 00       	nop
    1112:	01 c0       	rjmp	.+2      	; 0x1116 <_ZN5Motor6updateEm+0x10a>
                    stop();
                    lastSide = direction ? Side::A : Side::B;
                }
                sw->consumePress(); // Limpiar flancos residuales
            }
            return;
    1114:	00 00       	nop
        // Si no estamos en escape, procesamos el switch normalmente
        if (sw->consumePress()) {
            stop();
            lastSide = direction ? Side::A : Side::B;
        }
    }
    1116:	26 96       	adiw	r28, 0x06	; 6
    1118:	0f b6       	in	r0, 0x3f	; 63
    111a:	f8 94       	cli
    111c:	de bf       	out	0x3e, r29	; 62
    111e:	0f be       	out	0x3f, r0	; 63
    1120:	cd bf       	out	0x3d, r28	; 61
    1122:	df 91       	pop	r29
    1124:	cf 91       	pop	r28
    1126:	08 95       	ret

00001128 <_ZN5Motor8isMovingEv>:
    
    bool isMoving() {
    1128:	cf 93       	push	r28
    112a:	df 93       	push	r29
    112c:	00 d0       	rcall	.+0      	; 0x112e <_ZN5Motor8isMovingEv+0x6>
    112e:	cd b7       	in	r28, 0x3d	; 61
    1130:	de b7       	in	r29, 0x3e	; 62
    1132:	9a 83       	std	Y+2, r25	; 0x02
    1134:	89 83       	std	Y+1, r24	; 0x01
        return moving;
    1136:	89 81       	ldd	r24, Y+1	; 0x01
    1138:	9a 81       	ldd	r25, Y+2	; 0x02
    113a:	fc 01       	movw	r30, r24
    113c:	86 85       	ldd	r24, Z+14	; 0x0e
    }
    113e:	0f 90       	pop	r0
    1140:	0f 90       	pop	r0
    1142:	df 91       	pop	r29
    1144:	cf 91       	pop	r28
    1146:	08 95       	ret

00001148 <_ZN5Motor4isAtENS_4SideE>:

    bool isAt(Side side) {
    1148:	cf 93       	push	r28
    114a:	df 93       	push	r29
    114c:	00 d0       	rcall	.+0      	; 0x114e <_ZN5Motor4isAtENS_4SideE+0x6>
    114e:	1f 92       	push	r1
    1150:	cd b7       	in	r28, 0x3d	; 61
    1152:	de b7       	in	r29, 0x3e	; 62
    1154:	9a 83       	std	Y+2, r25	; 0x02
    1156:	89 83       	std	Y+1, r24	; 0x01
    1158:	6b 83       	std	Y+3, r22	; 0x03
        // Devuelve true si motor detenido y lado correcto.
        // if (sw == 0) return false;
        return !moving && lastSide == side;
    115a:	89 81       	ldd	r24, Y+1	; 0x01
    115c:	9a 81       	ldd	r25, Y+2	; 0x02
    115e:	fc 01       	movw	r30, r24
    1160:	96 85       	ldd	r25, Z+14	; 0x0e
    1162:	81 e0       	ldi	r24, 0x01	; 1
    1164:	89 27       	eor	r24, r25
    1166:	88 23       	and	r24, r24
    1168:	49 f0       	breq	.+18     	; 0x117c <_ZN5Motor4isAtENS_4SideE+0x34>
    116a:	89 81       	ldd	r24, Y+1	; 0x01
    116c:	9a 81       	ldd	r25, Y+2	; 0x02
    116e:	fc 01       	movw	r30, r24
    1170:	90 89       	ldd	r25, Z+16	; 0x10
    1172:	8b 81       	ldd	r24, Y+3	; 0x03
    1174:	98 17       	cp	r25, r24
    1176:	11 f4       	brne	.+4      	; 0x117c <_ZN5Motor4isAtENS_4SideE+0x34>
    1178:	81 e0       	ldi	r24, 0x01	; 1
    117a:	01 c0       	rjmp	.+2      	; 0x117e <_ZN5Motor4isAtENS_4SideE+0x36>
    117c:	80 e0       	ldi	r24, 0x00	; 0
    }
    117e:	0f 90       	pop	r0
    1180:	0f 90       	pop	r0
    1182:	0f 90       	pop	r0
    1184:	df 91       	pop	r29
    1186:	cf 91       	pop	r28
    1188:	08 95       	ret

0000118a <_ZN12LimitSwitch3C1EPVhS1_S1_h>:

    Position currentPosition;   // Posición actual del switch (LEFT, MIDDLE, RIGHT)
    Position nextExpected;      // Próxima posición esperada para validar movimientos

    public:
    LimitSwitch3(volatile uint8_t* pinR, volatile uint8_t* portR, volatile uint8_t* ddrR, uint8_t m) {
    118a:	0f 93       	push	r16
    118c:	cf 93       	push	r28
    118e:	df 93       	push	r29
    1190:	cd b7       	in	r28, 0x3d	; 61
    1192:	de b7       	in	r29, 0x3e	; 62
    1194:	29 97       	sbiw	r28, 0x09	; 9
    1196:	0f b6       	in	r0, 0x3f	; 63
    1198:	f8 94       	cli
    119a:	de bf       	out	0x3e, r29	; 62
    119c:	0f be       	out	0x3f, r0	; 63
    119e:	cd bf       	out	0x3d, r28	; 61
    11a0:	9a 83       	std	Y+2, r25	; 0x02
    11a2:	89 83       	std	Y+1, r24	; 0x01
    11a4:	7c 83       	std	Y+4, r23	; 0x04
    11a6:	6b 83       	std	Y+3, r22	; 0x03
    11a8:	5e 83       	std	Y+6, r21	; 0x06
    11aa:	4d 83       	std	Y+5, r20	; 0x05
    11ac:	38 87       	std	Y+8, r19	; 0x08
    11ae:	2f 83       	std	Y+7, r18	; 0x07
    11b0:	09 87       	std	Y+9, r16	; 0x09
        pinReg  = pinR;
    11b2:	89 81       	ldd	r24, Y+1	; 0x01
    11b4:	9a 81       	ldd	r25, Y+2	; 0x02
    11b6:	2b 81       	ldd	r18, Y+3	; 0x03
    11b8:	3c 81       	ldd	r19, Y+4	; 0x04
    11ba:	fc 01       	movw	r30, r24
    11bc:	31 83       	std	Z+1, r19	; 0x01
    11be:	20 83       	st	Z, r18
        portReg = portR;
    11c0:	89 81       	ldd	r24, Y+1	; 0x01
    11c2:	9a 81       	ldd	r25, Y+2	; 0x02
    11c4:	2d 81       	ldd	r18, Y+5	; 0x05
    11c6:	3e 81       	ldd	r19, Y+6	; 0x06
    11c8:	fc 01       	movw	r30, r24
    11ca:	33 83       	std	Z+3, r19	; 0x03
    11cc:	22 83       	std	Z+2, r18	; 0x02
        ddrReg  = ddrR;
    11ce:	89 81       	ldd	r24, Y+1	; 0x01
    11d0:	9a 81       	ldd	r25, Y+2	; 0x02
    11d2:	2f 81       	ldd	r18, Y+7	; 0x07
    11d4:	38 85       	ldd	r19, Y+8	; 0x08
    11d6:	fc 01       	movw	r30, r24
    11d8:	35 83       	std	Z+5, r19	; 0x05
    11da:	24 83       	std	Z+4, r18	; 0x04
        mask    = m;
    11dc:	89 81       	ldd	r24, Y+1	; 0x01
    11de:	9a 81       	ldd	r25, Y+2	; 0x02
    11e0:	29 85       	ldd	r18, Y+9	; 0x09
    11e2:	fc 01       	movw	r30, r24
    11e4:	26 83       	std	Z+6, r18	; 0x06
        
        counter = 0;
    11e6:	89 81       	ldd	r24, Y+1	; 0x01
    11e8:	9a 81       	ldd	r25, Y+2	; 0x02
    11ea:	fc 01       	movw	r30, r24
    11ec:	17 82       	std	Z+7, r1	; 0x07
        stableState = false;
    11ee:	89 81       	ldd	r24, Y+1	; 0x01
    11f0:	9a 81       	ldd	r25, Y+2	; 0x02
    11f2:	fc 01       	movw	r30, r24
    11f4:	10 86       	std	Z+8, r1	; 0x08
        flagPressed = false;
    11f6:	89 81       	ldd	r24, Y+1	; 0x01
    11f8:	9a 81       	ldd	r25, Y+2	; 0x02
    11fa:	fc 01       	movw	r30, r24
    11fc:	11 86       	std	Z+9, r1	; 0x09
        lastSampleTime = 0;
    11fe:	89 81       	ldd	r24, Y+1	; 0x01
    1200:	9a 81       	ldd	r25, Y+2	; 0x02
    1202:	fc 01       	movw	r30, r24
    1204:	12 86       	std	Z+10, r1	; 0x0a
    1206:	13 86       	std	Z+11, r1	; 0x0b
    1208:	14 86       	std	Z+12, r1	; 0x0c
    120a:	15 86       	std	Z+13, r1	; 0x0d
        currentPosition = Position::UNKNOWN;
    120c:	89 81       	ldd	r24, Y+1	; 0x01
    120e:	9a 81       	ldd	r25, Y+2	; 0x02
    1210:	fc 01       	movw	r30, r24
    1212:	16 86       	std	Z+14, r1	; 0x0e
        nextExpected = Position::UNKNOWN;
    1214:	89 81       	ldd	r24, Y+1	; 0x01
    1216:	9a 81       	ldd	r25, Y+2	; 0x02
    1218:	fc 01       	movw	r30, r24
    121a:	17 86       	std	Z+15, r1	; 0x0f
    }
    121c:	00 00       	nop
    121e:	29 96       	adiw	r28, 0x09	; 9
    1220:	0f b6       	in	r0, 0x3f	; 63
    1222:	f8 94       	cli
    1224:	de bf       	out	0x3e, r29	; 62
    1226:	0f be       	out	0x3f, r0	; 63
    1228:	cd bf       	out	0x3d, r28	; 61
    122a:	df 91       	pop	r29
    122c:	cf 91       	pop	r28
    122e:	0f 91       	pop	r16
    1230:	08 95       	ret

00001232 <_ZN12LimitSwitch34initEv>:
    
    void init() {
    1232:	cf 93       	push	r28
    1234:	df 93       	push	r29
    1236:	00 d0       	rcall	.+0      	; 0x1238 <_ZN12LimitSwitch34initEv+0x6>
    1238:	cd b7       	in	r28, 0x3d	; 61
    123a:	de b7       	in	r29, 0x3e	; 62
    123c:	9a 83       	std	Y+2, r25	; 0x02
    123e:	89 83       	std	Y+1, r24	; 0x01
        *ddrReg  &= ~mask; // Input
    1240:	89 81       	ldd	r24, Y+1	; 0x01
    1242:	9a 81       	ldd	r25, Y+2	; 0x02
    1244:	fc 01       	movw	r30, r24
    1246:	84 81       	ldd	r24, Z+4	; 0x04
    1248:	95 81       	ldd	r25, Z+5	; 0x05
    124a:	29 81       	ldd	r18, Y+1	; 0x01
    124c:	3a 81       	ldd	r19, Y+2	; 0x02
    124e:	f9 01       	movw	r30, r18
    1250:	24 81       	ldd	r18, Z+4	; 0x04
    1252:	35 81       	ldd	r19, Z+5	; 0x05
    1254:	f9 01       	movw	r30, r18
    1256:	20 81       	ld	r18, Z
    1258:	42 2f       	mov	r20, r18
    125a:	29 81       	ldd	r18, Y+1	; 0x01
    125c:	3a 81       	ldd	r19, Y+2	; 0x02
    125e:	f9 01       	movw	r30, r18
    1260:	26 81       	ldd	r18, Z+6	; 0x06
    1262:	20 95       	com	r18
    1264:	24 23       	and	r18, r20
    1266:	fc 01       	movw	r30, r24
    1268:	20 83       	st	Z, r18
        *portReg |=  mask; // Pull-up
    126a:	89 81       	ldd	r24, Y+1	; 0x01
    126c:	9a 81       	ldd	r25, Y+2	; 0x02
    126e:	fc 01       	movw	r30, r24
    1270:	82 81       	ldd	r24, Z+2	; 0x02
    1272:	93 81       	ldd	r25, Z+3	; 0x03
    1274:	29 81       	ldd	r18, Y+1	; 0x01
    1276:	3a 81       	ldd	r19, Y+2	; 0x02
    1278:	f9 01       	movw	r30, r18
    127a:	22 81       	ldd	r18, Z+2	; 0x02
    127c:	33 81       	ldd	r19, Z+3	; 0x03
    127e:	f9 01       	movw	r30, r18
    1280:	40 81       	ld	r20, Z
    1282:	29 81       	ldd	r18, Y+1	; 0x01
    1284:	3a 81       	ldd	r19, Y+2	; 0x02
    1286:	f9 01       	movw	r30, r18
    1288:	26 81       	ldd	r18, Z+6	; 0x06
    128a:	24 2b       	or	r18, r20
    128c:	fc 01       	movw	r30, r24
    128e:	20 83       	st	Z, r18
    }
    1290:	00 00       	nop
    1292:	0f 90       	pop	r0
    1294:	0f 90       	pop	r0
    1296:	df 91       	pop	r29
    1298:	cf 91       	pop	r28
    129a:	08 95       	ret

0000129c <_ZN12LimitSwitch36updateEm>:
    
    void update(uint32_t currentTime) {
    129c:	cf 93       	push	r28
    129e:	df 93       	push	r29
    12a0:	cd b7       	in	r28, 0x3d	; 61
    12a2:	de b7       	in	r29, 0x3e	; 62
    12a4:	27 97       	sbiw	r28, 0x07	; 7
    12a6:	0f b6       	in	r0, 0x3f	; 63
    12a8:	f8 94       	cli
    12aa:	de bf       	out	0x3e, r29	; 62
    12ac:	0f be       	out	0x3f, r0	; 63
    12ae:	cd bf       	out	0x3d, r28	; 61
    12b0:	9b 83       	std	Y+3, r25	; 0x03
    12b2:	8a 83       	std	Y+2, r24	; 0x02
    12b4:	4c 83       	std	Y+4, r20	; 0x04
    12b6:	5d 83       	std	Y+5, r21	; 0x05
    12b8:	6e 83       	std	Y+6, r22	; 0x06
    12ba:	7f 83       	std	Y+7, r23	; 0x07
        /*
         * Actualiza el estado del switch.
         * Implementa un sistema de antirrebotes integrador: requiere SAMPLES lecturas consecutivas iguales para cambiar el estado estable.
         */

        if (currentTime == lastSampleTime) return; // Evitar muestrear más de una vez por ms
    12bc:	8a 81       	ldd	r24, Y+2	; 0x02
    12be:	9b 81       	ldd	r25, Y+3	; 0x03
    12c0:	fc 01       	movw	r30, r24
    12c2:	22 85       	ldd	r18, Z+10	; 0x0a
    12c4:	33 85       	ldd	r19, Z+11	; 0x0b
    12c6:	44 85       	ldd	r20, Z+12	; 0x0c
    12c8:	55 85       	ldd	r21, Z+13	; 0x0d
    12ca:	8c 81       	ldd	r24, Y+4	; 0x04
    12cc:	9d 81       	ldd	r25, Y+5	; 0x05
    12ce:	ae 81       	ldd	r26, Y+6	; 0x06
    12d0:	bf 81       	ldd	r27, Y+7	; 0x07
    12d2:	28 17       	cp	r18, r24
    12d4:	39 07       	cpc	r19, r25
    12d6:	4a 07       	cpc	r20, r26
    12d8:	5b 07       	cpc	r21, r27
    12da:	09 f4       	brne	.+2      	; 0x12de <_ZN12LimitSwitch36updateEm+0x42>
    12dc:	77 c0       	rjmp	.+238    	; 0x13cc <_ZN12LimitSwitch36updateEm+0x130>
        lastSampleTime = currentTime;
    12de:	2a 81       	ldd	r18, Y+2	; 0x02
    12e0:	3b 81       	ldd	r19, Y+3	; 0x03
    12e2:	8c 81       	ldd	r24, Y+4	; 0x04
    12e4:	9d 81       	ldd	r25, Y+5	; 0x05
    12e6:	ae 81       	ldd	r26, Y+6	; 0x06
    12e8:	bf 81       	ldd	r27, Y+7	; 0x07
    12ea:	f9 01       	movw	r30, r18
    12ec:	82 87       	std	Z+10, r24	; 0x0a
    12ee:	93 87       	std	Z+11, r25	; 0x0b
    12f0:	a4 87       	std	Z+12, r26	; 0x0c
    12f2:	b5 87       	std	Z+13, r27	; 0x0d

        bool reading = !(*pinReg & mask);
    12f4:	8a 81       	ldd	r24, Y+2	; 0x02
    12f6:	9b 81       	ldd	r25, Y+3	; 0x03
    12f8:	fc 01       	movw	r30, r24
    12fa:	80 81       	ld	r24, Z
    12fc:	91 81       	ldd	r25, Z+1	; 0x01
    12fe:	fc 01       	movw	r30, r24
    1300:	20 81       	ld	r18, Z
    1302:	8a 81       	ldd	r24, Y+2	; 0x02
    1304:	9b 81       	ldd	r25, Y+3	; 0x03
    1306:	fc 01       	movw	r30, r24
    1308:	86 81       	ldd	r24, Z+6	; 0x06
    130a:	92 2f       	mov	r25, r18
    130c:	98 23       	and	r25, r24
    130e:	81 e0       	ldi	r24, 0x01	; 1
    1310:	99 23       	and	r25, r25
    1312:	09 f0       	breq	.+2      	; 0x1316 <_ZN12LimitSwitch36updateEm+0x7a>
    1314:	80 e0       	ldi	r24, 0x00	; 0
    1316:	89 83       	std	Y+1, r24	; 0x01

        // Integrador saturante
        if(reading && counter < SAMPLES) counter++;
    1318:	89 81       	ldd	r24, Y+1	; 0x01
    131a:	88 23       	and	r24, r24
    131c:	89 f0       	breq	.+34     	; 0x1340 <_ZN12LimitSwitch36updateEm+0xa4>
    131e:	8a 81       	ldd	r24, Y+2	; 0x02
    1320:	9b 81       	ldd	r25, Y+3	; 0x03
    1322:	fc 01       	movw	r30, r24
    1324:	87 81       	ldd	r24, Z+7	; 0x07
    1326:	8a 30       	cpi	r24, 0x0A	; 10
    1328:	58 f4       	brcc	.+22     	; 0x1340 <_ZN12LimitSwitch36updateEm+0xa4>
    132a:	8a 81       	ldd	r24, Y+2	; 0x02
    132c:	9b 81       	ldd	r25, Y+3	; 0x03
    132e:	fc 01       	movw	r30, r24
    1330:	87 81       	ldd	r24, Z+7	; 0x07
    1332:	21 e0       	ldi	r18, 0x01	; 1
    1334:	28 0f       	add	r18, r24
    1336:	8a 81       	ldd	r24, Y+2	; 0x02
    1338:	9b 81       	ldd	r25, Y+3	; 0x03
    133a:	fc 01       	movw	r30, r24
    133c:	27 83       	std	Z+7, r18	; 0x07
    133e:	15 c0       	rjmp	.+42     	; 0x136a <_ZN12LimitSwitch36updateEm+0xce>
        else if(!reading && counter > 0) counter--;
    1340:	99 81       	ldd	r25, Y+1	; 0x01
    1342:	81 e0       	ldi	r24, 0x01	; 1
    1344:	89 27       	eor	r24, r25
    1346:	88 23       	and	r24, r24
    1348:	81 f0       	breq	.+32     	; 0x136a <_ZN12LimitSwitch36updateEm+0xce>
    134a:	8a 81       	ldd	r24, Y+2	; 0x02
    134c:	9b 81       	ldd	r25, Y+3	; 0x03
    134e:	fc 01       	movw	r30, r24
    1350:	87 81       	ldd	r24, Z+7	; 0x07
    1352:	88 23       	and	r24, r24
    1354:	51 f0       	breq	.+20     	; 0x136a <_ZN12LimitSwitch36updateEm+0xce>
    1356:	8a 81       	ldd	r24, Y+2	; 0x02
    1358:	9b 81       	ldd	r25, Y+3	; 0x03
    135a:	fc 01       	movw	r30, r24
    135c:	87 81       	ldd	r24, Z+7	; 0x07
    135e:	2f ef       	ldi	r18, 0xFF	; 255
    1360:	28 0f       	add	r18, r24
    1362:	8a 81       	ldd	r24, Y+2	; 0x02
    1364:	9b 81       	ldd	r25, Y+3	; 0x03
    1366:	fc 01       	movw	r30, r24
    1368:	27 83       	std	Z+7, r18	; 0x07

        // Flanco descendente (pulsado->suelto)
        if (stableState && counter == 0) {
    136a:	8a 81       	ldd	r24, Y+2	; 0x02
    136c:	9b 81       	ldd	r25, Y+3	; 0x03
    136e:	fc 01       	movw	r30, r24
    1370:	80 85       	ldd	r24, Z+8	; 0x08
    1372:	88 23       	and	r24, r24
    1374:	51 f0       	breq	.+20     	; 0x138a <_ZN12LimitSwitch36updateEm+0xee>
    1376:	8a 81       	ldd	r24, Y+2	; 0x02
    1378:	9b 81       	ldd	r25, Y+3	; 0x03
    137a:	fc 01       	movw	r30, r24
    137c:	87 81       	ldd	r24, Z+7	; 0x07
    137e:	88 23       	and	r24, r24
    1380:	21 f4       	brne	.+8      	; 0x138a <_ZN12LimitSwitch36updateEm+0xee>
            stableState = false;
    1382:	8a 81       	ldd	r24, Y+2	; 0x02
    1384:	9b 81       	ldd	r25, Y+3	; 0x03
    1386:	fc 01       	movw	r30, r24
    1388:	10 86       	std	Z+8, r1	; 0x08
        }

        // Flanco ascendente (suelto->pulsado)
        if (!stableState && counter == SAMPLES) {
    138a:	8a 81       	ldd	r24, Y+2	; 0x02
    138c:	9b 81       	ldd	r25, Y+3	; 0x03
    138e:	fc 01       	movw	r30, r24
    1390:	90 85       	ldd	r25, Z+8	; 0x08
    1392:	81 e0       	ldi	r24, 0x01	; 1
    1394:	89 27       	eor	r24, r25
    1396:	88 23       	and	r24, r24
    1398:	d1 f0       	breq	.+52     	; 0x13ce <_ZN12LimitSwitch36updateEm+0x132>
    139a:	8a 81       	ldd	r24, Y+2	; 0x02
    139c:	9b 81       	ldd	r25, Y+3	; 0x03
    139e:	fc 01       	movw	r30, r24
    13a0:	87 81       	ldd	r24, Z+7	; 0x07
    13a2:	8a 30       	cpi	r24, 0x0A	; 10
    13a4:	a1 f4       	brne	.+40     	; 0x13ce <_ZN12LimitSwitch36updateEm+0x132>
            stableState = true;
    13a6:	8a 81       	ldd	r24, Y+2	; 0x02
    13a8:	9b 81       	ldd	r25, Y+3	; 0x03
    13aa:	21 e0       	ldi	r18, 0x01	; 1
    13ac:	fc 01       	movw	r30, r24
    13ae:	20 87       	std	Z+8, r18	; 0x08
            flagPressed = true; // Marcar que se ha detectado un nuevo pulso
    13b0:	8a 81       	ldd	r24, Y+2	; 0x02
    13b2:	9b 81       	ldd	r25, Y+3	; 0x03
    13b4:	21 e0       	ldi	r18, 0x01	; 1
    13b6:	fc 01       	movw	r30, r24
    13b8:	21 87       	std	Z+9, r18	; 0x09
            currentPosition = nextExpected; // Actualizar posición actual al esperado
    13ba:	8a 81       	ldd	r24, Y+2	; 0x02
    13bc:	9b 81       	ldd	r25, Y+3	; 0x03
    13be:	fc 01       	movw	r30, r24
    13c0:	27 85       	ldd	r18, Z+15	; 0x0f
    13c2:	8a 81       	ldd	r24, Y+2	; 0x02
    13c4:	9b 81       	ldd	r25, Y+3	; 0x03
    13c6:	fc 01       	movw	r30, r24
    13c8:	26 87       	std	Z+14, r18	; 0x0e
    13ca:	01 c0       	rjmp	.+2      	; 0x13ce <_ZN12LimitSwitch36updateEm+0x132>
        /*
         * Actualiza el estado del switch.
         * Implementa un sistema de antirrebotes integrador: requiere SAMPLES lecturas consecutivas iguales para cambiar el estado estable.
         */

        if (currentTime == lastSampleTime) return; // Evitar muestrear más de una vez por ms
    13cc:	00 00       	nop
        if (!stableState && counter == SAMPLES) {
            stableState = true;
            flagPressed = true; // Marcar que se ha detectado un nuevo pulso
            currentPosition = nextExpected; // Actualizar posición actual al esperado
        }
    }
    13ce:	27 96       	adiw	r28, 0x07	; 7
    13d0:	0f b6       	in	r0, 0x3f	; 63
    13d2:	f8 94       	cli
    13d4:	de bf       	out	0x3e, r29	; 62
    13d6:	0f be       	out	0x3f, r0	; 63
    13d8:	cd bf       	out	0x3d, r28	; 61
    13da:	df 91       	pop	r29
    13dc:	cf 91       	pop	r28
    13de:	08 95       	ret

000013e0 <_ZN12LimitSwitch39isPressedEv>:

    bool isPressed() {
    13e0:	cf 93       	push	r28
    13e2:	df 93       	push	r29
    13e4:	00 d0       	rcall	.+0      	; 0x13e6 <_ZN12LimitSwitch39isPressedEv+0x6>
    13e6:	cd b7       	in	r28, 0x3d	; 61
    13e8:	de b7       	in	r29, 0x3e	; 62
    13ea:	9a 83       	std	Y+2, r25	; 0x02
    13ec:	89 83       	std	Y+1, r24	; 0x01
        // Devuelve true si se ha detectado un nuevo pulso.
        // No se resetea el flag.
        return stableState;
    13ee:	89 81       	ldd	r24, Y+1	; 0x01
    13f0:	9a 81       	ldd	r25, Y+2	; 0x02
    13f2:	fc 01       	movw	r30, r24
    13f4:	80 85       	ldd	r24, Z+8	; 0x08
    }
    13f6:	0f 90       	pop	r0
    13f8:	0f 90       	pop	r0
    13fa:	df 91       	pop	r29
    13fc:	cf 91       	pop	r28
    13fe:	08 95       	ret

00001400 <_ZN12LimitSwitch312consumePressEv>:

    bool consumePress() {
    1400:	cf 93       	push	r28
    1402:	df 93       	push	r29
    1404:	00 d0       	rcall	.+0      	; 0x1406 <_ZN12LimitSwitch312consumePressEv+0x6>
    1406:	cd b7       	in	r28, 0x3d	; 61
    1408:	de b7       	in	r29, 0x3e	; 62
    140a:	9a 83       	std	Y+2, r25	; 0x02
    140c:	89 83       	std	Y+1, r24	; 0x01
        /*
         * Devuelve true si se ha detectado un nuevo pulso y resetea el flag.
         */
        if (flagPressed) {
    140e:	89 81       	ldd	r24, Y+1	; 0x01
    1410:	9a 81       	ldd	r25, Y+2	; 0x02
    1412:	fc 01       	movw	r30, r24
    1414:	81 85       	ldd	r24, Z+9	; 0x09
    1416:	88 23       	and	r24, r24
    1418:	31 f0       	breq	.+12     	; 0x1426 <_ZN12LimitSwitch312consumePressEv+0x26>
            flagPressed = false; // Consumir el flanco detectado
    141a:	89 81       	ldd	r24, Y+1	; 0x01
    141c:	9a 81       	ldd	r25, Y+2	; 0x02
    141e:	fc 01       	movw	r30, r24
    1420:	11 86       	std	Z+9, r1	; 0x09
            return true;
    1422:	81 e0       	ldi	r24, 0x01	; 1
    1424:	01 c0       	rjmp	.+2      	; 0x1428 <_ZN12LimitSwitch312consumePressEv+0x28>
        }
        return false;
    1426:	80 e0       	ldi	r24, 0x00	; 0
    }
    1428:	0f 90       	pop	r0
    142a:	0f 90       	pop	r0
    142c:	df 91       	pop	r29
    142e:	cf 91       	pop	r28
    1430:	08 95       	ret

00001432 <_ZN12LimitSwitch311getPositionEv>:

    Position getPosition() {
    1432:	cf 93       	push	r28
    1434:	df 93       	push	r29
    1436:	00 d0       	rcall	.+0      	; 0x1438 <_ZN12LimitSwitch311getPositionEv+0x6>
    1438:	cd b7       	in	r28, 0x3d	; 61
    143a:	de b7       	in	r29, 0x3e	; 62
    143c:	9a 83       	std	Y+2, r25	; 0x02
    143e:	89 83       	std	Y+1, r24	; 0x01
        return currentPosition;
    1440:	89 81       	ldd	r24, Y+1	; 0x01
    1442:	9a 81       	ldd	r25, Y+2	; 0x02
    1444:	fc 01       	movw	r30, r24
    1446:	86 85       	ldd	r24, Z+14	; 0x0e
    }
    1448:	0f 90       	pop	r0
    144a:	0f 90       	pop	r0
    144c:	df 91       	pop	r29
    144e:	cf 91       	pop	r28
    1450:	08 95       	ret

00001452 <_ZN12LimitSwitch315setNextExpectedENS_8PositionE>:

    void setNextExpected(Position pos) {
    1452:	cf 93       	push	r28
    1454:	df 93       	push	r29
    1456:	00 d0       	rcall	.+0      	; 0x1458 <_ZN12LimitSwitch315setNextExpectedENS_8PositionE+0x6>
    1458:	1f 92       	push	r1
    145a:	cd b7       	in	r28, 0x3d	; 61
    145c:	de b7       	in	r29, 0x3e	; 62
    145e:	9a 83       	std	Y+2, r25	; 0x02
    1460:	89 83       	std	Y+1, r24	; 0x01
    1462:	6b 83       	std	Y+3, r22	; 0x03
        nextExpected = pos;
    1464:	89 81       	ldd	r24, Y+1	; 0x01
    1466:	9a 81       	ldd	r25, Y+2	; 0x02
    1468:	2b 81       	ldd	r18, Y+3	; 0x03
    146a:	fc 01       	movw	r30, r24
    146c:	27 87       	std	Z+15, r18	; 0x0f
    }
    146e:	00 00       	nop
    1470:	0f 90       	pop	r0
    1472:	0f 90       	pop	r0
    1474:	0f 90       	pop	r0
    1476:	df 91       	pop	r29
    1478:	cf 91       	pop	r28
    147a:	08 95       	ret

0000147c <_ZN12LimitSwitch312forcePressedENS_8PositionE>:

    void forcePressed(Position pos) {
    147c:	cf 93       	push	r28
    147e:	df 93       	push	r29
    1480:	00 d0       	rcall	.+0      	; 0x1482 <_ZN12LimitSwitch312forcePressedENS_8PositionE+0x6>
    1482:	1f 92       	push	r1
    1484:	cd b7       	in	r28, 0x3d	; 61
    1486:	de b7       	in	r29, 0x3e	; 62
    1488:	9a 83       	std	Y+2, r25	; 0x02
    148a:	89 83       	std	Y+1, r24	; 0x01
    148c:	6b 83       	std	Y+3, r22	; 0x03
        counter         = SAMPLES; // Forzar estado presionado
    148e:	89 81       	ldd	r24, Y+1	; 0x01
    1490:	9a 81       	ldd	r25, Y+2	; 0x02
    1492:	2a e0       	ldi	r18, 0x0A	; 10
    1494:	fc 01       	movw	r30, r24
    1496:	27 83       	std	Z+7, r18	; 0x07
        stableState     = true;
    1498:	89 81       	ldd	r24, Y+1	; 0x01
    149a:	9a 81       	ldd	r25, Y+2	; 0x02
    149c:	21 e0       	ldi	r18, 0x01	; 1
    149e:	fc 01       	movw	r30, r24
    14a0:	20 87       	std	Z+8, r18	; 0x08
        flagPressed     = false;   // No genera evento
    14a2:	89 81       	ldd	r24, Y+1	; 0x01
    14a4:	9a 81       	ldd	r25, Y+2	; 0x02
    14a6:	fc 01       	movw	r30, r24
    14a8:	11 86       	std	Z+9, r1	; 0x09
        currentPosition = pos;
    14aa:	89 81       	ldd	r24, Y+1	; 0x01
    14ac:	9a 81       	ldd	r25, Y+2	; 0x02
    14ae:	2b 81       	ldd	r18, Y+3	; 0x03
    14b0:	fc 01       	movw	r30, r24
    14b2:	26 87       	std	Z+14, r18	; 0x0e
        nextExpected    = pos;     // Sincronizar posición esperada con la forzada
    14b4:	89 81       	ldd	r24, Y+1	; 0x01
    14b6:	9a 81       	ldd	r25, Y+2	; 0x02
    14b8:	2b 81       	ldd	r18, Y+3	; 0x03
    14ba:	fc 01       	movw	r30, r24
    14bc:	27 87       	std	Z+15, r18	; 0x0f
    }
    14be:	00 00       	nop
    14c0:	0f 90       	pop	r0
    14c2:	0f 90       	pop	r0
    14c4:	0f 90       	pop	r0
    14c6:	df 91       	pop	r29
    14c8:	cf 91       	pop	r28
    14ca:	08 95       	ret

000014cc <_ZN12LimitSwitch313forceReleasedEv>:

    void forceReleased() {
    14cc:	cf 93       	push	r28
    14ce:	df 93       	push	r29
    14d0:	00 d0       	rcall	.+0      	; 0x14d2 <_ZN12LimitSwitch313forceReleasedEv+0x6>
    14d2:	cd b7       	in	r28, 0x3d	; 61
    14d4:	de b7       	in	r29, 0x3e	; 62
    14d6:	9a 83       	std	Y+2, r25	; 0x02
    14d8:	89 83       	std	Y+1, r24	; 0x01
        counter     = 0;     // Forzar estado suelto
    14da:	89 81       	ldd	r24, Y+1	; 0x01
    14dc:	9a 81       	ldd	r25, Y+2	; 0x02
    14de:	fc 01       	movw	r30, r24
    14e0:	17 82       	std	Z+7, r1	; 0x07
        stableState = false;
    14e2:	89 81       	ldd	r24, Y+1	; 0x01
    14e4:	9a 81       	ldd	r25, Y+2	; 0x02
    14e6:	fc 01       	movw	r30, r24
    14e8:	10 86       	std	Z+8, r1	; 0x08
        flagPressed = false;
    14ea:	89 81       	ldd	r24, Y+1	; 0x01
    14ec:	9a 81       	ldd	r25, Y+2	; 0x02
    14ee:	fc 01       	movw	r30, r24
    14f0:	11 86       	std	Z+9, r1	; 0x09
    }
    14f2:	00 00       	nop
    14f4:	0f 90       	pop	r0
    14f6:	0f 90       	pop	r0
    14f8:	df 91       	pop	r29
    14fa:	cf 91       	pop	r28
    14fc:	08 95       	ret

000014fe <_ZN6Motor2C1EPVhS1_hS1_S1_hS1_P12LimitSwitch3>:
    bool isHoming;
    uint32_t homingPressStart;
    LimitSwitch3::Position homingTarget;

    public:
    Motor2(volatile uint8_t* pDIR, volatile uint8_t* dDIR, uint8_t mDIR,
    14fe:	8f 92       	push	r8
    1500:	9f 92       	push	r9
    1502:	af 92       	push	r10
    1504:	bf 92       	push	r11
    1506:	cf 92       	push	r12
    1508:	ef 92       	push	r14
    150a:	ff 92       	push	r15
    150c:	0f 93       	push	r16
    150e:	1f 93       	push	r17
    1510:	cf 93       	push	r28
    1512:	df 93       	push	r29
    1514:	cd b7       	in	r28, 0x3d	; 61
    1516:	de b7       	in	r29, 0x3e	; 62
    1518:	60 97       	sbiw	r28, 0x10	; 16
    151a:	0f b6       	in	r0, 0x3f	; 63
    151c:	f8 94       	cli
    151e:	de bf       	out	0x3e, r29	; 62
    1520:	0f be       	out	0x3f, r0	; 63
    1522:	cd bf       	out	0x3d, r28	; 61
    1524:	9a 83       	std	Y+2, r25	; 0x02
    1526:	89 83       	std	Y+1, r24	; 0x01
    1528:	7c 83       	std	Y+4, r23	; 0x04
    152a:	6b 83       	std	Y+3, r22	; 0x03
    152c:	5e 83       	std	Y+6, r21	; 0x06
    152e:	4d 83       	std	Y+5, r20	; 0x05
    1530:	2f 83       	std	Y+7, r18	; 0x07
    1532:	19 87       	std	Y+9, r17	; 0x09
    1534:	08 87       	std	Y+8, r16	; 0x08
    1536:	fb 86       	std	Y+11, r15	; 0x0b
    1538:	ea 86       	std	Y+10, r14	; 0x0a
    153a:	cc 86       	std	Y+12, r12	; 0x0c
    153c:	be 86       	std	Y+14, r11	; 0x0e
    153e:	ad 86       	std	Y+13, r10	; 0x0d
    1540:	98 8a       	std	Y+16, r9	; 0x10
    1542:	8f 86       	std	Y+15, r8	; 0x0f
           volatile uint8_t* pEN,  volatile uint8_t* dEN,  uint8_t mEN,
           volatile uint8_t* rPWM, LimitSwitch3* swPtr = nullptr) {
        portDIR   = pDIR; ddrDIR = dDIR; maskDIR = mDIR;
    1544:	89 81       	ldd	r24, Y+1	; 0x01
    1546:	9a 81       	ldd	r25, Y+2	; 0x02
    1548:	2b 81       	ldd	r18, Y+3	; 0x03
    154a:	3c 81       	ldd	r19, Y+4	; 0x04
    154c:	fc 01       	movw	r30, r24
    154e:	31 83       	std	Z+1, r19	; 0x01
    1550:	20 83       	st	Z, r18
    1552:	89 81       	ldd	r24, Y+1	; 0x01
    1554:	9a 81       	ldd	r25, Y+2	; 0x02
    1556:	2d 81       	ldd	r18, Y+5	; 0x05
    1558:	3e 81       	ldd	r19, Y+6	; 0x06
    155a:	fc 01       	movw	r30, r24
    155c:	33 83       	std	Z+3, r19	; 0x03
    155e:	22 83       	std	Z+2, r18	; 0x02
    1560:	89 81       	ldd	r24, Y+1	; 0x01
    1562:	9a 81       	ldd	r25, Y+2	; 0x02
    1564:	2f 81       	ldd	r18, Y+7	; 0x07
    1566:	fc 01       	movw	r30, r24
    1568:	24 83       	std	Z+4, r18	; 0x04
        portEN    = pEN;  ddrEN  = dEN;  maskEN  = mEN;
    156a:	89 81       	ldd	r24, Y+1	; 0x01
    156c:	9a 81       	ldd	r25, Y+2	; 0x02
    156e:	28 85       	ldd	r18, Y+8	; 0x08
    1570:	39 85       	ldd	r19, Y+9	; 0x09
    1572:	fc 01       	movw	r30, r24
    1574:	36 83       	std	Z+6, r19	; 0x06
    1576:	25 83       	std	Z+5, r18	; 0x05
    1578:	89 81       	ldd	r24, Y+1	; 0x01
    157a:	9a 81       	ldd	r25, Y+2	; 0x02
    157c:	2a 85       	ldd	r18, Y+10	; 0x0a
    157e:	3b 85       	ldd	r19, Y+11	; 0x0b
    1580:	fc 01       	movw	r30, r24
    1582:	30 87       	std	Z+8, r19	; 0x08
    1584:	27 83       	std	Z+7, r18	; 0x07
    1586:	89 81       	ldd	r24, Y+1	; 0x01
    1588:	9a 81       	ldd	r25, Y+2	; 0x02
    158a:	2c 85       	ldd	r18, Y+12	; 0x0c
    158c:	fc 01       	movw	r30, r24
    158e:	21 87       	std	Z+9, r18	; 0x09
        ocrPWM    = rPWM;
    1590:	89 81       	ldd	r24, Y+1	; 0x01
    1592:	9a 81       	ldd	r25, Y+2	; 0x02
    1594:	2d 85       	ldd	r18, Y+13	; 0x0d
    1596:	3e 85       	ldd	r19, Y+14	; 0x0e
    1598:	fc 01       	movw	r30, r24
    159a:	33 87       	std	Z+11, r19	; 0x0b
    159c:	22 87       	std	Z+10, r18	; 0x0a
        sw        = swPtr;
    159e:	89 81       	ldd	r24, Y+1	; 0x01
    15a0:	9a 81       	ldd	r25, Y+2	; 0x02
    15a2:	2f 85       	ldd	r18, Y+15	; 0x0f
    15a4:	38 89       	ldd	r19, Y+16	; 0x10
    15a6:	fc 01       	movw	r30, r24
    15a8:	35 87       	std	Z+13, r19	; 0x0d
    15aa:	24 87       	std	Z+12, r18	; 0x0c
        moving    = false;
    15ac:	89 81       	ldd	r24, Y+1	; 0x01
    15ae:	9a 81       	ldd	r25, Y+2	; 0x02
    15b0:	fc 01       	movw	r30, r24
    15b2:	16 86       	std	Z+14, r1	; 0x0e
        direction = true;
    15b4:	89 81       	ldd	r24, Y+1	; 0x01
    15b6:	9a 81       	ldd	r25, Y+2	; 0x02
    15b8:	21 e0       	ldi	r18, 0x01	; 1
    15ba:	fc 01       	movw	r30, r24
    15bc:	27 87       	std	Z+15, r18	; 0x0f
        escaping  = false;
    15be:	89 81       	ldd	r24, Y+1	; 0x01
    15c0:	9a 81       	ldd	r25, Y+2	; 0x02
    15c2:	fc 01       	movw	r30, r24
    15c4:	10 8a       	std	Z+16, r1	; 0x10
        escapeStart = 0;
    15c6:	89 81       	ldd	r24, Y+1	; 0x01
    15c8:	9a 81       	ldd	r25, Y+2	; 0x02
    15ca:	fc 01       	movw	r30, r24
    15cc:	11 8a       	std	Z+17, r1	; 0x11
    15ce:	12 8a       	std	Z+18, r1	; 0x12
    15d0:	13 8a       	std	Z+19, r1	; 0x13
    15d2:	14 8a       	std	Z+20, r1	; 0x14
        targetPosition = LimitSwitch3::Position::UNKNOWN;
    15d4:	89 81       	ldd	r24, Y+1	; 0x01
    15d6:	9a 81       	ldd	r25, Y+2	; 0x02
    15d8:	fc 01       	movw	r30, r24
    15da:	15 8a       	std	Z+21, r1	; 0x15
        isHoming = false; homingPressStart = 0; homingTarget = LimitSwitch3::Position::UNKNOWN;
    15dc:	89 81       	ldd	r24, Y+1	; 0x01
    15de:	9a 81       	ldd	r25, Y+2	; 0x02
    15e0:	fc 01       	movw	r30, r24
    15e2:	16 8a       	std	Z+22, r1	; 0x16
    15e4:	89 81       	ldd	r24, Y+1	; 0x01
    15e6:	9a 81       	ldd	r25, Y+2	; 0x02
    15e8:	fc 01       	movw	r30, r24
    15ea:	17 8a       	std	Z+23, r1	; 0x17
    15ec:	10 8e       	std	Z+24, r1	; 0x18
    15ee:	11 8e       	std	Z+25, r1	; 0x19
    15f0:	12 8e       	std	Z+26, r1	; 0x1a
    15f2:	89 81       	ldd	r24, Y+1	; 0x01
    15f4:	9a 81       	ldd	r25, Y+2	; 0x02
    15f6:	fc 01       	movw	r30, r24
    15f8:	13 8e       	std	Z+27, r1	; 0x1b
    }
    15fa:	00 00       	nop
    15fc:	60 96       	adiw	r28, 0x10	; 16
    15fe:	0f b6       	in	r0, 0x3f	; 63
    1600:	f8 94       	cli
    1602:	de bf       	out	0x3e, r29	; 62
    1604:	0f be       	out	0x3f, r0	; 63
    1606:	cd bf       	out	0x3d, r28	; 61
    1608:	df 91       	pop	r29
    160a:	cf 91       	pop	r28
    160c:	1f 91       	pop	r17
    160e:	0f 91       	pop	r16
    1610:	ff 90       	pop	r15
    1612:	ef 90       	pop	r14
    1614:	cf 90       	pop	r12
    1616:	bf 90       	pop	r11
    1618:	af 90       	pop	r10
    161a:	9f 90       	pop	r9
    161c:	8f 90       	pop	r8
    161e:	08 95       	ret

00001620 <_ZN6Motor24initEv>:

    void init() {
    1620:	cf 93       	push	r28
    1622:	df 93       	push	r29
    1624:	00 d0       	rcall	.+0      	; 0x1626 <_ZN6Motor24initEv+0x6>
    1626:	cd b7       	in	r28, 0x3d	; 61
    1628:	de b7       	in	r29, 0x3e	; 62
    162a:	9a 83       	std	Y+2, r25	; 0x02
    162c:	89 83       	std	Y+1, r24	; 0x01
        *ddrDIR  |= maskDIR;
    162e:	89 81       	ldd	r24, Y+1	; 0x01
    1630:	9a 81       	ldd	r25, Y+2	; 0x02
    1632:	fc 01       	movw	r30, r24
    1634:	82 81       	ldd	r24, Z+2	; 0x02
    1636:	93 81       	ldd	r25, Z+3	; 0x03
    1638:	29 81       	ldd	r18, Y+1	; 0x01
    163a:	3a 81       	ldd	r19, Y+2	; 0x02
    163c:	f9 01       	movw	r30, r18
    163e:	22 81       	ldd	r18, Z+2	; 0x02
    1640:	33 81       	ldd	r19, Z+3	; 0x03
    1642:	f9 01       	movw	r30, r18
    1644:	40 81       	ld	r20, Z
    1646:	29 81       	ldd	r18, Y+1	; 0x01
    1648:	3a 81       	ldd	r19, Y+2	; 0x02
    164a:	f9 01       	movw	r30, r18
    164c:	24 81       	ldd	r18, Z+4	; 0x04
    164e:	24 2b       	or	r18, r20
    1650:	fc 01       	movw	r30, r24
    1652:	20 83       	st	Z, r18
        *ddrEN   |= maskEN;
    1654:	89 81       	ldd	r24, Y+1	; 0x01
    1656:	9a 81       	ldd	r25, Y+2	; 0x02
    1658:	fc 01       	movw	r30, r24
    165a:	87 81       	ldd	r24, Z+7	; 0x07
    165c:	90 85       	ldd	r25, Z+8	; 0x08
    165e:	29 81       	ldd	r18, Y+1	; 0x01
    1660:	3a 81       	ldd	r19, Y+2	; 0x02
    1662:	f9 01       	movw	r30, r18
    1664:	27 81       	ldd	r18, Z+7	; 0x07
    1666:	30 85       	ldd	r19, Z+8	; 0x08
    1668:	f9 01       	movw	r30, r18
    166a:	40 81       	ld	r20, Z
    166c:	29 81       	ldd	r18, Y+1	; 0x01
    166e:	3a 81       	ldd	r19, Y+2	; 0x02
    1670:	f9 01       	movw	r30, r18
    1672:	21 85       	ldd	r18, Z+9	; 0x09
    1674:	24 2b       	or	r18, r20
    1676:	fc 01       	movw	r30, r24
    1678:	20 83       	st	Z, r18
        *portDIR &= ~maskDIR;
    167a:	89 81       	ldd	r24, Y+1	; 0x01
    167c:	9a 81       	ldd	r25, Y+2	; 0x02
    167e:	fc 01       	movw	r30, r24
    1680:	80 81       	ld	r24, Z
    1682:	91 81       	ldd	r25, Z+1	; 0x01
    1684:	29 81       	ldd	r18, Y+1	; 0x01
    1686:	3a 81       	ldd	r19, Y+2	; 0x02
    1688:	f9 01       	movw	r30, r18
    168a:	20 81       	ld	r18, Z
    168c:	31 81       	ldd	r19, Z+1	; 0x01
    168e:	f9 01       	movw	r30, r18
    1690:	20 81       	ld	r18, Z
    1692:	42 2f       	mov	r20, r18
    1694:	29 81       	ldd	r18, Y+1	; 0x01
    1696:	3a 81       	ldd	r19, Y+2	; 0x02
    1698:	f9 01       	movw	r30, r18
    169a:	24 81       	ldd	r18, Z+4	; 0x04
    169c:	20 95       	com	r18
    169e:	24 23       	and	r18, r20
    16a0:	fc 01       	movw	r30, r24
    16a2:	20 83       	st	Z, r18
        *portEN  &= ~maskEN;
    16a4:	89 81       	ldd	r24, Y+1	; 0x01
    16a6:	9a 81       	ldd	r25, Y+2	; 0x02
    16a8:	fc 01       	movw	r30, r24
    16aa:	85 81       	ldd	r24, Z+5	; 0x05
    16ac:	96 81       	ldd	r25, Z+6	; 0x06
    16ae:	29 81       	ldd	r18, Y+1	; 0x01
    16b0:	3a 81       	ldd	r19, Y+2	; 0x02
    16b2:	f9 01       	movw	r30, r18
    16b4:	25 81       	ldd	r18, Z+5	; 0x05
    16b6:	36 81       	ldd	r19, Z+6	; 0x06
    16b8:	f9 01       	movw	r30, r18
    16ba:	20 81       	ld	r18, Z
    16bc:	42 2f       	mov	r20, r18
    16be:	29 81       	ldd	r18, Y+1	; 0x01
    16c0:	3a 81       	ldd	r19, Y+2	; 0x02
    16c2:	f9 01       	movw	r30, r18
    16c4:	21 85       	ldd	r18, Z+9	; 0x09
    16c6:	20 95       	com	r18
    16c8:	24 23       	and	r18, r20
    16ca:	fc 01       	movw	r30, r24
    16cc:	20 83       	st	Z, r18
        *ocrPWM   = 0;
    16ce:	89 81       	ldd	r24, Y+1	; 0x01
    16d0:	9a 81       	ldd	r25, Y+2	; 0x02
    16d2:	fc 01       	movw	r30, r24
    16d4:	82 85       	ldd	r24, Z+10	; 0x0a
    16d6:	93 85       	ldd	r25, Z+11	; 0x0b
    16d8:	fc 01       	movw	r30, r24
    16da:	10 82       	st	Z, r1
    }
    16dc:	00 00       	nop
    16de:	0f 90       	pop	r0
    16e0:	0f 90       	pop	r0
    16e2:	df 91       	pop	r29
    16e4:	cf 91       	pop	r28
    16e6:	08 95       	ret

000016e8 <_ZN6Motor211startHomingEbN12LimitSwitch38PositionEmh>:

    void startHoming(bool dir, LimitSwitch3::Position target, uint32_t currentTime, uint8_t speed = DEFAULT_SPEED) {
    16e8:	ef 92       	push	r14
    16ea:	0f 93       	push	r16
    16ec:	1f 93       	push	r17
    16ee:	cf 93       	push	r28
    16f0:	df 93       	push	r29
    16f2:	cd b7       	in	r28, 0x3d	; 61
    16f4:	de b7       	in	r29, 0x3e	; 62
    16f6:	29 97       	sbiw	r28, 0x09	; 9
    16f8:	0f b6       	in	r0, 0x3f	; 63
    16fa:	f8 94       	cli
    16fc:	de bf       	out	0x3e, r29	; 62
    16fe:	0f be       	out	0x3f, r0	; 63
    1700:	cd bf       	out	0x3d, r28	; 61
    1702:	9a 83       	std	Y+2, r25	; 0x02
    1704:	89 83       	std	Y+1, r24	; 0x01
    1706:	6b 83       	std	Y+3, r22	; 0x03
    1708:	4c 83       	std	Y+4, r20	; 0x04
    170a:	0d 83       	std	Y+5, r16	; 0x05
    170c:	1e 83       	std	Y+6, r17	; 0x06
    170e:	2f 83       	std	Y+7, r18	; 0x07
    1710:	38 87       	std	Y+8, r19	; 0x08
    1712:	e9 86       	std	Y+9, r14	; 0x09
        /*
         * Inicia el proceso de homing.
         * El motor se mueve en la dirección indicada hasta que el switch confirma la posición objetivo.
         */
        if (sw == 0) return;
    1714:	89 81       	ldd	r24, Y+1	; 0x01
    1716:	9a 81       	ldd	r25, Y+2	; 0x02
    1718:	fc 01       	movw	r30, r24
    171a:	84 85       	ldd	r24, Z+12	; 0x0c
    171c:	95 85       	ldd	r25, Z+13	; 0x0d
    171e:	89 2b       	or	r24, r25
    1720:	09 f4       	brne	.+2      	; 0x1724 <_ZN6Motor211startHomingEbN12LimitSwitch38PositionEmh+0x3c>
    1722:	67 c0       	rjmp	.+206    	; 0x17f2 <_ZN6Motor211startHomingEbN12LimitSwitch38PositionEmh+0x10a>

        isHoming = true;
    1724:	89 81       	ldd	r24, Y+1	; 0x01
    1726:	9a 81       	ldd	r25, Y+2	; 0x02
    1728:	21 e0       	ldi	r18, 0x01	; 1
    172a:	fc 01       	movw	r30, r24
    172c:	26 8b       	std	Z+22, r18	; 0x16
        homingTarget = target;
    172e:	89 81       	ldd	r24, Y+1	; 0x01
    1730:	9a 81       	ldd	r25, Y+2	; 0x02
    1732:	2c 81       	ldd	r18, Y+4	; 0x04
    1734:	fc 01       	movw	r30, r24
    1736:	23 8f       	std	Z+27, r18	; 0x1b
        homingPressStart = 0;
    1738:	89 81       	ldd	r24, Y+1	; 0x01
    173a:	9a 81       	ldd	r25, Y+2	; 0x02
    173c:	fc 01       	movw	r30, r24
    173e:	17 8a       	std	Z+23, r1	; 0x17
    1740:	10 8e       	std	Z+24, r1	; 0x18
    1742:	11 8e       	std	Z+25, r1	; 0x19
    1744:	12 8e       	std	Z+26, r1	; 0x1a

        // Escape al arrancar homing
        escaping = true;
    1746:	89 81       	ldd	r24, Y+1	; 0x01
    1748:	9a 81       	ldd	r25, Y+2	; 0x02
    174a:	21 e0       	ldi	r18, 0x01	; 1
    174c:	fc 01       	movw	r30, r24
    174e:	20 8b       	std	Z+16, r18	; 0x10
        escapeStart = currentTime;
    1750:	29 81       	ldd	r18, Y+1	; 0x01
    1752:	3a 81       	ldd	r19, Y+2	; 0x02
    1754:	8d 81       	ldd	r24, Y+5	; 0x05
    1756:	9e 81       	ldd	r25, Y+6	; 0x06
    1758:	af 81       	ldd	r26, Y+7	; 0x07
    175a:	b8 85       	ldd	r27, Y+8	; 0x08
    175c:	f9 01       	movw	r30, r18
    175e:	81 8b       	std	Z+17, r24	; 0x11
    1760:	92 8b       	std	Z+18, r25	; 0x12
    1762:	a3 8b       	std	Z+19, r26	; 0x13
    1764:	b4 8b       	std	Z+20, r27	; 0x14
        sw->forceReleased();
    1766:	89 81       	ldd	r24, Y+1	; 0x01
    1768:	9a 81       	ldd	r25, Y+2	; 0x02
    176a:	fc 01       	movw	r30, r24
    176c:	84 85       	ldd	r24, Z+12	; 0x0c
    176e:	95 85       	ldd	r25, Z+13	; 0x0d
    1770:	0e 94 66 0a 	call	0x14cc	; 0x14cc <_ZN12LimitSwitch313forceReleasedEv>

        if (dir) 	*portDIR |= maskDIR;
    1774:	8b 81       	ldd	r24, Y+3	; 0x03
    1776:	88 23       	and	r24, r24
    1778:	a1 f0       	breq	.+40     	; 0x17a2 <_ZN6Motor211startHomingEbN12LimitSwitch38PositionEmh+0xba>
    177a:	89 81       	ldd	r24, Y+1	; 0x01
    177c:	9a 81       	ldd	r25, Y+2	; 0x02
    177e:	fc 01       	movw	r30, r24
    1780:	80 81       	ld	r24, Z
    1782:	91 81       	ldd	r25, Z+1	; 0x01
    1784:	29 81       	ldd	r18, Y+1	; 0x01
    1786:	3a 81       	ldd	r19, Y+2	; 0x02
    1788:	f9 01       	movw	r30, r18
    178a:	20 81       	ld	r18, Z
    178c:	31 81       	ldd	r19, Z+1	; 0x01
    178e:	f9 01       	movw	r30, r18
    1790:	40 81       	ld	r20, Z
    1792:	29 81       	ldd	r18, Y+1	; 0x01
    1794:	3a 81       	ldd	r19, Y+2	; 0x02
    1796:	f9 01       	movw	r30, r18
    1798:	24 81       	ldd	r18, Z+4	; 0x04
    179a:	24 2b       	or	r18, r20
    179c:	fc 01       	movw	r30, r24
    179e:	20 83       	st	Z, r18
    17a0:	15 c0       	rjmp	.+42     	; 0x17cc <_ZN6Motor211startHomingEbN12LimitSwitch38PositionEmh+0xe4>
        else 		*portDIR &= ~maskDIR;
    17a2:	89 81       	ldd	r24, Y+1	; 0x01
    17a4:	9a 81       	ldd	r25, Y+2	; 0x02
    17a6:	fc 01       	movw	r30, r24
    17a8:	80 81       	ld	r24, Z
    17aa:	91 81       	ldd	r25, Z+1	; 0x01
    17ac:	29 81       	ldd	r18, Y+1	; 0x01
    17ae:	3a 81       	ldd	r19, Y+2	; 0x02
    17b0:	f9 01       	movw	r30, r18
    17b2:	20 81       	ld	r18, Z
    17b4:	31 81       	ldd	r19, Z+1	; 0x01
    17b6:	f9 01       	movw	r30, r18
    17b8:	20 81       	ld	r18, Z
    17ba:	42 2f       	mov	r20, r18
    17bc:	29 81       	ldd	r18, Y+1	; 0x01
    17be:	3a 81       	ldd	r19, Y+2	; 0x02
    17c0:	f9 01       	movw	r30, r18
    17c2:	24 81       	ldd	r18, Z+4	; 0x04
    17c4:	20 95       	com	r18
    17c6:	24 23       	and	r18, r20
    17c8:	fc 01       	movw	r30, r24
    17ca:	20 83       	st	Z, r18

        *ocrPWM = speed;
    17cc:	89 81       	ldd	r24, Y+1	; 0x01
    17ce:	9a 81       	ldd	r25, Y+2	; 0x02
    17d0:	fc 01       	movw	r30, r24
    17d2:	82 85       	ldd	r24, Z+10	; 0x0a
    17d4:	93 85       	ldd	r25, Z+11	; 0x0b
    17d6:	29 85       	ldd	r18, Y+9	; 0x09
    17d8:	fc 01       	movw	r30, r24
    17da:	20 83       	st	Z, r18

        direction = dir;
    17dc:	89 81       	ldd	r24, Y+1	; 0x01
    17de:	9a 81       	ldd	r25, Y+2	; 0x02
    17e0:	2b 81       	ldd	r18, Y+3	; 0x03
    17e2:	fc 01       	movw	r30, r24
    17e4:	27 87       	std	Z+15, r18	; 0x0f
        moving = true;
    17e6:	89 81       	ldd	r24, Y+1	; 0x01
    17e8:	9a 81       	ldd	r25, Y+2	; 0x02
    17ea:	21 e0       	ldi	r18, 0x01	; 1
    17ec:	fc 01       	movw	r30, r24
    17ee:	26 87       	std	Z+14, r18	; 0x0e
    17f0:	01 c0       	rjmp	.+2      	; 0x17f4 <_ZN6Motor211startHomingEbN12LimitSwitch38PositionEmh+0x10c>
    void startHoming(bool dir, LimitSwitch3::Position target, uint32_t currentTime, uint8_t speed = DEFAULT_SPEED) {
        /*
         * Inicia el proceso de homing.
         * El motor se mueve en la dirección indicada hasta que el switch confirma la posición objetivo.
         */
        if (sw == 0) return;
    17f2:	00 00       	nop

        *ocrPWM = speed;

        direction = dir;
        moving = true;
    }
    17f4:	29 96       	adiw	r28, 0x09	; 9
    17f6:	0f b6       	in	r0, 0x3f	; 63
    17f8:	f8 94       	cli
    17fa:	de bf       	out	0x3e, r29	; 62
    17fc:	0f be       	out	0x3f, r0	; 63
    17fe:	cd bf       	out	0x3d, r28	; 61
    1800:	df 91       	pop	r29
    1802:	cf 91       	pop	r28
    1804:	1f 91       	pop	r17
    1806:	0f 91       	pop	r16
    1808:	ef 90       	pop	r14
    180a:	08 95       	ret

0000180c <_ZN6Motor24moveEbN12LimitSwitch38PositionEmh>:

    void move(bool dir, LimitSwitch3::Position target, uint32_t currentTime, uint8_t speed = DEFAULT_SPEED) {
    180c:	ef 92       	push	r14
    180e:	0f 93       	push	r16
    1810:	1f 93       	push	r17
    1812:	cf 93       	push	r28
    1814:	df 93       	push	r29
    1816:	cd b7       	in	r28, 0x3d	; 61
    1818:	de b7       	in	r29, 0x3e	; 62
    181a:	2a 97       	sbiw	r28, 0x0a	; 10
    181c:	0f b6       	in	r0, 0x3f	; 63
    181e:	f8 94       	cli
    1820:	de bf       	out	0x3e, r29	; 62
    1822:	0f be       	out	0x3f, r0	; 63
    1824:	cd bf       	out	0x3d, r28	; 61
    1826:	9b 83       	std	Y+3, r25	; 0x03
    1828:	8a 83       	std	Y+2, r24	; 0x02
    182a:	6c 83       	std	Y+4, r22	; 0x04
    182c:	4d 83       	std	Y+5, r20	; 0x05
    182e:	0e 83       	std	Y+6, r16	; 0x06
    1830:	1f 83       	std	Y+7, r17	; 0x07
    1832:	28 87       	std	Y+8, r18	; 0x08
    1834:	39 87       	std	Y+9, r19	; 0x09
    1836:	ea 86       	std	Y+10, r14	; 0x0a
         * Inicia un movimiento hacia la posición objetivo.
         * El motor se mueve en la dirección indicada hasta que el switch confirma la posición objetivo.
         * Implementa escape al iniciar el movimiento para evitar falsos positivos en el switch.
         */
        
        if (sw == 0) return;
    1838:	8a 81       	ldd	r24, Y+2	; 0x02
    183a:	9b 81       	ldd	r25, Y+3	; 0x03
    183c:	fc 01       	movw	r30, r24
    183e:	84 85       	ldd	r24, Z+12	; 0x0c
    1840:	95 85       	ldd	r25, Z+13	; 0x0d
    1842:	89 2b       	or	r24, r25
    1844:	09 f4       	brne	.+2      	; 0x1848 <_ZN6Motor24moveEbN12LimitSwitch38PositionEmh+0x3c>
    1846:	69 c0       	rjmp	.+210    	; 0x191a <_ZN6Motor24moveEbN12LimitSwitch38PositionEmh+0x10e>

        targetPosition = target;
    1848:	8a 81       	ldd	r24, Y+2	; 0x02
    184a:	9b 81       	ldd	r25, Y+3	; 0x03
    184c:	2d 81       	ldd	r18, Y+5	; 0x05
    184e:	fc 01       	movw	r30, r24
    1850:	25 8b       	std	Z+21, r18	; 0x15
        LimitSwitch3::Position nextPos = computeNextExpected(dir);
    1852:	8a 81       	ldd	r24, Y+2	; 0x02
    1854:	9b 81       	ldd	r25, Y+3	; 0x03
    1856:	6c 81       	ldd	r22, Y+4	; 0x04
    1858:	0e 94 3f 0e 	call	0x1c7e	; 0x1c7e <_ZN6Motor219computeNextExpectedEb>
    185c:	89 83       	std	Y+1, r24	; 0x01
        sw->setNextExpected(nextPos);
    185e:	8a 81       	ldd	r24, Y+2	; 0x02
    1860:	9b 81       	ldd	r25, Y+3	; 0x03
    1862:	fc 01       	movw	r30, r24
    1864:	84 85       	ldd	r24, Z+12	; 0x0c
    1866:	95 85       	ldd	r25, Z+13	; 0x0d
    1868:	69 81       	ldd	r22, Y+1	; 0x01
    186a:	0e 94 29 0a 	call	0x1452	; 0x1452 <_ZN12LimitSwitch315setNextExpectedENS_8PositionE>

        // Escape al iniciar movimiento (ignorar switch durante ESCAPE_MS)
        escaping = true;
    186e:	8a 81       	ldd	r24, Y+2	; 0x02
    1870:	9b 81       	ldd	r25, Y+3	; 0x03
    1872:	21 e0       	ldi	r18, 0x01	; 1
    1874:	fc 01       	movw	r30, r24
    1876:	20 8b       	std	Z+16, r18	; 0x10
        escapeStart = currentTime;
    1878:	2a 81       	ldd	r18, Y+2	; 0x02
    187a:	3b 81       	ldd	r19, Y+3	; 0x03
    187c:	8e 81       	ldd	r24, Y+6	; 0x06
    187e:	9f 81       	ldd	r25, Y+7	; 0x07
    1880:	a8 85       	ldd	r26, Y+8	; 0x08
    1882:	b9 85       	ldd	r27, Y+9	; 0x09
    1884:	f9 01       	movw	r30, r18
    1886:	81 8b       	std	Z+17, r24	; 0x11
    1888:	92 8b       	std	Z+18, r25	; 0x12
    188a:	a3 8b       	std	Z+19, r26	; 0x13
    188c:	b4 8b       	std	Z+20, r27	; 0x14
        sw->forceReleased();
    188e:	8a 81       	ldd	r24, Y+2	; 0x02
    1890:	9b 81       	ldd	r25, Y+3	; 0x03
    1892:	fc 01       	movw	r30, r24
    1894:	84 85       	ldd	r24, Z+12	; 0x0c
    1896:	95 85       	ldd	r25, Z+13	; 0x0d
    1898:	0e 94 66 0a 	call	0x14cc	; 0x14cc <_ZN12LimitSwitch313forceReleasedEv>

        if (dir) *portDIR |= maskDIR;
    189c:	8c 81       	ldd	r24, Y+4	; 0x04
    189e:	88 23       	and	r24, r24
    18a0:	a1 f0       	breq	.+40     	; 0x18ca <_ZN6Motor24moveEbN12LimitSwitch38PositionEmh+0xbe>
    18a2:	8a 81       	ldd	r24, Y+2	; 0x02
    18a4:	9b 81       	ldd	r25, Y+3	; 0x03
    18a6:	fc 01       	movw	r30, r24
    18a8:	80 81       	ld	r24, Z
    18aa:	91 81       	ldd	r25, Z+1	; 0x01
    18ac:	2a 81       	ldd	r18, Y+2	; 0x02
    18ae:	3b 81       	ldd	r19, Y+3	; 0x03
    18b0:	f9 01       	movw	r30, r18
    18b2:	20 81       	ld	r18, Z
    18b4:	31 81       	ldd	r19, Z+1	; 0x01
    18b6:	f9 01       	movw	r30, r18
    18b8:	40 81       	ld	r20, Z
    18ba:	2a 81       	ldd	r18, Y+2	; 0x02
    18bc:	3b 81       	ldd	r19, Y+3	; 0x03
    18be:	f9 01       	movw	r30, r18
    18c0:	24 81       	ldd	r18, Z+4	; 0x04
    18c2:	24 2b       	or	r18, r20
    18c4:	fc 01       	movw	r30, r24
    18c6:	20 83       	st	Z, r18
    18c8:	15 c0       	rjmp	.+42     	; 0x18f4 <_ZN6Motor24moveEbN12LimitSwitch38PositionEmh+0xe8>
        else     *portDIR &= ~maskDIR;
    18ca:	8a 81       	ldd	r24, Y+2	; 0x02
    18cc:	9b 81       	ldd	r25, Y+3	; 0x03
    18ce:	fc 01       	movw	r30, r24
    18d0:	80 81       	ld	r24, Z
    18d2:	91 81       	ldd	r25, Z+1	; 0x01
    18d4:	2a 81       	ldd	r18, Y+2	; 0x02
    18d6:	3b 81       	ldd	r19, Y+3	; 0x03
    18d8:	f9 01       	movw	r30, r18
    18da:	20 81       	ld	r18, Z
    18dc:	31 81       	ldd	r19, Z+1	; 0x01
    18de:	f9 01       	movw	r30, r18
    18e0:	20 81       	ld	r18, Z
    18e2:	42 2f       	mov	r20, r18
    18e4:	2a 81       	ldd	r18, Y+2	; 0x02
    18e6:	3b 81       	ldd	r19, Y+3	; 0x03
    18e8:	f9 01       	movw	r30, r18
    18ea:	24 81       	ldd	r18, Z+4	; 0x04
    18ec:	20 95       	com	r18
    18ee:	24 23       	and	r18, r20
    18f0:	fc 01       	movw	r30, r24
    18f2:	20 83       	st	Z, r18

        *ocrPWM = speed;
    18f4:	8a 81       	ldd	r24, Y+2	; 0x02
    18f6:	9b 81       	ldd	r25, Y+3	; 0x03
    18f8:	fc 01       	movw	r30, r24
    18fa:	82 85       	ldd	r24, Z+10	; 0x0a
    18fc:	93 85       	ldd	r25, Z+11	; 0x0b
    18fe:	2a 85       	ldd	r18, Y+10	; 0x0a
    1900:	fc 01       	movw	r30, r24
    1902:	20 83       	st	Z, r18

        direction = dir;
    1904:	8a 81       	ldd	r24, Y+2	; 0x02
    1906:	9b 81       	ldd	r25, Y+3	; 0x03
    1908:	2c 81       	ldd	r18, Y+4	; 0x04
    190a:	fc 01       	movw	r30, r24
    190c:	27 87       	std	Z+15, r18	; 0x0f
        moving = true;
    190e:	8a 81       	ldd	r24, Y+2	; 0x02
    1910:	9b 81       	ldd	r25, Y+3	; 0x03
    1912:	21 e0       	ldi	r18, 0x01	; 1
    1914:	fc 01       	movw	r30, r24
    1916:	26 87       	std	Z+14, r18	; 0x0e
    1918:	01 c0       	rjmp	.+2      	; 0x191c <_ZN6Motor24moveEbN12LimitSwitch38PositionEmh+0x110>
         * Inicia un movimiento hacia la posición objetivo.
         * El motor se mueve en la dirección indicada hasta que el switch confirma la posición objetivo.
         * Implementa escape al iniciar el movimiento para evitar falsos positivos en el switch.
         */
        
        if (sw == 0) return;
    191a:	00 00       	nop

        *ocrPWM = speed;

        direction = dir;
        moving = true;
    }
    191c:	2a 96       	adiw	r28, 0x0a	; 10
    191e:	0f b6       	in	r0, 0x3f	; 63
    1920:	f8 94       	cli
    1922:	de bf       	out	0x3e, r29	; 62
    1924:	0f be       	out	0x3f, r0	; 63
    1926:	cd bf       	out	0x3d, r28	; 61
    1928:	df 91       	pop	r29
    192a:	cf 91       	pop	r28
    192c:	1f 91       	pop	r17
    192e:	0f 91       	pop	r16
    1930:	ef 90       	pop	r14
    1932:	08 95       	ret

00001934 <_ZN6Motor24stopEv>:

    void stop() {
    1934:	cf 93       	push	r28
    1936:	df 93       	push	r29
    1938:	00 d0       	rcall	.+0      	; 0x193a <_ZN6Motor24stopEv+0x6>
    193a:	cd b7       	in	r28, 0x3d	; 61
    193c:	de b7       	in	r29, 0x3e	; 62
    193e:	9a 83       	std	Y+2, r25	; 0x02
    1940:	89 83       	std	Y+1, r24	; 0x01
        *ocrPWM = 0;
    1942:	89 81       	ldd	r24, Y+1	; 0x01
    1944:	9a 81       	ldd	r25, Y+2	; 0x02
    1946:	fc 01       	movw	r30, r24
    1948:	82 85       	ldd	r24, Z+10	; 0x0a
    194a:	93 85       	ldd	r25, Z+11	; 0x0b
    194c:	fc 01       	movw	r30, r24
    194e:	10 82       	st	Z, r1
        moving = false;
    1950:	89 81       	ldd	r24, Y+1	; 0x01
    1952:	9a 81       	ldd	r25, Y+2	; 0x02
    1954:	fc 01       	movw	r30, r24
    1956:	16 86       	std	Z+14, r1	; 0x0e
        escaping = false;
    1958:	89 81       	ldd	r24, Y+1	; 0x01
    195a:	9a 81       	ldd	r25, Y+2	; 0x02
    195c:	fc 01       	movw	r30, r24
    195e:	10 8a       	std	Z+16, r1	; 0x10
    }
    1960:	00 00       	nop
    1962:	0f 90       	pop	r0
    1964:	0f 90       	pop	r0
    1966:	df 91       	pop	r29
    1968:	cf 91       	pop	r28
    196a:	08 95       	ret

0000196c <_ZN6Motor26updateEm>:

    void update(uint32_t currentTime) {
    196c:	ef 92       	push	r14
    196e:	ff 92       	push	r15
    1970:	0f 93       	push	r16
    1972:	1f 93       	push	r17
    1974:	cf 93       	push	r28
    1976:	df 93       	push	r29
    1978:	cd b7       	in	r28, 0x3d	; 61
    197a:	de b7       	in	r29, 0x3e	; 62
    197c:	28 97       	sbiw	r28, 0x08	; 8
    197e:	0f b6       	in	r0, 0x3f	; 63
    1980:	f8 94       	cli
    1982:	de bf       	out	0x3e, r29	; 62
    1984:	0f be       	out	0x3f, r0	; 63
    1986:	cd bf       	out	0x3d, r28	; 61
    1988:	9c 83       	std	Y+4, r25	; 0x04
    198a:	8b 83       	std	Y+3, r24	; 0x03
    198c:	4d 83       	std	Y+5, r20	; 0x05
    198e:	5e 83       	std	Y+6, r21	; 0x06
    1990:	6f 83       	std	Y+7, r22	; 0x07
    1992:	78 87       	std	Y+8, r23	; 0x08
        /*
         * Actualiza el estado del motor en función del tiempo y el estado del switch.
         * Implementa lógica de escape para evitar falsos positivos en los switches.
         */

        if (!moving || sw == 0) return;
    1994:	8b 81       	ldd	r24, Y+3	; 0x03
    1996:	9c 81       	ldd	r25, Y+4	; 0x04
    1998:	fc 01       	movw	r30, r24
    199a:	96 85       	ldd	r25, Z+14	; 0x0e
    199c:	81 e0       	ldi	r24, 0x01	; 1
    199e:	89 27       	eor	r24, r25
    19a0:	88 23       	and	r24, r24
    19a2:	09 f0       	breq	.+2      	; 0x19a6 <_ZN6Motor26updateEm+0x3a>
    19a4:	19 c1       	rjmp	.+562    	; 0x1bd8 <_ZN6Motor26updateEm+0x26c>
    19a6:	8b 81       	ldd	r24, Y+3	; 0x03
    19a8:	9c 81       	ldd	r25, Y+4	; 0x04
    19aa:	fc 01       	movw	r30, r24
    19ac:	84 85       	ldd	r24, Z+12	; 0x0c
    19ae:	95 85       	ldd	r25, Z+13	; 0x0d
    19b0:	89 2b       	or	r24, r25
    19b2:	09 f4       	brne	.+2      	; 0x19b6 <_ZN6Motor26updateEm+0x4a>
    19b4:	11 c1       	rjmp	.+546    	; 0x1bd8 <_ZN6Motor26updateEm+0x26c>

        // HOMING
        if (isHoming) {
    19b6:	8b 81       	ldd	r24, Y+3	; 0x03
    19b8:	9c 81       	ldd	r25, Y+4	; 0x04
    19ba:	fc 01       	movw	r30, r24
    19bc:	86 89       	ldd	r24, Z+22	; 0x16
    19be:	88 23       	and	r24, r24
    19c0:	09 f4       	brne	.+2      	; 0x19c4 <_ZN6Motor26updateEm+0x58>
    19c2:	91 c0       	rjmp	.+290    	; 0x1ae6 <_ZN6Motor26updateEm+0x17a>
            // Si estamos en escape, esperamos a que termine sin procesar el switch
            if(escaping) {
    19c4:	8b 81       	ldd	r24, Y+3	; 0x03
    19c6:	9c 81       	ldd	r25, Y+4	; 0x04
    19c8:	fc 01       	movw	r30, r24
    19ca:	80 89       	ldd	r24, Z+16	; 0x10
    19cc:	88 23       	and	r24, r24
    19ce:	29 f1       	breq	.+74     	; 0x1a1a <_ZN6Motor26updateEm+0xae>
                if ((currentTime - escapeStart) >= ESCAPE_MS) {
    19d0:	8b 81       	ldd	r24, Y+3	; 0x03
    19d2:	9c 81       	ldd	r25, Y+4	; 0x04
    19d4:	fc 01       	movw	r30, r24
    19d6:	81 89       	ldd	r24, Z+17	; 0x11
    19d8:	92 89       	ldd	r25, Z+18	; 0x12
    19da:	a3 89       	ldd	r26, Z+19	; 0x13
    19dc:	b4 89       	ldd	r27, Z+20	; 0x14
    19de:	2d 81       	ldd	r18, Y+5	; 0x05
    19e0:	3e 81       	ldd	r19, Y+6	; 0x06
    19e2:	4f 81       	ldd	r20, Y+7	; 0x07
    19e4:	58 85       	ldd	r21, Y+8	; 0x08
    19e6:	79 01       	movw	r14, r18
    19e8:	8a 01       	movw	r16, r20
    19ea:	e8 1a       	sub	r14, r24
    19ec:	f9 0a       	sbc	r15, r25
    19ee:	0a 0b       	sbc	r16, r26
    19f0:	1b 0b       	sbc	r17, r27
    19f2:	d8 01       	movw	r26, r16
    19f4:	c7 01       	movw	r24, r14
    19f6:	8c 32       	cpi	r24, 0x2C	; 44
    19f8:	91 40       	sbci	r25, 0x01	; 1
    19fa:	a1 05       	cpc	r26, r1
    19fc:	b1 05       	cpc	r27, r1
    19fe:	08 f4       	brcc	.+2      	; 0x1a02 <_ZN6Motor26updateEm+0x96>
    1a00:	ed c0       	rjmp	.+474    	; 0x1bdc <_ZN6Motor26updateEm+0x270>
                    escaping = false;
    1a02:	8b 81       	ldd	r24, Y+3	; 0x03
    1a04:	9c 81       	ldd	r25, Y+4	; 0x04
    1a06:	fc 01       	movw	r30, r24
    1a08:	10 8a       	std	Z+16, r1	; 0x10
                    sw->consumePress(); // Limpiamos flancos residuales
    1a0a:	8b 81       	ldd	r24, Y+3	; 0x03
    1a0c:	9c 81       	ldd	r25, Y+4	; 0x04
    1a0e:	fc 01       	movw	r30, r24
    1a10:	84 85       	ldd	r24, Z+12	; 0x0c
    1a12:	95 85       	ldd	r25, Z+13	; 0x0d
    1a14:	0e 94 00 0a 	call	0x1400	; 0x1400 <_ZN12LimitSwitch312consumePressEv>
                }
                return;
    1a18:	e1 c0       	rjmp	.+450    	; 0x1bdc <_ZN6Motor26updateEm+0x270>
            }

            // Si no estamos en escape, procesamos el switch
            if (sw->isPressed()) {
    1a1a:	8b 81       	ldd	r24, Y+3	; 0x03
    1a1c:	9c 81       	ldd	r25, Y+4	; 0x04
    1a1e:	fc 01       	movw	r30, r24
    1a20:	84 85       	ldd	r24, Z+12	; 0x0c
    1a22:	95 85       	ldd	r25, Z+13	; 0x0d
    1a24:	0e 94 f0 09 	call	0x13e0	; 0x13e0 <_ZN12LimitSwitch39isPressedEv>
    1a28:	88 23       	and	r24, r24
    1a2a:	09 f4       	brne	.+2      	; 0x1a2e <_ZN6Motor26updateEm+0xc2>
    1a2c:	4d c0       	rjmp	.+154    	; 0x1ac8 <_ZN6Motor26updateEm+0x15c>
                // Para evitar falsos positivos, mantener presionado durante HOMING_HOLD_MS
                if (homingPressStart == 0) {
    1a2e:	8b 81       	ldd	r24, Y+3	; 0x03
    1a30:	9c 81       	ldd	r25, Y+4	; 0x04
    1a32:	fc 01       	movw	r30, r24
    1a34:	87 89       	ldd	r24, Z+23	; 0x17
    1a36:	90 8d       	ldd	r25, Z+24	; 0x18
    1a38:	a1 8d       	ldd	r26, Z+25	; 0x19
    1a3a:	b2 8d       	ldd	r27, Z+26	; 0x1a
    1a3c:	89 2b       	or	r24, r25
    1a3e:	8a 2b       	or	r24, r26
    1a40:	8b 2b       	or	r24, r27
    1a42:	61 f4       	brne	.+24     	; 0x1a5c <_ZN6Motor26updateEm+0xf0>
                    homingPressStart = currentTime;
    1a44:	2b 81       	ldd	r18, Y+3	; 0x03
    1a46:	3c 81       	ldd	r19, Y+4	; 0x04
    1a48:	8d 81       	ldd	r24, Y+5	; 0x05
    1a4a:	9e 81       	ldd	r25, Y+6	; 0x06
    1a4c:	af 81       	ldd	r26, Y+7	; 0x07
    1a4e:	b8 85       	ldd	r27, Y+8	; 0x08
    1a50:	f9 01       	movw	r30, r18
    1a52:	87 8b       	std	Z+23, r24	; 0x17
    1a54:	90 8f       	std	Z+24, r25	; 0x18
    1a56:	a1 8f       	std	Z+25, r26	; 0x19
    1a58:	b2 8f       	std	Z+26, r27	; 0x1a
            }
            else {
                homingPressStart = 0;   // Resetear temporizador si se suelta el switch
                sw->consumePress();     // Limpiamos flancos residuales
            }
            return;
    1a5a:	c2 c0       	rjmp	.+388    	; 0x1be0 <_ZN6Motor26updateEm+0x274>
                if (homingPressStart == 0) {
                    homingPressStart = currentTime;
                }

                // Si se mantiene presionado HOMING_HOLD_MS, confirmamos homing
                else if ((currentTime - homingPressStart) >= HOMING_HOLD_MS) {
    1a5c:	8b 81       	ldd	r24, Y+3	; 0x03
    1a5e:	9c 81       	ldd	r25, Y+4	; 0x04
    1a60:	fc 01       	movw	r30, r24
    1a62:	87 89       	ldd	r24, Z+23	; 0x17
    1a64:	90 8d       	ldd	r25, Z+24	; 0x18
    1a66:	a1 8d       	ldd	r26, Z+25	; 0x19
    1a68:	b2 8d       	ldd	r27, Z+26	; 0x1a
    1a6a:	2d 81       	ldd	r18, Y+5	; 0x05
    1a6c:	3e 81       	ldd	r19, Y+6	; 0x06
    1a6e:	4f 81       	ldd	r20, Y+7	; 0x07
    1a70:	58 85       	ldd	r21, Y+8	; 0x08
    1a72:	79 01       	movw	r14, r18
    1a74:	8a 01       	movw	r16, r20
    1a76:	e8 1a       	sub	r14, r24
    1a78:	f9 0a       	sbc	r15, r25
    1a7a:	0a 0b       	sbc	r16, r26
    1a7c:	1b 0b       	sbc	r17, r27
    1a7e:	d8 01       	movw	r26, r16
    1a80:	c7 01       	movw	r24, r14
    1a82:	8a 3f       	cpi	r24, 0xFA	; 250
    1a84:	91 05       	cpc	r25, r1
    1a86:	a1 05       	cpc	r26, r1
    1a88:	b1 05       	cpc	r27, r1
    1a8a:	08 f4       	brcc	.+2      	; 0x1a8e <_ZN6Motor26updateEm+0x122>
    1a8c:	a9 c0       	rjmp	.+338    	; 0x1be0 <_ZN6Motor26updateEm+0x274>
                    stop();
    1a8e:	8b 81       	ldd	r24, Y+3	; 0x03
    1a90:	9c 81       	ldd	r25, Y+4	; 0x04
    1a92:	0e 94 9a 0c 	call	0x1934	; 0x1934 <_ZN6Motor24stopEv>
                    sw->forcePressed(homingTarget);
    1a96:	8b 81       	ldd	r24, Y+3	; 0x03
    1a98:	9c 81       	ldd	r25, Y+4	; 0x04
    1a9a:	fc 01       	movw	r30, r24
    1a9c:	23 8d       	ldd	r18, Z+27	; 0x1b
    1a9e:	8b 81       	ldd	r24, Y+3	; 0x03
    1aa0:	9c 81       	ldd	r25, Y+4	; 0x04
    1aa2:	fc 01       	movw	r30, r24
    1aa4:	84 85       	ldd	r24, Z+12	; 0x0c
    1aa6:	95 85       	ldd	r25, Z+13	; 0x0d
    1aa8:	62 2f       	mov	r22, r18
    1aaa:	0e 94 3e 0a 	call	0x147c	; 0x147c <_ZN12LimitSwitch312forcePressedENS_8PositionE>
                    targetPosition = homingTarget;
    1aae:	8b 81       	ldd	r24, Y+3	; 0x03
    1ab0:	9c 81       	ldd	r25, Y+4	; 0x04
    1ab2:	fc 01       	movw	r30, r24
    1ab4:	23 8d       	ldd	r18, Z+27	; 0x1b
    1ab6:	8b 81       	ldd	r24, Y+3	; 0x03
    1ab8:	9c 81       	ldd	r25, Y+4	; 0x04
    1aba:	fc 01       	movw	r30, r24
    1abc:	25 8b       	std	Z+21, r18	; 0x15
                    isHoming = false;
    1abe:	8b 81       	ldd	r24, Y+3	; 0x03
    1ac0:	9c 81       	ldd	r25, Y+4	; 0x04
    1ac2:	fc 01       	movw	r30, r24
    1ac4:	16 8a       	std	Z+22, r1	; 0x16
            }
            else {
                homingPressStart = 0;   // Resetear temporizador si se suelta el switch
                sw->consumePress();     // Limpiamos flancos residuales
            }
            return;
    1ac6:	8c c0       	rjmp	.+280    	; 0x1be0 <_ZN6Motor26updateEm+0x274>
                    targetPosition = homingTarget;
                    isHoming = false;
                }
            }
            else {
                homingPressStart = 0;   // Resetear temporizador si se suelta el switch
    1ac8:	8b 81       	ldd	r24, Y+3	; 0x03
    1aca:	9c 81       	ldd	r25, Y+4	; 0x04
    1acc:	fc 01       	movw	r30, r24
    1ace:	17 8a       	std	Z+23, r1	; 0x17
    1ad0:	10 8e       	std	Z+24, r1	; 0x18
    1ad2:	11 8e       	std	Z+25, r1	; 0x19
    1ad4:	12 8e       	std	Z+26, r1	; 0x1a
                sw->consumePress();     // Limpiamos flancos residuales
    1ad6:	8b 81       	ldd	r24, Y+3	; 0x03
    1ad8:	9c 81       	ldd	r25, Y+4	; 0x04
    1ada:	fc 01       	movw	r30, r24
    1adc:	84 85       	ldd	r24, Z+12	; 0x0c
    1ade:	95 85       	ldd	r25, Z+13	; 0x0d
    1ae0:	0e 94 00 0a 	call	0x1400	; 0x1400 <_ZN12LimitSwitch312consumePressEv>
            }
            return;
    1ae4:	7d c0       	rjmp	.+250    	; 0x1be0 <_ZN6Motor26updateEm+0x274>
        }

        // MOVIMIENTO NORMAL
        // Si estamos en escape, esperamos a que termine sin procesar el switch
        if(escaping) {
    1ae6:	8b 81       	ldd	r24, Y+3	; 0x03
    1ae8:	9c 81       	ldd	r25, Y+4	; 0x04
    1aea:	fc 01       	movw	r30, r24
    1aec:	80 89       	ldd	r24, Z+16	; 0x10
    1aee:	88 23       	and	r24, r24
    1af0:	91 f1       	breq	.+100    	; 0x1b56 <_ZN6Motor26updateEm+0x1ea>
            // Si el tiempo de escape ha terminado, verificamos el switch
            if ((currentTime - escapeStart) >= ESCAPE_MS) {
    1af2:	8b 81       	ldd	r24, Y+3	; 0x03
    1af4:	9c 81       	ldd	r25, Y+4	; 0x04
    1af6:	fc 01       	movw	r30, r24
    1af8:	81 89       	ldd	r24, Z+17	; 0x11
    1afa:	92 89       	ldd	r25, Z+18	; 0x12
    1afc:	a3 89       	ldd	r26, Z+19	; 0x13
    1afe:	b4 89       	ldd	r27, Z+20	; 0x14
    1b00:	2d 81       	ldd	r18, Y+5	; 0x05
    1b02:	3e 81       	ldd	r19, Y+6	; 0x06
    1b04:	4f 81       	ldd	r20, Y+7	; 0x07
    1b06:	58 85       	ldd	r21, Y+8	; 0x08
    1b08:	79 01       	movw	r14, r18
    1b0a:	8a 01       	movw	r16, r20
    1b0c:	e8 1a       	sub	r14, r24
    1b0e:	f9 0a       	sbc	r15, r25
    1b10:	0a 0b       	sbc	r16, r26
    1b12:	1b 0b       	sbc	r17, r27
    1b14:	d8 01       	movw	r26, r16
    1b16:	c7 01       	movw	r24, r14
    1b18:	8c 32       	cpi	r24, 0x2C	; 44
    1b1a:	91 40       	sbci	r25, 0x01	; 1
    1b1c:	a1 05       	cpc	r26, r1
    1b1e:	b1 05       	cpc	r27, r1
    1b20:	08 f4       	brcc	.+2      	; 0x1b24 <_ZN6Motor26updateEm+0x1b8>
    1b22:	60 c0       	rjmp	.+192    	; 0x1be4 <_ZN6Motor26updateEm+0x278>
                escaping = false;
    1b24:	8b 81       	ldd	r24, Y+3	; 0x03
    1b26:	9c 81       	ldd	r25, Y+4	; 0x04
    1b28:	fc 01       	movw	r30, r24
    1b2a:	10 8a       	std	Z+16, r1	; 0x10
                if (sw->isPressed()) {
    1b2c:	8b 81       	ldd	r24, Y+3	; 0x03
    1b2e:	9c 81       	ldd	r25, Y+4	; 0x04
    1b30:	fc 01       	movw	r30, r24
    1b32:	84 85       	ldd	r24, Z+12	; 0x0c
    1b34:	95 85       	ldd	r25, Z+13	; 0x0d
    1b36:	0e 94 f0 09 	call	0x13e0	; 0x13e0 <_ZN12LimitSwitch39isPressedEv>
    1b3a:	88 23       	and	r24, r24
    1b3c:	21 f0       	breq	.+8      	; 0x1b46 <_ZN6Motor26updateEm+0x1da>
                    stop();
    1b3e:	8b 81       	ldd	r24, Y+3	; 0x03
    1b40:	9c 81       	ldd	r25, Y+4	; 0x04
    1b42:	0e 94 9a 0c 	call	0x1934	; 0x1934 <_ZN6Motor24stopEv>
                }
                sw->consumePress(); // Limpiar flancos residuales
    1b46:	8b 81       	ldd	r24, Y+3	; 0x03
    1b48:	9c 81       	ldd	r25, Y+4	; 0x04
    1b4a:	fc 01       	movw	r30, r24
    1b4c:	84 85       	ldd	r24, Z+12	; 0x0c
    1b4e:	95 85       	ldd	r25, Z+13	; 0x0d
    1b50:	0e 94 00 0a 	call	0x1400	; 0x1400 <_ZN12LimitSwitch312consumePressEv>
            }
            return;
    1b54:	47 c0       	rjmp	.+142    	; 0x1be4 <_ZN6Motor26updateEm+0x278>
        }

        // Si no estamos en escape, procesamos el switch
        if (sw->consumePress()) {
    1b56:	8b 81       	ldd	r24, Y+3	; 0x03
    1b58:	9c 81       	ldd	r25, Y+4	; 0x04
    1b5a:	fc 01       	movw	r30, r24
    1b5c:	84 85       	ldd	r24, Z+12	; 0x0c
    1b5e:	95 85       	ldd	r25, Z+13	; 0x0d
    1b60:	0e 94 00 0a 	call	0x1400	; 0x1400 <_ZN12LimitSwitch312consumePressEv>
    1b64:	88 23       	and	r24, r24
    1b66:	09 f4       	brne	.+2      	; 0x1b6a <_ZN6Motor26updateEm+0x1fe>
    1b68:	3e c0       	rjmp	.+124    	; 0x1be6 <_ZN6Motor26updateEm+0x27a>
            // Verificar si posición actual es igual a posición objetivo
            LimitSwitch3::Position arrived = sw->getPosition();
    1b6a:	8b 81       	ldd	r24, Y+3	; 0x03
    1b6c:	9c 81       	ldd	r25, Y+4	; 0x04
    1b6e:	fc 01       	movw	r30, r24
    1b70:	84 85       	ldd	r24, Z+12	; 0x0c
    1b72:	95 85       	ldd	r25, Z+13	; 0x0d
    1b74:	0e 94 19 0a 	call	0x1432	; 0x1432 <_ZN12LimitSwitch311getPositionEv>
    1b78:	89 83       	std	Y+1, r24	; 0x01
            if (arrived == targetPosition) {
    1b7a:	8b 81       	ldd	r24, Y+3	; 0x03
    1b7c:	9c 81       	ldd	r25, Y+4	; 0x04
    1b7e:	fc 01       	movw	r30, r24
    1b80:	95 89       	ldd	r25, Z+21	; 0x15
    1b82:	89 81       	ldd	r24, Y+1	; 0x01
    1b84:	98 17       	cp	r25, r24
    1b86:	29 f4       	brne	.+10     	; 0x1b92 <_ZN6Motor26updateEm+0x226>
                stop();
    1b88:	8b 81       	ldd	r24, Y+3	; 0x03
    1b8a:	9c 81       	ldd	r25, Y+4	; 0x04
    1b8c:	0e 94 9a 0c 	call	0x1934	; 0x1934 <_ZN6Motor24stopEv>
    1b90:	2a c0       	rjmp	.+84     	; 0x1be6 <_ZN6Motor26updateEm+0x27a>
            }
            
            else {
                // Si no hemos llegado, actualizamos la posición esperada para el próximo flanco
                LimitSwitch3::Position nextPos = computeNextExpected(direction);
    1b92:	8b 81       	ldd	r24, Y+3	; 0x03
    1b94:	9c 81       	ldd	r25, Y+4	; 0x04
    1b96:	fc 01       	movw	r30, r24
    1b98:	27 85       	ldd	r18, Z+15	; 0x0f
    1b9a:	8b 81       	ldd	r24, Y+3	; 0x03
    1b9c:	9c 81       	ldd	r25, Y+4	; 0x04
    1b9e:	62 2f       	mov	r22, r18
    1ba0:	0e 94 3f 0e 	call	0x1c7e	; 0x1c7e <_ZN6Motor219computeNextExpectedEb>
    1ba4:	8a 83       	std	Y+2, r24	; 0x02
                sw->setNextExpected(nextPos);
    1ba6:	8b 81       	ldd	r24, Y+3	; 0x03
    1ba8:	9c 81       	ldd	r25, Y+4	; 0x04
    1baa:	fc 01       	movw	r30, r24
    1bac:	84 85       	ldd	r24, Z+12	; 0x0c
    1bae:	95 85       	ldd	r25, Z+13	; 0x0d
    1bb0:	6a 81       	ldd	r22, Y+2	; 0x02
    1bb2:	0e 94 29 0a 	call	0x1452	; 0x1452 <_ZN12LimitSwitch315setNextExpectedENS_8PositionE>
                escaping = true;
    1bb6:	8b 81       	ldd	r24, Y+3	; 0x03
    1bb8:	9c 81       	ldd	r25, Y+4	; 0x04
    1bba:	21 e0       	ldi	r18, 0x01	; 1
    1bbc:	fc 01       	movw	r30, r24
    1bbe:	20 8b       	std	Z+16, r18	; 0x10
                escapeStart = currentTime;
    1bc0:	2b 81       	ldd	r18, Y+3	; 0x03
    1bc2:	3c 81       	ldd	r19, Y+4	; 0x04
    1bc4:	8d 81       	ldd	r24, Y+5	; 0x05
    1bc6:	9e 81       	ldd	r25, Y+6	; 0x06
    1bc8:	af 81       	ldd	r26, Y+7	; 0x07
    1bca:	b8 85       	ldd	r27, Y+8	; 0x08
    1bcc:	f9 01       	movw	r30, r18
    1bce:	81 8b       	std	Z+17, r24	; 0x11
    1bd0:	92 8b       	std	Z+18, r25	; 0x12
    1bd2:	a3 8b       	std	Z+19, r26	; 0x13
    1bd4:	b4 8b       	std	Z+20, r27	; 0x14
    1bd6:	07 c0       	rjmp	.+14     	; 0x1be6 <_ZN6Motor26updateEm+0x27a>
        /*
         * Actualiza el estado del motor en función del tiempo y el estado del switch.
         * Implementa lógica de escape para evitar falsos positivos en los switches.
         */

        if (!moving || sw == 0) return;
    1bd8:	00 00       	nop
    1bda:	05 c0       	rjmp	.+10     	; 0x1be6 <_ZN6Motor26updateEm+0x27a>
            if(escaping) {
                if ((currentTime - escapeStart) >= ESCAPE_MS) {
                    escaping = false;
                    sw->consumePress(); // Limpiamos flancos residuales
                }
                return;
    1bdc:	00 00       	nop
    1bde:	03 c0       	rjmp	.+6      	; 0x1be6 <_ZN6Motor26updateEm+0x27a>
            }
            else {
                homingPressStart = 0;   // Resetear temporizador si se suelta el switch
                sw->consumePress();     // Limpiamos flancos residuales
            }
            return;
    1be0:	00 00       	nop
    1be2:	01 c0       	rjmp	.+2      	; 0x1be6 <_ZN6Motor26updateEm+0x27a>
                if (sw->isPressed()) {
                    stop();
                }
                sw->consumePress(); // Limpiar flancos residuales
            }
            return;
    1be4:	00 00       	nop
                sw->setNextExpected(nextPos);
                escaping = true;
                escapeStart = currentTime;
            }
        }
    }
    1be6:	28 96       	adiw	r28, 0x08	; 8
    1be8:	0f b6       	in	r0, 0x3f	; 63
    1bea:	f8 94       	cli
    1bec:	de bf       	out	0x3e, r29	; 62
    1bee:	0f be       	out	0x3f, r0	; 63
    1bf0:	cd bf       	out	0x3d, r28	; 61
    1bf2:	df 91       	pop	r29
    1bf4:	cf 91       	pop	r28
    1bf6:	1f 91       	pop	r17
    1bf8:	0f 91       	pop	r16
    1bfa:	ff 90       	pop	r15
    1bfc:	ef 90       	pop	r14
    1bfe:	08 95       	ret

00001c00 <_ZN6Motor24isAtEN12LimitSwitch38PositionE>:

    bool isAt(LimitSwitch3::Position pos) {
    1c00:	cf 93       	push	r28
    1c02:	df 93       	push	r29
    1c04:	00 d0       	rcall	.+0      	; 0x1c06 <_ZN6Motor24isAtEN12LimitSwitch38PositionE+0x6>
    1c06:	1f 92       	push	r1
    1c08:	cd b7       	in	r28, 0x3d	; 61
    1c0a:	de b7       	in	r29, 0x3e	; 62
    1c0c:	9a 83       	std	Y+2, r25	; 0x02
    1c0e:	89 83       	std	Y+1, r24	; 0x01
    1c10:	6b 83       	std	Y+3, r22	; 0x03
        // Devuelve true si motor detenido y posición correcta.
        if (sw == 0) return false;
    1c12:	89 81       	ldd	r24, Y+1	; 0x01
    1c14:	9a 81       	ldd	r25, Y+2	; 0x02
    1c16:	fc 01       	movw	r30, r24
    1c18:	84 85       	ldd	r24, Z+12	; 0x0c
    1c1a:	95 85       	ldd	r25, Z+13	; 0x0d
    1c1c:	89 2b       	or	r24, r25
    1c1e:	11 f4       	brne	.+4      	; 0x1c24 <_ZN6Motor24isAtEN12LimitSwitch38PositionE+0x24>
    1c20:	80 e0       	ldi	r24, 0x00	; 0
    1c22:	17 c0       	rjmp	.+46     	; 0x1c52 <_ZN6Motor24isAtEN12LimitSwitch38PositionE+0x52>
        return !moving && (sw->getPosition() == pos);
    1c24:	89 81       	ldd	r24, Y+1	; 0x01
    1c26:	9a 81       	ldd	r25, Y+2	; 0x02
    1c28:	fc 01       	movw	r30, r24
    1c2a:	96 85       	ldd	r25, Z+14	; 0x0e
    1c2c:	81 e0       	ldi	r24, 0x01	; 1
    1c2e:	89 27       	eor	r24, r25
    1c30:	88 23       	and	r24, r24
    1c32:	69 f0       	breq	.+26     	; 0x1c4e <_ZN6Motor24isAtEN12LimitSwitch38PositionE+0x4e>
    1c34:	89 81       	ldd	r24, Y+1	; 0x01
    1c36:	9a 81       	ldd	r25, Y+2	; 0x02
    1c38:	fc 01       	movw	r30, r24
    1c3a:	84 85       	ldd	r24, Z+12	; 0x0c
    1c3c:	95 85       	ldd	r25, Z+13	; 0x0d
    1c3e:	0e 94 19 0a 	call	0x1432	; 0x1432 <_ZN12LimitSwitch311getPositionEv>
    1c42:	98 2f       	mov	r25, r24
    1c44:	8b 81       	ldd	r24, Y+3	; 0x03
    1c46:	98 17       	cp	r25, r24
    1c48:	11 f4       	brne	.+4      	; 0x1c4e <_ZN6Motor24isAtEN12LimitSwitch38PositionE+0x4e>
    1c4a:	81 e0       	ldi	r24, 0x01	; 1
    1c4c:	01 c0       	rjmp	.+2      	; 0x1c50 <_ZN6Motor24isAtEN12LimitSwitch38PositionE+0x50>
    1c4e:	80 e0       	ldi	r24, 0x00	; 0
    1c50:	00 00       	nop
    }
    1c52:	0f 90       	pop	r0
    1c54:	0f 90       	pop	r0
    1c56:	0f 90       	pop	r0
    1c58:	df 91       	pop	r29
    1c5a:	cf 91       	pop	r28
    1c5c:	08 95       	ret

00001c5e <_ZN6Motor28isMovingEv>:

    bool isMoving() {
    1c5e:	cf 93       	push	r28
    1c60:	df 93       	push	r29
    1c62:	00 d0       	rcall	.+0      	; 0x1c64 <_ZN6Motor28isMovingEv+0x6>
    1c64:	cd b7       	in	r28, 0x3d	; 61
    1c66:	de b7       	in	r29, 0x3e	; 62
    1c68:	9a 83       	std	Y+2, r25	; 0x02
    1c6a:	89 83       	std	Y+1, r24	; 0x01
        return moving;
    1c6c:	89 81       	ldd	r24, Y+1	; 0x01
    1c6e:	9a 81       	ldd	r25, Y+2	; 0x02
    1c70:	fc 01       	movw	r30, r24
    1c72:	86 85       	ldd	r24, Z+14	; 0x0e
    }
    1c74:	0f 90       	pop	r0
    1c76:	0f 90       	pop	r0
    1c78:	df 91       	pop	r29
    1c7a:	cf 91       	pop	r28
    1c7c:	08 95       	ret

00001c7e <_ZN6Motor219computeNextExpectedEb>:

    private:
    LimitSwitch3::Position computeNextExpected(bool dir) {
    1c7e:	cf 93       	push	r28
    1c80:	df 93       	push	r29
    1c82:	00 d0       	rcall	.+0      	; 0x1c84 <_ZN6Motor219computeNextExpectedEb+0x6>
    1c84:	00 d0       	rcall	.+0      	; 0x1c86 <_ZN6Motor219computeNextExpectedEb+0x8>
    1c86:	cd b7       	in	r28, 0x3d	; 61
    1c88:	de b7       	in	r29, 0x3e	; 62
    1c8a:	9b 83       	std	Y+3, r25	; 0x03
    1c8c:	8a 83       	std	Y+2, r24	; 0x02
    1c8e:	6c 83       	std	Y+4, r22	; 0x04
        /*
         * Calcula la próxima posición esperada según la dirección del movimiento y la posición actual del switch.
         */
        if (sw == nullptr) return LimitSwitch3::Position::UNKNOWN;
    1c90:	8a 81       	ldd	r24, Y+2	; 0x02
    1c92:	9b 81       	ldd	r25, Y+3	; 0x03
    1c94:	fc 01       	movw	r30, r24
    1c96:	84 85       	ldd	r24, Z+12	; 0x0c
    1c98:	95 85       	ldd	r25, Z+13	; 0x0d
    1c9a:	89 2b       	or	r24, r25
    1c9c:	11 f4       	brne	.+4      	; 0x1ca2 <_ZN6Motor219computeNextExpectedEb+0x24>
    1c9e:	80 e0       	ldi	r24, 0x00	; 0
    1ca0:	22 c0       	rjmp	.+68     	; 0x1ce6 <_ZN6Motor219computeNextExpectedEb+0x68>
        LimitSwitch3::Position current = sw->getPosition();
    1ca2:	8a 81       	ldd	r24, Y+2	; 0x02
    1ca4:	9b 81       	ldd	r25, Y+3	; 0x03
    1ca6:	fc 01       	movw	r30, r24
    1ca8:	84 85       	ldd	r24, Z+12	; 0x0c
    1caa:	95 85       	ldd	r25, Z+13	; 0x0d
    1cac:	0e 94 19 0a 	call	0x1432	; 0x1432 <_ZN12LimitSwitch311getPositionEv>
    1cb0:	89 83       	std	Y+1, r24	; 0x01

        if (dir) {
    1cb2:	8c 81       	ldd	r24, Y+4	; 0x04
    1cb4:	88 23       	and	r24, r24
    1cb6:	61 f0       	breq	.+24     	; 0x1cd0 <_ZN6Motor219computeNextExpectedEb+0x52>
            if (current == LimitSwitch3::Position::RIGHT)  return LimitSwitch3::Position::MIDDLE;
    1cb8:	89 81       	ldd	r24, Y+1	; 0x01
    1cba:	83 30       	cpi	r24, 0x03	; 3
    1cbc:	11 f4       	brne	.+4      	; 0x1cc2 <_ZN6Motor219computeNextExpectedEb+0x44>
    1cbe:	82 e0       	ldi	r24, 0x02	; 2
    1cc0:	12 c0       	rjmp	.+36     	; 0x1ce6 <_ZN6Motor219computeNextExpectedEb+0x68>
            if (current == LimitSwitch3::Position::MIDDLE) return LimitSwitch3::Position::LEFT;
    1cc2:	89 81       	ldd	r24, Y+1	; 0x01
    1cc4:	82 30       	cpi	r24, 0x02	; 2
    1cc6:	11 f4       	brne	.+4      	; 0x1ccc <_ZN6Motor219computeNextExpectedEb+0x4e>
    1cc8:	81 e0       	ldi	r24, 0x01	; 1
    1cca:	0d c0       	rjmp	.+26     	; 0x1ce6 <_ZN6Motor219computeNextExpectedEb+0x68>
            return LimitSwitch3::Position::LEFT;
    1ccc:	81 e0       	ldi	r24, 0x01	; 1
    1cce:	0b c0       	rjmp	.+22     	; 0x1ce6 <_ZN6Motor219computeNextExpectedEb+0x68>
        } else {
            if (current == LimitSwitch3::Position::LEFT)   return LimitSwitch3::Position::MIDDLE;
    1cd0:	89 81       	ldd	r24, Y+1	; 0x01
    1cd2:	81 30       	cpi	r24, 0x01	; 1
    1cd4:	11 f4       	brne	.+4      	; 0x1cda <_ZN6Motor219computeNextExpectedEb+0x5c>
    1cd6:	82 e0       	ldi	r24, 0x02	; 2
    1cd8:	06 c0       	rjmp	.+12     	; 0x1ce6 <_ZN6Motor219computeNextExpectedEb+0x68>
            if (current == LimitSwitch3::Position::MIDDLE) return LimitSwitch3::Position::RIGHT;
    1cda:	89 81       	ldd	r24, Y+1	; 0x01
    1cdc:	82 30       	cpi	r24, 0x02	; 2
    1cde:	11 f4       	brne	.+4      	; 0x1ce4 <_ZN6Motor219computeNextExpectedEb+0x66>
    1ce0:	83 e0       	ldi	r24, 0x03	; 3
    1ce2:	01 c0       	rjmp	.+2      	; 0x1ce6 <_ZN6Motor219computeNextExpectedEb+0x68>
            return LimitSwitch3::Position::RIGHT;
    1ce4:	83 e0       	ldi	r24, 0x03	; 3
        }
    }
    1ce6:	0f 90       	pop	r0
    1ce8:	0f 90       	pop	r0
    1cea:	0f 90       	pop	r0
    1cec:	0f 90       	pop	r0
    1cee:	df 91       	pop	r29
    1cf0:	cf 91       	pop	r28
    1cf2:	08 95       	ret

00001cf4 <_ZN11PinsManagerC1Ev>:
    bool     pinMask[NUM_PINS];      // true = bolo en pie
    uint8_t  score;
    uint32_t lastSampleTime;

    public:
    PinsManager() {
    1cf4:	cf 93       	push	r28
    1cf6:	df 93       	push	r29
    1cf8:	00 d0       	rcall	.+0      	; 0x1cfa <_ZN11PinsManagerC1Ev+0x6>
    1cfa:	1f 92       	push	r1
    1cfc:	cd b7       	in	r28, 0x3d	; 61
    1cfe:	de b7       	in	r29, 0x3e	; 62
    1d00:	9b 83       	std	Y+3, r25	; 0x03
    1d02:	8a 83       	std	Y+2, r24	; 0x02
        score          = 0;
    1d04:	8a 81       	ldd	r24, Y+2	; 0x02
    1d06:	9b 81       	ldd	r25, Y+3	; 0x03
    1d08:	fc 01       	movw	r30, r24
    1d0a:	12 8a       	std	Z+18, r1	; 0x12
        lastSampleTime = 0;
    1d0c:	8a 81       	ldd	r24, Y+2	; 0x02
    1d0e:	9b 81       	ldd	r25, Y+3	; 0x03
    1d10:	fc 01       	movw	r30, r24
    1d12:	13 8a       	std	Z+19, r1	; 0x13
    1d14:	14 8a       	std	Z+20, r1	; 0x14
    1d16:	15 8a       	std	Z+21, r1	; 0x15
    1d18:	16 8a       	std	Z+22, r1	; 0x16
        for (uint8_t i = 0; i < NUM_PINS; i++) {
    1d1a:	19 82       	std	Y+1, r1	; 0x01
    1d1c:	89 81       	ldd	r24, Y+1	; 0x01
    1d1e:	86 30       	cpi	r24, 0x06	; 6
    1d20:	20 f5       	brcc	.+72     	; 0x1d6a <_ZN11PinsManagerC1Ev+0x76>
            counter[i]     = SAMPLES;
    1d22:	89 81       	ldd	r24, Y+1	; 0x01
    1d24:	88 2f       	mov	r24, r24
    1d26:	90 e0       	ldi	r25, 0x00	; 0
    1d28:	2a 81       	ldd	r18, Y+2	; 0x02
    1d2a:	3b 81       	ldd	r19, Y+3	; 0x03
    1d2c:	82 0f       	add	r24, r18
    1d2e:	93 1f       	adc	r25, r19
    1d30:	2a e0       	ldi	r18, 0x0A	; 10
    1d32:	fc 01       	movw	r30, r24
    1d34:	20 83       	st	Z, r18
            stableState[i] = true;
    1d36:	89 81       	ldd	r24, Y+1	; 0x01
    1d38:	88 2f       	mov	r24, r24
    1d3a:	90 e0       	ldi	r25, 0x00	; 0
    1d3c:	2a 81       	ldd	r18, Y+2	; 0x02
    1d3e:	3b 81       	ldd	r19, Y+3	; 0x03
    1d40:	82 0f       	add	r24, r18
    1d42:	93 1f       	adc	r25, r19
    1d44:	06 96       	adiw	r24, 0x06	; 6
    1d46:	21 e0       	ldi	r18, 0x01	; 1
    1d48:	fc 01       	movw	r30, r24
    1d4a:	20 83       	st	Z, r18
            pinMask[i]     = true;
    1d4c:	89 81       	ldd	r24, Y+1	; 0x01
    1d4e:	88 2f       	mov	r24, r24
    1d50:	90 e0       	ldi	r25, 0x00	; 0
    1d52:	2a 81       	ldd	r18, Y+2	; 0x02
    1d54:	3b 81       	ldd	r19, Y+3	; 0x03
    1d56:	82 0f       	add	r24, r18
    1d58:	93 1f       	adc	r25, r19
    1d5a:	0c 96       	adiw	r24, 0x0c	; 12
    1d5c:	21 e0       	ldi	r18, 0x01	; 1
    1d5e:	fc 01       	movw	r30, r24
    1d60:	20 83       	st	Z, r18

    public:
    PinsManager() {
        score          = 0;
        lastSampleTime = 0;
        for (uint8_t i = 0; i < NUM_PINS; i++) {
    1d62:	89 81       	ldd	r24, Y+1	; 0x01
    1d64:	8f 5f       	subi	r24, 0xFF	; 255
    1d66:	89 83       	std	Y+1, r24	; 0x01
    1d68:	d9 cf       	rjmp	.-78     	; 0x1d1c <_ZN11PinsManagerC1Ev+0x28>
            counter[i]     = SAMPLES;
            stableState[i] = true;
            pinMask[i]     = true;
        }
    }
    1d6a:	00 00       	nop
    1d6c:	0f 90       	pop	r0
    1d6e:	0f 90       	pop	r0
    1d70:	0f 90       	pop	r0
    1d72:	df 91       	pop	r29
    1d74:	cf 91       	pop	r28
    1d76:	08 95       	ret

00001d78 <_ZN11PinsManager4initEv>:

    void init() {
    1d78:	cf 93       	push	r28
    1d7a:	df 93       	push	r29
    1d7c:	00 d0       	rcall	.+0      	; 0x1d7e <_ZN11PinsManager4initEv+0x6>
    1d7e:	cd b7       	in	r28, 0x3d	; 61
    1d80:	de b7       	in	r29, 0x3e	; 62
    1d82:	9a 83       	std	Y+2, r25	; 0x02
    1d84:	89 83       	std	Y+1, r24	; 0x01
        DDRK  &= ~0x3F;  // PK0-PK5 como entradas
    1d86:	87 e0       	ldi	r24, 0x07	; 7
    1d88:	91 e0       	ldi	r25, 0x01	; 1
    1d8a:	27 e0       	ldi	r18, 0x07	; 7
    1d8c:	31 e0       	ldi	r19, 0x01	; 1
    1d8e:	f9 01       	movw	r30, r18
    1d90:	20 81       	ld	r18, Z
    1d92:	20 7c       	andi	r18, 0xC0	; 192
    1d94:	fc 01       	movw	r30, r24
    1d96:	20 83       	st	Z, r18
        PORTK |=  0x3F;  // Pull-ups
    1d98:	88 e0       	ldi	r24, 0x08	; 8
    1d9a:	91 e0       	ldi	r25, 0x01	; 1
    1d9c:	28 e0       	ldi	r18, 0x08	; 8
    1d9e:	31 e0       	ldi	r19, 0x01	; 1
    1da0:	f9 01       	movw	r30, r18
    1da2:	20 81       	ld	r18, Z
    1da4:	2f 63       	ori	r18, 0x3F	; 63
    1da6:	fc 01       	movw	r30, r24
    1da8:	20 83       	st	Z, r18

        // PCICR  |= (1 << PCIE2);   // Habilitar PCINT2
        // PCMSK2 |= 0x3F;           // Habilitar PCINT16-PCINT21
    }
    1daa:	00 00       	nop
    1dac:	0f 90       	pop	r0
    1dae:	0f 90       	pop	r0
    1db0:	df 91       	pop	r29
    1db2:	cf 91       	pop	r28
    1db4:	08 95       	ret

00001db6 <_ZN11PinsManager6updateEm>:

    void update(uint32_t currentTime) {
    1db6:	cf 93       	push	r28
    1db8:	df 93       	push	r29
    1dba:	cd b7       	in	r28, 0x3d	; 61
    1dbc:	de b7       	in	r29, 0x3e	; 62
    1dbe:	29 97       	sbiw	r28, 0x09	; 9
    1dc0:	0f b6       	in	r0, 0x3f	; 63
    1dc2:	f8 94       	cli
    1dc4:	de bf       	out	0x3e, r29	; 62
    1dc6:	0f be       	out	0x3f, r0	; 63
    1dc8:	cd bf       	out	0x3d, r28	; 61
    1dca:	9d 83       	std	Y+5, r25	; 0x05
    1dcc:	8c 83       	std	Y+4, r24	; 0x04
    1dce:	4e 83       	std	Y+6, r20	; 0x06
    1dd0:	5f 83       	std	Y+7, r21	; 0x07
    1dd2:	68 87       	std	Y+8, r22	; 0x08
    1dd4:	79 87       	std	Y+9, r23	; 0x09
        /*
         * Actualiza el estado de los bolos.
         * Implementa un sistema de antirrebotes integrador: requiere SAMPLES lecturas consecutivas iguales para confirmar un cambio de estado.
         * Bloquea los bolos ya caídos, solo suman una vez.
         */
        if (currentTime == lastSampleTime) return;  // Evitar muestrear más de una vez por ms
    1dd6:	8c 81       	ldd	r24, Y+4	; 0x04
    1dd8:	9d 81       	ldd	r25, Y+5	; 0x05
    1dda:	fc 01       	movw	r30, r24
    1ddc:	23 89       	ldd	r18, Z+19	; 0x13
    1dde:	34 89       	ldd	r19, Z+20	; 0x14
    1de0:	45 89       	ldd	r20, Z+21	; 0x15
    1de2:	56 89       	ldd	r21, Z+22	; 0x16
    1de4:	8e 81       	ldd	r24, Y+6	; 0x06
    1de6:	9f 81       	ldd	r25, Y+7	; 0x07
    1de8:	a8 85       	ldd	r26, Y+8	; 0x08
    1dea:	b9 85       	ldd	r27, Y+9	; 0x09
    1dec:	28 17       	cp	r18, r24
    1dee:	39 07       	cpc	r19, r25
    1df0:	4a 07       	cpc	r20, r26
    1df2:	5b 07       	cpc	r21, r27
    1df4:	09 f4       	brne	.+2      	; 0x1df8 <_ZN11PinsManager6updateEm+0x42>
    1df6:	d7 c0       	rjmp	.+430    	; 0x1fa6 <_ZN11PinsManager6updateEm+0x1f0>
        lastSampleTime = currentTime;
    1df8:	2c 81       	ldd	r18, Y+4	; 0x04
    1dfa:	3d 81       	ldd	r19, Y+5	; 0x05
    1dfc:	8e 81       	ldd	r24, Y+6	; 0x06
    1dfe:	9f 81       	ldd	r25, Y+7	; 0x07
    1e00:	a8 85       	ldd	r26, Y+8	; 0x08
    1e02:	b9 85       	ldd	r27, Y+9	; 0x09
    1e04:	f9 01       	movw	r30, r18
    1e06:	83 8b       	std	Z+19, r24	; 0x13
    1e08:	94 8b       	std	Z+20, r25	; 0x14
    1e0a:	a5 8b       	std	Z+21, r26	; 0x15
    1e0c:	b6 8b       	std	Z+22, r27	; 0x16

        uint8_t currentState = PINK & 0x3F;
    1e0e:	86 e0       	ldi	r24, 0x06	; 6
    1e10:	91 e0       	ldi	r25, 0x01	; 1
    1e12:	fc 01       	movw	r30, r24
    1e14:	80 81       	ld	r24, Z
    1e16:	8f 73       	andi	r24, 0x3F	; 63
    1e18:	8a 83       	std	Y+2, r24	; 0x02

        for (uint8_t i = 0; i < NUM_PINS; i++) {
    1e1a:	19 82       	std	Y+1, r1	; 0x01
    1e1c:	89 81       	ldd	r24, Y+1	; 0x01
    1e1e:	86 30       	cpi	r24, 0x06	; 6
    1e20:	08 f0       	brcs	.+2      	; 0x1e24 <_ZN11PinsManager6updateEm+0x6e>
    1e22:	c2 c0       	rjmp	.+388    	; 0x1fa8 <_ZN11PinsManager6updateEm+0x1f2>
            if (!pinMask[i]) continue; // Bolo ya caído, ignorar
    1e24:	89 81       	ldd	r24, Y+1	; 0x01
    1e26:	88 2f       	mov	r24, r24
    1e28:	90 e0       	ldi	r25, 0x00	; 0
    1e2a:	2c 81       	ldd	r18, Y+4	; 0x04
    1e2c:	3d 81       	ldd	r19, Y+5	; 0x05
    1e2e:	82 0f       	add	r24, r18
    1e30:	93 1f       	adc	r25, r19
    1e32:	0c 96       	adiw	r24, 0x0c	; 12
    1e34:	fc 01       	movw	r30, r24
    1e36:	90 81       	ld	r25, Z
    1e38:	81 e0       	ldi	r24, 0x01	; 1
    1e3a:	89 27       	eor	r24, r25
    1e3c:	88 23       	and	r24, r24
    1e3e:	09 f0       	breq	.+2      	; 0x1e42 <_ZN11PinsManager6updateEm+0x8c>
    1e40:	ad c0       	rjmp	.+346    	; 0x1f9c <_ZN11PinsManager6updateEm+0x1e6>

            bool reading = !(currentState & (1 << i));
    1e42:	8a 81       	ldd	r24, Y+2	; 0x02
    1e44:	88 2f       	mov	r24, r24
    1e46:	90 e0       	ldi	r25, 0x00	; 0
    1e48:	29 81       	ldd	r18, Y+1	; 0x01
    1e4a:	22 2f       	mov	r18, r18
    1e4c:	30 e0       	ldi	r19, 0x00	; 0
    1e4e:	02 c0       	rjmp	.+4      	; 0x1e54 <_ZN11PinsManager6updateEm+0x9e>
    1e50:	95 95       	asr	r25
    1e52:	87 95       	ror	r24
    1e54:	2a 95       	dec	r18
    1e56:	e2 f7       	brpl	.-8      	; 0x1e50 <_ZN11PinsManager6updateEm+0x9a>
    1e58:	81 70       	andi	r24, 0x01	; 1
    1e5a:	99 27       	eor	r25, r25
    1e5c:	21 e0       	ldi	r18, 0x01	; 1
    1e5e:	89 2b       	or	r24, r25
    1e60:	09 f0       	breq	.+2      	; 0x1e64 <_ZN11PinsManager6updateEm+0xae>
    1e62:	20 e0       	ldi	r18, 0x00	; 0
    1e64:	2b 83       	std	Y+3, r18	; 0x03

            // Integrador saturante (antirrebotes)
            if (reading  && counter[i] < SAMPLES) counter[i]++;
    1e66:	8b 81       	ldd	r24, Y+3	; 0x03
    1e68:	88 23       	and	r24, r24
    1e6a:	e9 f0       	breq	.+58     	; 0x1ea6 <_ZN11PinsManager6updateEm+0xf0>
    1e6c:	89 81       	ldd	r24, Y+1	; 0x01
    1e6e:	88 2f       	mov	r24, r24
    1e70:	90 e0       	ldi	r25, 0x00	; 0
    1e72:	2c 81       	ldd	r18, Y+4	; 0x04
    1e74:	3d 81       	ldd	r19, Y+5	; 0x05
    1e76:	82 0f       	add	r24, r18
    1e78:	93 1f       	adc	r25, r19
    1e7a:	fc 01       	movw	r30, r24
    1e7c:	80 81       	ld	r24, Z
    1e7e:	8a 30       	cpi	r24, 0x0A	; 10
    1e80:	90 f4       	brcc	.+36     	; 0x1ea6 <_ZN11PinsManager6updateEm+0xf0>
    1e82:	89 81       	ldd	r24, Y+1	; 0x01
    1e84:	88 2f       	mov	r24, r24
    1e86:	90 e0       	ldi	r25, 0x00	; 0
    1e88:	2c 81       	ldd	r18, Y+4	; 0x04
    1e8a:	3d 81       	ldd	r19, Y+5	; 0x05
    1e8c:	28 0f       	add	r18, r24
    1e8e:	39 1f       	adc	r19, r25
    1e90:	f9 01       	movw	r30, r18
    1e92:	20 81       	ld	r18, Z
    1e94:	41 e0       	ldi	r20, 0x01	; 1
    1e96:	42 0f       	add	r20, r18
    1e98:	2c 81       	ldd	r18, Y+4	; 0x04
    1e9a:	3d 81       	ldd	r19, Y+5	; 0x05
    1e9c:	82 0f       	add	r24, r18
    1e9e:	93 1f       	adc	r25, r19
    1ea0:	fc 01       	movw	r30, r24
    1ea2:	40 83       	st	Z, r20
    1ea4:	21 c0       	rjmp	.+66     	; 0x1ee8 <_ZN11PinsManager6updateEm+0x132>
            else if (!reading && counter[i] > 0)  counter[i]--;
    1ea6:	9b 81       	ldd	r25, Y+3	; 0x03
    1ea8:	81 e0       	ldi	r24, 0x01	; 1
    1eaa:	89 27       	eor	r24, r25
    1eac:	88 23       	and	r24, r24
    1eae:	e1 f0       	breq	.+56     	; 0x1ee8 <_ZN11PinsManager6updateEm+0x132>
    1eb0:	89 81       	ldd	r24, Y+1	; 0x01
    1eb2:	88 2f       	mov	r24, r24
    1eb4:	90 e0       	ldi	r25, 0x00	; 0
    1eb6:	2c 81       	ldd	r18, Y+4	; 0x04
    1eb8:	3d 81       	ldd	r19, Y+5	; 0x05
    1eba:	82 0f       	add	r24, r18
    1ebc:	93 1f       	adc	r25, r19
    1ebe:	fc 01       	movw	r30, r24
    1ec0:	80 81       	ld	r24, Z
    1ec2:	88 23       	and	r24, r24
    1ec4:	89 f0       	breq	.+34     	; 0x1ee8 <_ZN11PinsManager6updateEm+0x132>
    1ec6:	89 81       	ldd	r24, Y+1	; 0x01
    1ec8:	88 2f       	mov	r24, r24
    1eca:	90 e0       	ldi	r25, 0x00	; 0
    1ecc:	2c 81       	ldd	r18, Y+4	; 0x04
    1ece:	3d 81       	ldd	r19, Y+5	; 0x05
    1ed0:	28 0f       	add	r18, r24
    1ed2:	39 1f       	adc	r19, r25
    1ed4:	f9 01       	movw	r30, r18
    1ed6:	20 81       	ld	r18, Z
    1ed8:	4f ef       	ldi	r20, 0xFF	; 255
    1eda:	42 0f       	add	r20, r18
    1edc:	2c 81       	ldd	r18, Y+4	; 0x04
    1ede:	3d 81       	ldd	r19, Y+5	; 0x05
    1ee0:	82 0f       	add	r24, r18
    1ee2:	93 1f       	adc	r25, r19
    1ee4:	fc 01       	movw	r30, r24
    1ee6:	40 83       	st	Z, r20

            // Flanco descendente: bolo se levanta (resetear el estado estable)
            if (stableState[i] && counter[i] == 0) {
    1ee8:	89 81       	ldd	r24, Y+1	; 0x01
    1eea:	88 2f       	mov	r24, r24
    1eec:	90 e0       	ldi	r25, 0x00	; 0
    1eee:	2c 81       	ldd	r18, Y+4	; 0x04
    1ef0:	3d 81       	ldd	r19, Y+5	; 0x05
    1ef2:	82 0f       	add	r24, r18
    1ef4:	93 1f       	adc	r25, r19
    1ef6:	06 96       	adiw	r24, 0x06	; 6
    1ef8:	fc 01       	movw	r30, r24
    1efa:	80 81       	ld	r24, Z
    1efc:	88 23       	and	r24, r24
    1efe:	a9 f0       	breq	.+42     	; 0x1f2a <_ZN11PinsManager6updateEm+0x174>
    1f00:	89 81       	ldd	r24, Y+1	; 0x01
    1f02:	88 2f       	mov	r24, r24
    1f04:	90 e0       	ldi	r25, 0x00	; 0
    1f06:	2c 81       	ldd	r18, Y+4	; 0x04
    1f08:	3d 81       	ldd	r19, Y+5	; 0x05
    1f0a:	82 0f       	add	r24, r18
    1f0c:	93 1f       	adc	r25, r19
    1f0e:	fc 01       	movw	r30, r24
    1f10:	80 81       	ld	r24, Z
    1f12:	88 23       	and	r24, r24
    1f14:	51 f4       	brne	.+20     	; 0x1f2a <_ZN11PinsManager6updateEm+0x174>
                stableState[i] = false;
    1f16:	89 81       	ldd	r24, Y+1	; 0x01
    1f18:	88 2f       	mov	r24, r24
    1f1a:	90 e0       	ldi	r25, 0x00	; 0
    1f1c:	2c 81       	ldd	r18, Y+4	; 0x04
    1f1e:	3d 81       	ldd	r19, Y+5	; 0x05
    1f20:	82 0f       	add	r24, r18
    1f22:	93 1f       	adc	r25, r19
    1f24:	06 96       	adiw	r24, 0x06	; 6
    1f26:	fc 01       	movw	r30, r24
    1f28:	10 82       	st	Z, r1
            }

            // Flanco ascendente confirmado: bolo derribado
            if (!stableState[i] && counter[i] == SAMPLES) {
    1f2a:	89 81       	ldd	r24, Y+1	; 0x01
    1f2c:	88 2f       	mov	r24, r24
    1f2e:	90 e0       	ldi	r25, 0x00	; 0
    1f30:	2c 81       	ldd	r18, Y+4	; 0x04
    1f32:	3d 81       	ldd	r19, Y+5	; 0x05
    1f34:	82 0f       	add	r24, r18
    1f36:	93 1f       	adc	r25, r19
    1f38:	06 96       	adiw	r24, 0x06	; 6
    1f3a:	fc 01       	movw	r30, r24
    1f3c:	90 81       	ld	r25, Z
    1f3e:	81 e0       	ldi	r24, 0x01	; 1
    1f40:	89 27       	eor	r24, r25
    1f42:	88 23       	and	r24, r24
    1f44:	61 f1       	breq	.+88     	; 0x1f9e <_ZN11PinsManager6updateEm+0x1e8>
    1f46:	89 81       	ldd	r24, Y+1	; 0x01
    1f48:	88 2f       	mov	r24, r24
    1f4a:	90 e0       	ldi	r25, 0x00	; 0
    1f4c:	2c 81       	ldd	r18, Y+4	; 0x04
    1f4e:	3d 81       	ldd	r19, Y+5	; 0x05
    1f50:	82 0f       	add	r24, r18
    1f52:	93 1f       	adc	r25, r19
    1f54:	fc 01       	movw	r30, r24
    1f56:	80 81       	ld	r24, Z
    1f58:	8a 30       	cpi	r24, 0x0A	; 10
    1f5a:	09 f5       	brne	.+66     	; 0x1f9e <_ZN11PinsManager6updateEm+0x1e8>
                stableState[i] = true;
    1f5c:	89 81       	ldd	r24, Y+1	; 0x01
    1f5e:	88 2f       	mov	r24, r24
    1f60:	90 e0       	ldi	r25, 0x00	; 0
    1f62:	2c 81       	ldd	r18, Y+4	; 0x04
    1f64:	3d 81       	ldd	r19, Y+5	; 0x05
    1f66:	82 0f       	add	r24, r18
    1f68:	93 1f       	adc	r25, r19
    1f6a:	06 96       	adiw	r24, 0x06	; 6
    1f6c:	21 e0       	ldi	r18, 0x01	; 1
    1f6e:	fc 01       	movw	r30, r24
    1f70:	20 83       	st	Z, r18
                score++;
    1f72:	8c 81       	ldd	r24, Y+4	; 0x04
    1f74:	9d 81       	ldd	r25, Y+5	; 0x05
    1f76:	fc 01       	movw	r30, r24
    1f78:	82 89       	ldd	r24, Z+18	; 0x12
    1f7a:	21 e0       	ldi	r18, 0x01	; 1
    1f7c:	28 0f       	add	r18, r24
    1f7e:	8c 81       	ldd	r24, Y+4	; 0x04
    1f80:	9d 81       	ldd	r25, Y+5	; 0x05
    1f82:	fc 01       	movw	r30, r24
    1f84:	22 8b       	std	Z+18, r18	; 0x12
                pinMask[i] = false; // Bloquear bolo caído, no contar más
    1f86:	89 81       	ldd	r24, Y+1	; 0x01
    1f88:	88 2f       	mov	r24, r24
    1f8a:	90 e0       	ldi	r25, 0x00	; 0
    1f8c:	2c 81       	ldd	r18, Y+4	; 0x04
    1f8e:	3d 81       	ldd	r19, Y+5	; 0x05
    1f90:	82 0f       	add	r24, r18
    1f92:	93 1f       	adc	r25, r19
    1f94:	0c 96       	adiw	r24, 0x0c	; 12
    1f96:	fc 01       	movw	r30, r24
    1f98:	10 82       	st	Z, r1
    1f9a:	01 c0       	rjmp	.+2      	; 0x1f9e <_ZN11PinsManager6updateEm+0x1e8>
        lastSampleTime = currentTime;

        uint8_t currentState = PINK & 0x3F;

        for (uint8_t i = 0; i < NUM_PINS; i++) {
            if (!pinMask[i]) continue; // Bolo ya caído, ignorar
    1f9c:	00 00       	nop
        if (currentTime == lastSampleTime) return;  // Evitar muestrear más de una vez por ms
        lastSampleTime = currentTime;

        uint8_t currentState = PINK & 0x3F;

        for (uint8_t i = 0; i < NUM_PINS; i++) {
    1f9e:	89 81       	ldd	r24, Y+1	; 0x01
    1fa0:	8f 5f       	subi	r24, 0xFF	; 255
    1fa2:	89 83       	std	Y+1, r24	; 0x01
    1fa4:	3b cf       	rjmp	.-394    	; 0x1e1c <_ZN11PinsManager6updateEm+0x66>
        /*
         * Actualiza el estado de los bolos.
         * Implementa un sistema de antirrebotes integrador: requiere SAMPLES lecturas consecutivas iguales para confirmar un cambio de estado.
         * Bloquea los bolos ya caídos, solo suman una vez.
         */
        if (currentTime == lastSampleTime) return;  // Evitar muestrear más de una vez por ms
    1fa6:	00 00       	nop
                stableState[i] = true;
                score++;
                pinMask[i] = false; // Bloquear bolo caído, no contar más
            }
        }
    }
    1fa8:	29 96       	adiw	r28, 0x09	; 9
    1faa:	0f b6       	in	r0, 0x3f	; 63
    1fac:	f8 94       	cli
    1fae:	de bf       	out	0x3e, r29	; 62
    1fb0:	0f be       	out	0x3f, r0	; 63
    1fb2:	cd bf       	out	0x3d, r28	; 61
    1fb4:	df 91       	pop	r29
    1fb6:	cf 91       	pop	r28
    1fb8:	08 95       	ret

00001fba <_ZN11PinsManager8getScoreEv>:

    /*
     * Devuelve la puntuación actual (número de bolos caídos).
     */
    uint8_t getScore() { return score; }
    1fba:	cf 93       	push	r28
    1fbc:	df 93       	push	r29
    1fbe:	00 d0       	rcall	.+0      	; 0x1fc0 <_ZN11PinsManager8getScoreEv+0x6>
    1fc0:	cd b7       	in	r28, 0x3d	; 61
    1fc2:	de b7       	in	r29, 0x3e	; 62
    1fc4:	9a 83       	std	Y+2, r25	; 0x02
    1fc6:	89 83       	std	Y+1, r24	; 0x01
    1fc8:	89 81       	ldd	r24, Y+1	; 0x01
    1fca:	9a 81       	ldd	r25, Y+2	; 0x02
    1fcc:	fc 01       	movw	r30, r24
    1fce:	82 89       	ldd	r24, Z+18	; 0x12
    1fd0:	0f 90       	pop	r0
    1fd2:	0f 90       	pop	r0
    1fd4:	df 91       	pop	r29
    1fd6:	cf 91       	pop	r28
    1fd8:	08 95       	ret

00001fda <_ZN11PinsManager5resetEv>:

    void reset() {
    1fda:	cf 93       	push	r28
    1fdc:	df 93       	push	r29
    1fde:	00 d0       	rcall	.+0      	; 0x1fe0 <_ZN11PinsManager5resetEv+0x6>
    1fe0:	1f 92       	push	r1
    1fe2:	cd b7       	in	r28, 0x3d	; 61
    1fe4:	de b7       	in	r29, 0x3e	; 62
    1fe6:	9b 83       	std	Y+3, r25	; 0x03
    1fe8:	8a 83       	std	Y+2, r24	; 0x02
        score          = 0;
    1fea:	8a 81       	ldd	r24, Y+2	; 0x02
    1fec:	9b 81       	ldd	r25, Y+3	; 0x03
    1fee:	fc 01       	movw	r30, r24
    1ff0:	12 8a       	std	Z+18, r1	; 0x12
        lastSampleTime = 0;
    1ff2:	8a 81       	ldd	r24, Y+2	; 0x02
    1ff4:	9b 81       	ldd	r25, Y+3	; 0x03
    1ff6:	fc 01       	movw	r30, r24
    1ff8:	13 8a       	std	Z+19, r1	; 0x13
    1ffa:	14 8a       	std	Z+20, r1	; 0x14
    1ffc:	15 8a       	std	Z+21, r1	; 0x15
    1ffe:	16 8a       	std	Z+22, r1	; 0x16
        for (uint8_t i = 0; i < NUM_PINS; i++) {
    2000:	19 82       	std	Y+1, r1	; 0x01
    2002:	89 81       	ldd	r24, Y+1	; 0x01
    2004:	86 30       	cpi	r24, 0x06	; 6
    2006:	20 f5       	brcc	.+72     	; 0x2050 <__DATA_REGION_LENGTH__+0x50>
            counter[i]     = SAMPLES;
    2008:	89 81       	ldd	r24, Y+1	; 0x01
    200a:	88 2f       	mov	r24, r24
    200c:	90 e0       	ldi	r25, 0x00	; 0
    200e:	2a 81       	ldd	r18, Y+2	; 0x02
    2010:	3b 81       	ldd	r19, Y+3	; 0x03
    2012:	82 0f       	add	r24, r18
    2014:	93 1f       	adc	r25, r19
    2016:	2a e0       	ldi	r18, 0x0A	; 10
    2018:	fc 01       	movw	r30, r24
    201a:	20 83       	st	Z, r18
            stableState[i] = true;
    201c:	89 81       	ldd	r24, Y+1	; 0x01
    201e:	88 2f       	mov	r24, r24
    2020:	90 e0       	ldi	r25, 0x00	; 0
    2022:	2a 81       	ldd	r18, Y+2	; 0x02
    2024:	3b 81       	ldd	r19, Y+3	; 0x03
    2026:	82 0f       	add	r24, r18
    2028:	93 1f       	adc	r25, r19
    202a:	06 96       	adiw	r24, 0x06	; 6
    202c:	21 e0       	ldi	r18, 0x01	; 1
    202e:	fc 01       	movw	r30, r24
    2030:	20 83       	st	Z, r18
            pinMask[i]     = true;
    2032:	89 81       	ldd	r24, Y+1	; 0x01
    2034:	88 2f       	mov	r24, r24
    2036:	90 e0       	ldi	r25, 0x00	; 0
    2038:	2a 81       	ldd	r18, Y+2	; 0x02
    203a:	3b 81       	ldd	r19, Y+3	; 0x03
    203c:	82 0f       	add	r24, r18
    203e:	93 1f       	adc	r25, r19
    2040:	0c 96       	adiw	r24, 0x0c	; 12
    2042:	21 e0       	ldi	r18, 0x01	; 1
    2044:	fc 01       	movw	r30, r24
    2046:	20 83       	st	Z, r18
    uint8_t getScore() { return score; }

    void reset() {
        score          = 0;
        lastSampleTime = 0;
        for (uint8_t i = 0; i < NUM_PINS; i++) {
    2048:	89 81       	ldd	r24, Y+1	; 0x01
    204a:	8f 5f       	subi	r24, 0xFF	; 255
    204c:	89 83       	std	Y+1, r24	; 0x01
    204e:	d9 cf       	rjmp	.-78     	; 0x2002 <__DATA_REGION_LENGTH__+0x2>
            counter[i]     = SAMPLES;
            stableState[i] = true;
            pinMask[i]     = true;
        }
    }
    2050:	00 00       	nop
    2052:	0f 90       	pop	r0
    2054:	0f 90       	pop	r0
    2056:	0f 90       	pop	r0
    2058:	df 91       	pop	r29
    205a:	cf 91       	pop	r28
    205c:	08 95       	ret

0000205e <_ZN10SwitchUserC1EPVhS1_S1_h>:
    uint32_t lastSampleTime;
    bool stableState;
    bool flagPressed;
    
    public:
    SwitchUser(volatile uint8_t* pinR, volatile uint8_t* portR, volatile uint8_t* ddrR, uint8_t m) {
    205e:	0f 93       	push	r16
    2060:	cf 93       	push	r28
    2062:	df 93       	push	r29
    2064:	cd b7       	in	r28, 0x3d	; 61
    2066:	de b7       	in	r29, 0x3e	; 62
    2068:	2a 97       	sbiw	r28, 0x0a	; 10
    206a:	0f b6       	in	r0, 0x3f	; 63
    206c:	f8 94       	cli
    206e:	de bf       	out	0x3e, r29	; 62
    2070:	0f be       	out	0x3f, r0	; 63
    2072:	cd bf       	out	0x3d, r28	; 61
    2074:	9b 83       	std	Y+3, r25	; 0x03
    2076:	8a 83       	std	Y+2, r24	; 0x02
    2078:	7d 83       	std	Y+5, r23	; 0x05
    207a:	6c 83       	std	Y+4, r22	; 0x04
    207c:	5f 83       	std	Y+7, r21	; 0x07
    207e:	4e 83       	std	Y+6, r20	; 0x06
    2080:	39 87       	std	Y+9, r19	; 0x09
    2082:	28 87       	std	Y+8, r18	; 0x08
    2084:	0a 87       	std	Y+10, r16	; 0x0a
        pinReg = pinR;
    2086:	8a 81       	ldd	r24, Y+2	; 0x02
    2088:	9b 81       	ldd	r25, Y+3	; 0x03
    208a:	2c 81       	ldd	r18, Y+4	; 0x04
    208c:	3d 81       	ldd	r19, Y+5	; 0x05
    208e:	fc 01       	movw	r30, r24
    2090:	31 83       	std	Z+1, r19	; 0x01
    2092:	20 83       	st	Z, r18
        portReg = portR;
    2094:	8a 81       	ldd	r24, Y+2	; 0x02
    2096:	9b 81       	ldd	r25, Y+3	; 0x03
    2098:	2e 81       	ldd	r18, Y+6	; 0x06
    209a:	3f 81       	ldd	r19, Y+7	; 0x07
    209c:	fc 01       	movw	r30, r24
    209e:	33 83       	std	Z+3, r19	; 0x03
    20a0:	22 83       	std	Z+2, r18	; 0x02
        ddrReg = ddrR;
    20a2:	8a 81       	ldd	r24, Y+2	; 0x02
    20a4:	9b 81       	ldd	r25, Y+3	; 0x03
    20a6:	28 85       	ldd	r18, Y+8	; 0x08
    20a8:	39 85       	ldd	r19, Y+9	; 0x09
    20aa:	fc 01       	movw	r30, r24
    20ac:	35 83       	std	Z+5, r19	; 0x05
    20ae:	24 83       	std	Z+4, r18	; 0x04
        mask = m;
    20b0:	8a 81       	ldd	r24, Y+2	; 0x02
    20b2:	9b 81       	ldd	r25, Y+3	; 0x03
    20b4:	2a 85       	ldd	r18, Y+10	; 0x0a
    20b6:	fc 01       	movw	r30, r24
    20b8:	26 83       	std	Z+6, r18	; 0x06
        
        lastSampleTime = 0;
    20ba:	8a 81       	ldd	r24, Y+2	; 0x02
    20bc:	9b 81       	ldd	r25, Y+3	; 0x03
    20be:	fc 01       	movw	r30, r24
    20c0:	10 86       	std	Z+8, r1	; 0x08
    20c2:	11 86       	std	Z+9, r1	; 0x09
    20c4:	12 86       	std	Z+10, r1	; 0x0a
    20c6:	13 86       	std	Z+11, r1	; 0x0b
        flagPressed = false;
    20c8:	8a 81       	ldd	r24, Y+2	; 0x02
    20ca:	9b 81       	ldd	r25, Y+3	; 0x03
    20cc:	fc 01       	movw	r30, r24
    20ce:	15 86       	std	Z+13, r1	; 0x0d
        
        bool initialReading = !(*pinReg & mask);
    20d0:	8a 81       	ldd	r24, Y+2	; 0x02
    20d2:	9b 81       	ldd	r25, Y+3	; 0x03
    20d4:	fc 01       	movw	r30, r24
    20d6:	80 81       	ld	r24, Z
    20d8:	91 81       	ldd	r25, Z+1	; 0x01
    20da:	fc 01       	movw	r30, r24
    20dc:	20 81       	ld	r18, Z
    20de:	8a 81       	ldd	r24, Y+2	; 0x02
    20e0:	9b 81       	ldd	r25, Y+3	; 0x03
    20e2:	fc 01       	movw	r30, r24
    20e4:	86 81       	ldd	r24, Z+6	; 0x06
    20e6:	92 2f       	mov	r25, r18
    20e8:	98 23       	and	r25, r24
    20ea:	81 e0       	ldi	r24, 0x01	; 1
    20ec:	99 23       	and	r25, r25
    20ee:	09 f0       	breq	.+2      	; 0x20f2 <_ZN10SwitchUserC1EPVhS1_S1_h+0x94>
    20f0:	80 e0       	ldi	r24, 0x00	; 0
    20f2:	89 83       	std	Y+1, r24	; 0x01
        stableState = initialReading;
    20f4:	8a 81       	ldd	r24, Y+2	; 0x02
    20f6:	9b 81       	ldd	r25, Y+3	; 0x03
    20f8:	29 81       	ldd	r18, Y+1	; 0x01
    20fa:	fc 01       	movw	r30, r24
    20fc:	24 87       	std	Z+12, r18	; 0x0c
        counter = stableState ? DEBOUNCE_SAMPLES : 0;
    20fe:	8a 81       	ldd	r24, Y+2	; 0x02
    2100:	9b 81       	ldd	r25, Y+3	; 0x03
    2102:	fc 01       	movw	r30, r24
    2104:	84 85       	ldd	r24, Z+12	; 0x0c
    2106:	88 23       	and	r24, r24
    2108:	11 f0       	breq	.+4      	; 0x210e <_ZN10SwitchUserC1EPVhS1_S1_h+0xb0>
    210a:	24 e1       	ldi	r18, 0x14	; 20
    210c:	01 c0       	rjmp	.+2      	; 0x2110 <_ZN10SwitchUserC1EPVhS1_S1_h+0xb2>
    210e:	20 e0       	ldi	r18, 0x00	; 0
    2110:	8a 81       	ldd	r24, Y+2	; 0x02
    2112:	9b 81       	ldd	r25, Y+3	; 0x03
    2114:	fc 01       	movw	r30, r24
    2116:	27 83       	std	Z+7, r18	; 0x07
    }
    2118:	00 00       	nop
    211a:	2a 96       	adiw	r28, 0x0a	; 10
    211c:	0f b6       	in	r0, 0x3f	; 63
    211e:	f8 94       	cli
    2120:	de bf       	out	0x3e, r29	; 62
    2122:	0f be       	out	0x3f, r0	; 63
    2124:	cd bf       	out	0x3d, r28	; 61
    2126:	df 91       	pop	r29
    2128:	cf 91       	pop	r28
    212a:	0f 91       	pop	r16
    212c:	08 95       	ret

0000212e <_ZN10SwitchUser4initEv>:
    
    void init() {
    212e:	cf 93       	push	r28
    2130:	df 93       	push	r29
    2132:	00 d0       	rcall	.+0      	; 0x2134 <_ZN10SwitchUser4initEv+0x6>
    2134:	cd b7       	in	r28, 0x3d	; 61
    2136:	de b7       	in	r29, 0x3e	; 62
    2138:	9a 83       	std	Y+2, r25	; 0x02
    213a:	89 83       	std	Y+1, r24	; 0x01
        *ddrReg &= ~mask;	// Input
    213c:	89 81       	ldd	r24, Y+1	; 0x01
    213e:	9a 81       	ldd	r25, Y+2	; 0x02
    2140:	fc 01       	movw	r30, r24
    2142:	84 81       	ldd	r24, Z+4	; 0x04
    2144:	95 81       	ldd	r25, Z+5	; 0x05
    2146:	29 81       	ldd	r18, Y+1	; 0x01
    2148:	3a 81       	ldd	r19, Y+2	; 0x02
    214a:	f9 01       	movw	r30, r18
    214c:	24 81       	ldd	r18, Z+4	; 0x04
    214e:	35 81       	ldd	r19, Z+5	; 0x05
    2150:	f9 01       	movw	r30, r18
    2152:	20 81       	ld	r18, Z
    2154:	42 2f       	mov	r20, r18
    2156:	29 81       	ldd	r18, Y+1	; 0x01
    2158:	3a 81       	ldd	r19, Y+2	; 0x02
    215a:	f9 01       	movw	r30, r18
    215c:	26 81       	ldd	r18, Z+6	; 0x06
    215e:	20 95       	com	r18
    2160:	24 23       	and	r18, r20
    2162:	fc 01       	movw	r30, r24
    2164:	20 83       	st	Z, r18
        *portReg |= mask;	// Pull-up
    2166:	89 81       	ldd	r24, Y+1	; 0x01
    2168:	9a 81       	ldd	r25, Y+2	; 0x02
    216a:	fc 01       	movw	r30, r24
    216c:	82 81       	ldd	r24, Z+2	; 0x02
    216e:	93 81       	ldd	r25, Z+3	; 0x03
    2170:	29 81       	ldd	r18, Y+1	; 0x01
    2172:	3a 81       	ldd	r19, Y+2	; 0x02
    2174:	f9 01       	movw	r30, r18
    2176:	22 81       	ldd	r18, Z+2	; 0x02
    2178:	33 81       	ldd	r19, Z+3	; 0x03
    217a:	f9 01       	movw	r30, r18
    217c:	40 81       	ld	r20, Z
    217e:	29 81       	ldd	r18, Y+1	; 0x01
    2180:	3a 81       	ldd	r19, Y+2	; 0x02
    2182:	f9 01       	movw	r30, r18
    2184:	26 81       	ldd	r18, Z+6	; 0x06
    2186:	24 2b       	or	r18, r20
    2188:	fc 01       	movw	r30, r24
    218a:	20 83       	st	Z, r18
    }
    218c:	00 00       	nop
    218e:	0f 90       	pop	r0
    2190:	0f 90       	pop	r0
    2192:	df 91       	pop	r29
    2194:	cf 91       	pop	r28
    2196:	08 95       	ret

00002198 <_ZN10SwitchUser6updateEm>:
    
    void update(uint32_t currentTime) {
    2198:	cf 93       	push	r28
    219a:	df 93       	push	r29
    219c:	cd b7       	in	r28, 0x3d	; 61
    219e:	de b7       	in	r29, 0x3e	; 62
    21a0:	27 97       	sbiw	r28, 0x07	; 7
    21a2:	0f b6       	in	r0, 0x3f	; 63
    21a4:	f8 94       	cli
    21a6:	de bf       	out	0x3e, r29	; 62
    21a8:	0f be       	out	0x3f, r0	; 63
    21aa:	cd bf       	out	0x3d, r28	; 61
    21ac:	9b 83       	std	Y+3, r25	; 0x03
    21ae:	8a 83       	std	Y+2, r24	; 0x02
    21b0:	4c 83       	std	Y+4, r20	; 0x04
    21b2:	5d 83       	std	Y+5, r21	; 0x05
    21b4:	6e 83       	std	Y+6, r22	; 0x06
    21b6:	7f 83       	std	Y+7, r23	; 0x07
        /*
         * Actualiza el estado del interruptor.
         * Implementa un antirrebotes integrador: requiere DEBOUNCE_SAMPLES lecturas consecutivas iguales para cambiar el estado estable.
         */
        if (currentTime == lastSampleTime) return;  // Evitar muestrear más de una vez por ms
    21b8:	8a 81       	ldd	r24, Y+2	; 0x02
    21ba:	9b 81       	ldd	r25, Y+3	; 0x03
    21bc:	fc 01       	movw	r30, r24
    21be:	20 85       	ldd	r18, Z+8	; 0x08
    21c0:	31 85       	ldd	r19, Z+9	; 0x09
    21c2:	42 85       	ldd	r20, Z+10	; 0x0a
    21c4:	53 85       	ldd	r21, Z+11	; 0x0b
    21c6:	8c 81       	ldd	r24, Y+4	; 0x04
    21c8:	9d 81       	ldd	r25, Y+5	; 0x05
    21ca:	ae 81       	ldd	r26, Y+6	; 0x06
    21cc:	bf 81       	ldd	r27, Y+7	; 0x07
    21ce:	28 17       	cp	r18, r24
    21d0:	39 07       	cpc	r19, r25
    21d2:	4a 07       	cpc	r20, r26
    21d4:	5b 07       	cpc	r21, r27
    21d6:	09 f4       	brne	.+2      	; 0x21da <_ZN10SwitchUser6updateEm+0x42>
    21d8:	70 c0       	rjmp	.+224    	; 0x22ba <__stack+0xbb>
        
        lastSampleTime = currentTime;
    21da:	2a 81       	ldd	r18, Y+2	; 0x02
    21dc:	3b 81       	ldd	r19, Y+3	; 0x03
    21de:	8c 81       	ldd	r24, Y+4	; 0x04
    21e0:	9d 81       	ldd	r25, Y+5	; 0x05
    21e2:	ae 81       	ldd	r26, Y+6	; 0x06
    21e4:	bf 81       	ldd	r27, Y+7	; 0x07
    21e6:	f9 01       	movw	r30, r18
    21e8:	80 87       	std	Z+8, r24	; 0x08
    21ea:	91 87       	std	Z+9, r25	; 0x09
    21ec:	a2 87       	std	Z+10, r26	; 0x0a
    21ee:	b3 87       	std	Z+11, r27	; 0x0b
        
        bool reading = !(*pinReg & mask);  // Activo bajo: 0 = presionado, 1 = no presionado
    21f0:	8a 81       	ldd	r24, Y+2	; 0x02
    21f2:	9b 81       	ldd	r25, Y+3	; 0x03
    21f4:	fc 01       	movw	r30, r24
    21f6:	80 81       	ld	r24, Z
    21f8:	91 81       	ldd	r25, Z+1	; 0x01
    21fa:	fc 01       	movw	r30, r24
    21fc:	20 81       	ld	r18, Z
    21fe:	8a 81       	ldd	r24, Y+2	; 0x02
    2200:	9b 81       	ldd	r25, Y+3	; 0x03
    2202:	fc 01       	movw	r30, r24
    2204:	86 81       	ldd	r24, Z+6	; 0x06
    2206:	92 2f       	mov	r25, r18
    2208:	98 23       	and	r25, r24
    220a:	81 e0       	ldi	r24, 0x01	; 1
    220c:	99 23       	and	r25, r25
    220e:	09 f0       	breq	.+2      	; 0x2212 <__stack+0x13>
    2210:	80 e0       	ldi	r24, 0x00	; 0
    2212:	89 83       	std	Y+1, r24	; 0x01
        
        // Lógica antirrebotes integrador, aumenta o disminuye el contador según la lectura actual.
        if (reading && counter < DEBOUNCE_SAMPLES) counter++;
    2214:	89 81       	ldd	r24, Y+1	; 0x01
    2216:	88 23       	and	r24, r24
    2218:	89 f0       	breq	.+34     	; 0x223c <__stack+0x3d>
    221a:	8a 81       	ldd	r24, Y+2	; 0x02
    221c:	9b 81       	ldd	r25, Y+3	; 0x03
    221e:	fc 01       	movw	r30, r24
    2220:	87 81       	ldd	r24, Z+7	; 0x07
    2222:	84 31       	cpi	r24, 0x14	; 20
    2224:	58 f4       	brcc	.+22     	; 0x223c <__stack+0x3d>
    2226:	8a 81       	ldd	r24, Y+2	; 0x02
    2228:	9b 81       	ldd	r25, Y+3	; 0x03
    222a:	fc 01       	movw	r30, r24
    222c:	87 81       	ldd	r24, Z+7	; 0x07
    222e:	21 e0       	ldi	r18, 0x01	; 1
    2230:	28 0f       	add	r18, r24
    2232:	8a 81       	ldd	r24, Y+2	; 0x02
    2234:	9b 81       	ldd	r25, Y+3	; 0x03
    2236:	fc 01       	movw	r30, r24
    2238:	27 83       	std	Z+7, r18	; 0x07
    223a:	15 c0       	rjmp	.+42     	; 0x2266 <__stack+0x67>
        else if (!reading && counter > 0)          counter--;
    223c:	99 81       	ldd	r25, Y+1	; 0x01
    223e:	81 e0       	ldi	r24, 0x01	; 1
    2240:	89 27       	eor	r24, r25
    2242:	88 23       	and	r24, r24
    2244:	81 f0       	breq	.+32     	; 0x2266 <__stack+0x67>
    2246:	8a 81       	ldd	r24, Y+2	; 0x02
    2248:	9b 81       	ldd	r25, Y+3	; 0x03
    224a:	fc 01       	movw	r30, r24
    224c:	87 81       	ldd	r24, Z+7	; 0x07
    224e:	88 23       	and	r24, r24
    2250:	51 f0       	breq	.+20     	; 0x2266 <__stack+0x67>
    2252:	8a 81       	ldd	r24, Y+2	; 0x02
    2254:	9b 81       	ldd	r25, Y+3	; 0x03
    2256:	fc 01       	movw	r30, r24
    2258:	87 81       	ldd	r24, Z+7	; 0x07
    225a:	2f ef       	ldi	r18, 0xFF	; 255
    225c:	28 0f       	add	r18, r24
    225e:	8a 81       	ldd	r24, Y+2	; 0x02
    2260:	9b 81       	ldd	r25, Y+3	; 0x03
    2262:	fc 01       	movw	r30, r24
    2264:	27 83       	std	Z+7, r18	; 0x07
        
        // no pulsado -> pulsado: estable = pulsado
        if (!stableState && counter == DEBOUNCE_SAMPLES) {
    2266:	8a 81       	ldd	r24, Y+2	; 0x02
    2268:	9b 81       	ldd	r25, Y+3	; 0x03
    226a:	fc 01       	movw	r30, r24
    226c:	94 85       	ldd	r25, Z+12	; 0x0c
    226e:	81 e0       	ldi	r24, 0x01	; 1
    2270:	89 27       	eor	r24, r25
    2272:	88 23       	and	r24, r24
    2274:	89 f0       	breq	.+34     	; 0x2298 <__stack+0x99>
    2276:	8a 81       	ldd	r24, Y+2	; 0x02
    2278:	9b 81       	ldd	r25, Y+3	; 0x03
    227a:	fc 01       	movw	r30, r24
    227c:	87 81       	ldd	r24, Z+7	; 0x07
    227e:	84 31       	cpi	r24, 0x14	; 20
    2280:	59 f4       	brne	.+22     	; 0x2298 <__stack+0x99>
            stableState = true;
    2282:	8a 81       	ldd	r24, Y+2	; 0x02
    2284:	9b 81       	ldd	r25, Y+3	; 0x03
    2286:	21 e0       	ldi	r18, 0x01	; 1
    2288:	fc 01       	movw	r30, r24
    228a:	24 87       	std	Z+12, r18	; 0x0c
            flagPressed = true;
    228c:	8a 81       	ldd	r24, Y+2	; 0x02
    228e:	9b 81       	ldd	r25, Y+3	; 0x03
    2290:	21 e0       	ldi	r18, 0x01	; 1
    2292:	fc 01       	movw	r30, r24
    2294:	25 87       	std	Z+13, r18	; 0x0d
    2296:	12 c0       	rjmp	.+36     	; 0x22bc <__stack+0xbd>
        }

        // pulsado -> no pulsado: estable = no pulsado
        else if (stableState && counter == 0) {
    2298:	8a 81       	ldd	r24, Y+2	; 0x02
    229a:	9b 81       	ldd	r25, Y+3	; 0x03
    229c:	fc 01       	movw	r30, r24
    229e:	84 85       	ldd	r24, Z+12	; 0x0c
    22a0:	88 23       	and	r24, r24
    22a2:	61 f0       	breq	.+24     	; 0x22bc <__stack+0xbd>
    22a4:	8a 81       	ldd	r24, Y+2	; 0x02
    22a6:	9b 81       	ldd	r25, Y+3	; 0x03
    22a8:	fc 01       	movw	r30, r24
    22aa:	87 81       	ldd	r24, Z+7	; 0x07
    22ac:	88 23       	and	r24, r24
    22ae:	31 f4       	brne	.+12     	; 0x22bc <__stack+0xbd>
            stableState = false;
    22b0:	8a 81       	ldd	r24, Y+2	; 0x02
    22b2:	9b 81       	ldd	r25, Y+3	; 0x03
    22b4:	fc 01       	movw	r30, r24
    22b6:	14 86       	std	Z+12, r1	; 0x0c
    22b8:	01 c0       	rjmp	.+2      	; 0x22bc <__stack+0xbd>
    void update(uint32_t currentTime) {
        /*
         * Actualiza el estado del interruptor.
         * Implementa un antirrebotes integrador: requiere DEBOUNCE_SAMPLES lecturas consecutivas iguales para cambiar el estado estable.
         */
        if (currentTime == lastSampleTime) return;  // Evitar muestrear más de una vez por ms
    22ba:	00 00       	nop

        // pulsado -> no pulsado: estable = no pulsado
        else if (stableState && counter == 0) {
            stableState = false;
        }
    }
    22bc:	27 96       	adiw	r28, 0x07	; 7
    22be:	0f b6       	in	r0, 0x3f	; 63
    22c0:	f8 94       	cli
    22c2:	de bf       	out	0x3e, r29	; 62
    22c4:	0f be       	out	0x3f, r0	; 63
    22c6:	cd bf       	out	0x3d, r28	; 61
    22c8:	df 91       	pop	r29
    22ca:	cf 91       	pop	r28
    22cc:	08 95       	ret

000022ce <_ZN10SwitchUser12consumeClickEv>:
    
    bool consumeClick() {
    22ce:	cf 93       	push	r28
    22d0:	df 93       	push	r29
    22d2:	00 d0       	rcall	.+0      	; 0x22d4 <_ZN10SwitchUser12consumeClickEv+0x6>
    22d4:	cd b7       	in	r28, 0x3d	; 61
    22d6:	de b7       	in	r29, 0x3e	; 62
    22d8:	9a 83       	std	Y+2, r25	; 0x02
    22da:	89 83       	std	Y+1, r24	; 0x01
        /*
         * Devuelve true si se ha detectado un nuevo click.
         * El flag se resetea al consumir el click.
         */
        
        if (flagPressed) {
    22dc:	89 81       	ldd	r24, Y+1	; 0x01
    22de:	9a 81       	ldd	r25, Y+2	; 0x02
    22e0:	fc 01       	movw	r30, r24
    22e2:	85 85       	ldd	r24, Z+13	; 0x0d
    22e4:	88 23       	and	r24, r24
    22e6:	31 f0       	breq	.+12     	; 0x22f4 <_ZN10SwitchUser12consumeClickEv+0x26>
            flagPressed = false;
    22e8:	89 81       	ldd	r24, Y+1	; 0x01
    22ea:	9a 81       	ldd	r25, Y+2	; 0x02
    22ec:	fc 01       	movw	r30, r24
    22ee:	15 86       	std	Z+13, r1	; 0x0d
            return true;
    22f0:	81 e0       	ldi	r24, 0x01	; 1
    22f2:	01 c0       	rjmp	.+2      	; 0x22f6 <_ZN10SwitchUser12consumeClickEv+0x28>
        }
        return false;
    22f4:	80 e0       	ldi	r24, 0x00	; 0
    }
    22f6:	0f 90       	pop	r0
    22f8:	0f 90       	pop	r0
    22fa:	df 91       	pop	r29
    22fc:	cf 91       	pop	r28
    22fe:	08 95       	ret

00002300 <_ZN5TimerC1Ev>:
class Timer {
    private:
    volatile uint32_t system_millis; // Contador de milisegundos desde el inicio.

    public:
    Timer() {
    2300:	cf 93       	push	r28
    2302:	df 93       	push	r29
    2304:	00 d0       	rcall	.+0      	; 0x2306 <_ZN5TimerC1Ev+0x6>
    2306:	cd b7       	in	r28, 0x3d	; 61
    2308:	de b7       	in	r29, 0x3e	; 62
    230a:	9a 83       	std	Y+2, r25	; 0x02
    230c:	89 83       	std	Y+1, r24	; 0x01
        system_millis = 0;
    230e:	89 81       	ldd	r24, Y+1	; 0x01
    2310:	9a 81       	ldd	r25, Y+2	; 0x02
    2312:	fc 01       	movw	r30, r24
    2314:	10 82       	st	Z, r1
    2316:	11 82       	std	Z+1, r1	; 0x01
    2318:	12 82       	std	Z+2, r1	; 0x02
    231a:	13 82       	std	Z+3, r1	; 0x03
    }
    231c:	00 00       	nop
    231e:	0f 90       	pop	r0
    2320:	0f 90       	pop	r0
    2322:	df 91       	pop	r29
    2324:	cf 91       	pop	r28
    2326:	08 95       	ret

00002328 <_ZN5Timer4initEv>:

    void init() {
    2328:	cf 93       	push	r28
    232a:	df 93       	push	r29
    232c:	00 d0       	rcall	.+0      	; 0x232e <_ZN5Timer4initEv+0x6>
    232e:	cd b7       	in	r28, 0x3d	; 61
    2330:	de b7       	in	r29, 0x3e	; 62
    2332:	9a 83       	std	Y+2, r25	; 0x02
    2334:	89 83       	std	Y+1, r24	; 0x01
        /* 
         * Inicializa el Timer 4 en modo CTC para interrumpir cada 1ms.
         */
        
        // Modo CTC (Clear Timer on Compare Match)
        TCCR4A &= ~((1 << WGM41) | (1 << WGM40));
    2336:	80 ea       	ldi	r24, 0xA0	; 160
    2338:	90 e0       	ldi	r25, 0x00	; 0
    233a:	20 ea       	ldi	r18, 0xA0	; 160
    233c:	30 e0       	ldi	r19, 0x00	; 0
    233e:	f9 01       	movw	r30, r18
    2340:	20 81       	ld	r18, Z
    2342:	2c 7f       	andi	r18, 0xFC	; 252
    2344:	fc 01       	movw	r30, r24
    2346:	20 83       	st	Z, r18
        TCCR4B &= ~(1 << WGM43);
    2348:	81 ea       	ldi	r24, 0xA1	; 161
    234a:	90 e0       	ldi	r25, 0x00	; 0
    234c:	21 ea       	ldi	r18, 0xA1	; 161
    234e:	30 e0       	ldi	r19, 0x00	; 0
    2350:	f9 01       	movw	r30, r18
    2352:	20 81       	ld	r18, Z
    2354:	2f 7e       	andi	r18, 0xEF	; 239
    2356:	fc 01       	movw	r30, r24
    2358:	20 83       	st	Z, r18
        TCCR4B |= (1 << WGM42);
    235a:	81 ea       	ldi	r24, 0xA1	; 161
    235c:	90 e0       	ldi	r25, 0x00	; 0
    235e:	21 ea       	ldi	r18, 0xA1	; 161
    2360:	30 e0       	ldi	r19, 0x00	; 0
    2362:	f9 01       	movw	r30, r18
    2364:	20 81       	ld	r18, Z
    2366:	28 60       	ori	r18, 0x08	; 8
    2368:	fc 01       	movw	r30, r24
    236a:	20 83       	st	Z, r18

        // Preescalador a 64
        TCCR4B |= (1 << CS41) | (1 << CS40);
    236c:	81 ea       	ldi	r24, 0xA1	; 161
    236e:	90 e0       	ldi	r25, 0x00	; 0
    2370:	21 ea       	ldi	r18, 0xA1	; 161
    2372:	30 e0       	ldi	r19, 0x00	; 0
    2374:	f9 01       	movw	r30, r18
    2376:	20 81       	ld	r18, Z
    2378:	23 60       	ori	r18, 0x03	; 3
    237a:	fc 01       	movw	r30, r24
    237c:	20 83       	st	Z, r18
        TCCR4B &= ~(1 << CS42);
    237e:	81 ea       	ldi	r24, 0xA1	; 161
    2380:	90 e0       	ldi	r25, 0x00	; 0
    2382:	21 ea       	ldi	r18, 0xA1	; 161
    2384:	30 e0       	ldi	r19, 0x00	; 0
    2386:	f9 01       	movw	r30, r18
    2388:	20 81       	ld	r18, Z
    238a:	2b 7f       	andi	r18, 0xFB	; 251
    238c:	fc 01       	movw	r30, r24
    238e:	20 83       	st	Z, r18

        // Interrupción en 1ms (125000 / 1000 -1 = 124 ticks)
        OCR4A = 124;
    2390:	88 ea       	ldi	r24, 0xA8	; 168
    2392:	90 e0       	ldi	r25, 0x00	; 0
    2394:	2c e7       	ldi	r18, 0x7C	; 124
    2396:	30 e0       	ldi	r19, 0x00	; 0
    2398:	fc 01       	movw	r30, r24
    239a:	31 83       	std	Z+1, r19	; 0x01
    239c:	20 83       	st	Z, r18

        // Habilitar interrupción OCR4A.
        TIMSK4 |= (1 << OCIE4A);
    239e:	82 e7       	ldi	r24, 0x72	; 114
    23a0:	90 e0       	ldi	r25, 0x00	; 0
    23a2:	22 e7       	ldi	r18, 0x72	; 114
    23a4:	30 e0       	ldi	r19, 0x00	; 0
    23a6:	f9 01       	movw	r30, r18
    23a8:	20 81       	ld	r18, Z
    23aa:	22 60       	ori	r18, 0x02	; 2
    23ac:	fc 01       	movw	r30, r24
    23ae:	20 83       	st	Z, r18
    }
    23b0:	00 00       	nop
    23b2:	0f 90       	pop	r0
    23b4:	0f 90       	pop	r0
    23b6:	df 91       	pop	r29
    23b8:	cf 91       	pop	r28
    23ba:	08 95       	ret

000023bc <_ZN5Timer7addTickEv>:

    void addTick() {
    23bc:	cf 93       	push	r28
    23be:	df 93       	push	r29
    23c0:	00 d0       	rcall	.+0      	; 0x23c2 <_ZN5Timer7addTickEv+0x6>
    23c2:	cd b7       	in	r28, 0x3d	; 61
    23c4:	de b7       	in	r29, 0x3e	; 62
    23c6:	9a 83       	std	Y+2, r25	; 0x02
    23c8:	89 83       	std	Y+1, r24	; 0x01
        /* 
         * Incrementa el contador de milisegundos.
         * Uso exclusivo en ISR.
         */
        system_millis++;
    23ca:	89 81       	ldd	r24, Y+1	; 0x01
    23cc:	9a 81       	ldd	r25, Y+2	; 0x02
    23ce:	fc 01       	movw	r30, r24
    23d0:	80 81       	ld	r24, Z
    23d2:	91 81       	ldd	r25, Z+1	; 0x01
    23d4:	a2 81       	ldd	r26, Z+2	; 0x02
    23d6:	b3 81       	ldd	r27, Z+3	; 0x03
    23d8:	01 96       	adiw	r24, 0x01	; 1
    23da:	a1 1d       	adc	r26, r1
    23dc:	b1 1d       	adc	r27, r1
    23de:	29 81       	ldd	r18, Y+1	; 0x01
    23e0:	3a 81       	ldd	r19, Y+2	; 0x02
    23e2:	f9 01       	movw	r30, r18
    23e4:	80 83       	st	Z, r24
    23e6:	91 83       	std	Z+1, r25	; 0x01
    23e8:	a2 83       	std	Z+2, r26	; 0x02
    23ea:	b3 83       	std	Z+3, r27	; 0x03
    }
    23ec:	00 00       	nop
    23ee:	0f 90       	pop	r0
    23f0:	0f 90       	pop	r0
    23f2:	df 91       	pop	r29
    23f4:	cf 91       	pop	r28
    23f6:	08 95       	ret

000023f8 <_ZN5Timer6millisEv>:

    uint32_t millis() {
    23f8:	cf 93       	push	r28
    23fa:	df 93       	push	r29
    23fc:	cd b7       	in	r28, 0x3d	; 61
    23fe:	de b7       	in	r29, 0x3e	; 62
    2400:	27 97       	sbiw	r28, 0x07	; 7
    2402:	0f b6       	in	r0, 0x3f	; 63
    2404:	f8 94       	cli
    2406:	de bf       	out	0x3e, r29	; 62
    2408:	0f be       	out	0x3f, r0	; 63
    240a:	cd bf       	out	0x3d, r28	; 61
    240c:	9f 83       	std	Y+7, r25	; 0x07
    240e:	8e 83       	std	Y+6, r24	; 0x06
        /* 
         * Devuelve el tiempo actual en ms (uint32_t).
         */
        uint32_t time;
        uint8_t oldSREG = SREG;		// Guarda estado acutal de las interrupciones
    2410:	8f e5       	ldi	r24, 0x5F	; 95
    2412:	90 e0       	ldi	r25, 0x00	; 0
    2414:	fc 01       	movw	r30, r24
    2416:	80 81       	ld	r24, Z
    2418:	89 83       	std	Y+1, r24	; 0x01
        cli();						// Deshabilita interrupciones para lectura
    241a:	f8 94       	cli
        time = system_millis;
    241c:	8e 81       	ldd	r24, Y+6	; 0x06
    241e:	9f 81       	ldd	r25, Y+7	; 0x07
    2420:	fc 01       	movw	r30, r24
    2422:	80 81       	ld	r24, Z
    2424:	91 81       	ldd	r25, Z+1	; 0x01
    2426:	a2 81       	ldd	r26, Z+2	; 0x02
    2428:	b3 81       	ldd	r27, Z+3	; 0x03
    242a:	8a 83       	std	Y+2, r24	; 0x02
    242c:	9b 83       	std	Y+3, r25	; 0x03
    242e:	ac 83       	std	Y+4, r26	; 0x04
    2430:	bd 83       	std	Y+5, r27	; 0x05
        SREG = oldSREG;				// Restaura el registro de estado original
    2432:	8f e5       	ldi	r24, 0x5F	; 95
    2434:	90 e0       	ldi	r25, 0x00	; 0
    2436:	29 81       	ldd	r18, Y+1	; 0x01
    2438:	fc 01       	movw	r30, r24
    243a:	20 83       	st	Z, r18
        // sei();					// SREG ya restaurado; cli() no es necesario.
        return time;
    243c:	8a 81       	ldd	r24, Y+2	; 0x02
    243e:	9b 81       	ldd	r25, Y+3	; 0x03
    2440:	ac 81       	ldd	r26, Y+4	; 0x04
    2442:	bd 81       	ldd	r27, Y+5	; 0x05
    }
    2444:	bc 01       	movw	r22, r24
    2446:	cd 01       	movw	r24, r26
    2448:	27 96       	adiw	r28, 0x07	; 7
    244a:	0f b6       	in	r0, 0x3f	; 63
    244c:	f8 94       	cli
    244e:	de bf       	out	0x3e, r29	; 62
    2450:	0f be       	out	0x3f, r0	; 63
    2452:	cd bf       	out	0x3d, r28	; 61
    2454:	df 91       	pop	r29
    2456:	cf 91       	pop	r28
    2458:	08 95       	ret

0000245a <_ZN6StatusC1Ev>:
    NO_CHANGE = 255
};

class Status {
    public:
        Status() : current_state(States::Init) {}
    245a:	cf 93       	push	r28
    245c:	df 93       	push	r29
    245e:	00 d0       	rcall	.+0      	; 0x2460 <_ZN6StatusC1Ev+0x6>
    2460:	cd b7       	in	r28, 0x3d	; 61
    2462:	de b7       	in	r29, 0x3e	; 62
    2464:	9a 83       	std	Y+2, r25	; 0x02
    2466:	89 83       	std	Y+1, r24	; 0x01
    2468:	89 81       	ldd	r24, Y+1	; 0x01
    246a:	9a 81       	ldd	r25, Y+2	; 0x02
    246c:	fc 01       	movw	r30, r24
    246e:	16 8e       	std	Z+30, r1	; 0x1e
    2470:	89 81       	ldd	r24, Y+1	; 0x01
    2472:	9a 81       	ldd	r25, Y+2	; 0x02
    2474:	fc 01       	movw	r30, r24
    2476:	17 8e       	std	Z+31, r1	; 0x1f
    2478:	89 81       	ldd	r24, Y+1	; 0x01
    247a:	9a 81       	ldd	r25, Y+2	; 0x02
    247c:	fc 01       	movw	r30, r24
    247e:	10 a2       	std	Z+32, r1	; 0x20
    2480:	89 81       	ldd	r24, Y+1	; 0x01
    2482:	9a 81       	ldd	r25, Y+2	; 0x02
    2484:	fc 01       	movw	r30, r24
    2486:	11 a2       	std	Z+33, r1	; 0x21
    2488:	89 81       	ldd	r24, Y+1	; 0x01
    248a:	9a 81       	ldd	r25, Y+2	; 0x02
    248c:	fc 01       	movw	r30, r24
    248e:	12 a2       	std	Z+34, r1	; 0x22
    2490:	89 81       	ldd	r24, Y+1	; 0x01
    2492:	9a 81       	ldd	r25, Y+2	; 0x02
    2494:	fc 01       	movw	r30, r24
    2496:	13 a2       	std	Z+35, r1	; 0x23
    2498:	14 a2       	std	Z+36, r1	; 0x24
    249a:	15 a2       	std	Z+37, r1	; 0x25
    249c:	16 a2       	std	Z+38, r1	; 0x26
    249e:	89 81       	ldd	r24, Y+1	; 0x01
    24a0:	9a 81       	ldd	r25, Y+2	; 0x02
    24a2:	fc 01       	movw	r30, r24
    24a4:	17 a2       	std	Z+39, r1	; 0x27
    24a6:	10 a6       	std	Z+40, r1	; 0x28
    24a8:	11 a6       	std	Z+41, r1	; 0x29
    24aa:	12 a6       	std	Z+42, r1	; 0x2a
    24ac:	89 81       	ldd	r24, Y+1	; 0x01
    24ae:	9a 81       	ldd	r25, Y+2	; 0x02
    24b0:	fc 01       	movw	r30, r24
    24b2:	13 a6       	std	Z+43, r1	; 0x2b
    24b4:	00 00       	nop
    24b6:	0f 90       	pop	r0
    24b8:	0f 90       	pop	r0
    24ba:	df 91       	pop	r29
    24bc:	cf 91       	pop	r28
    24be:	08 95       	ret

000024c0 <_ZN6Status8setStateE6States>:
            
        ~Status() = default;
        
        void setState(States s) { current_state = s; }
    24c0:	cf 93       	push	r28
    24c2:	df 93       	push	r29
    24c4:	00 d0       	rcall	.+0      	; 0x24c6 <_ZN6Status8setStateE6States+0x6>
    24c6:	1f 92       	push	r1
    24c8:	cd b7       	in	r28, 0x3d	; 61
    24ca:	de b7       	in	r29, 0x3e	; 62
    24cc:	9a 83       	std	Y+2, r25	; 0x02
    24ce:	89 83       	std	Y+1, r24	; 0x01
    24d0:	6b 83       	std	Y+3, r22	; 0x03
    24d2:	89 81       	ldd	r24, Y+1	; 0x01
    24d4:	9a 81       	ldd	r25, Y+2	; 0x02
    24d6:	2b 81       	ldd	r18, Y+3	; 0x03
    24d8:	fc 01       	movw	r30, r24
    24da:	23 a7       	std	Z+43, r18	; 0x2b
    24dc:	00 00       	nop
    24de:	0f 90       	pop	r0
    24e0:	0f 90       	pop	r0
    24e2:	0f 90       	pop	r0
    24e4:	df 91       	pop	r29
    24e6:	cf 91       	pop	r28
    24e8:	08 95       	ret

000024ea <_ZN6Status8getStateEv>:
        States getState()       {return current_state; }
    24ea:	cf 93       	push	r28
    24ec:	df 93       	push	r29
    24ee:	00 d0       	rcall	.+0      	; 0x24f0 <_ZN6Status8getStateEv+0x6>
    24f0:	cd b7       	in	r28, 0x3d	; 61
    24f2:	de b7       	in	r29, 0x3e	; 62
    24f4:	9a 83       	std	Y+2, r25	; 0x02
    24f6:	89 83       	std	Y+1, r24	; 0x01
    24f8:	89 81       	ldd	r24, Y+1	; 0x01
    24fa:	9a 81       	ldd	r25, Y+2	; 0x02
    24fc:	fc 01       	movw	r30, r24
    24fe:	83 a5       	ldd	r24, Z+43	; 0x2b
    2500:	0f 90       	pop	r0
    2502:	0f 90       	pop	r0
    2504:	df 91       	pop	r29
    2506:	cf 91       	pop	r28
    2508:	08 95       	ret

0000250a <_ZN6Status14update_sensorsEv>:
                            
        void update_sensors() {
    250a:	ef 92       	push	r14
    250c:	ff 92       	push	r15
    250e:	0f 93       	push	r16
    2510:	1f 93       	push	r17
    2512:	cf 93       	push	r28
    2514:	df 93       	push	r29
    2516:	00 d0       	rcall	.+0      	; 0x2518 <_ZN6Status14update_sensorsEv+0xe>
    2518:	00 d0       	rcall	.+0      	; 0x251a <_ZN6Status14update_sensorsEv+0x10>
    251a:	cd b7       	in	r28, 0x3d	; 61
    251c:	de b7       	in	r29, 0x3e	; 62
    251e:	9a 83       	std	Y+2, r25	; 0x02
    2520:	89 83       	std	Y+1, r24	; 0x01
            current_time = timer->millis();
    2522:	89 81       	ldd	r24, Y+1	; 0x01
    2524:	9a 81       	ldd	r25, Y+2	; 0x02
    2526:	fc 01       	movw	r30, r24
    2528:	84 8d       	ldd	r24, Z+28	; 0x1c
    252a:	95 8d       	ldd	r25, Z+29	; 0x1d
    252c:	0e 94 fc 11 	call	0x23f8	; 0x23f8 <_ZN5Timer6millisEv>
    2530:	dc 01       	movw	r26, r24
    2532:	cb 01       	movw	r24, r22
    2534:	29 81       	ldd	r18, Y+1	; 0x01
    2536:	3a 81       	ldd	r19, Y+2	; 0x02
    2538:	f9 01       	movw	r30, r18
    253a:	87 a3       	std	Z+39, r24	; 0x27
    253c:	90 a7       	std	Z+40, r25	; 0x28
    253e:	a1 a7       	std	Z+41, r26	; 0x29
    2540:	b2 a7       	std	Z+42, r27	; 0x2a
            
            sw1->update(current_time);
    2542:	89 81       	ldd	r24, Y+1	; 0x01
    2544:	9a 81       	ldd	r25, Y+2	; 0x02
    2546:	fc 01       	movw	r30, r24
    2548:	87 a1       	ldd	r24, Z+39	; 0x27
    254a:	90 a5       	ldd	r25, Z+40	; 0x28
    254c:	a1 a5       	ldd	r26, Z+41	; 0x29
    254e:	b2 a5       	ldd	r27, Z+42	; 0x2a
    2550:	29 81       	ldd	r18, Y+1	; 0x01
    2552:	3a 81       	ldd	r19, Y+2	; 0x02
    2554:	f9 01       	movw	r30, r18
    2556:	22 85       	ldd	r18, Z+10	; 0x0a
    2558:	33 85       	ldd	r19, Z+11	; 0x0b
    255a:	ac 01       	movw	r20, r24
    255c:	bd 01       	movw	r22, r26
    255e:	c9 01       	movw	r24, r18
    2560:	0e 94 6d 05 	call	0xada	; 0xada <_ZN11LimitSwitch6updateEm>
            sw2->update(current_time);
    2564:	89 81       	ldd	r24, Y+1	; 0x01
    2566:	9a 81       	ldd	r25, Y+2	; 0x02
    2568:	fc 01       	movw	r30, r24
    256a:	87 a1       	ldd	r24, Z+39	; 0x27
    256c:	90 a5       	ldd	r25, Z+40	; 0x28
    256e:	a1 a5       	ldd	r26, Z+41	; 0x29
    2570:	b2 a5       	ldd	r27, Z+42	; 0x2a
    2572:	29 81       	ldd	r18, Y+1	; 0x01
    2574:	3a 81       	ldd	r19, Y+2	; 0x02
    2576:	f9 01       	movw	r30, r18
    2578:	24 85       	ldd	r18, Z+12	; 0x0c
    257a:	35 85       	ldd	r19, Z+13	; 0x0d
    257c:	ac 01       	movw	r20, r24
    257e:	bd 01       	movw	r22, r26
    2580:	c9 01       	movw	r24, r18
    2582:	0e 94 4e 09 	call	0x129c	; 0x129c <_ZN12LimitSwitch36updateEm>
            sw3->update(current_time);
    2586:	89 81       	ldd	r24, Y+1	; 0x01
    2588:	9a 81       	ldd	r25, Y+2	; 0x02
    258a:	fc 01       	movw	r30, r24
    258c:	87 a1       	ldd	r24, Z+39	; 0x27
    258e:	90 a5       	ldd	r25, Z+40	; 0x28
    2590:	a1 a5       	ldd	r26, Z+41	; 0x29
    2592:	b2 a5       	ldd	r27, Z+42	; 0x2a
    2594:	29 81       	ldd	r18, Y+1	; 0x01
    2596:	3a 81       	ldd	r19, Y+2	; 0x02
    2598:	f9 01       	movw	r30, r18
    259a:	26 85       	ldd	r18, Z+14	; 0x0e
    259c:	37 85       	ldd	r19, Z+15	; 0x0f
    259e:	ac 01       	movw	r20, r24
    25a0:	bd 01       	movw	r22, r26
    25a2:	c9 01       	movw	r24, r18
    25a4:	0e 94 6d 05 	call	0xada	; 0xada <_ZN11LimitSwitch6updateEm>
            sw4->update(current_time);
    25a8:	89 81       	ldd	r24, Y+1	; 0x01
    25aa:	9a 81       	ldd	r25, Y+2	; 0x02
    25ac:	fc 01       	movw	r30, r24
    25ae:	87 a1       	ldd	r24, Z+39	; 0x27
    25b0:	90 a5       	ldd	r25, Z+40	; 0x28
    25b2:	a1 a5       	ldd	r26, Z+41	; 0x29
    25b4:	b2 a5       	ldd	r27, Z+42	; 0x2a
    25b6:	29 81       	ldd	r18, Y+1	; 0x01
    25b8:	3a 81       	ldd	r19, Y+2	; 0x02
    25ba:	f9 01       	movw	r30, r18
    25bc:	20 89       	ldd	r18, Z+16	; 0x10
    25be:	31 89       	ldd	r19, Z+17	; 0x11
    25c0:	ac 01       	movw	r20, r24
    25c2:	bd 01       	movw	r22, r26
    25c4:	c9 01       	movw	r24, r18
    25c6:	0e 94 6d 05 	call	0xada	; 0xada <_ZN11LimitSwitch6updateEm>
            sw5->update(current_time);
    25ca:	89 81       	ldd	r24, Y+1	; 0x01
    25cc:	9a 81       	ldd	r25, Y+2	; 0x02
    25ce:	fc 01       	movw	r30, r24
    25d0:	87 a1       	ldd	r24, Z+39	; 0x27
    25d2:	90 a5       	ldd	r25, Z+40	; 0x28
    25d4:	a1 a5       	ldd	r26, Z+41	; 0x29
    25d6:	b2 a5       	ldd	r27, Z+42	; 0x2a
    25d8:	29 81       	ldd	r18, Y+1	; 0x01
    25da:	3a 81       	ldd	r19, Y+2	; 0x02
    25dc:	f9 01       	movw	r30, r18
    25de:	22 89       	ldd	r18, Z+18	; 0x12
    25e0:	33 89       	ldd	r19, Z+19	; 0x13
    25e2:	ac 01       	movw	r20, r24
    25e4:	bd 01       	movw	r22, r26
    25e6:	c9 01       	movw	r24, r18
    25e8:	0e 94 6d 05 	call	0xada	; 0xada <_ZN11LimitSwitch6updateEm>
            sw6->update(current_time);
    25ec:	89 81       	ldd	r24, Y+1	; 0x01
    25ee:	9a 81       	ldd	r25, Y+2	; 0x02
    25f0:	fc 01       	movw	r30, r24
    25f2:	87 a1       	ldd	r24, Z+39	; 0x27
    25f4:	90 a5       	ldd	r25, Z+40	; 0x28
    25f6:	a1 a5       	ldd	r26, Z+41	; 0x29
    25f8:	b2 a5       	ldd	r27, Z+42	; 0x2a
    25fa:	29 81       	ldd	r18, Y+1	; 0x01
    25fc:	3a 81       	ldd	r19, Y+2	; 0x02
    25fe:	f9 01       	movw	r30, r18
    2600:	24 89       	ldd	r18, Z+20	; 0x14
    2602:	35 89       	ldd	r19, Z+21	; 0x15
    2604:	ac 01       	movw	r20, r24
    2606:	bd 01       	movw	r22, r26
    2608:	c9 01       	movw	r24, r18
    260a:	0e 94 cc 10 	call	0x2198	; 0x2198 <_ZN10SwitchUser6updateEm>
            
            m1->update(current_time);
    260e:	89 81       	ldd	r24, Y+1	; 0x01
    2610:	9a 81       	ldd	r25, Y+2	; 0x02
    2612:	fc 01       	movw	r30, r24
    2614:	87 a1       	ldd	r24, Z+39	; 0x27
    2616:	90 a5       	ldd	r25, Z+40	; 0x28
    2618:	a1 a5       	ldd	r26, Z+41	; 0x29
    261a:	b2 a5       	ldd	r27, Z+42	; 0x2a
    261c:	29 81       	ldd	r18, Y+1	; 0x01
    261e:	3a 81       	ldd	r19, Y+2	; 0x02
    2620:	f9 01       	movw	r30, r18
    2622:	20 81       	ld	r18, Z
    2624:	31 81       	ldd	r19, Z+1	; 0x01
    2626:	ac 01       	movw	r20, r24
    2628:	bd 01       	movw	r22, r26
    262a:	c9 01       	movw	r24, r18
    262c:	0e 94 06 08 	call	0x100c	; 0x100c <_ZN5Motor6updateEm>
            m2->update(current_time);
    2630:	89 81       	ldd	r24, Y+1	; 0x01
    2632:	9a 81       	ldd	r25, Y+2	; 0x02
    2634:	fc 01       	movw	r30, r24
    2636:	87 a1       	ldd	r24, Z+39	; 0x27
    2638:	90 a5       	ldd	r25, Z+40	; 0x28
    263a:	a1 a5       	ldd	r26, Z+41	; 0x29
    263c:	b2 a5       	ldd	r27, Z+42	; 0x2a
    263e:	29 81       	ldd	r18, Y+1	; 0x01
    2640:	3a 81       	ldd	r19, Y+2	; 0x02
    2642:	f9 01       	movw	r30, r18
    2644:	22 81       	ldd	r18, Z+2	; 0x02
    2646:	33 81       	ldd	r19, Z+3	; 0x03
    2648:	ac 01       	movw	r20, r24
    264a:	bd 01       	movw	r22, r26
    264c:	c9 01       	movw	r24, r18
    264e:	0e 94 b6 0c 	call	0x196c	; 0x196c <_ZN6Motor26updateEm>
            m3->update(current_time);
    2652:	89 81       	ldd	r24, Y+1	; 0x01
    2654:	9a 81       	ldd	r25, Y+2	; 0x02
    2656:	fc 01       	movw	r30, r24
    2658:	87 a1       	ldd	r24, Z+39	; 0x27
    265a:	90 a5       	ldd	r25, Z+40	; 0x28
    265c:	a1 a5       	ldd	r26, Z+41	; 0x29
    265e:	b2 a5       	ldd	r27, Z+42	; 0x2a
    2660:	29 81       	ldd	r18, Y+1	; 0x01
    2662:	3a 81       	ldd	r19, Y+2	; 0x02
    2664:	f9 01       	movw	r30, r18
    2666:	24 81       	ldd	r18, Z+4	; 0x04
    2668:	35 81       	ldd	r19, Z+5	; 0x05
    266a:	ac 01       	movw	r20, r24
    266c:	bd 01       	movw	r22, r26
    266e:	c9 01       	movw	r24, r18
    2670:	0e 94 06 08 	call	0x100c	; 0x100c <_ZN5Motor6updateEm>
            m4->update(current_time);
    2674:	89 81       	ldd	r24, Y+1	; 0x01
    2676:	9a 81       	ldd	r25, Y+2	; 0x02
    2678:	fc 01       	movw	r30, r24
    267a:	87 a1       	ldd	r24, Z+39	; 0x27
    267c:	90 a5       	ldd	r25, Z+40	; 0x28
    267e:	a1 a5       	ldd	r26, Z+41	; 0x29
    2680:	b2 a5       	ldd	r27, Z+42	; 0x2a
    2682:	29 81       	ldd	r18, Y+1	; 0x01
    2684:	3a 81       	ldd	r19, Y+2	; 0x02
    2686:	f9 01       	movw	r30, r18
    2688:	26 81       	ldd	r18, Z+6	; 0x06
    268a:	37 81       	ldd	r19, Z+7	; 0x07
    268c:	ac 01       	movw	r20, r24
    268e:	bd 01       	movw	r22, r26
    2690:	c9 01       	movw	r24, r18
    2692:	0e 94 06 08 	call	0x100c	; 0x100c <_ZN5Motor6updateEm>
            m5->update(current_time);
    2696:	89 81       	ldd	r24, Y+1	; 0x01
    2698:	9a 81       	ldd	r25, Y+2	; 0x02
    269a:	fc 01       	movw	r30, r24
    269c:	87 a1       	ldd	r24, Z+39	; 0x27
    269e:	90 a5       	ldd	r25, Z+40	; 0x28
    26a0:	a1 a5       	ldd	r26, Z+41	; 0x29
    26a2:	b2 a5       	ldd	r27, Z+42	; 0x2a
    26a4:	29 81       	ldd	r18, Y+1	; 0x01
    26a6:	3a 81       	ldd	r19, Y+2	; 0x02
    26a8:	f9 01       	movw	r30, r18
    26aa:	20 85       	ldd	r18, Z+8	; 0x08
    26ac:	31 85       	ldd	r19, Z+9	; 0x09
    26ae:	ac 01       	movw	r20, r24
    26b0:	bd 01       	movw	r22, r26
    26b2:	c9 01       	movw	r24, r18
    26b4:	0e 94 06 08 	call	0x100c	; 0x100c <_ZN5Motor6updateEm>
            
            led->update(current_time, is_last_turn);
    26b8:	89 81       	ldd	r24, Y+1	; 0x01
    26ba:	9a 81       	ldd	r25, Y+2	; 0x02
    26bc:	fc 01       	movw	r30, r24
    26be:	47 8d       	ldd	r20, Z+31	; 0x1f
    26c0:	89 81       	ldd	r24, Y+1	; 0x01
    26c2:	9a 81       	ldd	r25, Y+2	; 0x02
    26c4:	fc 01       	movw	r30, r24
    26c6:	87 a1       	ldd	r24, Z+39	; 0x27
    26c8:	90 a5       	ldd	r25, Z+40	; 0x28
    26ca:	a1 a5       	ldd	r26, Z+41	; 0x29
    26cc:	b2 a5       	ldd	r27, Z+42	; 0x2a
    26ce:	29 81       	ldd	r18, Y+1	; 0x01
    26d0:	3a 81       	ldd	r19, Y+2	; 0x02
    26d2:	f9 01       	movw	r30, r18
    26d4:	06 88       	ldd	r0, Z+22	; 0x16
    26d6:	f7 89       	ldd	r31, Z+23	; 0x17
    26d8:	e0 2d       	mov	r30, r0
    26da:	fc 83       	std	Y+4, r31	; 0x04
    26dc:	eb 83       	std	Y+3, r30	; 0x03
    26de:	24 2f       	mov	r18, r20
    26e0:	ac 01       	movw	r20, r24
    26e2:	bd 01       	movw	r22, r26
    26e4:	8b 81       	ldd	r24, Y+3	; 0x03
    26e6:	9c 81       	ldd	r25, Y+4	; 0x04
    26e8:	0e 94 73 04 	call	0x8e6	; 0x8e6 <_ZN3Led6updateEmb>
            display->update(current_time, !game_running);
    26ec:	89 81       	ldd	r24, Y+1	; 0x01
    26ee:	9a 81       	ldd	r25, Y+2	; 0x02
    26f0:	fc 01       	movw	r30, r24
    26f2:	91 a1       	ldd	r25, Z+33	; 0x21
    26f4:	81 e0       	ldi	r24, 0x01	; 1
    26f6:	49 2f       	mov	r20, r25
    26f8:	48 27       	eor	r20, r24
    26fa:	89 81       	ldd	r24, Y+1	; 0x01
    26fc:	9a 81       	ldd	r25, Y+2	; 0x02
    26fe:	fc 01       	movw	r30, r24
    2700:	87 a1       	ldd	r24, Z+39	; 0x27
    2702:	90 a5       	ldd	r25, Z+40	; 0x28
    2704:	a1 a5       	ldd	r26, Z+41	; 0x29
    2706:	b2 a5       	ldd	r27, Z+42	; 0x2a
    2708:	29 81       	ldd	r18, Y+1	; 0x01
    270a:	3a 81       	ldd	r19, Y+2	; 0x02
    270c:	f9 01       	movw	r30, r18
    270e:	00 8c       	ldd	r0, Z+24	; 0x18
    2710:	f1 8d       	ldd	r31, Z+25	; 0x19
    2712:	e0 2d       	mov	r30, r0
    2714:	fc 83       	std	Y+4, r31	; 0x04
    2716:	eb 83       	std	Y+3, r30	; 0x03
    2718:	24 2f       	mov	r18, r20
    271a:	ac 01       	movw	r20, r24
    271c:	bd 01       	movw	r22, r26
    271e:	8b 81       	ldd	r24, Y+3	; 0x03
    2720:	9c 81       	ldd	r25, Y+4	; 0x04
    2722:	0e 94 2f 03 	call	0x65e	; 0x65e <_ZN7Display6updateEmb>
            pinsManager->update(current_time);
    2726:	89 81       	ldd	r24, Y+1	; 0x01
    2728:	9a 81       	ldd	r25, Y+2	; 0x02
    272a:	fc 01       	movw	r30, r24
    272c:	87 a1       	ldd	r24, Z+39	; 0x27
    272e:	90 a5       	ldd	r25, Z+40	; 0x28
    2730:	a1 a5       	ldd	r26, Z+41	; 0x29
    2732:	b2 a5       	ldd	r27, Z+42	; 0x2a
    2734:	29 81       	ldd	r18, Y+1	; 0x01
    2736:	3a 81       	ldd	r19, Y+2	; 0x02
    2738:	f9 01       	movw	r30, r18
    273a:	22 8d       	ldd	r18, Z+26	; 0x1a
    273c:	33 8d       	ldd	r19, Z+27	; 0x1b
    273e:	ac 01       	movw	r20, r24
    2740:	bd 01       	movw	r22, r26
    2742:	c9 01       	movw	r24, r18
    2744:	0e 94 db 0e 	call	0x1db6	; 0x1db6 <_ZN11PinsManager6updateEm>
            
            if(game_running && ((current_time-game_start_time) >= 60000)) {
    2748:	89 81       	ldd	r24, Y+1	; 0x01
    274a:	9a 81       	ldd	r25, Y+2	; 0x02
    274c:	fc 01       	movw	r30, r24
    274e:	81 a1       	ldd	r24, Z+33	; 0x21
    2750:	88 23       	and	r24, r24
    2752:	01 f1       	breq	.+64     	; 0x2794 <_ZN6Status14update_sensorsEv+0x28a>
    2754:	89 81       	ldd	r24, Y+1	; 0x01
    2756:	9a 81       	ldd	r25, Y+2	; 0x02
    2758:	fc 01       	movw	r30, r24
    275a:	27 a1       	ldd	r18, Z+39	; 0x27
    275c:	30 a5       	ldd	r19, Z+40	; 0x28
    275e:	41 a5       	ldd	r20, Z+41	; 0x29
    2760:	52 a5       	ldd	r21, Z+42	; 0x2a
    2762:	89 81       	ldd	r24, Y+1	; 0x01
    2764:	9a 81       	ldd	r25, Y+2	; 0x02
    2766:	fc 01       	movw	r30, r24
    2768:	83 a1       	ldd	r24, Z+35	; 0x23
    276a:	94 a1       	ldd	r25, Z+36	; 0x24
    276c:	a5 a1       	ldd	r26, Z+37	; 0x25
    276e:	b6 a1       	ldd	r27, Z+38	; 0x26
    2770:	79 01       	movw	r14, r18
    2772:	8a 01       	movw	r16, r20
    2774:	e8 1a       	sub	r14, r24
    2776:	f9 0a       	sbc	r15, r25
    2778:	0a 0b       	sbc	r16, r26
    277a:	1b 0b       	sbc	r17, r27
    277c:	d8 01       	movw	r26, r16
    277e:	c7 01       	movw	r24, r14
    2780:	80 36       	cpi	r24, 0x60	; 96
    2782:	9a 4e       	sbci	r25, 0xEA	; 234
    2784:	a1 05       	cpc	r26, r1
    2786:	b1 05       	cpc	r27, r1
    2788:	28 f0       	brcs	.+10     	; 0x2794 <_ZN6Status14update_sensorsEv+0x28a>
                is_last_turn = true;
    278a:	89 81       	ldd	r24, Y+1	; 0x01
    278c:	9a 81       	ldd	r25, Y+2	; 0x02
    278e:	21 e0       	ldi	r18, 0x01	; 1
    2790:	fc 01       	movw	r30, r24
    2792:	27 8f       	std	Z+31, r18	; 0x1f
            }
        }
    2794:	00 00       	nop
    2796:	0f 90       	pop	r0
    2798:	0f 90       	pop	r0
    279a:	0f 90       	pop	r0
    279c:	0f 90       	pop	r0
    279e:	df 91       	pop	r29
    27a0:	cf 91       	pop	r28
    27a2:	1f 91       	pop	r17
    27a4:	0f 91       	pop	r16
    27a6:	ff 90       	pop	r15
    27a8:	ef 90       	pop	r14
    27aa:	08 95       	ret

000027ac <_ZN15StateActionBaseC1EP6Status>:

class StateActionBase {
    protected:
        Status* status;
    public:
        explicit StateActionBase(Status* s): status(s) {}
    27ac:	cf 93       	push	r28
    27ae:	df 93       	push	r29
    27b0:	00 d0       	rcall	.+0      	; 0x27b2 <_ZN15StateActionBaseC1EP6Status+0x6>
    27b2:	00 d0       	rcall	.+0      	; 0x27b4 <_ZN15StateActionBaseC1EP6Status+0x8>
    27b4:	cd b7       	in	r28, 0x3d	; 61
    27b6:	de b7       	in	r29, 0x3e	; 62
    27b8:	9a 83       	std	Y+2, r25	; 0x02
    27ba:	89 83       	std	Y+1, r24	; 0x01
    27bc:	7c 83       	std	Y+4, r23	; 0x04
    27be:	6b 83       	std	Y+3, r22	; 0x03
    27c0:	25 e8       	ldi	r18, 0x85	; 133
    27c2:	32 e0       	ldi	r19, 0x02	; 2
    27c4:	89 81       	ldd	r24, Y+1	; 0x01
    27c6:	9a 81       	ldd	r25, Y+2	; 0x02
    27c8:	fc 01       	movw	r30, r24
    27ca:	31 83       	std	Z+1, r19	; 0x01
    27cc:	20 83       	st	Z, r18
    27ce:	89 81       	ldd	r24, Y+1	; 0x01
    27d0:	9a 81       	ldd	r25, Y+2	; 0x02
    27d2:	2b 81       	ldd	r18, Y+3	; 0x03
    27d4:	3c 81       	ldd	r19, Y+4	; 0x04
    27d6:	fc 01       	movw	r30, r24
    27d8:	33 83       	std	Z+3, r19	; 0x03
    27da:	22 83       	std	Z+2, r18	; 0x02
    27dc:	00 00       	nop
    27de:	0f 90       	pop	r0
    27e0:	0f 90       	pop	r0
    27e2:	0f 90       	pop	r0
    27e4:	0f 90       	pop	r0
    27e6:	df 91       	pop	r29
    27e8:	cf 91       	pop	r28
    27ea:	08 95       	ret

000027ec <_ZN15StateActionBase17check_transitionsEv>:
        ~StateActionBase() = default;
        
        virtual States check_transitions() { return States::NO_CHANGE; };
    27ec:	cf 93       	push	r28
    27ee:	df 93       	push	r29
    27f0:	00 d0       	rcall	.+0      	; 0x27f2 <_ZN15StateActionBase17check_transitionsEv+0x6>
    27f2:	cd b7       	in	r28, 0x3d	; 61
    27f4:	de b7       	in	r29, 0x3e	; 62
    27f6:	9a 83       	std	Y+2, r25	; 0x02
    27f8:	89 83       	std	Y+1, r24	; 0x01
    27fa:	8f ef       	ldi	r24, 0xFF	; 255
    27fc:	0f 90       	pop	r0
    27fe:	0f 90       	pop	r0
    2800:	df 91       	pop	r29
    2802:	cf 91       	pop	r28
    2804:	08 95       	ret

00002806 <_ZN15StateActionBase5entryEv>:
        
        virtual void entry() {};
    2806:	cf 93       	push	r28
    2808:	df 93       	push	r29
    280a:	00 d0       	rcall	.+0      	; 0x280c <_ZN15StateActionBase5entryEv+0x6>
    280c:	cd b7       	in	r28, 0x3d	; 61
    280e:	de b7       	in	r29, 0x3e	; 62
    2810:	9a 83       	std	Y+2, r25	; 0x02
    2812:	89 83       	std	Y+1, r24	; 0x01
    2814:	00 00       	nop
    2816:	0f 90       	pop	r0
    2818:	0f 90       	pop	r0
    281a:	df 91       	pop	r29
    281c:	cf 91       	pop	r28
    281e:	08 95       	ret

00002820 <_ZN15StateActionBase3runEv>:
        virtual void run()	 {};
    2820:	cf 93       	push	r28
    2822:	df 93       	push	r29
    2824:	00 d0       	rcall	.+0      	; 0x2826 <_ZN15StateActionBase3runEv+0x6>
    2826:	cd b7       	in	r28, 0x3d	; 61
    2828:	de b7       	in	r29, 0x3e	; 62
    282a:	9a 83       	std	Y+2, r25	; 0x02
    282c:	89 83       	std	Y+1, r24	; 0x01
    282e:	00 00       	nop
    2830:	0f 90       	pop	r0
    2832:	0f 90       	pop	r0
    2834:	df 91       	pop	r29
    2836:	cf 91       	pop	r28
    2838:	08 95       	ret

0000283a <_ZN15StateActionBase4exitEv>:
        virtual void exit()  {};
    283a:	cf 93       	push	r28
    283c:	df 93       	push	r29
    283e:	00 d0       	rcall	.+0      	; 0x2840 <_ZN15StateActionBase4exitEv+0x6>
    2840:	cd b7       	in	r28, 0x3d	; 61
    2842:	de b7       	in	r29, 0x3e	; 62
    2844:	9a 83       	std	Y+2, r25	; 0x02
    2846:	89 83       	std	Y+1, r24	; 0x01
    2848:	00 00       	nop
    284a:	0f 90       	pop	r0
    284c:	0f 90       	pop	r0
    284e:	df 91       	pop	r29
    2850:	cf 91       	pop	r28
    2852:	08 95       	ret

00002854 <_ZN9InitStateC1EP6Status>:
/*             INIT             */
/* ============================ */

class InitState : public StateActionBase {
    public:
    explicit InitState(Status* s) : StateActionBase(s) {}
    2854:	cf 93       	push	r28
    2856:	df 93       	push	r29
    2858:	00 d0       	rcall	.+0      	; 0x285a <_ZN9InitStateC1EP6Status+0x6>
    285a:	00 d0       	rcall	.+0      	; 0x285c <_ZN9InitStateC1EP6Status+0x8>
    285c:	cd b7       	in	r28, 0x3d	; 61
    285e:	de b7       	in	r29, 0x3e	; 62
    2860:	9a 83       	std	Y+2, r25	; 0x02
    2862:	89 83       	std	Y+1, r24	; 0x01
    2864:	7c 83       	std	Y+4, r23	; 0x04
    2866:	6b 83       	std	Y+3, r22	; 0x03
    2868:	89 81       	ldd	r24, Y+1	; 0x01
    286a:	9a 81       	ldd	r25, Y+2	; 0x02
    286c:	2b 81       	ldd	r18, Y+3	; 0x03
    286e:	3c 81       	ldd	r19, Y+4	; 0x04
    2870:	b9 01       	movw	r22, r18
    2872:	0e 94 d6 13 	call	0x27ac	; 0x27ac <_ZN15StateActionBaseC1EP6Status>
    2876:	29 e7       	ldi	r18, 0x79	; 121
    2878:	32 e0       	ldi	r19, 0x02	; 2
    287a:	89 81       	ldd	r24, Y+1	; 0x01
    287c:	9a 81       	ldd	r25, Y+2	; 0x02
    287e:	fc 01       	movw	r30, r24
    2880:	31 83       	std	Z+1, r19	; 0x01
    2882:	20 83       	st	Z, r18
    2884:	00 00       	nop
    2886:	0f 90       	pop	r0
    2888:	0f 90       	pop	r0
    288a:	0f 90       	pop	r0
    288c:	0f 90       	pop	r0
    288e:	df 91       	pop	r29
    2890:	cf 91       	pop	r28
    2892:	08 95       	ret

00002894 <_ZN9InitState5entryEv>:
        
    void entry() override {
    2894:	cf 93       	push	r28
    2896:	df 93       	push	r29
    2898:	00 d0       	rcall	.+0      	; 0x289a <_ZN9InitState5entryEv+0x6>
    289a:	cd b7       	in	r28, 0x3d	; 61
    289c:	de b7       	in	r29, 0x3e	; 62
    289e:	9a 83       	std	Y+2, r25	; 0x02
    28a0:	89 83       	std	Y+1, r24	; 0x01
        UCSR0B = 0;
    28a2:	81 ec       	ldi	r24, 0xC1	; 193
    28a4:	90 e0       	ldi	r25, 0x00	; 0
    28a6:	fc 01       	movw	r30, r24
    28a8:	10 82       	st	Z, r1
        
        // CONFIGURACIÓN DE PINES PWM COMO SALIDAS
        DDRB |= (1 << PB4) | (1 << PB5) | (1 << PB6) | (1 << PB7);
    28aa:	84 e2       	ldi	r24, 0x24	; 36
    28ac:	90 e0       	ldi	r25, 0x00	; 0
    28ae:	24 e2       	ldi	r18, 0x24	; 36
    28b0:	30 e0       	ldi	r19, 0x00	; 0
    28b2:	f9 01       	movw	r30, r18
    28b4:	20 81       	ld	r18, Z
    28b6:	20 6f       	ori	r18, 0xF0	; 240
    28b8:	fc 01       	movw	r30, r24
    28ba:	20 83       	st	Z, r18
        DDRL |= (1 << PL3);
    28bc:	8a e0       	ldi	r24, 0x0A	; 10
    28be:	91 e0       	ldi	r25, 0x01	; 1
    28c0:	2a e0       	ldi	r18, 0x0A	; 10
    28c2:	31 e0       	ldi	r19, 0x01	; 1
    28c4:	f9 01       	movw	r30, r18
    28c6:	20 81       	ld	r18, Z
    28c8:	28 60       	ori	r18, 0x08	; 8
    28ca:	fc 01       	movw	r30, r24
    28cc:	20 83       	st	Z, r18

        // --- CONFIGURACIÓN DE TIMERS ---
        // Timer 0 (M4 - OCR0A)
        TCCR0A = (1 << COM0A1) | (1 << WGM01) | (1 << WGM00);	// Fast PWM
    28ce:	84 e4       	ldi	r24, 0x44	; 68
    28d0:	90 e0       	ldi	r25, 0x00	; 0
    28d2:	23 e8       	ldi	r18, 0x83	; 131
    28d4:	fc 01       	movw	r30, r24
    28d6:	20 83       	st	Z, r18
        TCCR0B = (1 << CS01) | (1 << CS00);                     // Prescaler 64
    28d8:	85 e4       	ldi	r24, 0x45	; 69
    28da:	90 e0       	ldi	r25, 0x00	; 0
    28dc:	23 e0       	ldi	r18, 0x03	; 3
    28de:	fc 01       	movw	r30, r24
    28e0:	20 83       	st	Z, r18

        // Timer 1 (M2 - OCR1A, M3 - OCR1B)
        TCCR1A = (1 << COM1A1) | (1 << COM1B1) | (1 << WGM10);  // Fast PWM (8 bit)
    28e2:	80 e8       	ldi	r24, 0x80	; 128
    28e4:	90 e0       	ldi	r25, 0x00	; 0
    28e6:	21 ea       	ldi	r18, 0xA1	; 161
    28e8:	fc 01       	movw	r30, r24
    28ea:	20 83       	st	Z, r18
        TCCR1B = (1 << WGM12) | (1 << CS11) | (1 << CS10);		// Prescaler 64
    28ec:	81 e8       	ldi	r24, 0x81	; 129
    28ee:	90 e0       	ldi	r25, 0x00	; 0
    28f0:	2b e0       	ldi	r18, 0x0B	; 11
    28f2:	fc 01       	movw	r30, r24
    28f4:	20 83       	st	Z, r18
        OCR1AH = 0;	OCR1AL = 0;
    28f6:	89 e8       	ldi	r24, 0x89	; 137
    28f8:	90 e0       	ldi	r25, 0x00	; 0
    28fa:	fc 01       	movw	r30, r24
    28fc:	10 82       	st	Z, r1
    28fe:	88 e8       	ldi	r24, 0x88	; 136
    2900:	90 e0       	ldi	r25, 0x00	; 0
    2902:	fc 01       	movw	r30, r24
    2904:	10 82       	st	Z, r1
        OCR1BH = 0;	OCR1BL = 0;
    2906:	8b e8       	ldi	r24, 0x8B	; 139
    2908:	90 e0       	ldi	r25, 0x00	; 0
    290a:	fc 01       	movw	r30, r24
    290c:	10 82       	st	Z, r1
    290e:	8a e8       	ldi	r24, 0x8A	; 138
    2910:	90 e0       	ldi	r25, 0x00	; 0
    2912:	fc 01       	movw	r30, r24
    2914:	10 82       	st	Z, r1

        // Timer 2 (M1 - OCR2A)
        TCCR2A = (1 << COM2A1) | (1 << WGM21) | (1 << WGM20);	// Fast PWM
    2916:	80 eb       	ldi	r24, 0xB0	; 176
    2918:	90 e0       	ldi	r25, 0x00	; 0
    291a:	23 e8       	ldi	r18, 0x83	; 131
    291c:	fc 01       	movw	r30, r24
    291e:	20 83       	st	Z, r18
        TCCR2B = (1 << CS22);									// Prescaler 64
    2920:	81 eb       	ldi	r24, 0xB1	; 177
    2922:	90 e0       	ldi	r25, 0x00	; 0
    2924:	24 e0       	ldi	r18, 0x04	; 4
    2926:	fc 01       	movw	r30, r24
    2928:	20 83       	st	Z, r18

        // Timer 5 (M5 - OCR5AL)
        TCCR5A = (1 << COM5A1) | (1 << WGM50);					// Fast PWM (8 bit)
    292a:	80 e2       	ldi	r24, 0x20	; 32
    292c:	91 e0       	ldi	r25, 0x01	; 1
    292e:	21 e8       	ldi	r18, 0x81	; 129
    2930:	fc 01       	movw	r30, r24
    2932:	20 83       	st	Z, r18
        TCCR5B = (1 << WGM52) | (1 << CS51) | (1 << CS50);		// Prescaler 64
    2934:	81 e2       	ldi	r24, 0x21	; 33
    2936:	91 e0       	ldi	r25, 0x01	; 1
    2938:	2b e0       	ldi	r18, 0x0B	; 11
    293a:	fc 01       	movw	r30, r24
    293c:	20 83       	st	Z, r18
        OCR5AH = 0; OCR5AL = 0;
    293e:	89 e2       	ldi	r24, 0x29	; 41
    2940:	91 e0       	ldi	r25, 0x01	; 1
    2942:	fc 01       	movw	r30, r24
    2944:	10 82       	st	Z, r1
    2946:	88 e2       	ldi	r24, 0x28	; 40
    2948:	91 e0       	ldi	r25, 0x01	; 1
    294a:	fc 01       	movw	r30, r24
    294c:	10 82       	st	Z, r1
        
        // Inicializacion de Clases
        status->sw1->init(); status->sw2->init(); status->sw3->init(); status->sw4->init(); status->sw5->init(); status->sw6->init();
    294e:	89 81       	ldd	r24, Y+1	; 0x01
    2950:	9a 81       	ldd	r25, Y+2	; 0x02
    2952:	fc 01       	movw	r30, r24
    2954:	82 81       	ldd	r24, Z+2	; 0x02
    2956:	93 81       	ldd	r25, Z+3	; 0x03
    2958:	fc 01       	movw	r30, r24
    295a:	82 85       	ldd	r24, Z+10	; 0x0a
    295c:	93 85       	ldd	r25, Z+11	; 0x0b
    295e:	0e 94 38 05 	call	0xa70	; 0xa70 <_ZN11LimitSwitch4initEv>
    2962:	89 81       	ldd	r24, Y+1	; 0x01
    2964:	9a 81       	ldd	r25, Y+2	; 0x02
    2966:	fc 01       	movw	r30, r24
    2968:	82 81       	ldd	r24, Z+2	; 0x02
    296a:	93 81       	ldd	r25, Z+3	; 0x03
    296c:	fc 01       	movw	r30, r24
    296e:	84 85       	ldd	r24, Z+12	; 0x0c
    2970:	95 85       	ldd	r25, Z+13	; 0x0d
    2972:	0e 94 19 09 	call	0x1232	; 0x1232 <_ZN12LimitSwitch34initEv>
    2976:	89 81       	ldd	r24, Y+1	; 0x01
    2978:	9a 81       	ldd	r25, Y+2	; 0x02
    297a:	fc 01       	movw	r30, r24
    297c:	82 81       	ldd	r24, Z+2	; 0x02
    297e:	93 81       	ldd	r25, Z+3	; 0x03
    2980:	fc 01       	movw	r30, r24
    2982:	86 85       	ldd	r24, Z+14	; 0x0e
    2984:	97 85       	ldd	r25, Z+15	; 0x0f
    2986:	0e 94 38 05 	call	0xa70	; 0xa70 <_ZN11LimitSwitch4initEv>
    298a:	89 81       	ldd	r24, Y+1	; 0x01
    298c:	9a 81       	ldd	r25, Y+2	; 0x02
    298e:	fc 01       	movw	r30, r24
    2990:	82 81       	ldd	r24, Z+2	; 0x02
    2992:	93 81       	ldd	r25, Z+3	; 0x03
    2994:	fc 01       	movw	r30, r24
    2996:	80 89       	ldd	r24, Z+16	; 0x10
    2998:	91 89       	ldd	r25, Z+17	; 0x11
    299a:	0e 94 38 05 	call	0xa70	; 0xa70 <_ZN11LimitSwitch4initEv>
    299e:	89 81       	ldd	r24, Y+1	; 0x01
    29a0:	9a 81       	ldd	r25, Y+2	; 0x02
    29a2:	fc 01       	movw	r30, r24
    29a4:	82 81       	ldd	r24, Z+2	; 0x02
    29a6:	93 81       	ldd	r25, Z+3	; 0x03
    29a8:	fc 01       	movw	r30, r24
    29aa:	82 89       	ldd	r24, Z+18	; 0x12
    29ac:	93 89       	ldd	r25, Z+19	; 0x13
    29ae:	0e 94 38 05 	call	0xa70	; 0xa70 <_ZN11LimitSwitch4initEv>
    29b2:	89 81       	ldd	r24, Y+1	; 0x01
    29b4:	9a 81       	ldd	r25, Y+2	; 0x02
    29b6:	fc 01       	movw	r30, r24
    29b8:	82 81       	ldd	r24, Z+2	; 0x02
    29ba:	93 81       	ldd	r25, Z+3	; 0x03
    29bc:	fc 01       	movw	r30, r24
    29be:	84 89       	ldd	r24, Z+20	; 0x14
    29c0:	95 89       	ldd	r25, Z+21	; 0x15
    29c2:	0e 94 97 10 	call	0x212e	; 0x212e <_ZN10SwitchUser4initEv>
        status->m1->init();  status->m2->init();  status->m3->init();  status->m4->init();  status->m5->init();
    29c6:	89 81       	ldd	r24, Y+1	; 0x01
    29c8:	9a 81       	ldd	r25, Y+2	; 0x02
    29ca:	fc 01       	movw	r30, r24
    29cc:	82 81       	ldd	r24, Z+2	; 0x02
    29ce:	93 81       	ldd	r25, Z+3	; 0x03
    29d0:	fc 01       	movw	r30, r24
    29d2:	80 81       	ld	r24, Z
    29d4:	91 81       	ldd	r25, Z+1	; 0x01
    29d6:	0e 94 d6 06 	call	0xdac	; 0xdac <_ZN5Motor4initEv>
    29da:	89 81       	ldd	r24, Y+1	; 0x01
    29dc:	9a 81       	ldd	r25, Y+2	; 0x02
    29de:	fc 01       	movw	r30, r24
    29e0:	82 81       	ldd	r24, Z+2	; 0x02
    29e2:	93 81       	ldd	r25, Z+3	; 0x03
    29e4:	fc 01       	movw	r30, r24
    29e6:	82 81       	ldd	r24, Z+2	; 0x02
    29e8:	93 81       	ldd	r25, Z+3	; 0x03
    29ea:	0e 94 10 0b 	call	0x1620	; 0x1620 <_ZN6Motor24initEv>
    29ee:	89 81       	ldd	r24, Y+1	; 0x01
    29f0:	9a 81       	ldd	r25, Y+2	; 0x02
    29f2:	fc 01       	movw	r30, r24
    29f4:	82 81       	ldd	r24, Z+2	; 0x02
    29f6:	93 81       	ldd	r25, Z+3	; 0x03
    29f8:	fc 01       	movw	r30, r24
    29fa:	84 81       	ldd	r24, Z+4	; 0x04
    29fc:	95 81       	ldd	r25, Z+5	; 0x05
    29fe:	0e 94 d6 06 	call	0xdac	; 0xdac <_ZN5Motor4initEv>
    2a02:	89 81       	ldd	r24, Y+1	; 0x01
    2a04:	9a 81       	ldd	r25, Y+2	; 0x02
    2a06:	fc 01       	movw	r30, r24
    2a08:	82 81       	ldd	r24, Z+2	; 0x02
    2a0a:	93 81       	ldd	r25, Z+3	; 0x03
    2a0c:	fc 01       	movw	r30, r24
    2a0e:	86 81       	ldd	r24, Z+6	; 0x06
    2a10:	97 81       	ldd	r25, Z+7	; 0x07
    2a12:	0e 94 d6 06 	call	0xdac	; 0xdac <_ZN5Motor4initEv>
    2a16:	89 81       	ldd	r24, Y+1	; 0x01
    2a18:	9a 81       	ldd	r25, Y+2	; 0x02
    2a1a:	fc 01       	movw	r30, r24
    2a1c:	82 81       	ldd	r24, Z+2	; 0x02
    2a1e:	93 81       	ldd	r25, Z+3	; 0x03
    2a20:	fc 01       	movw	r30, r24
    2a22:	80 85       	ldd	r24, Z+8	; 0x08
    2a24:	91 85       	ldd	r25, Z+9	; 0x09
    2a26:	0e 94 d6 06 	call	0xdac	; 0xdac <_ZN5Motor4initEv>
        status->led->init();
    2a2a:	89 81       	ldd	r24, Y+1	; 0x01
    2a2c:	9a 81       	ldd	r25, Y+2	; 0x02
    2a2e:	fc 01       	movw	r30, r24
    2a30:	82 81       	ldd	r24, Z+2	; 0x02
    2a32:	93 81       	ldd	r25, Z+3	; 0x03
    2a34:	fc 01       	movw	r30, r24
    2a36:	86 89       	ldd	r24, Z+22	; 0x16
    2a38:	97 89       	ldd	r25, Z+23	; 0x17
    2a3a:	0e 94 d3 03 	call	0x7a6	; 0x7a6 <_ZN3Led4initEv>
        status->display->init();
    2a3e:	89 81       	ldd	r24, Y+1	; 0x01
    2a40:	9a 81       	ldd	r25, Y+2	; 0x02
    2a42:	fc 01       	movw	r30, r24
    2a44:	82 81       	ldd	r24, Z+2	; 0x02
    2a46:	93 81       	ldd	r25, Z+3	; 0x03
    2a48:	fc 01       	movw	r30, r24
    2a4a:	80 8d       	ldd	r24, Z+24	; 0x18
    2a4c:	91 8d       	ldd	r25, Z+25	; 0x19
    2a4e:	0e 94 3a 01 	call	0x274	; 0x274 <_ZN7Display4initEv>
        status->pinsManager->init();
    2a52:	89 81       	ldd	r24, Y+1	; 0x01
    2a54:	9a 81       	ldd	r25, Y+2	; 0x02
    2a56:	fc 01       	movw	r30, r24
    2a58:	82 81       	ldd	r24, Z+2	; 0x02
    2a5a:	93 81       	ldd	r25, Z+3	; 0x03
    2a5c:	fc 01       	movw	r30, r24
    2a5e:	82 8d       	ldd	r24, Z+26	; 0x1a
    2a60:	93 8d       	ldd	r25, Z+27	; 0x1b
    2a62:	0e 94 bc 0e 	call	0x1d78	; 0x1d78 <_ZN11PinsManager4initEv>
        status->timer->init();
    2a66:	89 81       	ldd	r24, Y+1	; 0x01
    2a68:	9a 81       	ldd	r25, Y+2	; 0x02
    2a6a:	fc 01       	movw	r30, r24
    2a6c:	82 81       	ldd	r24, Z+2	; 0x02
    2a6e:	93 81       	ldd	r25, Z+3	; 0x03
    2a70:	fc 01       	movw	r30, r24
    2a72:	84 8d       	ldd	r24, Z+28	; 0x1c
    2a74:	95 8d       	ldd	r25, Z+29	; 0x1d
    2a76:	0e 94 94 11 	call	0x2328	; 0x2328 <_ZN5Timer4initEv>
        
        status->m5->setEscapeTime(1500);    // M5 necesita un escape más largo.
    2a7a:	89 81       	ldd	r24, Y+1	; 0x01
    2a7c:	9a 81       	ldd	r25, Y+2	; 0x02
    2a7e:	fc 01       	movw	r30, r24
    2a80:	82 81       	ldd	r24, Z+2	; 0x02
    2a82:	93 81       	ldd	r25, Z+3	; 0x03
    2a84:	fc 01       	movw	r30, r24
    2a86:	80 85       	ldd	r24, Z+8	; 0x08
    2a88:	91 85       	ldd	r25, Z+9	; 0x09
    2a8a:	4c ed       	ldi	r20, 0xDC	; 220
    2a8c:	55 e0       	ldi	r21, 0x05	; 5
    2a8e:	60 e0       	ldi	r22, 0x00	; 0
    2a90:	70 e0       	ldi	r23, 0x00	; 0
    2a92:	0e 94 3a 07 	call	0xe74	; 0xe74 <_ZN5Motor13setEscapeTimeEm>
    }
    2a96:	00 00       	nop
    2a98:	0f 90       	pop	r0
    2a9a:	0f 90       	pop	r0
    2a9c:	df 91       	pop	r29
    2a9e:	cf 91       	pop	r28
    2aa0:	08 95       	ret

00002aa2 <_ZN9InitState17check_transitionsEv>:
        
    States check_transitions() override {
    2aa2:	cf 93       	push	r28
    2aa4:	df 93       	push	r29
    2aa6:	00 d0       	rcall	.+0      	; 0x2aa8 <_ZN9InitState17check_transitionsEv+0x6>
    2aa8:	cd b7       	in	r28, 0x3d	; 61
    2aaa:	de b7       	in	r29, 0x3e	; 62
    2aac:	9a 83       	std	Y+2, r25	; 0x02
    2aae:	89 83       	std	Y+1, r24	; 0x01
        // Init pasa inmediatamente a calibracin
        return States::Calibration;
    2ab0:	81 e0       	ldi	r24, 0x01	; 1
    }
    2ab2:	0f 90       	pop	r0
    2ab4:	0f 90       	pop	r0
    2ab6:	df 91       	pop	r29
    2ab8:	cf 91       	pop	r28
    2aba:	08 95       	ret

00002abc <_ZN16CalibrationState8m1_at_upEv>:
class CalibrationState : public StateActionBase {
    private:
        bool m2_started = false;
        bool m3_started = false;

        bool m1_at_up()   {return !status->m1->isMoving() && status->m1->isAt(M1_SIDE_UP);  }
    2abc:	cf 93       	push	r28
    2abe:	df 93       	push	r29
    2ac0:	00 d0       	rcall	.+0      	; 0x2ac2 <_ZN16CalibrationState8m1_at_upEv+0x6>
    2ac2:	cd b7       	in	r28, 0x3d	; 61
    2ac4:	de b7       	in	r29, 0x3e	; 62
    2ac6:	9a 83       	std	Y+2, r25	; 0x02
    2ac8:	89 83       	std	Y+1, r24	; 0x01
    2aca:	89 81       	ldd	r24, Y+1	; 0x01
    2acc:	9a 81       	ldd	r25, Y+2	; 0x02
    2ace:	fc 01       	movw	r30, r24
    2ad0:	82 81       	ldd	r24, Z+2	; 0x02
    2ad2:	93 81       	ldd	r25, Z+3	; 0x03
    2ad4:	fc 01       	movw	r30, r24
    2ad6:	80 81       	ld	r24, Z
    2ad8:	91 81       	ldd	r25, Z+1	; 0x01
    2ada:	0e 94 94 08 	call	0x1128	; 0x1128 <_ZN5Motor8isMovingEv>
    2ade:	98 2f       	mov	r25, r24
    2ae0:	81 e0       	ldi	r24, 0x01	; 1
    2ae2:	89 27       	eor	r24, r25
    2ae4:	88 23       	and	r24, r24
    2ae6:	79 f0       	breq	.+30     	; 0x2b06 <_ZN16CalibrationState8m1_at_upEv+0x4a>
    2ae8:	89 81       	ldd	r24, Y+1	; 0x01
    2aea:	9a 81       	ldd	r25, Y+2	; 0x02
    2aec:	fc 01       	movw	r30, r24
    2aee:	82 81       	ldd	r24, Z+2	; 0x02
    2af0:	93 81       	ldd	r25, Z+3	; 0x03
    2af2:	fc 01       	movw	r30, r24
    2af4:	80 81       	ld	r24, Z
    2af6:	91 81       	ldd	r25, Z+1	; 0x01
    2af8:	61 e0       	ldi	r22, 0x01	; 1
    2afa:	0e 94 a4 08 	call	0x1148	; 0x1148 <_ZN5Motor4isAtENS_4SideE>
    2afe:	88 23       	and	r24, r24
    2b00:	11 f0       	breq	.+4      	; 0x2b06 <_ZN16CalibrationState8m1_at_upEv+0x4a>
    2b02:	81 e0       	ldi	r24, 0x01	; 1
    2b04:	01 c0       	rjmp	.+2      	; 0x2b08 <_ZN16CalibrationState8m1_at_upEv+0x4c>
    2b06:	80 e0       	ldi	r24, 0x00	; 0
    2b08:	0f 90       	pop	r0
    2b0a:	0f 90       	pop	r0
    2b0c:	df 91       	pop	r29
    2b0e:	cf 91       	pop	r28
    2b10:	08 95       	ret

00002b12 <_ZN16CalibrationState10m4_at_openEv>:
        bool m4_at_open() {return !status->m4->isMoving() && status->m4->isAt(M4_SIDE_OPEN);}
    2b12:	cf 93       	push	r28
    2b14:	df 93       	push	r29
    2b16:	00 d0       	rcall	.+0      	; 0x2b18 <_ZN16CalibrationState10m4_at_openEv+0x6>
    2b18:	cd b7       	in	r28, 0x3d	; 61
    2b1a:	de b7       	in	r29, 0x3e	; 62
    2b1c:	9a 83       	std	Y+2, r25	; 0x02
    2b1e:	89 83       	std	Y+1, r24	; 0x01
    2b20:	89 81       	ldd	r24, Y+1	; 0x01
    2b22:	9a 81       	ldd	r25, Y+2	; 0x02
    2b24:	fc 01       	movw	r30, r24
    2b26:	82 81       	ldd	r24, Z+2	; 0x02
    2b28:	93 81       	ldd	r25, Z+3	; 0x03
    2b2a:	fc 01       	movw	r30, r24
    2b2c:	86 81       	ldd	r24, Z+6	; 0x06
    2b2e:	97 81       	ldd	r25, Z+7	; 0x07
    2b30:	0e 94 94 08 	call	0x1128	; 0x1128 <_ZN5Motor8isMovingEv>
    2b34:	98 2f       	mov	r25, r24
    2b36:	81 e0       	ldi	r24, 0x01	; 1
    2b38:	89 27       	eor	r24, r25
    2b3a:	88 23       	and	r24, r24
    2b3c:	79 f0       	breq	.+30     	; 0x2b5c <_ZN16CalibrationState10m4_at_openEv+0x4a>
    2b3e:	89 81       	ldd	r24, Y+1	; 0x01
    2b40:	9a 81       	ldd	r25, Y+2	; 0x02
    2b42:	fc 01       	movw	r30, r24
    2b44:	82 81       	ldd	r24, Z+2	; 0x02
    2b46:	93 81       	ldd	r25, Z+3	; 0x03
    2b48:	fc 01       	movw	r30, r24
    2b4a:	86 81       	ldd	r24, Z+6	; 0x06
    2b4c:	97 81       	ldd	r25, Z+7	; 0x07
    2b4e:	62 e0       	ldi	r22, 0x02	; 2
    2b50:	0e 94 a4 08 	call	0x1148	; 0x1148 <_ZN5Motor4isAtENS_4SideE>
    2b54:	88 23       	and	r24, r24
    2b56:	11 f0       	breq	.+4      	; 0x2b5c <_ZN16CalibrationState10m4_at_openEv+0x4a>
    2b58:	81 e0       	ldi	r24, 0x01	; 1
    2b5a:	01 c0       	rjmp	.+2      	; 0x2b5e <_ZN16CalibrationState10m4_at_openEv+0x4c>
    2b5c:	80 e0       	ldi	r24, 0x00	; 0
    2b5e:	0f 90       	pop	r0
    2b60:	0f 90       	pop	r0
    2b62:	df 91       	pop	r29
    2b64:	cf 91       	pop	r28
    2b66:	08 95       	ret

00002b68 <_ZN16CalibrationStateC1EP6Status>:

    public:
        explicit CalibrationState(Status *s) : StateActionBase(s) {}
    2b68:	cf 93       	push	r28
    2b6a:	df 93       	push	r29
    2b6c:	00 d0       	rcall	.+0      	; 0x2b6e <_ZN16CalibrationStateC1EP6Status+0x6>
    2b6e:	00 d0       	rcall	.+0      	; 0x2b70 <_ZN16CalibrationStateC1EP6Status+0x8>
    2b70:	cd b7       	in	r28, 0x3d	; 61
    2b72:	de b7       	in	r29, 0x3e	; 62
    2b74:	9a 83       	std	Y+2, r25	; 0x02
    2b76:	89 83       	std	Y+1, r24	; 0x01
    2b78:	7c 83       	std	Y+4, r23	; 0x04
    2b7a:	6b 83       	std	Y+3, r22	; 0x03
    2b7c:	89 81       	ldd	r24, Y+1	; 0x01
    2b7e:	9a 81       	ldd	r25, Y+2	; 0x02
    2b80:	2b 81       	ldd	r18, Y+3	; 0x03
    2b82:	3c 81       	ldd	r19, Y+4	; 0x04
    2b84:	b9 01       	movw	r22, r18
    2b86:	0e 94 d6 13 	call	0x27ac	; 0x27ac <_ZN15StateActionBaseC1EP6Status>
    2b8a:	2d e6       	ldi	r18, 0x6D	; 109
    2b8c:	32 e0       	ldi	r19, 0x02	; 2
    2b8e:	89 81       	ldd	r24, Y+1	; 0x01
    2b90:	9a 81       	ldd	r25, Y+2	; 0x02
    2b92:	fc 01       	movw	r30, r24
    2b94:	31 83       	std	Z+1, r19	; 0x01
    2b96:	20 83       	st	Z, r18
    2b98:	89 81       	ldd	r24, Y+1	; 0x01
    2b9a:	9a 81       	ldd	r25, Y+2	; 0x02
    2b9c:	fc 01       	movw	r30, r24
    2b9e:	14 82       	std	Z+4, r1	; 0x04
    2ba0:	89 81       	ldd	r24, Y+1	; 0x01
    2ba2:	9a 81       	ldd	r25, Y+2	; 0x02
    2ba4:	fc 01       	movw	r30, r24
    2ba6:	15 82       	std	Z+5, r1	; 0x05
    2ba8:	00 00       	nop
    2baa:	0f 90       	pop	r0
    2bac:	0f 90       	pop	r0
    2bae:	0f 90       	pop	r0
    2bb0:	0f 90       	pop	r0
    2bb2:	df 91       	pop	r29
    2bb4:	cf 91       	pop	r28
    2bb6:	08 95       	ret

00002bb8 <_ZN16CalibrationState5entryEv>:
            
        void entry() override {
    2bb8:	0f 93       	push	r16
    2bba:	cf 93       	push	r28
    2bbc:	df 93       	push	r29
    2bbe:	00 d0       	rcall	.+0      	; 0x2bc0 <_ZN16CalibrationState5entryEv+0x8>
    2bc0:	00 d0       	rcall	.+0      	; 0x2bc2 <_ZN16CalibrationState5entryEv+0xa>
    2bc2:	cd b7       	in	r28, 0x3d	; 61
    2bc4:	de b7       	in	r29, 0x3e	; 62
    2bc6:	9a 83       	std	Y+2, r25	; 0x02
    2bc8:	89 83       	std	Y+1, r24	; 0x01
            status->led->off();
    2bca:	89 81       	ldd	r24, Y+1	; 0x01
    2bcc:	9a 81       	ldd	r25, Y+2	; 0x02
    2bce:	fc 01       	movw	r30, r24
    2bd0:	82 81       	ldd	r24, Z+2	; 0x02
    2bd2:	93 81       	ldd	r25, Z+3	; 0x03
    2bd4:	fc 01       	movw	r30, r24
    2bd6:	86 89       	ldd	r24, Z+22	; 0x16
    2bd8:	97 89       	ldd	r25, Z+23	; 0x17
    2bda:	0e 94 2d 04 	call	0x85a	; 0x85a <_ZN3Led3offEv>
            m2_started = false;
    2bde:	89 81       	ldd	r24, Y+1	; 0x01
    2be0:	9a 81       	ldd	r25, Y+2	; 0x02
    2be2:	fc 01       	movw	r30, r24
    2be4:	14 82       	std	Z+4, r1	; 0x04
            m3_started = false;
    2be6:	89 81       	ldd	r24, Y+1	; 0x01
    2be8:	9a 81       	ldd	r25, Y+2	; 0x02
    2bea:	fc 01       	movw	r30, r24
    2bec:	15 82       	std	Z+5, r1	; 0x05
            
            status->m1->move(M1_DIR_UP,     status->current_time, 255);
    2bee:	89 81       	ldd	r24, Y+1	; 0x01
    2bf0:	9a 81       	ldd	r25, Y+2	; 0x02
    2bf2:	fc 01       	movw	r30, r24
    2bf4:	82 81       	ldd	r24, Z+2	; 0x02
    2bf6:	93 81       	ldd	r25, Z+3	; 0x03
    2bf8:	fc 01       	movw	r30, r24
    2bfa:	87 a1       	ldd	r24, Z+39	; 0x27
    2bfc:	90 a5       	ldd	r25, Z+40	; 0x28
    2bfe:	a1 a5       	ldd	r26, Z+41	; 0x29
    2c00:	b2 a5       	ldd	r27, Z+42	; 0x2a
    2c02:	29 81       	ldd	r18, Y+1	; 0x01
    2c04:	3a 81       	ldd	r19, Y+2	; 0x02
    2c06:	f9 01       	movw	r30, r18
    2c08:	22 81       	ldd	r18, Z+2	; 0x02
    2c0a:	33 81       	ldd	r19, Z+3	; 0x03
    2c0c:	f9 01       	movw	r30, r18
    2c0e:	01 90       	ld	r0, Z+
    2c10:	f0 81       	ld	r31, Z
    2c12:	e0 2d       	mov	r30, r0
    2c14:	fc 83       	std	Y+4, r31	; 0x04
    2c16:	eb 83       	std	Y+3, r30	; 0x03
    2c18:	0f ef       	ldi	r16, 0xFF	; 255
    2c1a:	9c 01       	movw	r18, r24
    2c1c:	ad 01       	movw	r20, r26
    2c1e:	61 e0       	ldi	r22, 0x01	; 1
    2c20:	8b 81       	ldd	r24, Y+3	; 0x03
    2c22:	9c 81       	ldd	r25, Y+4	; 0x04
    2c24:	0e 94 5c 07 	call	0xeb8	; 0xeb8 <_ZN5Motor4moveEbmh>
            status->m4->move(M4_DIR_OPEN,   status->current_time, 255);
    2c28:	89 81       	ldd	r24, Y+1	; 0x01
    2c2a:	9a 81       	ldd	r25, Y+2	; 0x02
    2c2c:	fc 01       	movw	r30, r24
    2c2e:	82 81       	ldd	r24, Z+2	; 0x02
    2c30:	93 81       	ldd	r25, Z+3	; 0x03
    2c32:	fc 01       	movw	r30, r24
    2c34:	87 a1       	ldd	r24, Z+39	; 0x27
    2c36:	90 a5       	ldd	r25, Z+40	; 0x28
    2c38:	a1 a5       	ldd	r26, Z+41	; 0x29
    2c3a:	b2 a5       	ldd	r27, Z+42	; 0x2a
    2c3c:	29 81       	ldd	r18, Y+1	; 0x01
    2c3e:	3a 81       	ldd	r19, Y+2	; 0x02
    2c40:	f9 01       	movw	r30, r18
    2c42:	22 81       	ldd	r18, Z+2	; 0x02
    2c44:	33 81       	ldd	r19, Z+3	; 0x03
    2c46:	f9 01       	movw	r30, r18
    2c48:	06 80       	ldd	r0, Z+6	; 0x06
    2c4a:	f7 81       	ldd	r31, Z+7	; 0x07
    2c4c:	e0 2d       	mov	r30, r0
    2c4e:	fc 83       	std	Y+4, r31	; 0x04
    2c50:	eb 83       	std	Y+3, r30	; 0x03
    2c52:	0f ef       	ldi	r16, 0xFF	; 255
    2c54:	9c 01       	movw	r18, r24
    2c56:	ad 01       	movw	r20, r26
    2c58:	60 e0       	ldi	r22, 0x00	; 0
    2c5a:	8b 81       	ldd	r24, Y+3	; 0x03
    2c5c:	9c 81       	ldd	r25, Y+4	; 0x04
    2c5e:	0e 94 5c 07 	call	0xeb8	; 0xeb8 <_ZN5Motor4moveEbmh>
            status->m5->move(M5_DIR_DOWN,   status->current_time, 255);
    2c62:	89 81       	ldd	r24, Y+1	; 0x01
    2c64:	9a 81       	ldd	r25, Y+2	; 0x02
    2c66:	fc 01       	movw	r30, r24
    2c68:	82 81       	ldd	r24, Z+2	; 0x02
    2c6a:	93 81       	ldd	r25, Z+3	; 0x03
    2c6c:	fc 01       	movw	r30, r24
    2c6e:	87 a1       	ldd	r24, Z+39	; 0x27
    2c70:	90 a5       	ldd	r25, Z+40	; 0x28
    2c72:	a1 a5       	ldd	r26, Z+41	; 0x29
    2c74:	b2 a5       	ldd	r27, Z+42	; 0x2a
    2c76:	29 81       	ldd	r18, Y+1	; 0x01
    2c78:	3a 81       	ldd	r19, Y+2	; 0x02
    2c7a:	f9 01       	movw	r30, r18
    2c7c:	22 81       	ldd	r18, Z+2	; 0x02
    2c7e:	33 81       	ldd	r19, Z+3	; 0x03
    2c80:	f9 01       	movw	r30, r18
    2c82:	00 84       	ldd	r0, Z+8	; 0x08
    2c84:	f1 85       	ldd	r31, Z+9	; 0x09
    2c86:	e0 2d       	mov	r30, r0
    2c88:	fc 83       	std	Y+4, r31	; 0x04
    2c8a:	eb 83       	std	Y+3, r30	; 0x03
    2c8c:	0f ef       	ldi	r16, 0xFF	; 255
    2c8e:	9c 01       	movw	r18, r24
    2c90:	ad 01       	movw	r20, r26
    2c92:	60 e0       	ldi	r22, 0x00	; 0
    2c94:	8b 81       	ldd	r24, Y+3	; 0x03
    2c96:	9c 81       	ldd	r25, Y+4	; 0x04
    2c98:	0e 94 5c 07 	call	0xeb8	; 0xeb8 <_ZN5Motor4moveEbmh>
            
            status->m2->stop();
    2c9c:	89 81       	ldd	r24, Y+1	; 0x01
    2c9e:	9a 81       	ldd	r25, Y+2	; 0x02
    2ca0:	fc 01       	movw	r30, r24
    2ca2:	82 81       	ldd	r24, Z+2	; 0x02
    2ca4:	93 81       	ldd	r25, Z+3	; 0x03
    2ca6:	fc 01       	movw	r30, r24
    2ca8:	82 81       	ldd	r24, Z+2	; 0x02
    2caa:	93 81       	ldd	r25, Z+3	; 0x03
    2cac:	0e 94 9a 0c 	call	0x1934	; 0x1934 <_ZN6Motor24stopEv>
            status->m3->stop();
    2cb0:	89 81       	ldd	r24, Y+1	; 0x01
    2cb2:	9a 81       	ldd	r25, Y+2	; 0x02
    2cb4:	fc 01       	movw	r30, r24
    2cb6:	82 81       	ldd	r24, Z+2	; 0x02
    2cb8:	93 81       	ldd	r25, Z+3	; 0x03
    2cba:	fc 01       	movw	r30, r24
    2cbc:	84 81       	ldd	r24, Z+4	; 0x04
    2cbe:	95 81       	ldd	r25, Z+5	; 0x05
    2cc0:	0e 94 ea 07 	call	0xfd4	; 0xfd4 <_ZN5Motor4stopEv>
        }
    2cc4:	00 00       	nop
    2cc6:	0f 90       	pop	r0
    2cc8:	0f 90       	pop	r0
    2cca:	0f 90       	pop	r0
    2ccc:	0f 90       	pop	r0
    2cce:	df 91       	pop	r29
    2cd0:	cf 91       	pop	r28
    2cd2:	0f 91       	pop	r16
    2cd4:	08 95       	ret

00002cd6 <_ZN16CalibrationState3runEv>:
        
        void run() override {
    2cd6:	ef 92       	push	r14
    2cd8:	0f 93       	push	r16
    2cda:	1f 93       	push	r17
    2cdc:	cf 93       	push	r28
    2cde:	df 93       	push	r29
    2ce0:	00 d0       	rcall	.+0      	; 0x2ce2 <_ZN16CalibrationState3runEv+0xc>
    2ce2:	00 d0       	rcall	.+0      	; 0x2ce4 <_ZN16CalibrationState3runEv+0xe>
    2ce4:	cd b7       	in	r28, 0x3d	; 61
    2ce6:	de b7       	in	r29, 0x3e	; 62
    2ce8:	9a 83       	std	Y+2, r25	; 0x02
    2cea:	89 83       	std	Y+1, r24	; 0x01
            // Solo iniciar M2 cuando M1 esté en posición UP.
            if (!m2_started && m1_at_up()) {
    2cec:	89 81       	ldd	r24, Y+1	; 0x01
    2cee:	9a 81       	ldd	r25, Y+2	; 0x02
    2cf0:	fc 01       	movw	r30, r24
    2cf2:	94 81       	ldd	r25, Z+4	; 0x04
    2cf4:	81 e0       	ldi	r24, 0x01	; 1
    2cf6:	89 27       	eor	r24, r25
    2cf8:	88 23       	and	r24, r24
    2cfa:	41 f0       	breq	.+16     	; 0x2d0c <_ZN16CalibrationState3runEv+0x36>
    2cfc:	89 81       	ldd	r24, Y+1	; 0x01
    2cfe:	9a 81       	ldd	r25, Y+2	; 0x02
    2d00:	0e 94 5e 15 	call	0x2abc	; 0x2abc <_ZN16CalibrationState8m1_at_upEv>
    2d04:	88 23       	and	r24, r24
    2d06:	11 f0       	breq	.+4      	; 0x2d0c <_ZN16CalibrationState3runEv+0x36>
    2d08:	81 e0       	ldi	r24, 0x01	; 1
    2d0a:	01 c0       	rjmp	.+2      	; 0x2d0e <_ZN16CalibrationState3runEv+0x38>
    2d0c:	80 e0       	ldi	r24, 0x00	; 0
    2d0e:	88 23       	and	r24, r24
    2d10:	21 f1       	breq	.+72     	; 0x2d5a <_ZN16CalibrationState3runEv+0x84>
                status->m2->startHoming(M2_DIR_RIGHT, M2_POS_RIGHT, status->current_time, 255);
    2d12:	89 81       	ldd	r24, Y+1	; 0x01
    2d14:	9a 81       	ldd	r25, Y+2	; 0x02
    2d16:	fc 01       	movw	r30, r24
    2d18:	82 81       	ldd	r24, Z+2	; 0x02
    2d1a:	93 81       	ldd	r25, Z+3	; 0x03
    2d1c:	fc 01       	movw	r30, r24
    2d1e:	87 a1       	ldd	r24, Z+39	; 0x27
    2d20:	90 a5       	ldd	r25, Z+40	; 0x28
    2d22:	a1 a5       	ldd	r26, Z+41	; 0x29
    2d24:	b2 a5       	ldd	r27, Z+42	; 0x2a
    2d26:	29 81       	ldd	r18, Y+1	; 0x01
    2d28:	3a 81       	ldd	r19, Y+2	; 0x02
    2d2a:	f9 01       	movw	r30, r18
    2d2c:	22 81       	ldd	r18, Z+2	; 0x02
    2d2e:	33 81       	ldd	r19, Z+3	; 0x03
    2d30:	f9 01       	movw	r30, r18
    2d32:	02 80       	ldd	r0, Z+2	; 0x02
    2d34:	f3 81       	ldd	r31, Z+3	; 0x03
    2d36:	e0 2d       	mov	r30, r0
    2d38:	fc 83       	std	Y+4, r31	; 0x04
    2d3a:	eb 83       	std	Y+3, r30	; 0x03
    2d3c:	ee 24       	eor	r14, r14
    2d3e:	ea 94       	dec	r14
    2d40:	8c 01       	movw	r16, r24
    2d42:	9d 01       	movw	r18, r26
    2d44:	43 e0       	ldi	r20, 0x03	; 3
    2d46:	60 e0       	ldi	r22, 0x00	; 0
    2d48:	8b 81       	ldd	r24, Y+3	; 0x03
    2d4a:	9c 81       	ldd	r25, Y+4	; 0x04
    2d4c:	0e 94 74 0b 	call	0x16e8	; 0x16e8 <_ZN6Motor211startHomingEbN12LimitSwitch38PositionEmh>
                m2_started = true;
    2d50:	89 81       	ldd	r24, Y+1	; 0x01
    2d52:	9a 81       	ldd	r25, Y+2	; 0x02
    2d54:	21 e0       	ldi	r18, 0x01	; 1
    2d56:	fc 01       	movw	r30, r24
    2d58:	24 83       	std	Z+4, r18	; 0x04
            }
            
            // Solo iniciar M3 cuando M4 esté en posición OPEN.
            if (!m3_started && m4_at_open()) {
    2d5a:	89 81       	ldd	r24, Y+1	; 0x01
    2d5c:	9a 81       	ldd	r25, Y+2	; 0x02
    2d5e:	fc 01       	movw	r30, r24
    2d60:	95 81       	ldd	r25, Z+5	; 0x05
    2d62:	81 e0       	ldi	r24, 0x01	; 1
    2d64:	89 27       	eor	r24, r25
    2d66:	88 23       	and	r24, r24
    2d68:	41 f0       	breq	.+16     	; 0x2d7a <_ZN16CalibrationState3runEv+0xa4>
    2d6a:	89 81       	ldd	r24, Y+1	; 0x01
    2d6c:	9a 81       	ldd	r25, Y+2	; 0x02
    2d6e:	0e 94 89 15 	call	0x2b12	; 0x2b12 <_ZN16CalibrationState10m4_at_openEv>
    2d72:	88 23       	and	r24, r24
    2d74:	11 f0       	breq	.+4      	; 0x2d7a <_ZN16CalibrationState3runEv+0xa4>
    2d76:	81 e0       	ldi	r24, 0x01	; 1
    2d78:	01 c0       	rjmp	.+2      	; 0x2d7c <_ZN16CalibrationState3runEv+0xa6>
    2d7a:	80 e0       	ldi	r24, 0x00	; 0
    2d7c:	88 23       	and	r24, r24
    2d7e:	11 f1       	breq	.+68     	; 0x2dc4 <_ZN16CalibrationState3runEv+0xee>
                status->m3->move(M3_DIR_FORWARD, status->current_time, 255);
    2d80:	89 81       	ldd	r24, Y+1	; 0x01
    2d82:	9a 81       	ldd	r25, Y+2	; 0x02
    2d84:	fc 01       	movw	r30, r24
    2d86:	82 81       	ldd	r24, Z+2	; 0x02
    2d88:	93 81       	ldd	r25, Z+3	; 0x03
    2d8a:	fc 01       	movw	r30, r24
    2d8c:	87 a1       	ldd	r24, Z+39	; 0x27
    2d8e:	90 a5       	ldd	r25, Z+40	; 0x28
    2d90:	a1 a5       	ldd	r26, Z+41	; 0x29
    2d92:	b2 a5       	ldd	r27, Z+42	; 0x2a
    2d94:	29 81       	ldd	r18, Y+1	; 0x01
    2d96:	3a 81       	ldd	r19, Y+2	; 0x02
    2d98:	f9 01       	movw	r30, r18
    2d9a:	22 81       	ldd	r18, Z+2	; 0x02
    2d9c:	33 81       	ldd	r19, Z+3	; 0x03
    2d9e:	f9 01       	movw	r30, r18
    2da0:	04 80       	ldd	r0, Z+4	; 0x04
    2da2:	f5 81       	ldd	r31, Z+5	; 0x05
    2da4:	e0 2d       	mov	r30, r0
    2da6:	fc 83       	std	Y+4, r31	; 0x04
    2da8:	eb 83       	std	Y+3, r30	; 0x03
    2daa:	0f ef       	ldi	r16, 0xFF	; 255
    2dac:	9c 01       	movw	r18, r24
    2dae:	ad 01       	movw	r20, r26
    2db0:	61 e0       	ldi	r22, 0x01	; 1
    2db2:	8b 81       	ldd	r24, Y+3	; 0x03
    2db4:	9c 81       	ldd	r25, Y+4	; 0x04
    2db6:	0e 94 5c 07 	call	0xeb8	; 0xeb8 <_ZN5Motor4moveEbmh>
                m3_started = true;
    2dba:	89 81       	ldd	r24, Y+1	; 0x01
    2dbc:	9a 81       	ldd	r25, Y+2	; 0x02
    2dbe:	21 e0       	ldi	r18, 0x01	; 1
    2dc0:	fc 01       	movw	r30, r24
    2dc2:	25 83       	std	Z+5, r18	; 0x05
            }
        }
    2dc4:	00 00       	nop
    2dc6:	0f 90       	pop	r0
    2dc8:	0f 90       	pop	r0
    2dca:	0f 90       	pop	r0
    2dcc:	0f 90       	pop	r0
    2dce:	df 91       	pop	r29
    2dd0:	cf 91       	pop	r28
    2dd2:	1f 91       	pop	r17
    2dd4:	0f 91       	pop	r16
    2dd6:	ef 90       	pop	r14
    2dd8:	08 95       	ret

00002dda <_ZN16CalibrationState17check_transitionsEv>:
        
        States check_transitions() override {
    2dda:	cf 93       	push	r28
    2ddc:	df 93       	push	r29
    2dde:	cd b7       	in	r28, 0x3d	; 61
    2de0:	de b7       	in	r29, 0x3e	; 62
    2de2:	27 97       	sbiw	r28, 0x07	; 7
    2de4:	0f b6       	in	r0, 0x3f	; 63
    2de6:	f8 94       	cli
    2de8:	de bf       	out	0x3e, r29	; 62
    2dea:	0f be       	out	0x3f, r0	; 63
    2dec:	cd bf       	out	0x3d, r28	; 61
    2dee:	9f 83       	std	Y+7, r25	; 0x07
    2df0:	8e 83       	std	Y+6, r24	; 0x06
            bool m1_rdy = m1_at_up();
    2df2:	8e 81       	ldd	r24, Y+6	; 0x06
    2df4:	9f 81       	ldd	r25, Y+7	; 0x07
    2df6:	0e 94 5e 15 	call	0x2abc	; 0x2abc <_ZN16CalibrationState8m1_at_upEv>
    2dfa:	89 83       	std	Y+1, r24	; 0x01
            bool m2_rdy = status->m2->isAt(M2_POS_RIGHT);
    2dfc:	8e 81       	ldd	r24, Y+6	; 0x06
    2dfe:	9f 81       	ldd	r25, Y+7	; 0x07
    2e00:	fc 01       	movw	r30, r24
    2e02:	82 81       	ldd	r24, Z+2	; 0x02
    2e04:	93 81       	ldd	r25, Z+3	; 0x03
    2e06:	fc 01       	movw	r30, r24
    2e08:	82 81       	ldd	r24, Z+2	; 0x02
    2e0a:	93 81       	ldd	r25, Z+3	; 0x03
    2e0c:	63 e0       	ldi	r22, 0x03	; 3
    2e0e:	0e 94 00 0e 	call	0x1c00	; 0x1c00 <_ZN6Motor24isAtEN12LimitSwitch38PositionE>
    2e12:	8a 83       	std	Y+2, r24	; 0x02
            bool m3_rdy = status->m3->isAt(M3_SIDE_FORWARD);
    2e14:	8e 81       	ldd	r24, Y+6	; 0x06
    2e16:	9f 81       	ldd	r25, Y+7	; 0x07
    2e18:	fc 01       	movw	r30, r24
    2e1a:	82 81       	ldd	r24, Z+2	; 0x02
    2e1c:	93 81       	ldd	r25, Z+3	; 0x03
    2e1e:	fc 01       	movw	r30, r24
    2e20:	84 81       	ldd	r24, Z+4	; 0x04
    2e22:	95 81       	ldd	r25, Z+5	; 0x05
    2e24:	61 e0       	ldi	r22, 0x01	; 1
    2e26:	0e 94 a4 08 	call	0x1148	; 0x1148 <_ZN5Motor4isAtENS_4SideE>
    2e2a:	8b 83       	std	Y+3, r24	; 0x03
            bool m4_rdy = m4_at_open();
    2e2c:	8e 81       	ldd	r24, Y+6	; 0x06
    2e2e:	9f 81       	ldd	r25, Y+7	; 0x07
    2e30:	0e 94 89 15 	call	0x2b12	; 0x2b12 <_ZN16CalibrationState10m4_at_openEv>
    2e34:	8c 83       	std	Y+4, r24	; 0x04
            bool m5_rdy = status->m5->isAt(M5_SIDE_DOWN);
    2e36:	8e 81       	ldd	r24, Y+6	; 0x06
    2e38:	9f 81       	ldd	r25, Y+7	; 0x07
    2e3a:	fc 01       	movw	r30, r24
    2e3c:	82 81       	ldd	r24, Z+2	; 0x02
    2e3e:	93 81       	ldd	r25, Z+3	; 0x03
    2e40:	fc 01       	movw	r30, r24
    2e42:	80 85       	ldd	r24, Z+8	; 0x08
    2e44:	91 85       	ldd	r25, Z+9	; 0x09
    2e46:	62 e0       	ldi	r22, 0x02	; 2
    2e48:	0e 94 a4 08 	call	0x1148	; 0x1148 <_ZN5Motor4isAtENS_4SideE>
    2e4c:	8d 83       	std	Y+5, r24	; 0x05
    
            if (m1_rdy && m2_rdy && m3_rdy && m4_rdy && m5_rdy) {
    2e4e:	89 81       	ldd	r24, Y+1	; 0x01
    2e50:	88 23       	and	r24, r24
    2e52:	71 f0       	breq	.+28     	; 0x2e70 <_ZN16CalibrationState17check_transitionsEv+0x96>
    2e54:	8a 81       	ldd	r24, Y+2	; 0x02
    2e56:	88 23       	and	r24, r24
    2e58:	59 f0       	breq	.+22     	; 0x2e70 <_ZN16CalibrationState17check_transitionsEv+0x96>
    2e5a:	8b 81       	ldd	r24, Y+3	; 0x03
    2e5c:	88 23       	and	r24, r24
    2e5e:	41 f0       	breq	.+16     	; 0x2e70 <_ZN16CalibrationState17check_transitionsEv+0x96>
    2e60:	8c 81       	ldd	r24, Y+4	; 0x04
    2e62:	88 23       	and	r24, r24
    2e64:	29 f0       	breq	.+10     	; 0x2e70 <_ZN16CalibrationState17check_transitionsEv+0x96>
    2e66:	8d 81       	ldd	r24, Y+5	; 0x05
    2e68:	88 23       	and	r24, r24
    2e6a:	11 f0       	breq	.+4      	; 0x2e70 <_ZN16CalibrationState17check_transitionsEv+0x96>
                // Si todos los motores están en posición, pasa a Idle.
                return States::Idle;
    2e6c:	82 e0       	ldi	r24, 0x02	; 2
    2e6e:	01 c0       	rjmp	.+2      	; 0x2e72 <_ZN16CalibrationState17check_transitionsEv+0x98>
            }
            return States::NO_CHANGE;
    2e70:	8f ef       	ldi	r24, 0xFF	; 255
        }
    2e72:	27 96       	adiw	r28, 0x07	; 7
    2e74:	0f b6       	in	r0, 0x3f	; 63
    2e76:	f8 94       	cli
    2e78:	de bf       	out	0x3e, r29	; 62
    2e7a:	0f be       	out	0x3f, r0	; 63
    2e7c:	cd bf       	out	0x3d, r28	; 61
    2e7e:	df 91       	pop	r29
    2e80:	cf 91       	pop	r28
    2e82:	08 95       	ret

00002e84 <_ZN9IdleStateC1EP6Status>:
/*             IDLE             */
/* ============================ */

class IdleState : public StateActionBase {
    public:
        explicit IdleState(Status* s) : StateActionBase(s) {}
    2e84:	cf 93       	push	r28
    2e86:	df 93       	push	r29
    2e88:	00 d0       	rcall	.+0      	; 0x2e8a <_ZN9IdleStateC1EP6Status+0x6>
    2e8a:	00 d0       	rcall	.+0      	; 0x2e8c <_ZN9IdleStateC1EP6Status+0x8>
    2e8c:	cd b7       	in	r28, 0x3d	; 61
    2e8e:	de b7       	in	r29, 0x3e	; 62
    2e90:	9a 83       	std	Y+2, r25	; 0x02
    2e92:	89 83       	std	Y+1, r24	; 0x01
    2e94:	7c 83       	std	Y+4, r23	; 0x04
    2e96:	6b 83       	std	Y+3, r22	; 0x03
    2e98:	89 81       	ldd	r24, Y+1	; 0x01
    2e9a:	9a 81       	ldd	r25, Y+2	; 0x02
    2e9c:	2b 81       	ldd	r18, Y+3	; 0x03
    2e9e:	3c 81       	ldd	r19, Y+4	; 0x04
    2ea0:	b9 01       	movw	r22, r18
    2ea2:	0e 94 d6 13 	call	0x27ac	; 0x27ac <_ZN15StateActionBaseC1EP6Status>
    2ea6:	21 e6       	ldi	r18, 0x61	; 97
    2ea8:	32 e0       	ldi	r19, 0x02	; 2
    2eaa:	89 81       	ldd	r24, Y+1	; 0x01
    2eac:	9a 81       	ldd	r25, Y+2	; 0x02
    2eae:	fc 01       	movw	r30, r24
    2eb0:	31 83       	std	Z+1, r19	; 0x01
    2eb2:	20 83       	st	Z, r18
    2eb4:	00 00       	nop
    2eb6:	0f 90       	pop	r0
    2eb8:	0f 90       	pop	r0
    2eba:	0f 90       	pop	r0
    2ebc:	0f 90       	pop	r0
    2ebe:	df 91       	pop	r29
    2ec0:	cf 91       	pop	r28
    2ec2:	08 95       	ret

00002ec4 <_ZN9IdleState5entryEv>:
            
        void entry() override {
    2ec4:	cf 93       	push	r28
    2ec6:	df 93       	push	r29
    2ec8:	00 d0       	rcall	.+0      	; 0x2eca <_ZN9IdleState5entryEv+0x6>
    2eca:	cd b7       	in	r28, 0x3d	; 61
    2ecc:	de b7       	in	r29, 0x3e	; 62
    2ece:	9a 83       	std	Y+2, r25	; 0x02
    2ed0:	89 83       	std	Y+1, r24	; 0x01
            status->sw6->consumeClick(); // Limpiar cualquier click residual
    2ed2:	89 81       	ldd	r24, Y+1	; 0x01
    2ed4:	9a 81       	ldd	r25, Y+2	; 0x02
    2ed6:	fc 01       	movw	r30, r24
    2ed8:	82 81       	ldd	r24, Z+2	; 0x02
    2eda:	93 81       	ldd	r25, Z+3	; 0x03
    2edc:	fc 01       	movw	r30, r24
    2ede:	84 89       	ldd	r24, Z+20	; 0x14
    2ee0:	95 89       	ldd	r25, Z+21	; 0x15
    2ee2:	0e 94 67 11 	call	0x22ce	; 0x22ce <_ZN10SwitchUser12consumeClickEv>
            status->led->on();
    2ee6:	89 81       	ldd	r24, Y+1	; 0x01
    2ee8:	9a 81       	ldd	r25, Y+2	; 0x02
    2eea:	fc 01       	movw	r30, r24
    2eec:	82 81       	ldd	r24, Z+2	; 0x02
    2eee:	93 81       	ldd	r25, Z+3	; 0x03
    2ef0:	fc 01       	movw	r30, r24
    2ef2:	86 89       	ldd	r24, Z+22	; 0x16
    2ef4:	97 89       	ldd	r25, Z+23	; 0x17
    2ef6:	0e 94 08 04 	call	0x810	; 0x810 <_ZN3Led2onEv>
			status->is_last_turn = false;
    2efa:	89 81       	ldd	r24, Y+1	; 0x01
    2efc:	9a 81       	ldd	r25, Y+2	; 0x02
    2efe:	fc 01       	movw	r30, r24
    2f00:	82 81       	ldd	r24, Z+2	; 0x02
    2f02:	93 81       	ldd	r25, Z+3	; 0x03
    2f04:	fc 01       	movw	r30, r24
    2f06:	17 8e       	std	Z+31, r1	; 0x1f
			status->is_last_turn_executed = false;
    2f08:	89 81       	ldd	r24, Y+1	; 0x01
    2f0a:	9a 81       	ldd	r25, Y+2	; 0x02
    2f0c:	fc 01       	movw	r30, r24
    2f0e:	82 81       	ldd	r24, Z+2	; 0x02
    2f10:	93 81       	ldd	r25, Z+3	; 0x03
    2f12:	fc 01       	movw	r30, r24
    2f14:	10 a2       	std	Z+32, r1	; 0x20
            status->game_running = false;
    2f16:	89 81       	ldd	r24, Y+1	; 0x01
    2f18:	9a 81       	ldd	r25, Y+2	; 0x02
    2f1a:	fc 01       	movw	r30, r24
    2f1c:	82 81       	ldd	r24, Z+2	; 0x02
    2f1e:	93 81       	ldd	r25, Z+3	; 0x03
    2f20:	fc 01       	movw	r30, r24
    2f22:	11 a2       	std	Z+33, r1	; 0x21
        }
    2f24:	00 00       	nop
    2f26:	0f 90       	pop	r0
    2f28:	0f 90       	pop	r0
    2f2a:	df 91       	pop	r29
    2f2c:	cf 91       	pop	r28
    2f2e:	08 95       	ret

00002f30 <_ZN9IdleState17check_transitionsEv>:
        
        States check_transitions() override {
    2f30:	cf 93       	push	r28
    2f32:	df 93       	push	r29
    2f34:	00 d0       	rcall	.+0      	; 0x2f36 <_ZN9IdleState17check_transitionsEv+0x6>
    2f36:	cd b7       	in	r28, 0x3d	; 61
    2f38:	de b7       	in	r29, 0x3e	; 62
    2f3a:	9a 83       	std	Y+2, r25	; 0x02
    2f3c:	89 83       	std	Y+1, r24	; 0x01
            if (status->sw6->consumeClick()) {
    2f3e:	89 81       	ldd	r24, Y+1	; 0x01
    2f40:	9a 81       	ldd	r25, Y+2	; 0x02
    2f42:	fc 01       	movw	r30, r24
    2f44:	82 81       	ldd	r24, Z+2	; 0x02
    2f46:	93 81       	ldd	r25, Z+3	; 0x03
    2f48:	fc 01       	movw	r30, r24
    2f4a:	84 89       	ldd	r24, Z+20	; 0x14
    2f4c:	95 89       	ldd	r25, Z+21	; 0x15
    2f4e:	0e 94 67 11 	call	0x22ce	; 0x22ce <_ZN10SwitchUser12consumeClickEv>
    2f52:	88 23       	and	r24, r24
    2f54:	11 f0       	breq	.+4      	; 0x2f5a <_ZN9IdleState17check_transitionsEv+0x2a>
                // Si se pulsa el botón de usuario inicia nueva partida, pasa a Carga.
                return States::Carga;
    2f56:	83 e0       	ldi	r24, 0x03	; 3
    2f58:	01 c0       	rjmp	.+2      	; 0x2f5c <_ZN9IdleState17check_transitionsEv+0x2c>
            }
            return States::NO_CHANGE;
    2f5a:	8f ef       	ldi	r24, 0xFF	; 255
        }
    2f5c:	0f 90       	pop	r0
    2f5e:	0f 90       	pop	r0
    2f60:	df 91       	pop	r29
    2f62:	cf 91       	pop	r28
    2f64:	08 95       	ret

00002f66 <_ZN9IdleState4exitEv>:
        
        void exit() override {
    2f66:	cf 93       	push	r28
    2f68:	df 93       	push	r29
    2f6a:	00 d0       	rcall	.+0      	; 0x2f6c <_ZN9IdleState4exitEv+0x6>
    2f6c:	cd b7       	in	r28, 0x3d	; 61
    2f6e:	de b7       	in	r29, 0x3e	; 62
    2f70:	9a 83       	std	Y+2, r25	; 0x02
    2f72:	89 83       	std	Y+1, r24	; 0x01
            // Al salir de Idle, resetear todas las variables del juego (nueva partida).
            status->score = 0;
    2f74:	89 81       	ldd	r24, Y+1	; 0x01
    2f76:	9a 81       	ldd	r25, Y+2	; 0x02
    2f78:	fc 01       	movw	r30, r24
    2f7a:	82 81       	ldd	r24, Z+2	; 0x02
    2f7c:	93 81       	ldd	r25, Z+3	; 0x03
    2f7e:	fc 01       	movw	r30, r24
    2f80:	16 8e       	std	Z+30, r1	; 0x1e
            status->display->setScore(status->score);
    2f82:	89 81       	ldd	r24, Y+1	; 0x01
    2f84:	9a 81       	ldd	r25, Y+2	; 0x02
    2f86:	fc 01       	movw	r30, r24
    2f88:	82 81       	ldd	r24, Z+2	; 0x02
    2f8a:	93 81       	ldd	r25, Z+3	; 0x03
    2f8c:	fc 01       	movw	r30, r24
    2f8e:	26 8d       	ldd	r18, Z+30	; 0x1e
    2f90:	89 81       	ldd	r24, Y+1	; 0x01
    2f92:	9a 81       	ldd	r25, Y+2	; 0x02
    2f94:	fc 01       	movw	r30, r24
    2f96:	82 81       	ldd	r24, Z+2	; 0x02
    2f98:	93 81       	ldd	r25, Z+3	; 0x03
    2f9a:	fc 01       	movw	r30, r24
    2f9c:	80 8d       	ldd	r24, Z+24	; 0x18
    2f9e:	91 8d       	ldd	r25, Z+25	; 0x19
    2fa0:	62 2f       	mov	r22, r18
    2fa2:	0e 94 9d 02 	call	0x53a	; 0x53a <_ZN7Display8setScoreEh>
            status->game_start_time = status->current_time;
    2fa6:	89 81       	ldd	r24, Y+1	; 0x01
    2fa8:	9a 81       	ldd	r25, Y+2	; 0x02
    2faa:	fc 01       	movw	r30, r24
    2fac:	22 81       	ldd	r18, Z+2	; 0x02
    2fae:	33 81       	ldd	r19, Z+3	; 0x03
    2fb0:	89 81       	ldd	r24, Y+1	; 0x01
    2fb2:	9a 81       	ldd	r25, Y+2	; 0x02
    2fb4:	fc 01       	movw	r30, r24
    2fb6:	82 81       	ldd	r24, Z+2	; 0x02
    2fb8:	93 81       	ldd	r25, Z+3	; 0x03
    2fba:	fc 01       	movw	r30, r24
    2fbc:	87 a1       	ldd	r24, Z+39	; 0x27
    2fbe:	90 a5       	ldd	r25, Z+40	; 0x28
    2fc0:	a1 a5       	ldd	r26, Z+41	; 0x29
    2fc2:	b2 a5       	ldd	r27, Z+42	; 0x2a
    2fc4:	f9 01       	movw	r30, r18
    2fc6:	83 a3       	std	Z+35, r24	; 0x23
    2fc8:	94 a3       	std	Z+36, r25	; 0x24
    2fca:	a5 a3       	std	Z+37, r26	; 0x25
    2fcc:	b6 a3       	std	Z+38, r27	; 0x26
            status->is_last_turn = false;
    2fce:	89 81       	ldd	r24, Y+1	; 0x01
    2fd0:	9a 81       	ldd	r25, Y+2	; 0x02
    2fd2:	fc 01       	movw	r30, r24
    2fd4:	82 81       	ldd	r24, Z+2	; 0x02
    2fd6:	93 81       	ldd	r25, Z+3	; 0x03
    2fd8:	fc 01       	movw	r30, r24
    2fda:	17 8e       	std	Z+31, r1	; 0x1f
			status->is_last_turn_executed = false;
    2fdc:	89 81       	ldd	r24, Y+1	; 0x01
    2fde:	9a 81       	ldd	r25, Y+2	; 0x02
    2fe0:	fc 01       	movw	r30, r24
    2fe2:	82 81       	ldd	r24, Z+2	; 0x02
    2fe4:	93 81       	ldd	r25, Z+3	; 0x03
    2fe6:	fc 01       	movw	r30, r24
    2fe8:	10 a2       	std	Z+32, r1	; 0x20
            status->game_running = true;
    2fea:	89 81       	ldd	r24, Y+1	; 0x01
    2fec:	9a 81       	ldd	r25, Y+2	; 0x02
    2fee:	fc 01       	movw	r30, r24
    2ff0:	82 81       	ldd	r24, Z+2	; 0x02
    2ff2:	93 81       	ldd	r25, Z+3	; 0x03
    2ff4:	21 e0       	ldi	r18, 0x01	; 1
    2ff6:	fc 01       	movw	r30, r24
    2ff8:	21 a3       	std	Z+33, r18	; 0x21
            status->pinsManager->reset();
    2ffa:	89 81       	ldd	r24, Y+1	; 0x01
    2ffc:	9a 81       	ldd	r25, Y+2	; 0x02
    2ffe:	fc 01       	movw	r30, r24
    3000:	82 81       	ldd	r24, Z+2	; 0x02
    3002:	93 81       	ldd	r25, Z+3	; 0x03
    3004:	fc 01       	movw	r30, r24
    3006:	82 8d       	ldd	r24, Z+26	; 0x1a
    3008:	93 8d       	ldd	r25, Z+27	; 0x1b
    300a:	0e 94 ed 0f 	call	0x1fda	; 0x1fda <_ZN11PinsManager5resetEv>
            status->led->off();
    300e:	89 81       	ldd	r24, Y+1	; 0x01
    3010:	9a 81       	ldd	r25, Y+2	; 0x02
    3012:	fc 01       	movw	r30, r24
    3014:	82 81       	ldd	r24, Z+2	; 0x02
    3016:	93 81       	ldd	r25, Z+3	; 0x03
    3018:	fc 01       	movw	r30, r24
    301a:	86 89       	ldd	r24, Z+22	; 0x16
    301c:	97 89       	ldd	r25, Z+23	; 0x17
    301e:	0e 94 2d 04 	call	0x85a	; 0x85a <_ZN3Led3offEv>
        }
    3022:	00 00       	nop
    3024:	0f 90       	pop	r0
    3026:	0f 90       	pop	r0
    3028:	df 91       	pop	r29
    302a:	cf 91       	pop	r28
    302c:	08 95       	ret

0000302e <_ZN10CargaStateC1EP6Status>:
    private:
        uint8_t step_m12 = 0;   // Paso dentro de la secuencia de M1-M2
        uint8_t step_m34 = 0;   // Paso dentro de la secuencia de M3-M4
        uint32_t timer_m1 = 0;
    public:
        explicit CargaState(Status* s) : StateActionBase(s) {}
    302e:	cf 93       	push	r28
    3030:	df 93       	push	r29
    3032:	00 d0       	rcall	.+0      	; 0x3034 <_ZN10CargaStateC1EP6Status+0x6>
    3034:	00 d0       	rcall	.+0      	; 0x3036 <_ZN10CargaStateC1EP6Status+0x8>
    3036:	cd b7       	in	r28, 0x3d	; 61
    3038:	de b7       	in	r29, 0x3e	; 62
    303a:	9a 83       	std	Y+2, r25	; 0x02
    303c:	89 83       	std	Y+1, r24	; 0x01
    303e:	7c 83       	std	Y+4, r23	; 0x04
    3040:	6b 83       	std	Y+3, r22	; 0x03
    3042:	89 81       	ldd	r24, Y+1	; 0x01
    3044:	9a 81       	ldd	r25, Y+2	; 0x02
    3046:	2b 81       	ldd	r18, Y+3	; 0x03
    3048:	3c 81       	ldd	r19, Y+4	; 0x04
    304a:	b9 01       	movw	r22, r18
    304c:	0e 94 d6 13 	call	0x27ac	; 0x27ac <_ZN15StateActionBaseC1EP6Status>
    3050:	25 e5       	ldi	r18, 0x55	; 85
    3052:	32 e0       	ldi	r19, 0x02	; 2
    3054:	89 81       	ldd	r24, Y+1	; 0x01
    3056:	9a 81       	ldd	r25, Y+2	; 0x02
    3058:	fc 01       	movw	r30, r24
    305a:	31 83       	std	Z+1, r19	; 0x01
    305c:	20 83       	st	Z, r18
    305e:	89 81       	ldd	r24, Y+1	; 0x01
    3060:	9a 81       	ldd	r25, Y+2	; 0x02
    3062:	fc 01       	movw	r30, r24
    3064:	14 82       	std	Z+4, r1	; 0x04
    3066:	89 81       	ldd	r24, Y+1	; 0x01
    3068:	9a 81       	ldd	r25, Y+2	; 0x02
    306a:	fc 01       	movw	r30, r24
    306c:	15 82       	std	Z+5, r1	; 0x05
    306e:	89 81       	ldd	r24, Y+1	; 0x01
    3070:	9a 81       	ldd	r25, Y+2	; 0x02
    3072:	fc 01       	movw	r30, r24
    3074:	16 82       	std	Z+6, r1	; 0x06
    3076:	17 82       	std	Z+7, r1	; 0x07
    3078:	10 86       	std	Z+8, r1	; 0x08
    307a:	11 86       	std	Z+9, r1	; 0x09
    307c:	00 00       	nop
    307e:	0f 90       	pop	r0
    3080:	0f 90       	pop	r0
    3082:	0f 90       	pop	r0
    3084:	0f 90       	pop	r0
    3086:	df 91       	pop	r29
    3088:	cf 91       	pop	r28
    308a:	08 95       	ret

0000308c <_ZN10CargaState5entryEv>:

        void entry() override {
    308c:	0f 93       	push	r16
    308e:	cf 93       	push	r28
    3090:	df 93       	push	r29
    3092:	00 d0       	rcall	.+0      	; 0x3094 <_ZN10CargaState5entryEv+0x8>
    3094:	00 d0       	rcall	.+0      	; 0x3096 <_ZN10CargaState5entryEv+0xa>
    3096:	cd b7       	in	r28, 0x3d	; 61
    3098:	de b7       	in	r29, 0x3e	; 62
    309a:	9a 83       	std	Y+2, r25	; 0x02
    309c:	89 83       	std	Y+1, r24	; 0x01
            step_m12 = 0;
    309e:	89 81       	ldd	r24, Y+1	; 0x01
    30a0:	9a 81       	ldd	r25, Y+2	; 0x02
    30a2:	fc 01       	movw	r30, r24
    30a4:	14 82       	std	Z+4, r1	; 0x04
            timer_m1 = 0;
    30a6:	89 81       	ldd	r24, Y+1	; 0x01
    30a8:	9a 81       	ldd	r25, Y+2	; 0x02
    30aa:	fc 01       	movw	r30, r24
    30ac:	16 82       	std	Z+6, r1	; 0x06
    30ae:	17 82       	std	Z+7, r1	; 0x07
    30b0:	10 86       	std	Z+8, r1	; 0x08
    30b2:	11 86       	std	Z+9, r1	; 0x09
            
            if (status->is_armed) {
    30b4:	89 81       	ldd	r24, Y+1	; 0x01
    30b6:	9a 81       	ldd	r25, Y+2	; 0x02
    30b8:	fc 01       	movw	r30, r24
    30ba:	82 81       	ldd	r24, Z+2	; 0x02
    30bc:	93 81       	ldd	r25, Z+3	; 0x03
    30be:	fc 01       	movw	r30, r24
    30c0:	82 a1       	ldd	r24, Z+34	; 0x22
    30c2:	88 23       	and	r24, r24
    30c4:	19 f1       	breq	.+70     	; 0x310c <_ZN10CargaState5entryEv+0x80>
                step_m34 = 4;
    30c6:	89 81       	ldd	r24, Y+1	; 0x01
    30c8:	9a 81       	ldd	r25, Y+2	; 0x02
    30ca:	24 e0       	ldi	r18, 0x04	; 4
    30cc:	fc 01       	movw	r30, r24
    30ce:	25 83       	std	Z+5, r18	; 0x05
                status->m1->move(M1_DIR_UP, status->current_time);
    30d0:	89 81       	ldd	r24, Y+1	; 0x01
    30d2:	9a 81       	ldd	r25, Y+2	; 0x02
    30d4:	fc 01       	movw	r30, r24
    30d6:	82 81       	ldd	r24, Z+2	; 0x02
    30d8:	93 81       	ldd	r25, Z+3	; 0x03
    30da:	fc 01       	movw	r30, r24
    30dc:	87 a1       	ldd	r24, Z+39	; 0x27
    30de:	90 a5       	ldd	r25, Z+40	; 0x28
    30e0:	a1 a5       	ldd	r26, Z+41	; 0x29
    30e2:	b2 a5       	ldd	r27, Z+42	; 0x2a
    30e4:	29 81       	ldd	r18, Y+1	; 0x01
    30e6:	3a 81       	ldd	r19, Y+2	; 0x02
    30e8:	f9 01       	movw	r30, r18
    30ea:	22 81       	ldd	r18, Z+2	; 0x02
    30ec:	33 81       	ldd	r19, Z+3	; 0x03
    30ee:	f9 01       	movw	r30, r18
    30f0:	01 90       	ld	r0, Z+
    30f2:	f0 81       	ld	r31, Z
    30f4:	e0 2d       	mov	r30, r0
    30f6:	fc 83       	std	Y+4, r31	; 0x04
    30f8:	eb 83       	std	Y+3, r30	; 0x03
    30fa:	0c ec       	ldi	r16, 0xCC	; 204
    30fc:	9c 01       	movw	r18, r24
    30fe:	ad 01       	movw	r20, r26
    3100:	61 e0       	ldi	r22, 0x01	; 1
    3102:	8b 81       	ldd	r24, Y+3	; 0x03
    3104:	9c 81       	ldd	r25, Y+4	; 0x04
    3106:	0e 94 5c 07 	call	0xeb8	; 0xeb8 <_ZN5Motor4moveEbmh>
            } else {
                step_m34 = 0;
                status->m4->move(M4_DIR_OPEN, status->current_time);
            }
        }
    310a:	21 c0       	rjmp	.+66     	; 0x314e <_ZN10CargaState5entryEv+0xc2>
            
            if (status->is_armed) {
                step_m34 = 4;
                status->m1->move(M1_DIR_UP, status->current_time);
            } else {
                step_m34 = 0;
    310c:	89 81       	ldd	r24, Y+1	; 0x01
    310e:	9a 81       	ldd	r25, Y+2	; 0x02
    3110:	fc 01       	movw	r30, r24
    3112:	15 82       	std	Z+5, r1	; 0x05
                status->m4->move(M4_DIR_OPEN, status->current_time);
    3114:	89 81       	ldd	r24, Y+1	; 0x01
    3116:	9a 81       	ldd	r25, Y+2	; 0x02
    3118:	fc 01       	movw	r30, r24
    311a:	82 81       	ldd	r24, Z+2	; 0x02
    311c:	93 81       	ldd	r25, Z+3	; 0x03
    311e:	fc 01       	movw	r30, r24
    3120:	87 a1       	ldd	r24, Z+39	; 0x27
    3122:	90 a5       	ldd	r25, Z+40	; 0x28
    3124:	a1 a5       	ldd	r26, Z+41	; 0x29
    3126:	b2 a5       	ldd	r27, Z+42	; 0x2a
    3128:	29 81       	ldd	r18, Y+1	; 0x01
    312a:	3a 81       	ldd	r19, Y+2	; 0x02
    312c:	f9 01       	movw	r30, r18
    312e:	22 81       	ldd	r18, Z+2	; 0x02
    3130:	33 81       	ldd	r19, Z+3	; 0x03
    3132:	f9 01       	movw	r30, r18
    3134:	06 80       	ldd	r0, Z+6	; 0x06
    3136:	f7 81       	ldd	r31, Z+7	; 0x07
    3138:	e0 2d       	mov	r30, r0
    313a:	fc 83       	std	Y+4, r31	; 0x04
    313c:	eb 83       	std	Y+3, r30	; 0x03
    313e:	0c ec       	ldi	r16, 0xCC	; 204
    3140:	9c 01       	movw	r18, r24
    3142:	ad 01       	movw	r20, r26
    3144:	60 e0       	ldi	r22, 0x00	; 0
    3146:	8b 81       	ldd	r24, Y+3	; 0x03
    3148:	9c 81       	ldd	r25, Y+4	; 0x04
    314a:	0e 94 5c 07 	call	0xeb8	; 0xeb8 <_ZN5Motor4moveEbmh>
            }
        }
    314e:	00 00       	nop
    3150:	0f 90       	pop	r0
    3152:	0f 90       	pop	r0
    3154:	0f 90       	pop	r0
    3156:	0f 90       	pop	r0
    3158:	df 91       	pop	r29
    315a:	cf 91       	pop	r28
    315c:	0f 91       	pop	r16
    315e:	08 95       	ret

00003160 <_ZN10CargaState3runEv>:
                
        void run() override {
    3160:	ef 92       	push	r14
    3162:	ff 92       	push	r15
    3164:	0f 93       	push	r16
    3166:	1f 93       	push	r17
    3168:	cf 93       	push	r28
    316a:	df 93       	push	r29
    316c:	00 d0       	rcall	.+0      	; 0x316e <_ZN10CargaState3runEv+0xe>
    316e:	00 d0       	rcall	.+0      	; 0x3170 <_ZN10CargaState3runEv+0x10>
    3170:	cd b7       	in	r28, 0x3d	; 61
    3172:	de b7       	in	r29, 0x3e	; 62
    3174:	9a 83       	std	Y+2, r25	; 0x02
    3176:	89 83       	std	Y+1, r24	; 0x01
            // Secuencia de M3-M4
            if (step_m34 == 0 && status->m4->isAt(M4_SIDE_OPEN)) {
    3178:	89 81       	ldd	r24, Y+1	; 0x01
    317a:	9a 81       	ldd	r25, Y+2	; 0x02
    317c:	fc 01       	movw	r30, r24
    317e:	85 81       	ldd	r24, Z+5	; 0x05
    3180:	88 23       	and	r24, r24
    3182:	79 f4       	brne	.+30     	; 0x31a2 <_ZN10CargaState3runEv+0x42>
    3184:	89 81       	ldd	r24, Y+1	; 0x01
    3186:	9a 81       	ldd	r25, Y+2	; 0x02
    3188:	fc 01       	movw	r30, r24
    318a:	82 81       	ldd	r24, Z+2	; 0x02
    318c:	93 81       	ldd	r25, Z+3	; 0x03
    318e:	fc 01       	movw	r30, r24
    3190:	86 81       	ldd	r24, Z+6	; 0x06
    3192:	97 81       	ldd	r25, Z+7	; 0x07
    3194:	62 e0       	ldi	r22, 0x02	; 2
    3196:	0e 94 a4 08 	call	0x1148	; 0x1148 <_ZN5Motor4isAtENS_4SideE>
    319a:	88 23       	and	r24, r24
    319c:	11 f0       	breq	.+4      	; 0x31a2 <_ZN10CargaState3runEv+0x42>
    319e:	81 e0       	ldi	r24, 0x01	; 1
    31a0:	01 c0       	rjmp	.+2      	; 0x31a4 <_ZN10CargaState3runEv+0x44>
    31a2:	80 e0       	ldi	r24, 0x00	; 0
    31a4:	88 23       	and	r24, r24
    31a6:	19 f1       	breq	.+70     	; 0x31ee <_ZN10CargaState3runEv+0x8e>
                status->m3->move(M3_DIR_FORWARD, status->current_time, 255);
    31a8:	89 81       	ldd	r24, Y+1	; 0x01
    31aa:	9a 81       	ldd	r25, Y+2	; 0x02
    31ac:	fc 01       	movw	r30, r24
    31ae:	82 81       	ldd	r24, Z+2	; 0x02
    31b0:	93 81       	ldd	r25, Z+3	; 0x03
    31b2:	fc 01       	movw	r30, r24
    31b4:	87 a1       	ldd	r24, Z+39	; 0x27
    31b6:	90 a5       	ldd	r25, Z+40	; 0x28
    31b8:	a1 a5       	ldd	r26, Z+41	; 0x29
    31ba:	b2 a5       	ldd	r27, Z+42	; 0x2a
    31bc:	29 81       	ldd	r18, Y+1	; 0x01
    31be:	3a 81       	ldd	r19, Y+2	; 0x02
    31c0:	f9 01       	movw	r30, r18
    31c2:	22 81       	ldd	r18, Z+2	; 0x02
    31c4:	33 81       	ldd	r19, Z+3	; 0x03
    31c6:	f9 01       	movw	r30, r18
    31c8:	04 80       	ldd	r0, Z+4	; 0x04
    31ca:	f5 81       	ldd	r31, Z+5	; 0x05
    31cc:	e0 2d       	mov	r30, r0
    31ce:	fc 83       	std	Y+4, r31	; 0x04
    31d0:	eb 83       	std	Y+3, r30	; 0x03
    31d2:	0f ef       	ldi	r16, 0xFF	; 255
    31d4:	9c 01       	movw	r18, r24
    31d6:	ad 01       	movw	r20, r26
    31d8:	61 e0       	ldi	r22, 0x01	; 1
    31da:	8b 81       	ldd	r24, Y+3	; 0x03
    31dc:	9c 81       	ldd	r25, Y+4	; 0x04
    31de:	0e 94 5c 07 	call	0xeb8	; 0xeb8 <_ZN5Motor4moveEbmh>
                step_m34 = 1;
    31e2:	89 81       	ldd	r24, Y+1	; 0x01
    31e4:	9a 81       	ldd	r25, Y+2	; 0x02
    31e6:	21 e0       	ldi	r18, 0x01	; 1
    31e8:	fc 01       	movw	r30, r24
    31ea:	25 83       	std	Z+5, r18	; 0x05
    31ec:	b8 c0       	rjmp	.+368    	; 0x335e <_ZN10CargaState3runEv+0x1fe>
            }
            else if (step_m34 == 1 && status->m3->isAt(M3_SIDE_FORWARD)) {
    31ee:	89 81       	ldd	r24, Y+1	; 0x01
    31f0:	9a 81       	ldd	r25, Y+2	; 0x02
    31f2:	fc 01       	movw	r30, r24
    31f4:	85 81       	ldd	r24, Z+5	; 0x05
    31f6:	81 30       	cpi	r24, 0x01	; 1
    31f8:	79 f4       	brne	.+30     	; 0x3218 <_ZN10CargaState3runEv+0xb8>
    31fa:	89 81       	ldd	r24, Y+1	; 0x01
    31fc:	9a 81       	ldd	r25, Y+2	; 0x02
    31fe:	fc 01       	movw	r30, r24
    3200:	82 81       	ldd	r24, Z+2	; 0x02
    3202:	93 81       	ldd	r25, Z+3	; 0x03
    3204:	fc 01       	movw	r30, r24
    3206:	84 81       	ldd	r24, Z+4	; 0x04
    3208:	95 81       	ldd	r25, Z+5	; 0x05
    320a:	61 e0       	ldi	r22, 0x01	; 1
    320c:	0e 94 a4 08 	call	0x1148	; 0x1148 <_ZN5Motor4isAtENS_4SideE>
    3210:	88 23       	and	r24, r24
    3212:	11 f0       	breq	.+4      	; 0x3218 <_ZN10CargaState3runEv+0xb8>
    3214:	81 e0       	ldi	r24, 0x01	; 1
    3216:	01 c0       	rjmp	.+2      	; 0x321a <_ZN10CargaState3runEv+0xba>
    3218:	80 e0       	ldi	r24, 0x00	; 0
    321a:	88 23       	and	r24, r24
    321c:	19 f1       	breq	.+70     	; 0x3264 <_ZN10CargaState3runEv+0x104>
                status->m4->move(M4_DIR_CLOSE, status->current_time);
    321e:	89 81       	ldd	r24, Y+1	; 0x01
    3220:	9a 81       	ldd	r25, Y+2	; 0x02
    3222:	fc 01       	movw	r30, r24
    3224:	82 81       	ldd	r24, Z+2	; 0x02
    3226:	93 81       	ldd	r25, Z+3	; 0x03
    3228:	fc 01       	movw	r30, r24
    322a:	87 a1       	ldd	r24, Z+39	; 0x27
    322c:	90 a5       	ldd	r25, Z+40	; 0x28
    322e:	a1 a5       	ldd	r26, Z+41	; 0x29
    3230:	b2 a5       	ldd	r27, Z+42	; 0x2a
    3232:	29 81       	ldd	r18, Y+1	; 0x01
    3234:	3a 81       	ldd	r19, Y+2	; 0x02
    3236:	f9 01       	movw	r30, r18
    3238:	22 81       	ldd	r18, Z+2	; 0x02
    323a:	33 81       	ldd	r19, Z+3	; 0x03
    323c:	f9 01       	movw	r30, r18
    323e:	06 80       	ldd	r0, Z+6	; 0x06
    3240:	f7 81       	ldd	r31, Z+7	; 0x07
    3242:	e0 2d       	mov	r30, r0
    3244:	fc 83       	std	Y+4, r31	; 0x04
    3246:	eb 83       	std	Y+3, r30	; 0x03
    3248:	0c ec       	ldi	r16, 0xCC	; 204
    324a:	9c 01       	movw	r18, r24
    324c:	ad 01       	movw	r20, r26
    324e:	61 e0       	ldi	r22, 0x01	; 1
    3250:	8b 81       	ldd	r24, Y+3	; 0x03
    3252:	9c 81       	ldd	r25, Y+4	; 0x04
    3254:	0e 94 5c 07 	call	0xeb8	; 0xeb8 <_ZN5Motor4moveEbmh>
                step_m34 = 2;
    3258:	89 81       	ldd	r24, Y+1	; 0x01
    325a:	9a 81       	ldd	r25, Y+2	; 0x02
    325c:	22 e0       	ldi	r18, 0x02	; 2
    325e:	fc 01       	movw	r30, r24
    3260:	25 83       	std	Z+5, r18	; 0x05
    3262:	7d c0       	rjmp	.+250    	; 0x335e <_ZN10CargaState3runEv+0x1fe>
            }
            else if (step_m34 == 2 && status->m4->isAt(M4_SIDE_CLOSE)) {
    3264:	89 81       	ldd	r24, Y+1	; 0x01
    3266:	9a 81       	ldd	r25, Y+2	; 0x02
    3268:	fc 01       	movw	r30, r24
    326a:	85 81       	ldd	r24, Z+5	; 0x05
    326c:	82 30       	cpi	r24, 0x02	; 2
    326e:	79 f4       	brne	.+30     	; 0x328e <_ZN10CargaState3runEv+0x12e>
    3270:	89 81       	ldd	r24, Y+1	; 0x01
    3272:	9a 81       	ldd	r25, Y+2	; 0x02
    3274:	fc 01       	movw	r30, r24
    3276:	82 81       	ldd	r24, Z+2	; 0x02
    3278:	93 81       	ldd	r25, Z+3	; 0x03
    327a:	fc 01       	movw	r30, r24
    327c:	86 81       	ldd	r24, Z+6	; 0x06
    327e:	97 81       	ldd	r25, Z+7	; 0x07
    3280:	61 e0       	ldi	r22, 0x01	; 1
    3282:	0e 94 a4 08 	call	0x1148	; 0x1148 <_ZN5Motor4isAtENS_4SideE>
    3286:	88 23       	and	r24, r24
    3288:	11 f0       	breq	.+4      	; 0x328e <_ZN10CargaState3runEv+0x12e>
    328a:	81 e0       	ldi	r24, 0x01	; 1
    328c:	01 c0       	rjmp	.+2      	; 0x3290 <_ZN10CargaState3runEv+0x130>
    328e:	80 e0       	ldi	r24, 0x00	; 0
    3290:	88 23       	and	r24, r24
    3292:	19 f1       	breq	.+70     	; 0x32da <_ZN10CargaState3runEv+0x17a>
                status->m3->move(M3_DIR_BACKWARD, status->current_time, 255);
    3294:	89 81       	ldd	r24, Y+1	; 0x01
    3296:	9a 81       	ldd	r25, Y+2	; 0x02
    3298:	fc 01       	movw	r30, r24
    329a:	82 81       	ldd	r24, Z+2	; 0x02
    329c:	93 81       	ldd	r25, Z+3	; 0x03
    329e:	fc 01       	movw	r30, r24
    32a0:	87 a1       	ldd	r24, Z+39	; 0x27
    32a2:	90 a5       	ldd	r25, Z+40	; 0x28
    32a4:	a1 a5       	ldd	r26, Z+41	; 0x29
    32a6:	b2 a5       	ldd	r27, Z+42	; 0x2a
    32a8:	29 81       	ldd	r18, Y+1	; 0x01
    32aa:	3a 81       	ldd	r19, Y+2	; 0x02
    32ac:	f9 01       	movw	r30, r18
    32ae:	22 81       	ldd	r18, Z+2	; 0x02
    32b0:	33 81       	ldd	r19, Z+3	; 0x03
    32b2:	f9 01       	movw	r30, r18
    32b4:	04 80       	ldd	r0, Z+4	; 0x04
    32b6:	f5 81       	ldd	r31, Z+5	; 0x05
    32b8:	e0 2d       	mov	r30, r0
    32ba:	fc 83       	std	Y+4, r31	; 0x04
    32bc:	eb 83       	std	Y+3, r30	; 0x03
    32be:	0f ef       	ldi	r16, 0xFF	; 255
    32c0:	9c 01       	movw	r18, r24
    32c2:	ad 01       	movw	r20, r26
    32c4:	60 e0       	ldi	r22, 0x00	; 0
    32c6:	8b 81       	ldd	r24, Y+3	; 0x03
    32c8:	9c 81       	ldd	r25, Y+4	; 0x04
    32ca:	0e 94 5c 07 	call	0xeb8	; 0xeb8 <_ZN5Motor4moveEbmh>
                step_m34 = 3;
    32ce:	89 81       	ldd	r24, Y+1	; 0x01
    32d0:	9a 81       	ldd	r25, Y+2	; 0x02
    32d2:	23 e0       	ldi	r18, 0x03	; 3
    32d4:	fc 01       	movw	r30, r24
    32d6:	25 83       	std	Z+5, r18	; 0x05
    32d8:	42 c0       	rjmp	.+132    	; 0x335e <_ZN10CargaState3runEv+0x1fe>
            }
            else if (step_m34 == 3 && status->m3->isAt(M3_SIDE_BACKWARD)) {
    32da:	89 81       	ldd	r24, Y+1	; 0x01
    32dc:	9a 81       	ldd	r25, Y+2	; 0x02
    32de:	fc 01       	movw	r30, r24
    32e0:	85 81       	ldd	r24, Z+5	; 0x05
    32e2:	83 30       	cpi	r24, 0x03	; 3
    32e4:	79 f4       	brne	.+30     	; 0x3304 <_ZN10CargaState3runEv+0x1a4>
    32e6:	89 81       	ldd	r24, Y+1	; 0x01
    32e8:	9a 81       	ldd	r25, Y+2	; 0x02
    32ea:	fc 01       	movw	r30, r24
    32ec:	82 81       	ldd	r24, Z+2	; 0x02
    32ee:	93 81       	ldd	r25, Z+3	; 0x03
    32f0:	fc 01       	movw	r30, r24
    32f2:	84 81       	ldd	r24, Z+4	; 0x04
    32f4:	95 81       	ldd	r25, Z+5	; 0x05
    32f6:	62 e0       	ldi	r22, 0x02	; 2
    32f8:	0e 94 a4 08 	call	0x1148	; 0x1148 <_ZN5Motor4isAtENS_4SideE>
    32fc:	88 23       	and	r24, r24
    32fe:	11 f0       	breq	.+4      	; 0x3304 <_ZN10CargaState3runEv+0x1a4>
    3300:	81 e0       	ldi	r24, 0x01	; 1
    3302:	01 c0       	rjmp	.+2      	; 0x3306 <_ZN10CargaState3runEv+0x1a6>
    3304:	80 e0       	ldi	r24, 0x00	; 0
    3306:	88 23       	and	r24, r24
    3308:	51 f1       	breq	.+84     	; 0x335e <_ZN10CargaState3runEv+0x1fe>
                step_m34 = 4;
    330a:	89 81       	ldd	r24, Y+1	; 0x01
    330c:	9a 81       	ldd	r25, Y+2	; 0x02
    330e:	24 e0       	ldi	r18, 0x04	; 4
    3310:	fc 01       	movw	r30, r24
    3312:	25 83       	std	Z+5, r18	; 0x05
                status->is_armed = true;
    3314:	89 81       	ldd	r24, Y+1	; 0x01
    3316:	9a 81       	ldd	r25, Y+2	; 0x02
    3318:	fc 01       	movw	r30, r24
    331a:	82 81       	ldd	r24, Z+2	; 0x02
    331c:	93 81       	ldd	r25, Z+3	; 0x03
    331e:	21 e0       	ldi	r18, 0x01	; 1
    3320:	fc 01       	movw	r30, r24
    3322:	22 a3       	std	Z+34, r18	; 0x22
                status->m1->move(M1_DIR_UP, status->current_time);
    3324:	89 81       	ldd	r24, Y+1	; 0x01
    3326:	9a 81       	ldd	r25, Y+2	; 0x02
    3328:	fc 01       	movw	r30, r24
    332a:	82 81       	ldd	r24, Z+2	; 0x02
    332c:	93 81       	ldd	r25, Z+3	; 0x03
    332e:	fc 01       	movw	r30, r24
    3330:	87 a1       	ldd	r24, Z+39	; 0x27
    3332:	90 a5       	ldd	r25, Z+40	; 0x28
    3334:	a1 a5       	ldd	r26, Z+41	; 0x29
    3336:	b2 a5       	ldd	r27, Z+42	; 0x2a
    3338:	29 81       	ldd	r18, Y+1	; 0x01
    333a:	3a 81       	ldd	r19, Y+2	; 0x02
    333c:	f9 01       	movw	r30, r18
    333e:	22 81       	ldd	r18, Z+2	; 0x02
    3340:	33 81       	ldd	r19, Z+3	; 0x03
    3342:	f9 01       	movw	r30, r18
    3344:	01 90       	ld	r0, Z+
    3346:	f0 81       	ld	r31, Z
    3348:	e0 2d       	mov	r30, r0
    334a:	fc 83       	std	Y+4, r31	; 0x04
    334c:	eb 83       	std	Y+3, r30	; 0x03
    334e:	0c ec       	ldi	r16, 0xCC	; 204
    3350:	9c 01       	movw	r18, r24
    3352:	ad 01       	movw	r20, r26
    3354:	61 e0       	ldi	r22, 0x01	; 1
    3356:	8b 81       	ldd	r24, Y+3	; 0x03
    3358:	9c 81       	ldd	r25, Y+4	; 0x04
    335a:	0e 94 5c 07 	call	0xeb8	; 0xeb8 <_ZN5Motor4moveEbmh>
            }
            
            if (step_m34 == 4) {
    335e:	89 81       	ldd	r24, Y+1	; 0x01
    3360:	9a 81       	ldd	r25, Y+2	; 0x02
    3362:	fc 01       	movw	r30, r24
    3364:	85 81       	ldd	r24, Z+5	; 0x05
    3366:	84 30       	cpi	r24, 0x04	; 4
    3368:	09 f0       	breq	.+2      	; 0x336c <_ZN10CargaState3runEv+0x20c>
    336a:	4a c1       	rjmp	.+660    	; 0x3600 <_ZN10CargaState3runEv+0x4a0>

                // Secuencia de M1-M2 (en paralelo a M3-M4)
                if(step_m12 == 0 && status->m1->isAt(M1_SIDE_UP)) {
    336c:	89 81       	ldd	r24, Y+1	; 0x01
    336e:	9a 81       	ldd	r25, Y+2	; 0x02
    3370:	fc 01       	movw	r30, r24
    3372:	84 81       	ldd	r24, Z+4	; 0x04
    3374:	88 23       	and	r24, r24
    3376:	79 f4       	brne	.+30     	; 0x3396 <_ZN10CargaState3runEv+0x236>
    3378:	89 81       	ldd	r24, Y+1	; 0x01
    337a:	9a 81       	ldd	r25, Y+2	; 0x02
    337c:	fc 01       	movw	r30, r24
    337e:	82 81       	ldd	r24, Z+2	; 0x02
    3380:	93 81       	ldd	r25, Z+3	; 0x03
    3382:	fc 01       	movw	r30, r24
    3384:	80 81       	ld	r24, Z
    3386:	91 81       	ldd	r25, Z+1	; 0x01
    3388:	61 e0       	ldi	r22, 0x01	; 1
    338a:	0e 94 a4 08 	call	0x1148	; 0x1148 <_ZN5Motor4isAtENS_4SideE>
    338e:	88 23       	and	r24, r24
    3390:	11 f0       	breq	.+4      	; 0x3396 <_ZN10CargaState3runEv+0x236>
    3392:	81 e0       	ldi	r24, 0x01	; 1
    3394:	01 c0       	rjmp	.+2      	; 0x3398 <_ZN10CargaState3runEv+0x238>
    3396:	80 e0       	ldi	r24, 0x00	; 0
    3398:	88 23       	and	r24, r24
    339a:	09 f4       	brne	.+2      	; 0x339e <_ZN10CargaState3runEv+0x23e>
    339c:	62 c0       	rjmp	.+196    	; 0x3462 <_ZN10CargaState3runEv+0x302>
                    if (status->m2->isAt(M2_POS_RIGHT)) { 
    339e:	89 81       	ldd	r24, Y+1	; 0x01
    33a0:	9a 81       	ldd	r25, Y+2	; 0x02
    33a2:	fc 01       	movw	r30, r24
    33a4:	82 81       	ldd	r24, Z+2	; 0x02
    33a6:	93 81       	ldd	r25, Z+3	; 0x03
    33a8:	fc 01       	movw	r30, r24
    33aa:	82 81       	ldd	r24, Z+2	; 0x02
    33ac:	93 81       	ldd	r25, Z+3	; 0x03
    33ae:	63 e0       	ldi	r22, 0x03	; 3
    33b0:	0e 94 00 0e 	call	0x1c00	; 0x1c00 <_ZN6Motor24isAtEN12LimitSwitch38PositionE>
    33b4:	88 23       	and	r24, r24
    33b6:	19 f1       	breq	.+70     	; 0x33fe <_ZN10CargaState3runEv+0x29e>
                        status->m1->move(M1_DIR_DOWN, status->current_time);
    33b8:	89 81       	ldd	r24, Y+1	; 0x01
    33ba:	9a 81       	ldd	r25, Y+2	; 0x02
    33bc:	fc 01       	movw	r30, r24
    33be:	82 81       	ldd	r24, Z+2	; 0x02
    33c0:	93 81       	ldd	r25, Z+3	; 0x03
    33c2:	fc 01       	movw	r30, r24
    33c4:	87 a1       	ldd	r24, Z+39	; 0x27
    33c6:	90 a5       	ldd	r25, Z+40	; 0x28
    33c8:	a1 a5       	ldd	r26, Z+41	; 0x29
    33ca:	b2 a5       	ldd	r27, Z+42	; 0x2a
    33cc:	29 81       	ldd	r18, Y+1	; 0x01
    33ce:	3a 81       	ldd	r19, Y+2	; 0x02
    33d0:	f9 01       	movw	r30, r18
    33d2:	22 81       	ldd	r18, Z+2	; 0x02
    33d4:	33 81       	ldd	r19, Z+3	; 0x03
    33d6:	f9 01       	movw	r30, r18
    33d8:	01 90       	ld	r0, Z+
    33da:	f0 81       	ld	r31, Z
    33dc:	e0 2d       	mov	r30, r0
    33de:	fc 83       	std	Y+4, r31	; 0x04
    33e0:	eb 83       	std	Y+3, r30	; 0x03
    33e2:	0c ec       	ldi	r16, 0xCC	; 204
    33e4:	9c 01       	movw	r18, r24
    33e6:	ad 01       	movw	r20, r26
    33e8:	60 e0       	ldi	r22, 0x00	; 0
    33ea:	8b 81       	ldd	r24, Y+3	; 0x03
    33ec:	9c 81       	ldd	r25, Y+4	; 0x04
    33ee:	0e 94 5c 07 	call	0xeb8	; 0xeb8 <_ZN5Motor4moveEbmh>
                        step_m12 = 1;
    33f2:	89 81       	ldd	r24, Y+1	; 0x01
    33f4:	9a 81       	ldd	r25, Y+2	; 0x02
    33f6:	21 e0       	ldi	r18, 0x01	; 1
    33f8:	fc 01       	movw	r30, r24
    33fa:	24 83       	std	Z+4, r18	; 0x04
                }
                else if (step_m12 == 4 && (status->current_time - timer_m1) >= 1000) {
                    step_m12 = 5;
                }
            }
        }
    33fc:	01 c1       	rjmp	.+514    	; 0x3600 <_ZN10CargaState3runEv+0x4a0>
                    if (status->m2->isAt(M2_POS_RIGHT)) { 
                        status->m1->move(M1_DIR_DOWN, status->current_time);
                        step_m12 = 1;
                    }
                    // Rescate por si M2 no llega a la posición correcta.
                    else if (!status->m2->isMoving()) {
    33fe:	89 81       	ldd	r24, Y+1	; 0x01
    3400:	9a 81       	ldd	r25, Y+2	; 0x02
    3402:	fc 01       	movw	r30, r24
    3404:	82 81       	ldd	r24, Z+2	; 0x02
    3406:	93 81       	ldd	r25, Z+3	; 0x03
    3408:	fc 01       	movw	r30, r24
    340a:	82 81       	ldd	r24, Z+2	; 0x02
    340c:	93 81       	ldd	r25, Z+3	; 0x03
    340e:	0e 94 2f 0e 	call	0x1c5e	; 0x1c5e <_ZN6Motor28isMovingEv>
    3412:	98 2f       	mov	r25, r24
    3414:	81 e0       	ldi	r24, 0x01	; 1
    3416:	89 27       	eor	r24, r25
    3418:	88 23       	and	r24, r24
    341a:	09 f4       	brne	.+2      	; 0x341e <_ZN10CargaState3runEv+0x2be>
    341c:	f1 c0       	rjmp	.+482    	; 0x3600 <_ZN10CargaState3runEv+0x4a0>
                        status->m2->move(M2_DIR_RIGHT, M2_POS_RIGHT, status->current_time);
    341e:	89 81       	ldd	r24, Y+1	; 0x01
    3420:	9a 81       	ldd	r25, Y+2	; 0x02
    3422:	fc 01       	movw	r30, r24
    3424:	82 81       	ldd	r24, Z+2	; 0x02
    3426:	93 81       	ldd	r25, Z+3	; 0x03
    3428:	fc 01       	movw	r30, r24
    342a:	87 a1       	ldd	r24, Z+39	; 0x27
    342c:	90 a5       	ldd	r25, Z+40	; 0x28
    342e:	a1 a5       	ldd	r26, Z+41	; 0x29
    3430:	b2 a5       	ldd	r27, Z+42	; 0x2a
    3432:	29 81       	ldd	r18, Y+1	; 0x01
    3434:	3a 81       	ldd	r19, Y+2	; 0x02
    3436:	f9 01       	movw	r30, r18
    3438:	22 81       	ldd	r18, Z+2	; 0x02
    343a:	33 81       	ldd	r19, Z+3	; 0x03
    343c:	f9 01       	movw	r30, r18
    343e:	02 80       	ldd	r0, Z+2	; 0x02
    3440:	f3 81       	ldd	r31, Z+3	; 0x03
    3442:	e0 2d       	mov	r30, r0
    3444:	fc 83       	std	Y+4, r31	; 0x04
    3446:	eb 83       	std	Y+3, r30	; 0x03
    3448:	0f 2e       	mov	r0, r31
    344a:	fc ec       	ldi	r31, 0xCC	; 204
    344c:	ef 2e       	mov	r14, r31
    344e:	f0 2d       	mov	r31, r0
    3450:	8c 01       	movw	r16, r24
    3452:	9d 01       	movw	r18, r26
    3454:	43 e0       	ldi	r20, 0x03	; 3
    3456:	60 e0       	ldi	r22, 0x00	; 0
    3458:	8b 81       	ldd	r24, Y+3	; 0x03
    345a:	9c 81       	ldd	r25, Y+4	; 0x04
    345c:	0e 94 06 0c 	call	0x180c	; 0x180c <_ZN6Motor24moveEbN12LimitSwitch38PositionEmh>
                }
                else if (step_m12 == 4 && (status->current_time - timer_m1) >= 1000) {
                    step_m12 = 5;
                }
            }
        }
    3460:	cf c0       	rjmp	.+414    	; 0x3600 <_ZN10CargaState3runEv+0x4a0>
                    // Rescate por si M2 no llega a la posición correcta.
                    else if (!status->m2->isMoving()) {
                        status->m2->move(M2_DIR_RIGHT, M2_POS_RIGHT, status->current_time);
                    }
                }
                else if (step_m12 == 1 && status->m1->isAt(M1_SIDE_DOWN)) {
    3462:	89 81       	ldd	r24, Y+1	; 0x01
    3464:	9a 81       	ldd	r25, Y+2	; 0x02
    3466:	fc 01       	movw	r30, r24
    3468:	84 81       	ldd	r24, Z+4	; 0x04
    346a:	81 30       	cpi	r24, 0x01	; 1
    346c:	79 f4       	brne	.+30     	; 0x348c <_ZN10CargaState3runEv+0x32c>
    346e:	89 81       	ldd	r24, Y+1	; 0x01
    3470:	9a 81       	ldd	r25, Y+2	; 0x02
    3472:	fc 01       	movw	r30, r24
    3474:	82 81       	ldd	r24, Z+2	; 0x02
    3476:	93 81       	ldd	r25, Z+3	; 0x03
    3478:	fc 01       	movw	r30, r24
    347a:	80 81       	ld	r24, Z
    347c:	91 81       	ldd	r25, Z+1	; 0x01
    347e:	62 e0       	ldi	r22, 0x02	; 2
    3480:	0e 94 a4 08 	call	0x1148	; 0x1148 <_ZN5Motor4isAtENS_4SideE>
    3484:	88 23       	and	r24, r24
    3486:	11 f0       	breq	.+4      	; 0x348c <_ZN10CargaState3runEv+0x32c>
    3488:	81 e0       	ldi	r24, 0x01	; 1
    348a:	01 c0       	rjmp	.+2      	; 0x348e <_ZN10CargaState3runEv+0x32e>
    348c:	80 e0       	ldi	r24, 0x00	; 0
    348e:	88 23       	and	r24, r24
    3490:	b9 f0       	breq	.+46     	; 0x34c0 <_ZN10CargaState3runEv+0x360>
                    timer_m1 = status->current_time;
    3492:	89 81       	ldd	r24, Y+1	; 0x01
    3494:	9a 81       	ldd	r25, Y+2	; 0x02
    3496:	fc 01       	movw	r30, r24
    3498:	82 81       	ldd	r24, Z+2	; 0x02
    349a:	93 81       	ldd	r25, Z+3	; 0x03
    349c:	fc 01       	movw	r30, r24
    349e:	87 a1       	ldd	r24, Z+39	; 0x27
    34a0:	90 a5       	ldd	r25, Z+40	; 0x28
    34a2:	a1 a5       	ldd	r26, Z+41	; 0x29
    34a4:	b2 a5       	ldd	r27, Z+42	; 0x2a
    34a6:	29 81       	ldd	r18, Y+1	; 0x01
    34a8:	3a 81       	ldd	r19, Y+2	; 0x02
    34aa:	f9 01       	movw	r30, r18
    34ac:	86 83       	std	Z+6, r24	; 0x06
    34ae:	97 83       	std	Z+7, r25	; 0x07
    34b0:	a0 87       	std	Z+8, r26	; 0x08
    34b2:	b1 87       	std	Z+9, r27	; 0x09
                    step_m12 = 2;
    34b4:	89 81       	ldd	r24, Y+1	; 0x01
    34b6:	9a 81       	ldd	r25, Y+2	; 0x02
    34b8:	22 e0       	ldi	r18, 0x02	; 2
    34ba:	fc 01       	movw	r30, r24
    34bc:	24 83       	std	Z+4, r18	; 0x04
                }
                else if (step_m12 == 4 && (status->current_time - timer_m1) >= 1000) {
                    step_m12 = 5;
                }
            }
        }
    34be:	a0 c0       	rjmp	.+320    	; 0x3600 <_ZN10CargaState3runEv+0x4a0>
                }
                else if (step_m12 == 1 && status->m1->isAt(M1_SIDE_DOWN)) {
                    timer_m1 = status->current_time;
                    step_m12 = 2;
                }
                else if (step_m12 == 2 && (status->current_time - timer_m1) >= 1000) {
    34c0:	89 81       	ldd	r24, Y+1	; 0x01
    34c2:	9a 81       	ldd	r25, Y+2	; 0x02
    34c4:	fc 01       	movw	r30, r24
    34c6:	84 81       	ldd	r24, Z+4	; 0x04
    34c8:	82 30       	cpi	r24, 0x02	; 2
    34ca:	09 f0       	breq	.+2      	; 0x34ce <_ZN10CargaState3runEv+0x36e>
    34cc:	41 c0       	rjmp	.+130    	; 0x3550 <_ZN10CargaState3runEv+0x3f0>
    34ce:	89 81       	ldd	r24, Y+1	; 0x01
    34d0:	9a 81       	ldd	r25, Y+2	; 0x02
    34d2:	fc 01       	movw	r30, r24
    34d4:	82 81       	ldd	r24, Z+2	; 0x02
    34d6:	93 81       	ldd	r25, Z+3	; 0x03
    34d8:	fc 01       	movw	r30, r24
    34da:	27 a1       	ldd	r18, Z+39	; 0x27
    34dc:	30 a5       	ldd	r19, Z+40	; 0x28
    34de:	41 a5       	ldd	r20, Z+41	; 0x29
    34e0:	52 a5       	ldd	r21, Z+42	; 0x2a
    34e2:	89 81       	ldd	r24, Y+1	; 0x01
    34e4:	9a 81       	ldd	r25, Y+2	; 0x02
    34e6:	fc 01       	movw	r30, r24
    34e8:	86 81       	ldd	r24, Z+6	; 0x06
    34ea:	97 81       	ldd	r25, Z+7	; 0x07
    34ec:	a0 85       	ldd	r26, Z+8	; 0x08
    34ee:	b1 85       	ldd	r27, Z+9	; 0x09
    34f0:	79 01       	movw	r14, r18
    34f2:	8a 01       	movw	r16, r20
    34f4:	e8 1a       	sub	r14, r24
    34f6:	f9 0a       	sbc	r15, r25
    34f8:	0a 0b       	sbc	r16, r26
    34fa:	1b 0b       	sbc	r17, r27
    34fc:	d8 01       	movw	r26, r16
    34fe:	c7 01       	movw	r24, r14
    3500:	88 3e       	cpi	r24, 0xE8	; 232
    3502:	93 40       	sbci	r25, 0x03	; 3
    3504:	a1 05       	cpc	r26, r1
    3506:	b1 05       	cpc	r27, r1
    3508:	18 f1       	brcs	.+70     	; 0x3550 <_ZN10CargaState3runEv+0x3f0>
                    status->m1->move(M1_DIR_UP, status->current_time);
    350a:	89 81       	ldd	r24, Y+1	; 0x01
    350c:	9a 81       	ldd	r25, Y+2	; 0x02
    350e:	fc 01       	movw	r30, r24
    3510:	82 81       	ldd	r24, Z+2	; 0x02
    3512:	93 81       	ldd	r25, Z+3	; 0x03
    3514:	fc 01       	movw	r30, r24
    3516:	87 a1       	ldd	r24, Z+39	; 0x27
    3518:	90 a5       	ldd	r25, Z+40	; 0x28
    351a:	a1 a5       	ldd	r26, Z+41	; 0x29
    351c:	b2 a5       	ldd	r27, Z+42	; 0x2a
    351e:	29 81       	ldd	r18, Y+1	; 0x01
    3520:	3a 81       	ldd	r19, Y+2	; 0x02
    3522:	f9 01       	movw	r30, r18
    3524:	22 81       	ldd	r18, Z+2	; 0x02
    3526:	33 81       	ldd	r19, Z+3	; 0x03
    3528:	f9 01       	movw	r30, r18
    352a:	01 90       	ld	r0, Z+
    352c:	f0 81       	ld	r31, Z
    352e:	e0 2d       	mov	r30, r0
    3530:	fc 83       	std	Y+4, r31	; 0x04
    3532:	eb 83       	std	Y+3, r30	; 0x03
    3534:	0c ec       	ldi	r16, 0xCC	; 204
    3536:	9c 01       	movw	r18, r24
    3538:	ad 01       	movw	r20, r26
    353a:	61 e0       	ldi	r22, 0x01	; 1
    353c:	8b 81       	ldd	r24, Y+3	; 0x03
    353e:	9c 81       	ldd	r25, Y+4	; 0x04
    3540:	0e 94 5c 07 	call	0xeb8	; 0xeb8 <_ZN5Motor4moveEbmh>
                    step_m12 = 3;
    3544:	89 81       	ldd	r24, Y+1	; 0x01
    3546:	9a 81       	ldd	r25, Y+2	; 0x02
    3548:	23 e0       	ldi	r18, 0x03	; 3
    354a:	fc 01       	movw	r30, r24
    354c:	24 83       	std	Z+4, r18	; 0x04
                }
                else if (step_m12 == 4 && (status->current_time - timer_m1) >= 1000) {
                    step_m12 = 5;
                }
            }
        }
    354e:	58 c0       	rjmp	.+176    	; 0x3600 <_ZN10CargaState3runEv+0x4a0>
                }
                else if (step_m12 == 2 && (status->current_time - timer_m1) >= 1000) {
                    status->m1->move(M1_DIR_UP, status->current_time);
                    step_m12 = 3;
                }
                else if (step_m12 == 3 && status->m1->isAt(M1_SIDE_UP)) {
    3550:	89 81       	ldd	r24, Y+1	; 0x01
    3552:	9a 81       	ldd	r25, Y+2	; 0x02
    3554:	fc 01       	movw	r30, r24
    3556:	84 81       	ldd	r24, Z+4	; 0x04
    3558:	83 30       	cpi	r24, 0x03	; 3
    355a:	79 f4       	brne	.+30     	; 0x357a <_ZN10CargaState3runEv+0x41a>
    355c:	89 81       	ldd	r24, Y+1	; 0x01
    355e:	9a 81       	ldd	r25, Y+2	; 0x02
    3560:	fc 01       	movw	r30, r24
    3562:	82 81       	ldd	r24, Z+2	; 0x02
    3564:	93 81       	ldd	r25, Z+3	; 0x03
    3566:	fc 01       	movw	r30, r24
    3568:	80 81       	ld	r24, Z
    356a:	91 81       	ldd	r25, Z+1	; 0x01
    356c:	61 e0       	ldi	r22, 0x01	; 1
    356e:	0e 94 a4 08 	call	0x1148	; 0x1148 <_ZN5Motor4isAtENS_4SideE>
    3572:	88 23       	and	r24, r24
    3574:	11 f0       	breq	.+4      	; 0x357a <_ZN10CargaState3runEv+0x41a>
    3576:	81 e0       	ldi	r24, 0x01	; 1
    3578:	01 c0       	rjmp	.+2      	; 0x357c <_ZN10CargaState3runEv+0x41c>
    357a:	80 e0       	ldi	r24, 0x00	; 0
    357c:	88 23       	and	r24, r24
    357e:	b9 f0       	breq	.+46     	; 0x35ae <_ZN10CargaState3runEv+0x44e>
                    timer_m1 = status->current_time;
    3580:	89 81       	ldd	r24, Y+1	; 0x01
    3582:	9a 81       	ldd	r25, Y+2	; 0x02
    3584:	fc 01       	movw	r30, r24
    3586:	82 81       	ldd	r24, Z+2	; 0x02
    3588:	93 81       	ldd	r25, Z+3	; 0x03
    358a:	fc 01       	movw	r30, r24
    358c:	87 a1       	ldd	r24, Z+39	; 0x27
    358e:	90 a5       	ldd	r25, Z+40	; 0x28
    3590:	a1 a5       	ldd	r26, Z+41	; 0x29
    3592:	b2 a5       	ldd	r27, Z+42	; 0x2a
    3594:	29 81       	ldd	r18, Y+1	; 0x01
    3596:	3a 81       	ldd	r19, Y+2	; 0x02
    3598:	f9 01       	movw	r30, r18
    359a:	86 83       	std	Z+6, r24	; 0x06
    359c:	97 83       	std	Z+7, r25	; 0x07
    359e:	a0 87       	std	Z+8, r26	; 0x08
    35a0:	b1 87       	std	Z+9, r27	; 0x09
                    step_m12 = 4;
    35a2:	89 81       	ldd	r24, Y+1	; 0x01
    35a4:	9a 81       	ldd	r25, Y+2	; 0x02
    35a6:	24 e0       	ldi	r18, 0x04	; 4
    35a8:	fc 01       	movw	r30, r24
    35aa:	24 83       	std	Z+4, r18	; 0x04
                }
                else if (step_m12 == 4 && (status->current_time - timer_m1) >= 1000) {
                    step_m12 = 5;
                }
            }
        }
    35ac:	29 c0       	rjmp	.+82     	; 0x3600 <_ZN10CargaState3runEv+0x4a0>
                }
                else if (step_m12 == 3 && status->m1->isAt(M1_SIDE_UP)) {
                    timer_m1 = status->current_time;
                    step_m12 = 4;
                }
                else if (step_m12 == 4 && (status->current_time - timer_m1) >= 1000) {
    35ae:	89 81       	ldd	r24, Y+1	; 0x01
    35b0:	9a 81       	ldd	r25, Y+2	; 0x02
    35b2:	fc 01       	movw	r30, r24
    35b4:	84 81       	ldd	r24, Z+4	; 0x04
    35b6:	84 30       	cpi	r24, 0x04	; 4
    35b8:	19 f5       	brne	.+70     	; 0x3600 <_ZN10CargaState3runEv+0x4a0>
    35ba:	89 81       	ldd	r24, Y+1	; 0x01
    35bc:	9a 81       	ldd	r25, Y+2	; 0x02
    35be:	fc 01       	movw	r30, r24
    35c0:	82 81       	ldd	r24, Z+2	; 0x02
    35c2:	93 81       	ldd	r25, Z+3	; 0x03
    35c4:	fc 01       	movw	r30, r24
    35c6:	27 a1       	ldd	r18, Z+39	; 0x27
    35c8:	30 a5       	ldd	r19, Z+40	; 0x28
    35ca:	41 a5       	ldd	r20, Z+41	; 0x29
    35cc:	52 a5       	ldd	r21, Z+42	; 0x2a
    35ce:	89 81       	ldd	r24, Y+1	; 0x01
    35d0:	9a 81       	ldd	r25, Y+2	; 0x02
    35d2:	fc 01       	movw	r30, r24
    35d4:	86 81       	ldd	r24, Z+6	; 0x06
    35d6:	97 81       	ldd	r25, Z+7	; 0x07
    35d8:	a0 85       	ldd	r26, Z+8	; 0x08
    35da:	b1 85       	ldd	r27, Z+9	; 0x09
    35dc:	79 01       	movw	r14, r18
    35de:	8a 01       	movw	r16, r20
    35e0:	e8 1a       	sub	r14, r24
    35e2:	f9 0a       	sbc	r15, r25
    35e4:	0a 0b       	sbc	r16, r26
    35e6:	1b 0b       	sbc	r17, r27
    35e8:	d8 01       	movw	r26, r16
    35ea:	c7 01       	movw	r24, r14
    35ec:	88 3e       	cpi	r24, 0xE8	; 232
    35ee:	93 40       	sbci	r25, 0x03	; 3
    35f0:	a1 05       	cpc	r26, r1
    35f2:	b1 05       	cpc	r27, r1
    35f4:	28 f0       	brcs	.+10     	; 0x3600 <_ZN10CargaState3runEv+0x4a0>
                    step_m12 = 5;
    35f6:	89 81       	ldd	r24, Y+1	; 0x01
    35f8:	9a 81       	ldd	r25, Y+2	; 0x02
    35fa:	25 e0       	ldi	r18, 0x05	; 5
    35fc:	fc 01       	movw	r30, r24
    35fe:	24 83       	std	Z+4, r18	; 0x04
                }
            }
        }
    3600:	00 00       	nop
    3602:	0f 90       	pop	r0
    3604:	0f 90       	pop	r0
    3606:	0f 90       	pop	r0
    3608:	0f 90       	pop	r0
    360a:	df 91       	pop	r29
    360c:	cf 91       	pop	r28
    360e:	1f 91       	pop	r17
    3610:	0f 91       	pop	r16
    3612:	ff 90       	pop	r15
    3614:	ef 90       	pop	r14
    3616:	08 95       	ret

00003618 <_ZN10CargaState17check_transitionsEv>:
        
        States check_transitions() override {
    3618:	cf 93       	push	r28
    361a:	df 93       	push	r29
    361c:	00 d0       	rcall	.+0      	; 0x361e <_ZN10CargaState17check_transitionsEv+0x6>
    361e:	cd b7       	in	r28, 0x3d	; 61
    3620:	de b7       	in	r29, 0x3e	; 62
    3622:	9a 83       	std	Y+2, r25	; 0x02
    3624:	89 83       	std	Y+1, r24	; 0x01
            if (step_m12 == 5 && step_m34 == 4) {
    3626:	89 81       	ldd	r24, Y+1	; 0x01
    3628:	9a 81       	ldd	r25, Y+2	; 0x02
    362a:	fc 01       	movw	r30, r24
    362c:	84 81       	ldd	r24, Z+4	; 0x04
    362e:	85 30       	cpi	r24, 0x05	; 5
    3630:	41 f4       	brne	.+16     	; 0x3642 <_ZN10CargaState17check_transitionsEv+0x2a>
    3632:	89 81       	ldd	r24, Y+1	; 0x01
    3634:	9a 81       	ldd	r25, Y+2	; 0x02
    3636:	fc 01       	movw	r30, r24
    3638:	85 81       	ldd	r24, Z+5	; 0x05
    363a:	84 30       	cpi	r24, 0x04	; 4
    363c:	11 f4       	brne	.+4      	; 0x3642 <_ZN10CargaState17check_transitionsEv+0x2a>
                // Si ambas secuencias han terminado, pasamos a Armado.
                return States::Armado;
    363e:	84 e0       	ldi	r24, 0x04	; 4
    3640:	01 c0       	rjmp	.+2      	; 0x3644 <_ZN10CargaState17check_transitionsEv+0x2c>
            }
            return States::NO_CHANGE;
    3642:	8f ef       	ldi	r24, 0xFF	; 255
        }
    3644:	0f 90       	pop	r0
    3646:	0f 90       	pop	r0
    3648:	df 91       	pop	r29
    364a:	cf 91       	pop	r28
    364c:	08 95       	ret

0000364e <_ZN11ArmadoStateC1EP6Status>:

class ArmadoState : public StateActionBase {
    private:
    bool going_left = true; 
    public:
    explicit ArmadoState(Status* s) : StateActionBase(s) {}
    364e:	cf 93       	push	r28
    3650:	df 93       	push	r29
    3652:	00 d0       	rcall	.+0      	; 0x3654 <_ZN11ArmadoStateC1EP6Status+0x6>
    3654:	00 d0       	rcall	.+0      	; 0x3656 <_ZN11ArmadoStateC1EP6Status+0x8>
    3656:	cd b7       	in	r28, 0x3d	; 61
    3658:	de b7       	in	r29, 0x3e	; 62
    365a:	9a 83       	std	Y+2, r25	; 0x02
    365c:	89 83       	std	Y+1, r24	; 0x01
    365e:	7c 83       	std	Y+4, r23	; 0x04
    3660:	6b 83       	std	Y+3, r22	; 0x03
    3662:	89 81       	ldd	r24, Y+1	; 0x01
    3664:	9a 81       	ldd	r25, Y+2	; 0x02
    3666:	2b 81       	ldd	r18, Y+3	; 0x03
    3668:	3c 81       	ldd	r19, Y+4	; 0x04
    366a:	b9 01       	movw	r22, r18
    366c:	0e 94 d6 13 	call	0x27ac	; 0x27ac <_ZN15StateActionBaseC1EP6Status>
    3670:	29 e4       	ldi	r18, 0x49	; 73
    3672:	32 e0       	ldi	r19, 0x02	; 2
    3674:	89 81       	ldd	r24, Y+1	; 0x01
    3676:	9a 81       	ldd	r25, Y+2	; 0x02
    3678:	fc 01       	movw	r30, r24
    367a:	31 83       	std	Z+1, r19	; 0x01
    367c:	20 83       	st	Z, r18
    367e:	89 81       	ldd	r24, Y+1	; 0x01
    3680:	9a 81       	ldd	r25, Y+2	; 0x02
    3682:	21 e0       	ldi	r18, 0x01	; 1
    3684:	fc 01       	movw	r30, r24
    3686:	24 83       	std	Z+4, r18	; 0x04
    3688:	00 00       	nop
    368a:	0f 90       	pop	r0
    368c:	0f 90       	pop	r0
    368e:	0f 90       	pop	r0
    3690:	0f 90       	pop	r0
    3692:	df 91       	pop	r29
    3694:	cf 91       	pop	r28
    3696:	08 95       	ret

00003698 <_ZN11ArmadoState5entryEv>:
    
    void entry() override {
    3698:	ef 92       	push	r14
    369a:	0f 93       	push	r16
    369c:	1f 93       	push	r17
    369e:	cf 93       	push	r28
    36a0:	df 93       	push	r29
    36a2:	00 d0       	rcall	.+0      	; 0x36a4 <_ZN11ArmadoState5entryEv+0xc>
    36a4:	00 d0       	rcall	.+0      	; 0x36a6 <_ZN11ArmadoState5entryEv+0xe>
    36a6:	cd b7       	in	r28, 0x3d	; 61
    36a8:	de b7       	in	r29, 0x3e	; 62
    36aa:	9a 83       	std	Y+2, r25	; 0x02
    36ac:	89 83       	std	Y+1, r24	; 0x01
        status->led->on();
    36ae:	89 81       	ldd	r24, Y+1	; 0x01
    36b0:	9a 81       	ldd	r25, Y+2	; 0x02
    36b2:	fc 01       	movw	r30, r24
    36b4:	82 81       	ldd	r24, Z+2	; 0x02
    36b6:	93 81       	ldd	r25, Z+3	; 0x03
    36b8:	fc 01       	movw	r30, r24
    36ba:	86 89       	ldd	r24, Z+22	; 0x16
    36bc:	97 89       	ldd	r25, Z+23	; 0x17
    36be:	0e 94 08 04 	call	0x810	; 0x810 <_ZN3Led2onEv>
        going_left = true;
    36c2:	89 81       	ldd	r24, Y+1	; 0x01
    36c4:	9a 81       	ldd	r25, Y+2	; 0x02
    36c6:	21 e0       	ldi	r18, 0x01	; 1
    36c8:	fc 01       	movw	r30, r24
    36ca:	24 83       	std	Z+4, r18	; 0x04
        
        status->m2->move(M2_DIR_LEFT, M2_POS_LEFT, status->current_time, 153); // 153 = 60%
    36cc:	89 81       	ldd	r24, Y+1	; 0x01
    36ce:	9a 81       	ldd	r25, Y+2	; 0x02
    36d0:	fc 01       	movw	r30, r24
    36d2:	82 81       	ldd	r24, Z+2	; 0x02
    36d4:	93 81       	ldd	r25, Z+3	; 0x03
    36d6:	fc 01       	movw	r30, r24
    36d8:	87 a1       	ldd	r24, Z+39	; 0x27
    36da:	90 a5       	ldd	r25, Z+40	; 0x28
    36dc:	a1 a5       	ldd	r26, Z+41	; 0x29
    36de:	b2 a5       	ldd	r27, Z+42	; 0x2a
    36e0:	29 81       	ldd	r18, Y+1	; 0x01
    36e2:	3a 81       	ldd	r19, Y+2	; 0x02
    36e4:	f9 01       	movw	r30, r18
    36e6:	22 81       	ldd	r18, Z+2	; 0x02
    36e8:	33 81       	ldd	r19, Z+3	; 0x03
    36ea:	f9 01       	movw	r30, r18
    36ec:	02 80       	ldd	r0, Z+2	; 0x02
    36ee:	f3 81       	ldd	r31, Z+3	; 0x03
    36f0:	e0 2d       	mov	r30, r0
    36f2:	fc 83       	std	Y+4, r31	; 0x04
    36f4:	eb 83       	std	Y+3, r30	; 0x03
    36f6:	0f 2e       	mov	r0, r31
    36f8:	f9 e9       	ldi	r31, 0x99	; 153
    36fa:	ef 2e       	mov	r14, r31
    36fc:	f0 2d       	mov	r31, r0
    36fe:	8c 01       	movw	r16, r24
    3700:	9d 01       	movw	r18, r26
    3702:	41 e0       	ldi	r20, 0x01	; 1
    3704:	61 e0       	ldi	r22, 0x01	; 1
    3706:	8b 81       	ldd	r24, Y+3	; 0x03
    3708:	9c 81       	ldd	r25, Y+4	; 0x04
    370a:	0e 94 06 0c 	call	0x180c	; 0x180c <_ZN6Motor24moveEbN12LimitSwitch38PositionEmh>
    }
    370e:	00 00       	nop
    3710:	0f 90       	pop	r0
    3712:	0f 90       	pop	r0
    3714:	0f 90       	pop	r0
    3716:	0f 90       	pop	r0
    3718:	df 91       	pop	r29
    371a:	cf 91       	pop	r28
    371c:	1f 91       	pop	r17
    371e:	0f 91       	pop	r16
    3720:	ef 90       	pop	r14
    3722:	08 95       	ret

00003724 <_ZN11ArmadoState3runEv>:
    
    void run() override {
    3724:	ef 92       	push	r14
    3726:	0f 93       	push	r16
    3728:	1f 93       	push	r17
    372a:	cf 93       	push	r28
    372c:	df 93       	push	r29
    372e:	00 d0       	rcall	.+0      	; 0x3730 <_ZN11ArmadoState3runEv+0xc>
    3730:	00 d0       	rcall	.+0      	; 0x3732 <_ZN11ArmadoState3runEv+0xe>
    3732:	cd b7       	in	r28, 0x3d	; 61
    3734:	de b7       	in	r29, 0x3e	; 62
    3736:	9a 83       	std	Y+2, r25	; 0x02
    3738:	89 83       	std	Y+1, r24	; 0x01
        if (!status->m2->isMoving()) {
    373a:	89 81       	ldd	r24, Y+1	; 0x01
    373c:	9a 81       	ldd	r25, Y+2	; 0x02
    373e:	fc 01       	movw	r30, r24
    3740:	82 81       	ldd	r24, Z+2	; 0x02
    3742:	93 81       	ldd	r25, Z+3	; 0x03
    3744:	fc 01       	movw	r30, r24
    3746:	82 81       	ldd	r24, Z+2	; 0x02
    3748:	93 81       	ldd	r25, Z+3	; 0x03
    374a:	0e 94 2f 0e 	call	0x1c5e	; 0x1c5e <_ZN6Motor28isMovingEv>
    374e:	98 2f       	mov	r25, r24
    3750:	81 e0       	ldi	r24, 0x01	; 1
    3752:	89 27       	eor	r24, r25
    3754:	88 23       	and	r24, r24
    3756:	09 f4       	brne	.+2      	; 0x375a <_ZN11ArmadoState3runEv+0x36>
    3758:	b1 c0       	rjmp	.+354    	; 0x38bc <_ZN11ArmadoState3runEv+0x198>
            if (going_left) {
    375a:	89 81       	ldd	r24, Y+1	; 0x01
    375c:	9a 81       	ldd	r25, Y+2	; 0x02
    375e:	fc 01       	movw	r30, r24
    3760:	84 81       	ldd	r24, Z+4	; 0x04
    3762:	88 23       	and	r24, r24
    3764:	09 f4       	brne	.+2      	; 0x3768 <_ZN11ArmadoState3runEv+0x44>
    3766:	55 c0       	rjmp	.+170    	; 0x3812 <_ZN11ArmadoState3runEv+0xee>
                // Si íbamos a la izquierda y llegamos a la izquierda
                if(status->m2->isAt(M2_POS_LEFT)) {
    3768:	89 81       	ldd	r24, Y+1	; 0x01
    376a:	9a 81       	ldd	r25, Y+2	; 0x02
    376c:	fc 01       	movw	r30, r24
    376e:	82 81       	ldd	r24, Z+2	; 0x02
    3770:	93 81       	ldd	r25, Z+3	; 0x03
    3772:	fc 01       	movw	r30, r24
    3774:	82 81       	ldd	r24, Z+2	; 0x02
    3776:	93 81       	ldd	r25, Z+3	; 0x03
    3778:	61 e0       	ldi	r22, 0x01	; 1
    377a:	0e 94 00 0e 	call	0x1c00	; 0x1c00 <_ZN6Motor24isAtEN12LimitSwitch38PositionE>
    377e:	88 23       	and	r24, r24
    3780:	31 f1       	breq	.+76     	; 0x37ce <_ZN11ArmadoState3runEv+0xaa>
                    going_left = false; // Rebotar hacia la derecha (hasta el MEDIO)
    3782:	89 81       	ldd	r24, Y+1	; 0x01
    3784:	9a 81       	ldd	r25, Y+2	; 0x02
    3786:	fc 01       	movw	r30, r24
    3788:	14 82       	std	Z+4, r1	; 0x04
                    status->m2->move(M2_DIR_RIGHT, M2_POS_MIDDLE, status->current_time, 153);
    378a:	89 81       	ldd	r24, Y+1	; 0x01
    378c:	9a 81       	ldd	r25, Y+2	; 0x02
    378e:	fc 01       	movw	r30, r24
    3790:	82 81       	ldd	r24, Z+2	; 0x02
    3792:	93 81       	ldd	r25, Z+3	; 0x03
    3794:	fc 01       	movw	r30, r24
    3796:	87 a1       	ldd	r24, Z+39	; 0x27
    3798:	90 a5       	ldd	r25, Z+40	; 0x28
    379a:	a1 a5       	ldd	r26, Z+41	; 0x29
    379c:	b2 a5       	ldd	r27, Z+42	; 0x2a
    379e:	29 81       	ldd	r18, Y+1	; 0x01
    37a0:	3a 81       	ldd	r19, Y+2	; 0x02
    37a2:	f9 01       	movw	r30, r18
    37a4:	22 81       	ldd	r18, Z+2	; 0x02
    37a6:	33 81       	ldd	r19, Z+3	; 0x03
    37a8:	f9 01       	movw	r30, r18
    37aa:	02 80       	ldd	r0, Z+2	; 0x02
    37ac:	f3 81       	ldd	r31, Z+3	; 0x03
    37ae:	e0 2d       	mov	r30, r0
    37b0:	fc 83       	std	Y+4, r31	; 0x04
    37b2:	eb 83       	std	Y+3, r30	; 0x03
    37b4:	0f 2e       	mov	r0, r31
    37b6:	f9 e9       	ldi	r31, 0x99	; 153
    37b8:	ef 2e       	mov	r14, r31
    37ba:	f0 2d       	mov	r31, r0
    37bc:	8c 01       	movw	r16, r24
    37be:	9d 01       	movw	r18, r26
    37c0:	42 e0       	ldi	r20, 0x02	; 2
    37c2:	60 e0       	ldi	r22, 0x00	; 0
    37c4:	8b 81       	ldd	r24, Y+3	; 0x03
    37c6:	9c 81       	ldd	r25, Y+4	; 0x04
    37c8:	0e 94 06 0c 	call	0x180c	; 0x180c <_ZN6Motor24moveEbN12LimitSwitch38PositionEmh>
                    // Rescate por si se detiene antes de tiempo
                    status->m2->move(M2_DIR_RIGHT, M2_POS_MIDDLE, status->current_time, 153);
                }
            }
        }
    }
    37cc:	77 c0       	rjmp	.+238    	; 0x38bc <_ZN11ArmadoState3runEv+0x198>
                if(status->m2->isAt(M2_POS_LEFT)) {
                    going_left = false; // Rebotar hacia la derecha (hasta el MEDIO)
                    status->m2->move(M2_DIR_RIGHT, M2_POS_MIDDLE, status->current_time, 153);
                } else {
                    // Rescate por si se detiene antes de tiempo
                    status->m2->move(M2_DIR_LEFT, M2_POS_LEFT, status->current_time, 153);
    37ce:	89 81       	ldd	r24, Y+1	; 0x01
    37d0:	9a 81       	ldd	r25, Y+2	; 0x02
    37d2:	fc 01       	movw	r30, r24
    37d4:	82 81       	ldd	r24, Z+2	; 0x02
    37d6:	93 81       	ldd	r25, Z+3	; 0x03
    37d8:	fc 01       	movw	r30, r24
    37da:	87 a1       	ldd	r24, Z+39	; 0x27
    37dc:	90 a5       	ldd	r25, Z+40	; 0x28
    37de:	a1 a5       	ldd	r26, Z+41	; 0x29
    37e0:	b2 a5       	ldd	r27, Z+42	; 0x2a
    37e2:	29 81       	ldd	r18, Y+1	; 0x01
    37e4:	3a 81       	ldd	r19, Y+2	; 0x02
    37e6:	f9 01       	movw	r30, r18
    37e8:	22 81       	ldd	r18, Z+2	; 0x02
    37ea:	33 81       	ldd	r19, Z+3	; 0x03
    37ec:	f9 01       	movw	r30, r18
    37ee:	02 80       	ldd	r0, Z+2	; 0x02
    37f0:	f3 81       	ldd	r31, Z+3	; 0x03
    37f2:	e0 2d       	mov	r30, r0
    37f4:	fc 83       	std	Y+4, r31	; 0x04
    37f6:	eb 83       	std	Y+3, r30	; 0x03
    37f8:	0f 2e       	mov	r0, r31
    37fa:	f9 e9       	ldi	r31, 0x99	; 153
    37fc:	ef 2e       	mov	r14, r31
    37fe:	f0 2d       	mov	r31, r0
    3800:	8c 01       	movw	r16, r24
    3802:	9d 01       	movw	r18, r26
    3804:	41 e0       	ldi	r20, 0x01	; 1
    3806:	61 e0       	ldi	r22, 0x01	; 1
    3808:	8b 81       	ldd	r24, Y+3	; 0x03
    380a:	9c 81       	ldd	r25, Y+4	; 0x04
    380c:	0e 94 06 0c 	call	0x180c	; 0x180c <_ZN6Motor24moveEbN12LimitSwitch38PositionEmh>
                    // Rescate por si se detiene antes de tiempo
                    status->m2->move(M2_DIR_RIGHT, M2_POS_MIDDLE, status->current_time, 153);
                }
            }
        }
    }
    3810:	55 c0       	rjmp	.+170    	; 0x38bc <_ZN11ArmadoState3runEv+0x198>
                    // Rescate por si se detiene antes de tiempo
                    status->m2->move(M2_DIR_LEFT, M2_POS_LEFT, status->current_time, 153);
                }
            } else {
                // Si íbamos hacia la derecha (hacia el CENTRO) y llegamos al CENTRO
                if (status->m2->isAt(M2_POS_MIDDLE)) {
    3812:	89 81       	ldd	r24, Y+1	; 0x01
    3814:	9a 81       	ldd	r25, Y+2	; 0x02
    3816:	fc 01       	movw	r30, r24
    3818:	82 81       	ldd	r24, Z+2	; 0x02
    381a:	93 81       	ldd	r25, Z+3	; 0x03
    381c:	fc 01       	movw	r30, r24
    381e:	82 81       	ldd	r24, Z+2	; 0x02
    3820:	93 81       	ldd	r25, Z+3	; 0x03
    3822:	62 e0       	ldi	r22, 0x02	; 2
    3824:	0e 94 00 0e 	call	0x1c00	; 0x1c00 <_ZN6Motor24isAtEN12LimitSwitch38PositionE>
    3828:	88 23       	and	r24, r24
    382a:	39 f1       	breq	.+78     	; 0x387a <_ZN11ArmadoState3runEv+0x156>
                    going_left = true; // Rebotar hacia la izquierda
    382c:	89 81       	ldd	r24, Y+1	; 0x01
    382e:	9a 81       	ldd	r25, Y+2	; 0x02
    3830:	21 e0       	ldi	r18, 0x01	; 1
    3832:	fc 01       	movw	r30, r24
    3834:	24 83       	std	Z+4, r18	; 0x04
                    status->m2->move(M2_DIR_LEFT, M2_POS_LEFT, status->current_time, 153);
    3836:	89 81       	ldd	r24, Y+1	; 0x01
    3838:	9a 81       	ldd	r25, Y+2	; 0x02
    383a:	fc 01       	movw	r30, r24
    383c:	82 81       	ldd	r24, Z+2	; 0x02
    383e:	93 81       	ldd	r25, Z+3	; 0x03
    3840:	fc 01       	movw	r30, r24
    3842:	87 a1       	ldd	r24, Z+39	; 0x27
    3844:	90 a5       	ldd	r25, Z+40	; 0x28
    3846:	a1 a5       	ldd	r26, Z+41	; 0x29
    3848:	b2 a5       	ldd	r27, Z+42	; 0x2a
    384a:	29 81       	ldd	r18, Y+1	; 0x01
    384c:	3a 81       	ldd	r19, Y+2	; 0x02
    384e:	f9 01       	movw	r30, r18
    3850:	22 81       	ldd	r18, Z+2	; 0x02
    3852:	33 81       	ldd	r19, Z+3	; 0x03
    3854:	f9 01       	movw	r30, r18
    3856:	02 80       	ldd	r0, Z+2	; 0x02
    3858:	f3 81       	ldd	r31, Z+3	; 0x03
    385a:	e0 2d       	mov	r30, r0
    385c:	fc 83       	std	Y+4, r31	; 0x04
    385e:	eb 83       	std	Y+3, r30	; 0x03
    3860:	0f 2e       	mov	r0, r31
    3862:	f9 e9       	ldi	r31, 0x99	; 153
    3864:	ef 2e       	mov	r14, r31
    3866:	f0 2d       	mov	r31, r0
    3868:	8c 01       	movw	r16, r24
    386a:	9d 01       	movw	r18, r26
    386c:	41 e0       	ldi	r20, 0x01	; 1
    386e:	61 e0       	ldi	r22, 0x01	; 1
    3870:	8b 81       	ldd	r24, Y+3	; 0x03
    3872:	9c 81       	ldd	r25, Y+4	; 0x04
    3874:	0e 94 06 0c 	call	0x180c	; 0x180c <_ZN6Motor24moveEbN12LimitSwitch38PositionEmh>
                    // Rescate por si se detiene antes de tiempo
                    status->m2->move(M2_DIR_RIGHT, M2_POS_MIDDLE, status->current_time, 153);
                }
            }
        }
    }
    3878:	21 c0       	rjmp	.+66     	; 0x38bc <_ZN11ArmadoState3runEv+0x198>
                    going_left = true; // Rebotar hacia la izquierda
                    status->m2->move(M2_DIR_LEFT, M2_POS_LEFT, status->current_time, 153);
                }
                else {
                    // Rescate por si se detiene antes de tiempo
                    status->m2->move(M2_DIR_RIGHT, M2_POS_MIDDLE, status->current_time, 153);
    387a:	89 81       	ldd	r24, Y+1	; 0x01
    387c:	9a 81       	ldd	r25, Y+2	; 0x02
    387e:	fc 01       	movw	r30, r24
    3880:	82 81       	ldd	r24, Z+2	; 0x02
    3882:	93 81       	ldd	r25, Z+3	; 0x03
    3884:	fc 01       	movw	r30, r24
    3886:	87 a1       	ldd	r24, Z+39	; 0x27
    3888:	90 a5       	ldd	r25, Z+40	; 0x28
    388a:	a1 a5       	ldd	r26, Z+41	; 0x29
    388c:	b2 a5       	ldd	r27, Z+42	; 0x2a
    388e:	29 81       	ldd	r18, Y+1	; 0x01
    3890:	3a 81       	ldd	r19, Y+2	; 0x02
    3892:	f9 01       	movw	r30, r18
    3894:	22 81       	ldd	r18, Z+2	; 0x02
    3896:	33 81       	ldd	r19, Z+3	; 0x03
    3898:	f9 01       	movw	r30, r18
    389a:	02 80       	ldd	r0, Z+2	; 0x02
    389c:	f3 81       	ldd	r31, Z+3	; 0x03
    389e:	e0 2d       	mov	r30, r0
    38a0:	fc 83       	std	Y+4, r31	; 0x04
    38a2:	eb 83       	std	Y+3, r30	; 0x03
    38a4:	0f 2e       	mov	r0, r31
    38a6:	f9 e9       	ldi	r31, 0x99	; 153
    38a8:	ef 2e       	mov	r14, r31
    38aa:	f0 2d       	mov	r31, r0
    38ac:	8c 01       	movw	r16, r24
    38ae:	9d 01       	movw	r18, r26
    38b0:	42 e0       	ldi	r20, 0x02	; 2
    38b2:	60 e0       	ldi	r22, 0x00	; 0
    38b4:	8b 81       	ldd	r24, Y+3	; 0x03
    38b6:	9c 81       	ldd	r25, Y+4	; 0x04
    38b8:	0e 94 06 0c 	call	0x180c	; 0x180c <_ZN6Motor24moveEbN12LimitSwitch38PositionEmh>
                }
            }
        }
    }
    38bc:	00 00       	nop
    38be:	0f 90       	pop	r0
    38c0:	0f 90       	pop	r0
    38c2:	0f 90       	pop	r0
    38c4:	0f 90       	pop	r0
    38c6:	df 91       	pop	r29
    38c8:	cf 91       	pop	r28
    38ca:	1f 91       	pop	r17
    38cc:	0f 91       	pop	r16
    38ce:	ef 90       	pop	r14
    38d0:	08 95       	ret

000038d2 <_ZN11ArmadoState17check_transitionsEv>:
    
    States check_transitions() override {
    38d2:	cf 93       	push	r28
    38d4:	df 93       	push	r29
    38d6:	00 d0       	rcall	.+0      	; 0x38d8 <_ZN11ArmadoState17check_transitionsEv+0x6>
    38d8:	cd b7       	in	r28, 0x3d	; 61
    38da:	de b7       	in	r29, 0x3e	; 62
    38dc:	9a 83       	std	Y+2, r25	; 0x02
    38de:	89 83       	std	Y+1, r24	; 0x01
        if (status->sw6->consumeClick()) {
    38e0:	89 81       	ldd	r24, Y+1	; 0x01
    38e2:	9a 81       	ldd	r25, Y+2	; 0x02
    38e4:	fc 01       	movw	r30, r24
    38e6:	82 81       	ldd	r24, Z+2	; 0x02
    38e8:	93 81       	ldd	r25, Z+3	; 0x03
    38ea:	fc 01       	movw	r30, r24
    38ec:	84 89       	ldd	r24, Z+20	; 0x14
    38ee:	95 89       	ldd	r25, Z+21	; 0x15
    38f0:	0e 94 67 11 	call	0x22ce	; 0x22ce <_ZN10SwitchUser12consumeClickEv>
    38f4:	88 23       	and	r24, r24
    38f6:	11 f0       	breq	.+4      	; 0x38fc <_ZN11ArmadoState17check_transitionsEv+0x2a>
            // Si se pulsa el botón de usuario, pasa a Disparo.
            return States::Disparo;
    38f8:	85 e0       	ldi	r24, 0x05	; 5
    38fa:	01 c0       	rjmp	.+2      	; 0x38fe <_ZN11ArmadoState17check_transitionsEv+0x2c>
        }
        return States::NO_CHANGE;
    38fc:	8f ef       	ldi	r24, 0xFF	; 255
    }
    38fe:	0f 90       	pop	r0
    3900:	0f 90       	pop	r0
    3902:	df 91       	pop	r29
    3904:	cf 91       	pop	r28
    3906:	08 95       	ret

00003908 <_ZN11ArmadoState4exitEv>:
    
    void exit() override {
    3908:	cf 93       	push	r28
    390a:	df 93       	push	r29
    390c:	00 d0       	rcall	.+0      	; 0x390e <_ZN11ArmadoState4exitEv+0x6>
    390e:	cd b7       	in	r28, 0x3d	; 61
    3910:	de b7       	in	r29, 0x3e	; 62
    3912:	9a 83       	std	Y+2, r25	; 0x02
    3914:	89 83       	std	Y+1, r24	; 0x01
        status->led->off();
    3916:	89 81       	ldd	r24, Y+1	; 0x01
    3918:	9a 81       	ldd	r25, Y+2	; 0x02
    391a:	fc 01       	movw	r30, r24
    391c:	82 81       	ldd	r24, Z+2	; 0x02
    391e:	93 81       	ldd	r25, Z+3	; 0x03
    3920:	fc 01       	movw	r30, r24
    3922:	86 89       	ldd	r24, Z+22	; 0x16
    3924:	97 89       	ldd	r25, Z+23	; 0x17
    3926:	0e 94 2d 04 	call	0x85a	; 0x85a <_ZN3Led3offEv>
        status->m2->stop(); // M2 se detiene en la posición actual para el disparo
    392a:	89 81       	ldd	r24, Y+1	; 0x01
    392c:	9a 81       	ldd	r25, Y+2	; 0x02
    392e:	fc 01       	movw	r30, r24
    3930:	82 81       	ldd	r24, Z+2	; 0x02
    3932:	93 81       	ldd	r25, Z+3	; 0x03
    3934:	fc 01       	movw	r30, r24
    3936:	82 81       	ldd	r24, Z+2	; 0x02
    3938:	93 81       	ldd	r25, Z+3	; 0x03
    393a:	0e 94 9a 0c 	call	0x1934	; 0x1934 <_ZN6Motor24stopEv>
    }
    393e:	00 00       	nop
    3940:	0f 90       	pop	r0
    3942:	0f 90       	pop	r0
    3944:	df 91       	pop	r29
    3946:	cf 91       	pop	r28
    3948:	08 95       	ret

0000394a <_ZN12DisparoStateC1EP6Status>:
    private:
    uint32_t start_time = 0;
    bool m2_finished = false;
    
    public:
    explicit DisparoState(Status* s) : StateActionBase(s) {}
    394a:	cf 93       	push	r28
    394c:	df 93       	push	r29
    394e:	00 d0       	rcall	.+0      	; 0x3950 <_ZN12DisparoStateC1EP6Status+0x6>
    3950:	00 d0       	rcall	.+0      	; 0x3952 <_ZN12DisparoStateC1EP6Status+0x8>
    3952:	cd b7       	in	r28, 0x3d	; 61
    3954:	de b7       	in	r29, 0x3e	; 62
    3956:	9a 83       	std	Y+2, r25	; 0x02
    3958:	89 83       	std	Y+1, r24	; 0x01
    395a:	7c 83       	std	Y+4, r23	; 0x04
    395c:	6b 83       	std	Y+3, r22	; 0x03
    395e:	89 81       	ldd	r24, Y+1	; 0x01
    3960:	9a 81       	ldd	r25, Y+2	; 0x02
    3962:	2b 81       	ldd	r18, Y+3	; 0x03
    3964:	3c 81       	ldd	r19, Y+4	; 0x04
    3966:	b9 01       	movw	r22, r18
    3968:	0e 94 d6 13 	call	0x27ac	; 0x27ac <_ZN15StateActionBaseC1EP6Status>
    396c:	2d e3       	ldi	r18, 0x3D	; 61
    396e:	32 e0       	ldi	r19, 0x02	; 2
    3970:	89 81       	ldd	r24, Y+1	; 0x01
    3972:	9a 81       	ldd	r25, Y+2	; 0x02
    3974:	fc 01       	movw	r30, r24
    3976:	31 83       	std	Z+1, r19	; 0x01
    3978:	20 83       	st	Z, r18
    397a:	89 81       	ldd	r24, Y+1	; 0x01
    397c:	9a 81       	ldd	r25, Y+2	; 0x02
    397e:	fc 01       	movw	r30, r24
    3980:	14 82       	std	Z+4, r1	; 0x04
    3982:	15 82       	std	Z+5, r1	; 0x05
    3984:	16 82       	std	Z+6, r1	; 0x06
    3986:	17 82       	std	Z+7, r1	; 0x07
    3988:	89 81       	ldd	r24, Y+1	; 0x01
    398a:	9a 81       	ldd	r25, Y+2	; 0x02
    398c:	fc 01       	movw	r30, r24
    398e:	10 86       	std	Z+8, r1	; 0x08
    3990:	00 00       	nop
    3992:	0f 90       	pop	r0
    3994:	0f 90       	pop	r0
    3996:	0f 90       	pop	r0
    3998:	0f 90       	pop	r0
    399a:	df 91       	pop	r29
    399c:	cf 91       	pop	r28
    399e:	08 95       	ret

000039a0 <_ZN12DisparoState5entryEv>:

    void entry() override {
    39a0:	0f 93       	push	r16
    39a2:	cf 93       	push	r28
    39a4:	df 93       	push	r29
    39a6:	00 d0       	rcall	.+0      	; 0x39a8 <_ZN12DisparoState5entryEv+0x8>
    39a8:	00 d0       	rcall	.+0      	; 0x39aa <_ZN12DisparoState5entryEv+0xa>
    39aa:	cd b7       	in	r28, 0x3d	; 61
    39ac:	de b7       	in	r29, 0x3e	; 62
    39ae:	9a 83       	std	Y+2, r25	; 0x02
    39b0:	89 83       	std	Y+1, r24	; 0x01
		if (status->is_last_turn) {
    39b2:	89 81       	ldd	r24, Y+1	; 0x01
    39b4:	9a 81       	ldd	r25, Y+2	; 0x02
    39b6:	fc 01       	movw	r30, r24
    39b8:	82 81       	ldd	r24, Z+2	; 0x02
    39ba:	93 81       	ldd	r25, Z+3	; 0x03
    39bc:	fc 01       	movw	r30, r24
    39be:	87 8d       	ldd	r24, Z+31	; 0x1f
    39c0:	88 23       	and	r24, r24
    39c2:	41 f0       	breq	.+16     	; 0x39d4 <_ZN12DisparoState5entryEv+0x34>
			status->is_last_turn_executed = true;
    39c4:	89 81       	ldd	r24, Y+1	; 0x01
    39c6:	9a 81       	ldd	r25, Y+2	; 0x02
    39c8:	fc 01       	movw	r30, r24
    39ca:	82 81       	ldd	r24, Z+2	; 0x02
    39cc:	93 81       	ldd	r25, Z+3	; 0x03
    39ce:	21 e0       	ldi	r18, 0x01	; 1
    39d0:	fc 01       	movw	r30, r24
    39d2:	20 a3       	std	Z+32, r18	; 0x20
		}
		
        status->pinsManager->reset();
    39d4:	89 81       	ldd	r24, Y+1	; 0x01
    39d6:	9a 81       	ldd	r25, Y+2	; 0x02
    39d8:	fc 01       	movw	r30, r24
    39da:	82 81       	ldd	r24, Z+2	; 0x02
    39dc:	93 81       	ldd	r25, Z+3	; 0x03
    39de:	fc 01       	movw	r30, r24
    39e0:	82 8d       	ldd	r24, Z+26	; 0x1a
    39e2:	93 8d       	ldd	r25, Z+27	; 0x1b
    39e4:	0e 94 ed 0f 	call	0x1fda	; 0x1fda <_ZN11PinsManager5resetEv>

        start_time = status->current_time;
    39e8:	89 81       	ldd	r24, Y+1	; 0x01
    39ea:	9a 81       	ldd	r25, Y+2	; 0x02
    39ec:	fc 01       	movw	r30, r24
    39ee:	82 81       	ldd	r24, Z+2	; 0x02
    39f0:	93 81       	ldd	r25, Z+3	; 0x03
    39f2:	fc 01       	movw	r30, r24
    39f4:	87 a1       	ldd	r24, Z+39	; 0x27
    39f6:	90 a5       	ldd	r25, Z+40	; 0x28
    39f8:	a1 a5       	ldd	r26, Z+41	; 0x29
    39fa:	b2 a5       	ldd	r27, Z+42	; 0x2a
    39fc:	29 81       	ldd	r18, Y+1	; 0x01
    39fe:	3a 81       	ldd	r19, Y+2	; 0x02
    3a00:	f9 01       	movw	r30, r18
    3a02:	84 83       	std	Z+4, r24	; 0x04
    3a04:	95 83       	std	Z+5, r25	; 0x05
    3a06:	a6 83       	std	Z+6, r26	; 0x06
    3a08:	b7 83       	std	Z+7, r27	; 0x07
        m2_finished = false;
    3a0a:	89 81       	ldd	r24, Y+1	; 0x01
    3a0c:	9a 81       	ldd	r25, Y+2	; 0x02
    3a0e:	fc 01       	movw	r30, r24
    3a10:	10 86       	std	Z+8, r1	; 0x08
        
        status->is_armed = false; 
    3a12:	89 81       	ldd	r24, Y+1	; 0x01
    3a14:	9a 81       	ldd	r25, Y+2	; 0x02
    3a16:	fc 01       	movw	r30, r24
    3a18:	82 81       	ldd	r24, Z+2	; 0x02
    3a1a:	93 81       	ldd	r25, Z+3	; 0x03
    3a1c:	fc 01       	movw	r30, r24
    3a1e:	12 a2       	std	Z+34, r1	; 0x22
        
        status->m4->move(M4_DIR_OPEN, status->current_time);
    3a20:	89 81       	ldd	r24, Y+1	; 0x01
    3a22:	9a 81       	ldd	r25, Y+2	; 0x02
    3a24:	fc 01       	movw	r30, r24
    3a26:	82 81       	ldd	r24, Z+2	; 0x02
    3a28:	93 81       	ldd	r25, Z+3	; 0x03
    3a2a:	fc 01       	movw	r30, r24
    3a2c:	87 a1       	ldd	r24, Z+39	; 0x27
    3a2e:	90 a5       	ldd	r25, Z+40	; 0x28
    3a30:	a1 a5       	ldd	r26, Z+41	; 0x29
    3a32:	b2 a5       	ldd	r27, Z+42	; 0x2a
    3a34:	29 81       	ldd	r18, Y+1	; 0x01
    3a36:	3a 81       	ldd	r19, Y+2	; 0x02
    3a38:	f9 01       	movw	r30, r18
    3a3a:	22 81       	ldd	r18, Z+2	; 0x02
    3a3c:	33 81       	ldd	r19, Z+3	; 0x03
    3a3e:	f9 01       	movw	r30, r18
    3a40:	06 80       	ldd	r0, Z+6	; 0x06
    3a42:	f7 81       	ldd	r31, Z+7	; 0x07
    3a44:	e0 2d       	mov	r30, r0
    3a46:	fc 83       	std	Y+4, r31	; 0x04
    3a48:	eb 83       	std	Y+3, r30	; 0x03
    3a4a:	0c ec       	ldi	r16, 0xCC	; 204
    3a4c:	9c 01       	movw	r18, r24
    3a4e:	ad 01       	movw	r20, r26
    3a50:	60 e0       	ldi	r22, 0x00	; 0
    3a52:	8b 81       	ldd	r24, Y+3	; 0x03
    3a54:	9c 81       	ldd	r25, Y+4	; 0x04
    3a56:	0e 94 5c 07 	call	0xeb8	; 0xeb8 <_ZN5Motor4moveEbmh>
    }
    3a5a:	00 00       	nop
    3a5c:	0f 90       	pop	r0
    3a5e:	0f 90       	pop	r0
    3a60:	0f 90       	pop	r0
    3a62:	0f 90       	pop	r0
    3a64:	df 91       	pop	r29
    3a66:	cf 91       	pop	r28
    3a68:	0f 91       	pop	r16
    3a6a:	08 95       	ret

00003a6c <_ZN12DisparoState3runEv>:

    void run() override {
    3a6c:	ef 92       	push	r14
    3a6e:	ff 92       	push	r15
    3a70:	0f 93       	push	r16
    3a72:	1f 93       	push	r17
    3a74:	cf 93       	push	r28
    3a76:	df 93       	push	r29
    3a78:	00 d0       	rcall	.+0      	; 0x3a7a <_ZN12DisparoState3runEv+0xe>
    3a7a:	00 d0       	rcall	.+0      	; 0x3a7c <_ZN12DisparoState3runEv+0x10>
    3a7c:	cd b7       	in	r28, 0x3d	; 61
    3a7e:	de b7       	in	r29, 0x3e	; 62
    3a80:	9a 83       	std	Y+2, r25	; 0x02
    3a82:	89 83       	std	Y+1, r24	; 0x01
        // Tras 3 segundos, M2 retorna a RIGHT
        if ((status->current_time - start_time) >= 3000) {
    3a84:	89 81       	ldd	r24, Y+1	; 0x01
    3a86:	9a 81       	ldd	r25, Y+2	; 0x02
    3a88:	fc 01       	movw	r30, r24
    3a8a:	82 81       	ldd	r24, Z+2	; 0x02
    3a8c:	93 81       	ldd	r25, Z+3	; 0x03
    3a8e:	fc 01       	movw	r30, r24
    3a90:	27 a1       	ldd	r18, Z+39	; 0x27
    3a92:	30 a5       	ldd	r19, Z+40	; 0x28
    3a94:	41 a5       	ldd	r20, Z+41	; 0x29
    3a96:	52 a5       	ldd	r21, Z+42	; 0x2a
    3a98:	89 81       	ldd	r24, Y+1	; 0x01
    3a9a:	9a 81       	ldd	r25, Y+2	; 0x02
    3a9c:	fc 01       	movw	r30, r24
    3a9e:	84 81       	ldd	r24, Z+4	; 0x04
    3aa0:	95 81       	ldd	r25, Z+5	; 0x05
    3aa2:	a6 81       	ldd	r26, Z+6	; 0x06
    3aa4:	b7 81       	ldd	r27, Z+7	; 0x07
    3aa6:	79 01       	movw	r14, r18
    3aa8:	8a 01       	movw	r16, r20
    3aaa:	e8 1a       	sub	r14, r24
    3aac:	f9 0a       	sbc	r15, r25
    3aae:	0a 0b       	sbc	r16, r26
    3ab0:	1b 0b       	sbc	r17, r27
    3ab2:	d8 01       	movw	r26, r16
    3ab4:	c7 01       	movw	r24, r14
    3ab6:	88 3b       	cpi	r24, 0xB8	; 184
    3ab8:	9b 40       	sbci	r25, 0x0B	; 11
    3aba:	a1 05       	cpc	r26, r1
    3abc:	b1 05       	cpc	r27, r1
    3abe:	08 f4       	brcc	.+2      	; 0x3ac2 <_ZN12DisparoState3runEv+0x56>
    3ac0:	4c c0       	rjmp	.+152    	; 0x3b5a <_ZN12DisparoState3runEv+0xee>
            if (!m2_finished) {
    3ac2:	89 81       	ldd	r24, Y+1	; 0x01
    3ac4:	9a 81       	ldd	r25, Y+2	; 0x02
    3ac6:	fc 01       	movw	r30, r24
    3ac8:	90 85       	ldd	r25, Z+8	; 0x08
    3aca:	81 e0       	ldi	r24, 0x01	; 1
    3acc:	89 27       	eor	r24, r25
    3ace:	88 23       	and	r24, r24
    3ad0:	09 f4       	brne	.+2      	; 0x3ad4 <_ZN12DisparoState3runEv+0x68>
    3ad2:	43 c0       	rjmp	.+134    	; 0x3b5a <_ZN12DisparoState3runEv+0xee>
                if (status->m2->isAt(M2_POS_RIGHT)) {
    3ad4:	89 81       	ldd	r24, Y+1	; 0x01
    3ad6:	9a 81       	ldd	r25, Y+2	; 0x02
    3ad8:	fc 01       	movw	r30, r24
    3ada:	82 81       	ldd	r24, Z+2	; 0x02
    3adc:	93 81       	ldd	r25, Z+3	; 0x03
    3ade:	fc 01       	movw	r30, r24
    3ae0:	82 81       	ldd	r24, Z+2	; 0x02
    3ae2:	93 81       	ldd	r25, Z+3	; 0x03
    3ae4:	63 e0       	ldi	r22, 0x03	; 3
    3ae6:	0e 94 00 0e 	call	0x1c00	; 0x1c00 <_ZN6Motor24isAtEN12LimitSwitch38PositionE>
    3aea:	88 23       	and	r24, r24
    3aec:	31 f0       	breq	.+12     	; 0x3afa <_ZN12DisparoState3runEv+0x8e>
                    m2_finished = true;
    3aee:	89 81       	ldd	r24, Y+1	; 0x01
    3af0:	9a 81       	ldd	r25, Y+2	; 0x02
    3af2:	21 e0       	ldi	r18, 0x01	; 1
    3af4:	fc 01       	movw	r30, r24
    3af6:	20 87       	std	Z+8, r18	; 0x08
                    // Rescate por si M2 no llega a la posición correcta.
                    status->m2->startHoming(M2_DIR_RIGHT, M2_POS_RIGHT, status->current_time);
                }
            }
        }
    }
    3af8:	30 c0       	rjmp	.+96     	; 0x3b5a <_ZN12DisparoState3runEv+0xee>
        if ((status->current_time - start_time) >= 3000) {
            if (!m2_finished) {
                if (status->m2->isAt(M2_POS_RIGHT)) {
                    m2_finished = true;
                }
                else if (!status->m2->isMoving()) {
    3afa:	89 81       	ldd	r24, Y+1	; 0x01
    3afc:	9a 81       	ldd	r25, Y+2	; 0x02
    3afe:	fc 01       	movw	r30, r24
    3b00:	82 81       	ldd	r24, Z+2	; 0x02
    3b02:	93 81       	ldd	r25, Z+3	; 0x03
    3b04:	fc 01       	movw	r30, r24
    3b06:	82 81       	ldd	r24, Z+2	; 0x02
    3b08:	93 81       	ldd	r25, Z+3	; 0x03
    3b0a:	0e 94 2f 0e 	call	0x1c5e	; 0x1c5e <_ZN6Motor28isMovingEv>
    3b0e:	98 2f       	mov	r25, r24
    3b10:	81 e0       	ldi	r24, 0x01	; 1
    3b12:	89 27       	eor	r24, r25
    3b14:	88 23       	and	r24, r24
    3b16:	09 f1       	breq	.+66     	; 0x3b5a <_ZN12DisparoState3runEv+0xee>
                    // Rescate por si M2 no llega a la posición correcta.
                    status->m2->startHoming(M2_DIR_RIGHT, M2_POS_RIGHT, status->current_time);
    3b18:	89 81       	ldd	r24, Y+1	; 0x01
    3b1a:	9a 81       	ldd	r25, Y+2	; 0x02
    3b1c:	fc 01       	movw	r30, r24
    3b1e:	82 81       	ldd	r24, Z+2	; 0x02
    3b20:	93 81       	ldd	r25, Z+3	; 0x03
    3b22:	fc 01       	movw	r30, r24
    3b24:	87 a1       	ldd	r24, Z+39	; 0x27
    3b26:	90 a5       	ldd	r25, Z+40	; 0x28
    3b28:	a1 a5       	ldd	r26, Z+41	; 0x29
    3b2a:	b2 a5       	ldd	r27, Z+42	; 0x2a
    3b2c:	29 81       	ldd	r18, Y+1	; 0x01
    3b2e:	3a 81       	ldd	r19, Y+2	; 0x02
    3b30:	f9 01       	movw	r30, r18
    3b32:	22 81       	ldd	r18, Z+2	; 0x02
    3b34:	33 81       	ldd	r19, Z+3	; 0x03
    3b36:	f9 01       	movw	r30, r18
    3b38:	02 80       	ldd	r0, Z+2	; 0x02
    3b3a:	f3 81       	ldd	r31, Z+3	; 0x03
    3b3c:	e0 2d       	mov	r30, r0
    3b3e:	fc 83       	std	Y+4, r31	; 0x04
    3b40:	eb 83       	std	Y+3, r30	; 0x03
    3b42:	0f 2e       	mov	r0, r31
    3b44:	fc ec       	ldi	r31, 0xCC	; 204
    3b46:	ef 2e       	mov	r14, r31
    3b48:	f0 2d       	mov	r31, r0
    3b4a:	8c 01       	movw	r16, r24
    3b4c:	9d 01       	movw	r18, r26
    3b4e:	43 e0       	ldi	r20, 0x03	; 3
    3b50:	60 e0       	ldi	r22, 0x00	; 0
    3b52:	8b 81       	ldd	r24, Y+3	; 0x03
    3b54:	9c 81       	ldd	r25, Y+4	; 0x04
    3b56:	0e 94 74 0b 	call	0x16e8	; 0x16e8 <_ZN6Motor211startHomingEbN12LimitSwitch38PositionEmh>
                }
            }
        }
    }
    3b5a:	00 00       	nop
    3b5c:	0f 90       	pop	r0
    3b5e:	0f 90       	pop	r0
    3b60:	0f 90       	pop	r0
    3b62:	0f 90       	pop	r0
    3b64:	df 91       	pop	r29
    3b66:	cf 91       	pop	r28
    3b68:	1f 91       	pop	r17
    3b6a:	0f 91       	pop	r16
    3b6c:	ff 90       	pop	r15
    3b6e:	ef 90       	pop	r14
    3b70:	08 95       	ret

00003b72 <_ZN12DisparoState17check_transitionsEv>:

    States check_transitions() override {
    3b72:	ef 92       	push	r14
    3b74:	ff 92       	push	r15
    3b76:	0f 93       	push	r16
    3b78:	1f 93       	push	r17
    3b7a:	cf 93       	push	r28
    3b7c:	df 93       	push	r29
    3b7e:	00 d0       	rcall	.+0      	; 0x3b80 <_ZN12DisparoState17check_transitionsEv+0xe>
    3b80:	cd b7       	in	r28, 0x3d	; 61
    3b82:	de b7       	in	r29, 0x3e	; 62
    3b84:	9a 83       	std	Y+2, r25	; 0x02
    3b86:	89 83       	std	Y+1, r24	; 0x01
        if ((status->current_time - start_time >= 5000) && m2_finished && status->m4->isAt(M4_SIDE_OPEN)) {
    3b88:	89 81       	ldd	r24, Y+1	; 0x01
    3b8a:	9a 81       	ldd	r25, Y+2	; 0x02
    3b8c:	fc 01       	movw	r30, r24
    3b8e:	82 81       	ldd	r24, Z+2	; 0x02
    3b90:	93 81       	ldd	r25, Z+3	; 0x03
    3b92:	fc 01       	movw	r30, r24
    3b94:	27 a1       	ldd	r18, Z+39	; 0x27
    3b96:	30 a5       	ldd	r19, Z+40	; 0x28
    3b98:	41 a5       	ldd	r20, Z+41	; 0x29
    3b9a:	52 a5       	ldd	r21, Z+42	; 0x2a
    3b9c:	89 81       	ldd	r24, Y+1	; 0x01
    3b9e:	9a 81       	ldd	r25, Y+2	; 0x02
    3ba0:	fc 01       	movw	r30, r24
    3ba2:	84 81       	ldd	r24, Z+4	; 0x04
    3ba4:	95 81       	ldd	r25, Z+5	; 0x05
    3ba6:	a6 81       	ldd	r26, Z+6	; 0x06
    3ba8:	b7 81       	ldd	r27, Z+7	; 0x07
    3baa:	79 01       	movw	r14, r18
    3bac:	8a 01       	movw	r16, r20
    3bae:	e8 1a       	sub	r14, r24
    3bb0:	f9 0a       	sbc	r15, r25
    3bb2:	0a 0b       	sbc	r16, r26
    3bb4:	1b 0b       	sbc	r17, r27
    3bb6:	d8 01       	movw	r26, r16
    3bb8:	c7 01       	movw	r24, r14
    3bba:	88 38       	cpi	r24, 0x88	; 136
    3bbc:	93 41       	sbci	r25, 0x13	; 19
    3bbe:	a1 05       	cpc	r26, r1
    3bc0:	b1 05       	cpc	r27, r1
    3bc2:	a8 f0       	brcs	.+42     	; 0x3bee <_ZN12DisparoState17check_transitionsEv+0x7c>
    3bc4:	89 81       	ldd	r24, Y+1	; 0x01
    3bc6:	9a 81       	ldd	r25, Y+2	; 0x02
    3bc8:	fc 01       	movw	r30, r24
    3bca:	80 85       	ldd	r24, Z+8	; 0x08
    3bcc:	88 23       	and	r24, r24
    3bce:	79 f0       	breq	.+30     	; 0x3bee <_ZN12DisparoState17check_transitionsEv+0x7c>
    3bd0:	89 81       	ldd	r24, Y+1	; 0x01
    3bd2:	9a 81       	ldd	r25, Y+2	; 0x02
    3bd4:	fc 01       	movw	r30, r24
    3bd6:	82 81       	ldd	r24, Z+2	; 0x02
    3bd8:	93 81       	ldd	r25, Z+3	; 0x03
    3bda:	fc 01       	movw	r30, r24
    3bdc:	86 81       	ldd	r24, Z+6	; 0x06
    3bde:	97 81       	ldd	r25, Z+7	; 0x07
    3be0:	62 e0       	ldi	r22, 0x02	; 2
    3be2:	0e 94 a4 08 	call	0x1148	; 0x1148 <_ZN5Motor4isAtENS_4SideE>
    3be6:	88 23       	and	r24, r24
    3be8:	11 f0       	breq	.+4      	; 0x3bee <_ZN12DisparoState17check_transitionsEv+0x7c>
    3bea:	81 e0       	ldi	r24, 0x01	; 1
    3bec:	01 c0       	rjmp	.+2      	; 0x3bf0 <_ZN12DisparoState17check_transitionsEv+0x7e>
    3bee:	80 e0       	ldi	r24, 0x00	; 0
    3bf0:	88 23       	and	r24, r24
    3bf2:	11 f0       	breq	.+4      	; 0x3bf8 <_ZN12DisparoState17check_transitionsEv+0x86>
            // Si han pasado 5 segundos, M2 está en RIGHT, y M4 está abierto, pasamos a Retorno.
            return States::Retorno;
    3bf4:	86 e0       	ldi	r24, 0x06	; 6
    3bf6:	01 c0       	rjmp	.+2      	; 0x3bfa <_ZN12DisparoState17check_transitionsEv+0x88>
        }
        return States::NO_CHANGE;
    3bf8:	8f ef       	ldi	r24, 0xFF	; 255
    }
    3bfa:	0f 90       	pop	r0
    3bfc:	0f 90       	pop	r0
    3bfe:	df 91       	pop	r29
    3c00:	cf 91       	pop	r28
    3c02:	1f 91       	pop	r17
    3c04:	0f 91       	pop	r16
    3c06:	ff 90       	pop	r15
    3c08:	ef 90       	pop	r14
    3c0a:	08 95       	ret

00003c0c <_ZN12DisparoState4exitEv>:
    
    void exit() override {
    3c0c:	cf 93       	push	r28
    3c0e:	df 93       	push	r29
    3c10:	00 d0       	rcall	.+0      	; 0x3c12 <_ZN12DisparoState4exitEv+0x6>
    3c12:	cd b7       	in	r28, 0x3d	; 61
    3c14:	de b7       	in	r29, 0x3e	; 62
    3c16:	9a 83       	std	Y+2, r25	; 0x02
    3c18:	89 83       	std	Y+1, r24	; 0x01
        // Al salir de Disparo, sumar la puntuación obtenida en este turno y actualizar el display.
        status->score += status->pinsManager->getScore();
    3c1a:	89 81       	ldd	r24, Y+1	; 0x01
    3c1c:	9a 81       	ldd	r25, Y+2	; 0x02
    3c1e:	fc 01       	movw	r30, r24
    3c20:	82 81       	ldd	r24, Z+2	; 0x02
    3c22:	93 81       	ldd	r25, Z+3	; 0x03
    3c24:	fc 01       	movw	r30, r24
    3c26:	82 8d       	ldd	r24, Z+26	; 0x1a
    3c28:	93 8d       	ldd	r25, Z+27	; 0x1b
    3c2a:	0e 94 dd 0f 	call	0x1fba	; 0x1fba <_ZN11PinsManager8getScoreEv>
    3c2e:	48 2f       	mov	r20, r24
    3c30:	89 81       	ldd	r24, Y+1	; 0x01
    3c32:	9a 81       	ldd	r25, Y+2	; 0x02
    3c34:	fc 01       	movw	r30, r24
    3c36:	82 81       	ldd	r24, Z+2	; 0x02
    3c38:	93 81       	ldd	r25, Z+3	; 0x03
    3c3a:	29 81       	ldd	r18, Y+1	; 0x01
    3c3c:	3a 81       	ldd	r19, Y+2	; 0x02
    3c3e:	f9 01       	movw	r30, r18
    3c40:	22 81       	ldd	r18, Z+2	; 0x02
    3c42:	33 81       	ldd	r19, Z+3	; 0x03
    3c44:	f9 01       	movw	r30, r18
    3c46:	26 8d       	ldd	r18, Z+30	; 0x1e
    3c48:	24 0f       	add	r18, r20
    3c4a:	fc 01       	movw	r30, r24
    3c4c:	26 8f       	std	Z+30, r18	; 0x1e
        status->display->setScore(status->score);
    3c4e:	89 81       	ldd	r24, Y+1	; 0x01
    3c50:	9a 81       	ldd	r25, Y+2	; 0x02
    3c52:	fc 01       	movw	r30, r24
    3c54:	82 81       	ldd	r24, Z+2	; 0x02
    3c56:	93 81       	ldd	r25, Z+3	; 0x03
    3c58:	fc 01       	movw	r30, r24
    3c5a:	26 8d       	ldd	r18, Z+30	; 0x1e
    3c5c:	89 81       	ldd	r24, Y+1	; 0x01
    3c5e:	9a 81       	ldd	r25, Y+2	; 0x02
    3c60:	fc 01       	movw	r30, r24
    3c62:	82 81       	ldd	r24, Z+2	; 0x02
    3c64:	93 81       	ldd	r25, Z+3	; 0x03
    3c66:	fc 01       	movw	r30, r24
    3c68:	80 8d       	ldd	r24, Z+24	; 0x18
    3c6a:	91 8d       	ldd	r25, Z+25	; 0x19
    3c6c:	62 2f       	mov	r22, r18
    3c6e:	0e 94 9d 02 	call	0x53a	; 0x53a <_ZN7Display8setScoreEh>
        
        status->pinsManager->reset();
    3c72:	89 81       	ldd	r24, Y+1	; 0x01
    3c74:	9a 81       	ldd	r25, Y+2	; 0x02
    3c76:	fc 01       	movw	r30, r24
    3c78:	82 81       	ldd	r24, Z+2	; 0x02
    3c7a:	93 81       	ldd	r25, Z+3	; 0x03
    3c7c:	fc 01       	movw	r30, r24
    3c7e:	82 8d       	ldd	r24, Z+26	; 0x1a
    3c80:	93 8d       	ldd	r25, Z+27	; 0x1b
    3c82:	0e 94 ed 0f 	call	0x1fda	; 0x1fda <_ZN11PinsManager5resetEv>
    }
    3c86:	00 00       	nop
    3c88:	0f 90       	pop	r0
    3c8a:	0f 90       	pop	r0
    3c8c:	df 91       	pop	r29
    3c8e:	cf 91       	pop	r28
    3c90:	08 95       	ret

00003c92 <_ZN12RetornoStateC1EP6Status>:
    private:
        uint8_t step_m5 = 0;
        uint8_t step_m34 = 0;
        
    public:
        explicit RetornoState(Status* s) : StateActionBase(s) {}
    3c92:	cf 93       	push	r28
    3c94:	df 93       	push	r29
    3c96:	00 d0       	rcall	.+0      	; 0x3c98 <_ZN12RetornoStateC1EP6Status+0x6>
    3c98:	00 d0       	rcall	.+0      	; 0x3c9a <_ZN12RetornoStateC1EP6Status+0x8>
    3c9a:	cd b7       	in	r28, 0x3d	; 61
    3c9c:	de b7       	in	r29, 0x3e	; 62
    3c9e:	9a 83       	std	Y+2, r25	; 0x02
    3ca0:	89 83       	std	Y+1, r24	; 0x01
    3ca2:	7c 83       	std	Y+4, r23	; 0x04
    3ca4:	6b 83       	std	Y+3, r22	; 0x03
    3ca6:	89 81       	ldd	r24, Y+1	; 0x01
    3ca8:	9a 81       	ldd	r25, Y+2	; 0x02
    3caa:	2b 81       	ldd	r18, Y+3	; 0x03
    3cac:	3c 81       	ldd	r19, Y+4	; 0x04
    3cae:	b9 01       	movw	r22, r18
    3cb0:	0e 94 d6 13 	call	0x27ac	; 0x27ac <_ZN15StateActionBaseC1EP6Status>
    3cb4:	21 e3       	ldi	r18, 0x31	; 49
    3cb6:	32 e0       	ldi	r19, 0x02	; 2
    3cb8:	89 81       	ldd	r24, Y+1	; 0x01
    3cba:	9a 81       	ldd	r25, Y+2	; 0x02
    3cbc:	fc 01       	movw	r30, r24
    3cbe:	31 83       	std	Z+1, r19	; 0x01
    3cc0:	20 83       	st	Z, r18
    3cc2:	89 81       	ldd	r24, Y+1	; 0x01
    3cc4:	9a 81       	ldd	r25, Y+2	; 0x02
    3cc6:	fc 01       	movw	r30, r24
    3cc8:	14 82       	std	Z+4, r1	; 0x04
    3cca:	89 81       	ldd	r24, Y+1	; 0x01
    3ccc:	9a 81       	ldd	r25, Y+2	; 0x02
    3cce:	fc 01       	movw	r30, r24
    3cd0:	15 82       	std	Z+5, r1	; 0x05
    3cd2:	00 00       	nop
    3cd4:	0f 90       	pop	r0
    3cd6:	0f 90       	pop	r0
    3cd8:	0f 90       	pop	r0
    3cda:	0f 90       	pop	r0
    3cdc:	df 91       	pop	r29
    3cde:	cf 91       	pop	r28
    3ce0:	08 95       	ret

00003ce2 <_ZN12RetornoState5entryEv>:

        void entry() override {
    3ce2:	0f 93       	push	r16
    3ce4:	cf 93       	push	r28
    3ce6:	df 93       	push	r29
    3ce8:	00 d0       	rcall	.+0      	; 0x3cea <_ZN12RetornoState5entryEv+0x8>
    3cea:	00 d0       	rcall	.+0      	; 0x3cec <_ZN12RetornoState5entryEv+0xa>
    3cec:	cd b7       	in	r28, 0x3d	; 61
    3cee:	de b7       	in	r29, 0x3e	; 62
    3cf0:	9a 83       	std	Y+2, r25	; 0x02
    3cf2:	89 83       	std	Y+1, r24	; 0x01
            step_m5 = 0;        // Paso dentro de la secuencia de M5 (elevador de retorno)
    3cf4:	89 81       	ldd	r24, Y+1	; 0x01
    3cf6:	9a 81       	ldd	r25, Y+2	; 0x02
    3cf8:	fc 01       	movw	r30, r24
    3cfa:	14 82       	std	Z+4, r1	; 0x04
            step_m34 = 0;       // Paso dentro de la secuencia de M3-M4 (armado del lanzador)
    3cfc:	89 81       	ldd	r24, Y+1	; 0x01
    3cfe:	9a 81       	ldd	r25, Y+2	; 0x02
    3d00:	fc 01       	movw	r30, r24
    3d02:	15 82       	std	Z+5, r1	; 0x05
            
            status->m5->move(M5_DIR_UP, status->current_time, 255);
    3d04:	89 81       	ldd	r24, Y+1	; 0x01
    3d06:	9a 81       	ldd	r25, Y+2	; 0x02
    3d08:	fc 01       	movw	r30, r24
    3d0a:	82 81       	ldd	r24, Z+2	; 0x02
    3d0c:	93 81       	ldd	r25, Z+3	; 0x03
    3d0e:	fc 01       	movw	r30, r24
    3d10:	87 a1       	ldd	r24, Z+39	; 0x27
    3d12:	90 a5       	ldd	r25, Z+40	; 0x28
    3d14:	a1 a5       	ldd	r26, Z+41	; 0x29
    3d16:	b2 a5       	ldd	r27, Z+42	; 0x2a
    3d18:	29 81       	ldd	r18, Y+1	; 0x01
    3d1a:	3a 81       	ldd	r19, Y+2	; 0x02
    3d1c:	f9 01       	movw	r30, r18
    3d1e:	22 81       	ldd	r18, Z+2	; 0x02
    3d20:	33 81       	ldd	r19, Z+3	; 0x03
    3d22:	f9 01       	movw	r30, r18
    3d24:	00 84       	ldd	r0, Z+8	; 0x08
    3d26:	f1 85       	ldd	r31, Z+9	; 0x09
    3d28:	e0 2d       	mov	r30, r0
    3d2a:	fc 83       	std	Y+4, r31	; 0x04
    3d2c:	eb 83       	std	Y+3, r30	; 0x03
    3d2e:	0f ef       	ldi	r16, 0xFF	; 255
    3d30:	9c 01       	movw	r18, r24
    3d32:	ad 01       	movw	r20, r26
    3d34:	61 e0       	ldi	r22, 0x01	; 1
    3d36:	8b 81       	ldd	r24, Y+3	; 0x03
    3d38:	9c 81       	ldd	r25, Y+4	; 0x04
    3d3a:	0e 94 5c 07 	call	0xeb8	; 0xeb8 <_ZN5Motor4moveEbmh>

            if (!status->is_last_turn_executed) {
    3d3e:	89 81       	ldd	r24, Y+1	; 0x01
    3d40:	9a 81       	ldd	r25, Y+2	; 0x02
    3d42:	fc 01       	movw	r30, r24
    3d44:	82 81       	ldd	r24, Z+2	; 0x02
    3d46:	93 81       	ldd	r25, Z+3	; 0x03
    3d48:	fc 01       	movw	r30, r24
    3d4a:	90 a1       	ldd	r25, Z+32	; 0x20
    3d4c:	81 e0       	ldi	r24, 0x01	; 1
    3d4e:	89 27       	eor	r24, r25
    3d50:	88 23       	and	r24, r24
    3d52:	e9 f0       	breq	.+58     	; 0x3d8e <_ZN12RetornoState5entryEv+0xac>
                // Solo armar si no es último turno.
                status->m4->move(M4_DIR_OPEN, status->current_time);
    3d54:	89 81       	ldd	r24, Y+1	; 0x01
    3d56:	9a 81       	ldd	r25, Y+2	; 0x02
    3d58:	fc 01       	movw	r30, r24
    3d5a:	82 81       	ldd	r24, Z+2	; 0x02
    3d5c:	93 81       	ldd	r25, Z+3	; 0x03
    3d5e:	fc 01       	movw	r30, r24
    3d60:	87 a1       	ldd	r24, Z+39	; 0x27
    3d62:	90 a5       	ldd	r25, Z+40	; 0x28
    3d64:	a1 a5       	ldd	r26, Z+41	; 0x29
    3d66:	b2 a5       	ldd	r27, Z+42	; 0x2a
    3d68:	29 81       	ldd	r18, Y+1	; 0x01
    3d6a:	3a 81       	ldd	r19, Y+2	; 0x02
    3d6c:	f9 01       	movw	r30, r18
    3d6e:	22 81       	ldd	r18, Z+2	; 0x02
    3d70:	33 81       	ldd	r19, Z+3	; 0x03
    3d72:	f9 01       	movw	r30, r18
    3d74:	06 80       	ldd	r0, Z+6	; 0x06
    3d76:	f7 81       	ldd	r31, Z+7	; 0x07
    3d78:	e0 2d       	mov	r30, r0
    3d7a:	fc 83       	std	Y+4, r31	; 0x04
    3d7c:	eb 83       	std	Y+3, r30	; 0x03
    3d7e:	0c ec       	ldi	r16, 0xCC	; 204
    3d80:	9c 01       	movw	r18, r24
    3d82:	ad 01       	movw	r20, r26
    3d84:	60 e0       	ldi	r22, 0x00	; 0
    3d86:	8b 81       	ldd	r24, Y+3	; 0x03
    3d88:	9c 81       	ldd	r25, Y+4	; 0x04
    3d8a:	0e 94 5c 07 	call	0xeb8	; 0xeb8 <_ZN5Motor4moveEbmh>
            }
        }
    3d8e:	00 00       	nop
    3d90:	0f 90       	pop	r0
    3d92:	0f 90       	pop	r0
    3d94:	0f 90       	pop	r0
    3d96:	0f 90       	pop	r0
    3d98:	df 91       	pop	r29
    3d9a:	cf 91       	pop	r28
    3d9c:	0f 91       	pop	r16
    3d9e:	08 95       	ret

00003da0 <_ZN12RetornoState3runEv>:
                
        void run() override {
    3da0:	0f 93       	push	r16
    3da2:	cf 93       	push	r28
    3da4:	df 93       	push	r29
    3da6:	00 d0       	rcall	.+0      	; 0x3da8 <_ZN12RetornoState3runEv+0x8>
    3da8:	00 d0       	rcall	.+0      	; 0x3daa <_ZN12RetornoState3runEv+0xa>
    3daa:	cd b7       	in	r28, 0x3d	; 61
    3dac:	de b7       	in	r29, 0x3e	; 62
    3dae:	9a 83       	std	Y+2, r25	; 0x02
    3db0:	89 83       	std	Y+1, r24	; 0x01
            // Secuencia de retorno
            

            // Secuencia de rearmado en paralelo (solo si no es último turno)
            if (!status->is_last_turn_executed) {
    3db2:	89 81       	ldd	r24, Y+1	; 0x01
    3db4:	9a 81       	ldd	r25, Y+2	; 0x02
    3db6:	fc 01       	movw	r30, r24
    3db8:	82 81       	ldd	r24, Z+2	; 0x02
    3dba:	93 81       	ldd	r25, Z+3	; 0x03
    3dbc:	fc 01       	movw	r30, r24
    3dbe:	90 a1       	ldd	r25, Z+32	; 0x20
    3dc0:	81 e0       	ldi	r24, 0x01	; 1
    3dc2:	89 27       	eor	r24, r25
    3dc4:	88 23       	and	r24, r24
    3dc6:	09 f4       	brne	.+2      	; 0x3dca <_ZN12RetornoState3runEv+0x2a>
    3dc8:	12 c1       	rjmp	.+548    	; 0x3fee <_ZN12RetornoState3runEv+0x24e>
                if (step_m5 == 0 && status->m5->isAt(M5_SIDE_UP)) {
    3dca:	89 81       	ldd	r24, Y+1	; 0x01
    3dcc:	9a 81       	ldd	r25, Y+2	; 0x02
    3dce:	fc 01       	movw	r30, r24
    3dd0:	84 81       	ldd	r24, Z+4	; 0x04
    3dd2:	88 23       	and	r24, r24
    3dd4:	79 f4       	brne	.+30     	; 0x3df4 <_ZN12RetornoState3runEv+0x54>
    3dd6:	89 81       	ldd	r24, Y+1	; 0x01
    3dd8:	9a 81       	ldd	r25, Y+2	; 0x02
    3dda:	fc 01       	movw	r30, r24
    3ddc:	82 81       	ldd	r24, Z+2	; 0x02
    3dde:	93 81       	ldd	r25, Z+3	; 0x03
    3de0:	fc 01       	movw	r30, r24
    3de2:	80 85       	ldd	r24, Z+8	; 0x08
    3de4:	91 85       	ldd	r25, Z+9	; 0x09
    3de6:	61 e0       	ldi	r22, 0x01	; 1
    3de8:	0e 94 a4 08 	call	0x1148	; 0x1148 <_ZN5Motor4isAtENS_4SideE>
    3dec:	88 23       	and	r24, r24
    3dee:	11 f0       	breq	.+4      	; 0x3df4 <_ZN12RetornoState3runEv+0x54>
    3df0:	81 e0       	ldi	r24, 0x01	; 1
    3df2:	01 c0       	rjmp	.+2      	; 0x3df6 <_ZN12RetornoState3runEv+0x56>
    3df4:	80 e0       	ldi	r24, 0x00	; 0
    3df6:	88 23       	and	r24, r24
    3df8:	11 f1       	breq	.+68     	; 0x3e3e <_ZN12RetornoState3runEv+0x9e>
                    status->m5->move(M5_DIR_DOWN, status->current_time, 255);
    3dfa:	89 81       	ldd	r24, Y+1	; 0x01
    3dfc:	9a 81       	ldd	r25, Y+2	; 0x02
    3dfe:	fc 01       	movw	r30, r24
    3e00:	82 81       	ldd	r24, Z+2	; 0x02
    3e02:	93 81       	ldd	r25, Z+3	; 0x03
    3e04:	fc 01       	movw	r30, r24
    3e06:	87 a1       	ldd	r24, Z+39	; 0x27
    3e08:	90 a5       	ldd	r25, Z+40	; 0x28
    3e0a:	a1 a5       	ldd	r26, Z+41	; 0x29
    3e0c:	b2 a5       	ldd	r27, Z+42	; 0x2a
    3e0e:	29 81       	ldd	r18, Y+1	; 0x01
    3e10:	3a 81       	ldd	r19, Y+2	; 0x02
    3e12:	f9 01       	movw	r30, r18
    3e14:	22 81       	ldd	r18, Z+2	; 0x02
    3e16:	33 81       	ldd	r19, Z+3	; 0x03
    3e18:	f9 01       	movw	r30, r18
    3e1a:	00 84       	ldd	r0, Z+8	; 0x08
    3e1c:	f1 85       	ldd	r31, Z+9	; 0x09
    3e1e:	e0 2d       	mov	r30, r0
    3e20:	fc 83       	std	Y+4, r31	; 0x04
    3e22:	eb 83       	std	Y+3, r30	; 0x03
    3e24:	0f ef       	ldi	r16, 0xFF	; 255
    3e26:	9c 01       	movw	r18, r24
    3e28:	ad 01       	movw	r20, r26
    3e2a:	60 e0       	ldi	r22, 0x00	; 0
    3e2c:	8b 81       	ldd	r24, Y+3	; 0x03
    3e2e:	9c 81       	ldd	r25, Y+4	; 0x04
    3e30:	0e 94 5c 07 	call	0xeb8	; 0xeb8 <_ZN5Motor4moveEbmh>
                    step_m5 = 1;
    3e34:	89 81       	ldd	r24, Y+1	; 0x01
    3e36:	9a 81       	ldd	r25, Y+2	; 0x02
    3e38:	21 e0       	ldi	r18, 0x01	; 1
    3e3a:	fc 01       	movw	r30, r24
    3e3c:	24 83       	std	Z+4, r18	; 0x04
                }
                if (step_m34 == 0 && status->m4->isAt(M4_SIDE_OPEN)) {
    3e3e:	89 81       	ldd	r24, Y+1	; 0x01
    3e40:	9a 81       	ldd	r25, Y+2	; 0x02
    3e42:	fc 01       	movw	r30, r24
    3e44:	85 81       	ldd	r24, Z+5	; 0x05
    3e46:	88 23       	and	r24, r24
    3e48:	79 f4       	brne	.+30     	; 0x3e68 <_ZN12RetornoState3runEv+0xc8>
    3e4a:	89 81       	ldd	r24, Y+1	; 0x01
    3e4c:	9a 81       	ldd	r25, Y+2	; 0x02
    3e4e:	fc 01       	movw	r30, r24
    3e50:	82 81       	ldd	r24, Z+2	; 0x02
    3e52:	93 81       	ldd	r25, Z+3	; 0x03
    3e54:	fc 01       	movw	r30, r24
    3e56:	86 81       	ldd	r24, Z+6	; 0x06
    3e58:	97 81       	ldd	r25, Z+7	; 0x07
    3e5a:	62 e0       	ldi	r22, 0x02	; 2
    3e5c:	0e 94 a4 08 	call	0x1148	; 0x1148 <_ZN5Motor4isAtENS_4SideE>
    3e60:	88 23       	and	r24, r24
    3e62:	11 f0       	breq	.+4      	; 0x3e68 <_ZN12RetornoState3runEv+0xc8>
    3e64:	81 e0       	ldi	r24, 0x01	; 1
    3e66:	01 c0       	rjmp	.+2      	; 0x3e6a <_ZN12RetornoState3runEv+0xca>
    3e68:	80 e0       	ldi	r24, 0x00	; 0
    3e6a:	88 23       	and	r24, r24
    3e6c:	19 f1       	breq	.+70     	; 0x3eb4 <_ZN12RetornoState3runEv+0x114>
                    status->m3->move(M3_DIR_FORWARD, status->current_time, 255);
    3e6e:	89 81       	ldd	r24, Y+1	; 0x01
    3e70:	9a 81       	ldd	r25, Y+2	; 0x02
    3e72:	fc 01       	movw	r30, r24
    3e74:	82 81       	ldd	r24, Z+2	; 0x02
    3e76:	93 81       	ldd	r25, Z+3	; 0x03
    3e78:	fc 01       	movw	r30, r24
    3e7a:	87 a1       	ldd	r24, Z+39	; 0x27
    3e7c:	90 a5       	ldd	r25, Z+40	; 0x28
    3e7e:	a1 a5       	ldd	r26, Z+41	; 0x29
    3e80:	b2 a5       	ldd	r27, Z+42	; 0x2a
    3e82:	29 81       	ldd	r18, Y+1	; 0x01
    3e84:	3a 81       	ldd	r19, Y+2	; 0x02
    3e86:	f9 01       	movw	r30, r18
    3e88:	22 81       	ldd	r18, Z+2	; 0x02
    3e8a:	33 81       	ldd	r19, Z+3	; 0x03
    3e8c:	f9 01       	movw	r30, r18
    3e8e:	04 80       	ldd	r0, Z+4	; 0x04
    3e90:	f5 81       	ldd	r31, Z+5	; 0x05
    3e92:	e0 2d       	mov	r30, r0
    3e94:	fc 83       	std	Y+4, r31	; 0x04
    3e96:	eb 83       	std	Y+3, r30	; 0x03
    3e98:	0f ef       	ldi	r16, 0xFF	; 255
    3e9a:	9c 01       	movw	r18, r24
    3e9c:	ad 01       	movw	r20, r26
    3e9e:	61 e0       	ldi	r22, 0x01	; 1
    3ea0:	8b 81       	ldd	r24, Y+3	; 0x03
    3ea2:	9c 81       	ldd	r25, Y+4	; 0x04
    3ea4:	0e 94 5c 07 	call	0xeb8	; 0xeb8 <_ZN5Motor4moveEbmh>
                    step_m34 = 1;
    3ea8:	89 81       	ldd	r24, Y+1	; 0x01
    3eaa:	9a 81       	ldd	r25, Y+2	; 0x02
    3eac:	21 e0       	ldi	r18, 0x01	; 1
    3eae:	fc 01       	movw	r30, r24
    3eb0:	25 83       	std	Z+5, r18	; 0x05
                if (step_m5 == 0 && status->m5->isAt(M5_SIDE_UP)) {
                    status->m5->move(M5_DIR_DOWN, status->current_time, 255);
                    step_m5 = 1;
                }
            }
        }
    3eb2:	d7 c0       	rjmp	.+430    	; 0x4062 <_ZN12RetornoState3runEv+0x2c2>
                if (step_m34 == 0 && status->m4->isAt(M4_SIDE_OPEN)) {
                    status->m3->move(M3_DIR_FORWARD, status->current_time, 255);
                    step_m34 = 1;
                }

                else if (step_m34 == 1 && status->m3->isAt(M3_SIDE_FORWARD)) {
    3eb4:	89 81       	ldd	r24, Y+1	; 0x01
    3eb6:	9a 81       	ldd	r25, Y+2	; 0x02
    3eb8:	fc 01       	movw	r30, r24
    3eba:	85 81       	ldd	r24, Z+5	; 0x05
    3ebc:	81 30       	cpi	r24, 0x01	; 1
    3ebe:	79 f4       	brne	.+30     	; 0x3ede <_ZN12RetornoState3runEv+0x13e>
    3ec0:	89 81       	ldd	r24, Y+1	; 0x01
    3ec2:	9a 81       	ldd	r25, Y+2	; 0x02
    3ec4:	fc 01       	movw	r30, r24
    3ec6:	82 81       	ldd	r24, Z+2	; 0x02
    3ec8:	93 81       	ldd	r25, Z+3	; 0x03
    3eca:	fc 01       	movw	r30, r24
    3ecc:	84 81       	ldd	r24, Z+4	; 0x04
    3ece:	95 81       	ldd	r25, Z+5	; 0x05
    3ed0:	61 e0       	ldi	r22, 0x01	; 1
    3ed2:	0e 94 a4 08 	call	0x1148	; 0x1148 <_ZN5Motor4isAtENS_4SideE>
    3ed6:	88 23       	and	r24, r24
    3ed8:	11 f0       	breq	.+4      	; 0x3ede <_ZN12RetornoState3runEv+0x13e>
    3eda:	81 e0       	ldi	r24, 0x01	; 1
    3edc:	01 c0       	rjmp	.+2      	; 0x3ee0 <_ZN12RetornoState3runEv+0x140>
    3ede:	80 e0       	ldi	r24, 0x00	; 0
    3ee0:	88 23       	and	r24, r24
    3ee2:	19 f1       	breq	.+70     	; 0x3f2a <_ZN12RetornoState3runEv+0x18a>
                    status->m4->move(M4_DIR_CLOSE, status->current_time);
    3ee4:	89 81       	ldd	r24, Y+1	; 0x01
    3ee6:	9a 81       	ldd	r25, Y+2	; 0x02
    3ee8:	fc 01       	movw	r30, r24
    3eea:	82 81       	ldd	r24, Z+2	; 0x02
    3eec:	93 81       	ldd	r25, Z+3	; 0x03
    3eee:	fc 01       	movw	r30, r24
    3ef0:	87 a1       	ldd	r24, Z+39	; 0x27
    3ef2:	90 a5       	ldd	r25, Z+40	; 0x28
    3ef4:	a1 a5       	ldd	r26, Z+41	; 0x29
    3ef6:	b2 a5       	ldd	r27, Z+42	; 0x2a
    3ef8:	29 81       	ldd	r18, Y+1	; 0x01
    3efa:	3a 81       	ldd	r19, Y+2	; 0x02
    3efc:	f9 01       	movw	r30, r18
    3efe:	22 81       	ldd	r18, Z+2	; 0x02
    3f00:	33 81       	ldd	r19, Z+3	; 0x03
    3f02:	f9 01       	movw	r30, r18
    3f04:	06 80       	ldd	r0, Z+6	; 0x06
    3f06:	f7 81       	ldd	r31, Z+7	; 0x07
    3f08:	e0 2d       	mov	r30, r0
    3f0a:	fc 83       	std	Y+4, r31	; 0x04
    3f0c:	eb 83       	std	Y+3, r30	; 0x03
    3f0e:	0c ec       	ldi	r16, 0xCC	; 204
    3f10:	9c 01       	movw	r18, r24
    3f12:	ad 01       	movw	r20, r26
    3f14:	61 e0       	ldi	r22, 0x01	; 1
    3f16:	8b 81       	ldd	r24, Y+3	; 0x03
    3f18:	9c 81       	ldd	r25, Y+4	; 0x04
    3f1a:	0e 94 5c 07 	call	0xeb8	; 0xeb8 <_ZN5Motor4moveEbmh>
                    step_m34 = 2;
    3f1e:	89 81       	ldd	r24, Y+1	; 0x01
    3f20:	9a 81       	ldd	r25, Y+2	; 0x02
    3f22:	22 e0       	ldi	r18, 0x02	; 2
    3f24:	fc 01       	movw	r30, r24
    3f26:	25 83       	std	Z+5, r18	; 0x05
                if (step_m5 == 0 && status->m5->isAt(M5_SIDE_UP)) {
                    status->m5->move(M5_DIR_DOWN, status->current_time, 255);
                    step_m5 = 1;
                }
            }
        }
    3f28:	9c c0       	rjmp	.+312    	; 0x4062 <_ZN12RetornoState3runEv+0x2c2>

                else if (step_m34 == 1 && status->m3->isAt(M3_SIDE_FORWARD)) {
                    status->m4->move(M4_DIR_CLOSE, status->current_time);
                    step_m34 = 2;
                }
                else if (step_m34 == 2 && status->m4->isAt(M4_SIDE_CLOSE)) {
    3f2a:	89 81       	ldd	r24, Y+1	; 0x01
    3f2c:	9a 81       	ldd	r25, Y+2	; 0x02
    3f2e:	fc 01       	movw	r30, r24
    3f30:	85 81       	ldd	r24, Z+5	; 0x05
    3f32:	82 30       	cpi	r24, 0x02	; 2
    3f34:	79 f4       	brne	.+30     	; 0x3f54 <_ZN12RetornoState3runEv+0x1b4>
    3f36:	89 81       	ldd	r24, Y+1	; 0x01
    3f38:	9a 81       	ldd	r25, Y+2	; 0x02
    3f3a:	fc 01       	movw	r30, r24
    3f3c:	82 81       	ldd	r24, Z+2	; 0x02
    3f3e:	93 81       	ldd	r25, Z+3	; 0x03
    3f40:	fc 01       	movw	r30, r24
    3f42:	86 81       	ldd	r24, Z+6	; 0x06
    3f44:	97 81       	ldd	r25, Z+7	; 0x07
    3f46:	61 e0       	ldi	r22, 0x01	; 1
    3f48:	0e 94 a4 08 	call	0x1148	; 0x1148 <_ZN5Motor4isAtENS_4SideE>
    3f4c:	88 23       	and	r24, r24
    3f4e:	11 f0       	breq	.+4      	; 0x3f54 <_ZN12RetornoState3runEv+0x1b4>
    3f50:	81 e0       	ldi	r24, 0x01	; 1
    3f52:	01 c0       	rjmp	.+2      	; 0x3f56 <_ZN12RetornoState3runEv+0x1b6>
    3f54:	80 e0       	ldi	r24, 0x00	; 0
    3f56:	88 23       	and	r24, r24
    3f58:	19 f1       	breq	.+70     	; 0x3fa0 <_ZN12RetornoState3runEv+0x200>
                    status->m3->move(M3_DIR_BACKWARD, status->current_time, 255);
    3f5a:	89 81       	ldd	r24, Y+1	; 0x01
    3f5c:	9a 81       	ldd	r25, Y+2	; 0x02
    3f5e:	fc 01       	movw	r30, r24
    3f60:	82 81       	ldd	r24, Z+2	; 0x02
    3f62:	93 81       	ldd	r25, Z+3	; 0x03
    3f64:	fc 01       	movw	r30, r24
    3f66:	87 a1       	ldd	r24, Z+39	; 0x27
    3f68:	90 a5       	ldd	r25, Z+40	; 0x28
    3f6a:	a1 a5       	ldd	r26, Z+41	; 0x29
    3f6c:	b2 a5       	ldd	r27, Z+42	; 0x2a
    3f6e:	29 81       	ldd	r18, Y+1	; 0x01
    3f70:	3a 81       	ldd	r19, Y+2	; 0x02
    3f72:	f9 01       	movw	r30, r18
    3f74:	22 81       	ldd	r18, Z+2	; 0x02
    3f76:	33 81       	ldd	r19, Z+3	; 0x03
    3f78:	f9 01       	movw	r30, r18
    3f7a:	04 80       	ldd	r0, Z+4	; 0x04
    3f7c:	f5 81       	ldd	r31, Z+5	; 0x05
    3f7e:	e0 2d       	mov	r30, r0
    3f80:	fc 83       	std	Y+4, r31	; 0x04
    3f82:	eb 83       	std	Y+3, r30	; 0x03
    3f84:	0f ef       	ldi	r16, 0xFF	; 255
    3f86:	9c 01       	movw	r18, r24
    3f88:	ad 01       	movw	r20, r26
    3f8a:	60 e0       	ldi	r22, 0x00	; 0
    3f8c:	8b 81       	ldd	r24, Y+3	; 0x03
    3f8e:	9c 81       	ldd	r25, Y+4	; 0x04
    3f90:	0e 94 5c 07 	call	0xeb8	; 0xeb8 <_ZN5Motor4moveEbmh>
                    step_m34 = 3;
    3f94:	89 81       	ldd	r24, Y+1	; 0x01
    3f96:	9a 81       	ldd	r25, Y+2	; 0x02
    3f98:	23 e0       	ldi	r18, 0x03	; 3
    3f9a:	fc 01       	movw	r30, r24
    3f9c:	25 83       	std	Z+5, r18	; 0x05
                if (step_m5 == 0 && status->m5->isAt(M5_SIDE_UP)) {
                    status->m5->move(M5_DIR_DOWN, status->current_time, 255);
                    step_m5 = 1;
                }
            }
        }
    3f9e:	61 c0       	rjmp	.+194    	; 0x4062 <_ZN12RetornoState3runEv+0x2c2>
                }
                else if (step_m34 == 2 && status->m4->isAt(M4_SIDE_CLOSE)) {
                    status->m3->move(M3_DIR_BACKWARD, status->current_time, 255);
                    step_m34 = 3;
                }
                else if (step_m34 == 3 && status->m3->isAt(M3_SIDE_BACKWARD)) {
    3fa0:	89 81       	ldd	r24, Y+1	; 0x01
    3fa2:	9a 81       	ldd	r25, Y+2	; 0x02
    3fa4:	fc 01       	movw	r30, r24
    3fa6:	85 81       	ldd	r24, Z+5	; 0x05
    3fa8:	83 30       	cpi	r24, 0x03	; 3
    3faa:	79 f4       	brne	.+30     	; 0x3fca <_ZN12RetornoState3runEv+0x22a>
    3fac:	89 81       	ldd	r24, Y+1	; 0x01
    3fae:	9a 81       	ldd	r25, Y+2	; 0x02
    3fb0:	fc 01       	movw	r30, r24
    3fb2:	82 81       	ldd	r24, Z+2	; 0x02
    3fb4:	93 81       	ldd	r25, Z+3	; 0x03
    3fb6:	fc 01       	movw	r30, r24
    3fb8:	84 81       	ldd	r24, Z+4	; 0x04
    3fba:	95 81       	ldd	r25, Z+5	; 0x05
    3fbc:	62 e0       	ldi	r22, 0x02	; 2
    3fbe:	0e 94 a4 08 	call	0x1148	; 0x1148 <_ZN5Motor4isAtENS_4SideE>
    3fc2:	88 23       	and	r24, r24
    3fc4:	11 f0       	breq	.+4      	; 0x3fca <_ZN12RetornoState3runEv+0x22a>
    3fc6:	81 e0       	ldi	r24, 0x01	; 1
    3fc8:	01 c0       	rjmp	.+2      	; 0x3fcc <_ZN12RetornoState3runEv+0x22c>
    3fca:	80 e0       	ldi	r24, 0x00	; 0
    3fcc:	88 23       	and	r24, r24
    3fce:	09 f4       	brne	.+2      	; 0x3fd2 <_ZN12RetornoState3runEv+0x232>
    3fd0:	48 c0       	rjmp	.+144    	; 0x4062 <_ZN12RetornoState3runEv+0x2c2>
                    step_m34 = 4;
    3fd2:	89 81       	ldd	r24, Y+1	; 0x01
    3fd4:	9a 81       	ldd	r25, Y+2	; 0x02
    3fd6:	24 e0       	ldi	r18, 0x04	; 4
    3fd8:	fc 01       	movw	r30, r24
    3fda:	25 83       	std	Z+5, r18	; 0x05
                    status->is_armed = true; 
    3fdc:	89 81       	ldd	r24, Y+1	; 0x01
    3fde:	9a 81       	ldd	r25, Y+2	; 0x02
    3fe0:	fc 01       	movw	r30, r24
    3fe2:	82 81       	ldd	r24, Z+2	; 0x02
    3fe4:	93 81       	ldd	r25, Z+3	; 0x03
    3fe6:	21 e0       	ldi	r18, 0x01	; 1
    3fe8:	fc 01       	movw	r30, r24
    3fea:	22 a3       	std	Z+34, r18	; 0x22
                if (step_m5 == 0 && status->m5->isAt(M5_SIDE_UP)) {
                    status->m5->move(M5_DIR_DOWN, status->current_time, 255);
                    step_m5 = 1;
                }
            }
        }
    3fec:	3a c0       	rjmp	.+116    	; 0x4062 <_ZN12RetornoState3runEv+0x2c2>
                }

            }
            else {
                // Si es último turno, solo esperar a que M5 baje, no armar.
                if (step_m5 == 0 && status->m5->isAt(M5_SIDE_UP)) {
    3fee:	89 81       	ldd	r24, Y+1	; 0x01
    3ff0:	9a 81       	ldd	r25, Y+2	; 0x02
    3ff2:	fc 01       	movw	r30, r24
    3ff4:	84 81       	ldd	r24, Z+4	; 0x04
    3ff6:	88 23       	and	r24, r24
    3ff8:	79 f4       	brne	.+30     	; 0x4018 <_ZN12RetornoState3runEv+0x278>
    3ffa:	89 81       	ldd	r24, Y+1	; 0x01
    3ffc:	9a 81       	ldd	r25, Y+2	; 0x02
    3ffe:	fc 01       	movw	r30, r24
    4000:	82 81       	ldd	r24, Z+2	; 0x02
    4002:	93 81       	ldd	r25, Z+3	; 0x03
    4004:	fc 01       	movw	r30, r24
    4006:	80 85       	ldd	r24, Z+8	; 0x08
    4008:	91 85       	ldd	r25, Z+9	; 0x09
    400a:	61 e0       	ldi	r22, 0x01	; 1
    400c:	0e 94 a4 08 	call	0x1148	; 0x1148 <_ZN5Motor4isAtENS_4SideE>
    4010:	88 23       	and	r24, r24
    4012:	11 f0       	breq	.+4      	; 0x4018 <_ZN12RetornoState3runEv+0x278>
    4014:	81 e0       	ldi	r24, 0x01	; 1
    4016:	01 c0       	rjmp	.+2      	; 0x401a <_ZN12RetornoState3runEv+0x27a>
    4018:	80 e0       	ldi	r24, 0x00	; 0
    401a:	88 23       	and	r24, r24
    401c:	11 f1       	breq	.+68     	; 0x4062 <_ZN12RetornoState3runEv+0x2c2>
                    status->m5->move(M5_DIR_DOWN, status->current_time, 255);
    401e:	89 81       	ldd	r24, Y+1	; 0x01
    4020:	9a 81       	ldd	r25, Y+2	; 0x02
    4022:	fc 01       	movw	r30, r24
    4024:	82 81       	ldd	r24, Z+2	; 0x02
    4026:	93 81       	ldd	r25, Z+3	; 0x03
    4028:	fc 01       	movw	r30, r24
    402a:	87 a1       	ldd	r24, Z+39	; 0x27
    402c:	90 a5       	ldd	r25, Z+40	; 0x28
    402e:	a1 a5       	ldd	r26, Z+41	; 0x29
    4030:	b2 a5       	ldd	r27, Z+42	; 0x2a
    4032:	29 81       	ldd	r18, Y+1	; 0x01
    4034:	3a 81       	ldd	r19, Y+2	; 0x02
    4036:	f9 01       	movw	r30, r18
    4038:	22 81       	ldd	r18, Z+2	; 0x02
    403a:	33 81       	ldd	r19, Z+3	; 0x03
    403c:	f9 01       	movw	r30, r18
    403e:	00 84       	ldd	r0, Z+8	; 0x08
    4040:	f1 85       	ldd	r31, Z+9	; 0x09
    4042:	e0 2d       	mov	r30, r0
    4044:	fc 83       	std	Y+4, r31	; 0x04
    4046:	eb 83       	std	Y+3, r30	; 0x03
    4048:	0f ef       	ldi	r16, 0xFF	; 255
    404a:	9c 01       	movw	r18, r24
    404c:	ad 01       	movw	r20, r26
    404e:	60 e0       	ldi	r22, 0x00	; 0
    4050:	8b 81       	ldd	r24, Y+3	; 0x03
    4052:	9c 81       	ldd	r25, Y+4	; 0x04
    4054:	0e 94 5c 07 	call	0xeb8	; 0xeb8 <_ZN5Motor4moveEbmh>
                    step_m5 = 1;
    4058:	89 81       	ldd	r24, Y+1	; 0x01
    405a:	9a 81       	ldd	r25, Y+2	; 0x02
    405c:	21 e0       	ldi	r18, 0x01	; 1
    405e:	fc 01       	movw	r30, r24
    4060:	24 83       	std	Z+4, r18	; 0x04
                }
            }
        }
    4062:	00 00       	nop
    4064:	0f 90       	pop	r0
    4066:	0f 90       	pop	r0
    4068:	0f 90       	pop	r0
    406a:	0f 90       	pop	r0
    406c:	df 91       	pop	r29
    406e:	cf 91       	pop	r28
    4070:	0f 91       	pop	r16
    4072:	08 95       	ret

00004074 <_ZN12RetornoState17check_transitionsEv>:
        
        States check_transitions() override {
    4074:	cf 93       	push	r28
    4076:	df 93       	push	r29
    4078:	00 d0       	rcall	.+0      	; 0x407a <_ZN12RetornoState17check_transitionsEv+0x6>
    407a:	cd b7       	in	r28, 0x3d	; 61
    407c:	de b7       	in	r29, 0x3e	; 62
    407e:	9a 83       	std	Y+2, r25	; 0x02
    4080:	89 83       	std	Y+1, r24	; 0x01
            // Si no es último turno, transición a Carga.
            if (!status->is_last_turn_executed) {
    4082:	89 81       	ldd	r24, Y+1	; 0x01
    4084:	9a 81       	ldd	r25, Y+2	; 0x02
    4086:	fc 01       	movw	r30, r24
    4088:	82 81       	ldd	r24, Z+2	; 0x02
    408a:	93 81       	ldd	r25, Z+3	; 0x03
    408c:	fc 01       	movw	r30, r24
    408e:	90 a1       	ldd	r25, Z+32	; 0x20
    4090:	81 e0       	ldi	r24, 0x01	; 1
    4092:	89 27       	eor	r24, r25
    4094:	88 23       	and	r24, r24
    4096:	01 f1       	breq	.+64     	; 0x40d8 <_ZN12RetornoState17check_transitionsEv+0x64>
                if (step_m5 == 1 && status->m5->isAt(M5_SIDE_DOWN) && step_m34 == 4) {
    4098:	89 81       	ldd	r24, Y+1	; 0x01
    409a:	9a 81       	ldd	r25, Y+2	; 0x02
    409c:	fc 01       	movw	r30, r24
    409e:	84 81       	ldd	r24, Z+4	; 0x04
    40a0:	81 30       	cpi	r24, 0x01	; 1
    40a2:	a9 f4       	brne	.+42     	; 0x40ce <_ZN12RetornoState17check_transitionsEv+0x5a>
    40a4:	89 81       	ldd	r24, Y+1	; 0x01
    40a6:	9a 81       	ldd	r25, Y+2	; 0x02
    40a8:	fc 01       	movw	r30, r24
    40aa:	82 81       	ldd	r24, Z+2	; 0x02
    40ac:	93 81       	ldd	r25, Z+3	; 0x03
    40ae:	fc 01       	movw	r30, r24
    40b0:	80 85       	ldd	r24, Z+8	; 0x08
    40b2:	91 85       	ldd	r25, Z+9	; 0x09
    40b4:	62 e0       	ldi	r22, 0x02	; 2
    40b6:	0e 94 a4 08 	call	0x1148	; 0x1148 <_ZN5Motor4isAtENS_4SideE>
    40ba:	88 23       	and	r24, r24
    40bc:	41 f0       	breq	.+16     	; 0x40ce <_ZN12RetornoState17check_transitionsEv+0x5a>
    40be:	89 81       	ldd	r24, Y+1	; 0x01
    40c0:	9a 81       	ldd	r25, Y+2	; 0x02
    40c2:	fc 01       	movw	r30, r24
    40c4:	85 81       	ldd	r24, Z+5	; 0x05
    40c6:	84 30       	cpi	r24, 0x04	; 4
    40c8:	11 f4       	brne	.+4      	; 0x40ce <_ZN12RetornoState17check_transitionsEv+0x5a>
    40ca:	81 e0       	ldi	r24, 0x01	; 1
    40cc:	01 c0       	rjmp	.+2      	; 0x40d0 <_ZN12RetornoState17check_transitionsEv+0x5c>
    40ce:	80 e0       	ldi	r24, 0x00	; 0
    40d0:	88 23       	and	r24, r24
    40d2:	e1 f0       	breq	.+56     	; 0x410c <_ZN12RetornoState17check_transitionsEv+0x98>
                    return States::Carga; 
    40d4:	83 e0       	ldi	r24, 0x03	; 3
    40d6:	1b c0       	rjmp	.+54     	; 0x410e <_ZN12RetornoState17check_transitionsEv+0x9a>
                }
            } 
            // Si es último turno, transición a Idle.
            else {
                if (step_m5 == 1 && status->m5->isAt(M5_SIDE_DOWN)) {
    40d8:	89 81       	ldd	r24, Y+1	; 0x01
    40da:	9a 81       	ldd	r25, Y+2	; 0x02
    40dc:	fc 01       	movw	r30, r24
    40de:	84 81       	ldd	r24, Z+4	; 0x04
    40e0:	81 30       	cpi	r24, 0x01	; 1
    40e2:	79 f4       	brne	.+30     	; 0x4102 <_ZN12RetornoState17check_transitionsEv+0x8e>
    40e4:	89 81       	ldd	r24, Y+1	; 0x01
    40e6:	9a 81       	ldd	r25, Y+2	; 0x02
    40e8:	fc 01       	movw	r30, r24
    40ea:	82 81       	ldd	r24, Z+2	; 0x02
    40ec:	93 81       	ldd	r25, Z+3	; 0x03
    40ee:	fc 01       	movw	r30, r24
    40f0:	80 85       	ldd	r24, Z+8	; 0x08
    40f2:	91 85       	ldd	r25, Z+9	; 0x09
    40f4:	62 e0       	ldi	r22, 0x02	; 2
    40f6:	0e 94 a4 08 	call	0x1148	; 0x1148 <_ZN5Motor4isAtENS_4SideE>
    40fa:	88 23       	and	r24, r24
    40fc:	11 f0       	breq	.+4      	; 0x4102 <_ZN12RetornoState17check_transitionsEv+0x8e>
    40fe:	81 e0       	ldi	r24, 0x01	; 1
    4100:	01 c0       	rjmp	.+2      	; 0x4104 <_ZN12RetornoState17check_transitionsEv+0x90>
    4102:	80 e0       	ldi	r24, 0x00	; 0
    4104:	88 23       	and	r24, r24
    4106:	11 f0       	breq	.+4      	; 0x410c <_ZN12RetornoState17check_transitionsEv+0x98>
                    // status->is_last_turn = false;
                    return States::Idle; 
    4108:	82 e0       	ldi	r24, 0x02	; 2
    410a:	01 c0       	rjmp	.+2      	; 0x410e <_ZN12RetornoState17check_transitionsEv+0x9a>
                }
            }
            
            return States::NO_CHANGE;
    410c:	8f ef       	ldi	r24, 0xFF	; 255
        }
    410e:	0f 90       	pop	r0
    4110:	0f 90       	pop	r0
    4112:	df 91       	pop	r29
    4114:	cf 91       	pop	r28
    4116:	08 95       	ret

00004118 <_ZN12StateMachineC1Ev>:

    // States Lookup Array
    StateActionBase* state_actions[NUM_STATES];

    public:
    explicit StateMachine() {
    4118:	cf 93       	push	r28
    411a:	df 93       	push	r29
    411c:	00 d0       	rcall	.+0      	; 0x411e <_ZN12StateMachineC1Ev+0x6>
    411e:	cd b7       	in	r28, 0x3d	; 61
    4120:	de b7       	in	r29, 0x3e	; 62
    4122:	9a 83       	std	Y+2, r25	; 0x02
    4124:	89 83       	std	Y+1, r24	; 0x01
    4126:	89 81       	ldd	r24, Y+1	; 0x01
    4128:	9a 81       	ldd	r25, Y+2	; 0x02
    412a:	0e 94 2d 12 	call	0x245a	; 0x245a <_ZN6StatusC1Ev>
    412e:	29 81       	ldd	r18, Y+1	; 0x01
    4130:	3a 81       	ldd	r19, Y+2	; 0x02
    4132:	89 81       	ldd	r24, Y+1	; 0x01
    4134:	9a 81       	ldd	r25, Y+2	; 0x02
    4136:	8c 96       	adiw	r24, 0x2c	; 44
    4138:	b9 01       	movw	r22, r18
    413a:	0e 94 2a 14 	call	0x2854	; 0x2854 <_ZN9InitStateC1EP6Status>
    413e:	29 81       	ldd	r18, Y+1	; 0x01
    4140:	3a 81       	ldd	r19, Y+2	; 0x02
    4142:	89 81       	ldd	r24, Y+1	; 0x01
    4144:	9a 81       	ldd	r25, Y+2	; 0x02
    4146:	c0 96       	adiw	r24, 0x30	; 48
    4148:	b9 01       	movw	r22, r18
    414a:	0e 94 b4 15 	call	0x2b68	; 0x2b68 <_ZN16CalibrationStateC1EP6Status>
    414e:	29 81       	ldd	r18, Y+1	; 0x01
    4150:	3a 81       	ldd	r19, Y+2	; 0x02
    4152:	89 81       	ldd	r24, Y+1	; 0x01
    4154:	9a 81       	ldd	r25, Y+2	; 0x02
    4156:	c6 96       	adiw	r24, 0x36	; 54
    4158:	b9 01       	movw	r22, r18
    415a:	0e 94 42 17 	call	0x2e84	; 0x2e84 <_ZN9IdleStateC1EP6Status>
    415e:	29 81       	ldd	r18, Y+1	; 0x01
    4160:	3a 81       	ldd	r19, Y+2	; 0x02
    4162:	89 81       	ldd	r24, Y+1	; 0x01
    4164:	9a 81       	ldd	r25, Y+2	; 0x02
    4166:	ca 96       	adiw	r24, 0x3a	; 58
    4168:	b9 01       	movw	r22, r18
    416a:	0e 94 17 18 	call	0x302e	; 0x302e <_ZN10CargaStateC1EP6Status>
    416e:	29 81       	ldd	r18, Y+1	; 0x01
    4170:	3a 81       	ldd	r19, Y+2	; 0x02
    4172:	89 81       	ldd	r24, Y+1	; 0x01
    4174:	9a 81       	ldd	r25, Y+2	; 0x02
    4176:	8c 5b       	subi	r24, 0xBC	; 188
    4178:	9f 4f       	sbci	r25, 0xFF	; 255
    417a:	b9 01       	movw	r22, r18
    417c:	0e 94 27 1b 	call	0x364e	; 0x364e <_ZN11ArmadoStateC1EP6Status>
    4180:	29 81       	ldd	r18, Y+1	; 0x01
    4182:	3a 81       	ldd	r19, Y+2	; 0x02
    4184:	89 81       	ldd	r24, Y+1	; 0x01
    4186:	9a 81       	ldd	r25, Y+2	; 0x02
    4188:	87 5b       	subi	r24, 0xB7	; 183
    418a:	9f 4f       	sbci	r25, 0xFF	; 255
    418c:	b9 01       	movw	r22, r18
    418e:	0e 94 a5 1c 	call	0x394a	; 0x394a <_ZN12DisparoStateC1EP6Status>
    4192:	29 81       	ldd	r18, Y+1	; 0x01
    4194:	3a 81       	ldd	r19, Y+2	; 0x02
    4196:	89 81       	ldd	r24, Y+1	; 0x01
    4198:	9a 81       	ldd	r25, Y+2	; 0x02
    419a:	8e 5a       	subi	r24, 0xAE	; 174
    419c:	9f 4f       	sbci	r25, 0xFF	; 255
    419e:	b9 01       	movw	r22, r18
    41a0:	0e 94 49 1e 	call	0x3c92	; 0x3c92 <_ZN12RetornoStateC1EP6Status>
        // Populate lookup array
        state_actions[static_cast<uint8_t>(States::Init)] = &init_state;
    41a4:	89 81       	ldd	r24, Y+1	; 0x01
    41a6:	9a 81       	ldd	r25, Y+2	; 0x02
    41a8:	9c 01       	movw	r18, r24
    41aa:	24 5d       	subi	r18, 0xD4	; 212
    41ac:	3f 4f       	sbci	r19, 0xFF	; 255
    41ae:	89 81       	ldd	r24, Y+1	; 0x01
    41b0:	9a 81       	ldd	r25, Y+2	; 0x02
    41b2:	88 5a       	subi	r24, 0xA8	; 168
    41b4:	9f 4f       	sbci	r25, 0xFF	; 255
    41b6:	fc 01       	movw	r30, r24
    41b8:	31 83       	std	Z+1, r19	; 0x01
    41ba:	20 83       	st	Z, r18
        state_actions[static_cast<uint8_t>(States::Calibration)] = &calibration_state;
    41bc:	89 81       	ldd	r24, Y+1	; 0x01
    41be:	9a 81       	ldd	r25, Y+2	; 0x02
    41c0:	9c 01       	movw	r18, r24
    41c2:	20 5d       	subi	r18, 0xD0	; 208
    41c4:	3f 4f       	sbci	r19, 0xFF	; 255
    41c6:	89 81       	ldd	r24, Y+1	; 0x01
    41c8:	9a 81       	ldd	r25, Y+2	; 0x02
    41ca:	86 5a       	subi	r24, 0xA6	; 166
    41cc:	9f 4f       	sbci	r25, 0xFF	; 255
    41ce:	fc 01       	movw	r30, r24
    41d0:	31 83       	std	Z+1, r19	; 0x01
    41d2:	20 83       	st	Z, r18
        state_actions[static_cast<uint8_t>(States::Idle)] = &idle_state;
    41d4:	89 81       	ldd	r24, Y+1	; 0x01
    41d6:	9a 81       	ldd	r25, Y+2	; 0x02
    41d8:	9c 01       	movw	r18, r24
    41da:	2a 5c       	subi	r18, 0xCA	; 202
    41dc:	3f 4f       	sbci	r19, 0xFF	; 255
    41de:	89 81       	ldd	r24, Y+1	; 0x01
    41e0:	9a 81       	ldd	r25, Y+2	; 0x02
    41e2:	84 5a       	subi	r24, 0xA4	; 164
    41e4:	9f 4f       	sbci	r25, 0xFF	; 255
    41e6:	fc 01       	movw	r30, r24
    41e8:	31 83       	std	Z+1, r19	; 0x01
    41ea:	20 83       	st	Z, r18
        state_actions[static_cast<uint8_t>(States::Carga)] = &carga_state;
    41ec:	89 81       	ldd	r24, Y+1	; 0x01
    41ee:	9a 81       	ldd	r25, Y+2	; 0x02
    41f0:	9c 01       	movw	r18, r24
    41f2:	26 5c       	subi	r18, 0xC6	; 198
    41f4:	3f 4f       	sbci	r19, 0xFF	; 255
    41f6:	89 81       	ldd	r24, Y+1	; 0x01
    41f8:	9a 81       	ldd	r25, Y+2	; 0x02
    41fa:	82 5a       	subi	r24, 0xA2	; 162
    41fc:	9f 4f       	sbci	r25, 0xFF	; 255
    41fe:	fc 01       	movw	r30, r24
    4200:	31 83       	std	Z+1, r19	; 0x01
    4202:	20 83       	st	Z, r18
        state_actions[static_cast<uint8_t>(States::Armado)] = &armado_state;
    4204:	89 81       	ldd	r24, Y+1	; 0x01
    4206:	9a 81       	ldd	r25, Y+2	; 0x02
    4208:	9c 01       	movw	r18, r24
    420a:	2c 5b       	subi	r18, 0xBC	; 188
    420c:	3f 4f       	sbci	r19, 0xFF	; 255
    420e:	89 81       	ldd	r24, Y+1	; 0x01
    4210:	9a 81       	ldd	r25, Y+2	; 0x02
    4212:	80 5a       	subi	r24, 0xA0	; 160
    4214:	9f 4f       	sbci	r25, 0xFF	; 255
    4216:	fc 01       	movw	r30, r24
    4218:	31 83       	std	Z+1, r19	; 0x01
    421a:	20 83       	st	Z, r18
        state_actions[static_cast<uint8_t>(States::Disparo)] = &disparo_state;
    421c:	89 81       	ldd	r24, Y+1	; 0x01
    421e:	9a 81       	ldd	r25, Y+2	; 0x02
    4220:	9c 01       	movw	r18, r24
    4222:	27 5b       	subi	r18, 0xB7	; 183
    4224:	3f 4f       	sbci	r19, 0xFF	; 255
    4226:	89 81       	ldd	r24, Y+1	; 0x01
    4228:	9a 81       	ldd	r25, Y+2	; 0x02
    422a:	8e 59       	subi	r24, 0x9E	; 158
    422c:	9f 4f       	sbci	r25, 0xFF	; 255
    422e:	fc 01       	movw	r30, r24
    4230:	31 83       	std	Z+1, r19	; 0x01
    4232:	20 83       	st	Z, r18
        state_actions[static_cast<uint8_t>(States::Retorno)] = &retorno_state;
    4234:	89 81       	ldd	r24, Y+1	; 0x01
    4236:	9a 81       	ldd	r25, Y+2	; 0x02
    4238:	9c 01       	movw	r18, r24
    423a:	2e 5a       	subi	r18, 0xAE	; 174
    423c:	3f 4f       	sbci	r19, 0xFF	; 255
    423e:	89 81       	ldd	r24, Y+1	; 0x01
    4240:	9a 81       	ldd	r25, Y+2	; 0x02
    4242:	8c 59       	subi	r24, 0x9C	; 156
    4244:	9f 4f       	sbci	r25, 0xFF	; 255
    4246:	fc 01       	movw	r30, r24
    4248:	31 83       	std	Z+1, r19	; 0x01
    424a:	20 83       	st	Z, r18
    }
    424c:	00 00       	nop
    424e:	0f 90       	pop	r0
    4250:	0f 90       	pop	r0
    4252:	df 91       	pop	r29
    4254:	cf 91       	pop	r28
    4256:	08 95       	ret

00004258 <_ZN12StateMachine4stepEv>:

    void step() {
    4258:	cf 93       	push	r28
    425a:	df 93       	push	r29
    425c:	00 d0       	rcall	.+0      	; 0x425e <_ZN12StateMachine4stepEv+0x6>
    425e:	00 d0       	rcall	.+0      	; 0x4260 <_ZN12StateMachine4stepEv+0x8>
    4260:	1f 92       	push	r1
    4262:	cd b7       	in	r28, 0x3d	; 61
    4264:	de b7       	in	r29, 0x3e	; 62
    4266:	9d 83       	std	Y+5, r25	; 0x05
    4268:	8c 83       	std	Y+4, r24	; 0x04
        status.update_sensors();
    426a:	8c 81       	ldd	r24, Y+4	; 0x04
    426c:	9d 81       	ldd	r25, Y+5	; 0x05
    426e:	0e 94 85 12 	call	0x250a	; 0x250a <_ZN6Status14update_sensorsEv>

        // 1. Get from current state the transition state (if any)
        StateActionBase* current_action = state_actions[static_cast<uint8_t>(status.getState())];
    4272:	8c 81       	ldd	r24, Y+4	; 0x04
    4274:	9d 81       	ldd	r25, Y+5	; 0x05
    4276:	0e 94 75 12 	call	0x24ea	; 0x24ea <_ZN6Status8getStateEv>
    427a:	88 2f       	mov	r24, r24
    427c:	90 e0       	ldi	r25, 0x00	; 0
    427e:	2c 81       	ldd	r18, Y+4	; 0x04
    4280:	3d 81       	ldd	r19, Y+5	; 0x05
    4282:	8c 96       	adiw	r24, 0x2c	; 44
    4284:	88 0f       	add	r24, r24
    4286:	99 1f       	adc	r25, r25
    4288:	82 0f       	add	r24, r18
    428a:	93 1f       	adc	r25, r19
    428c:	fc 01       	movw	r30, r24
    428e:	80 81       	ld	r24, Z
    4290:	91 81       	ldd	r25, Z+1	; 0x01
    4292:	9a 83       	std	Y+2, r25	; 0x02
    4294:	89 83       	std	Y+1, r24	; 0x01
        States next_state = current_action->check_transitions();
    4296:	89 81       	ldd	r24, Y+1	; 0x01
    4298:	9a 81       	ldd	r25, Y+2	; 0x02
    429a:	fc 01       	movw	r30, r24
    429c:	80 81       	ld	r24, Z
    429e:	91 81       	ldd	r25, Z+1	; 0x01
    42a0:	fc 01       	movw	r30, r24
    42a2:	20 81       	ld	r18, Z
    42a4:	31 81       	ldd	r19, Z+1	; 0x01
    42a6:	89 81       	ldd	r24, Y+1	; 0x01
    42a8:	9a 81       	ldd	r25, Y+2	; 0x02
    42aa:	f9 01       	movw	r30, r18
    42ac:	09 95       	icall
    42ae:	8b 83       	std	Y+3, r24	; 0x03

        // 2. Perform transition if needed
        if (next_state != States::NO_CHANGE && next_state != status.getState()) {
    42b0:	8b 81       	ldd	r24, Y+3	; 0x03
    42b2:	8f 3f       	cpi	r24, 0xFF	; 255
    42b4:	51 f0       	breq	.+20     	; 0x42ca <_ZN12StateMachine4stepEv+0x72>
    42b6:	8c 81       	ldd	r24, Y+4	; 0x04
    42b8:	9d 81       	ldd	r25, Y+5	; 0x05
    42ba:	0e 94 75 12 	call	0x24ea	; 0x24ea <_ZN6Status8getStateEv>
    42be:	98 2f       	mov	r25, r24
    42c0:	8b 81       	ldd	r24, Y+3	; 0x03
    42c2:	98 17       	cp	r25, r24
    42c4:	11 f0       	breq	.+4      	; 0x42ca <_ZN12StateMachine4stepEv+0x72>
    42c6:	81 e0       	ldi	r24, 0x01	; 1
    42c8:	01 c0       	rjmp	.+2      	; 0x42cc <_ZN12StateMachine4stepEv+0x74>
    42ca:	80 e0       	ldi	r24, 0x00	; 0
    42cc:	88 23       	and	r24, r24
    42ce:	61 f1       	breq	.+88     	; 0x4328 <_ZN12StateMachine4stepEv+0xd0>
            current_action->exit();
    42d0:	89 81       	ldd	r24, Y+1	; 0x01
    42d2:	9a 81       	ldd	r25, Y+2	; 0x02
    42d4:	fc 01       	movw	r30, r24
    42d6:	80 81       	ld	r24, Z
    42d8:	91 81       	ldd	r25, Z+1	; 0x01
    42da:	06 96       	adiw	r24, 0x06	; 6
    42dc:	fc 01       	movw	r30, r24
    42de:	20 81       	ld	r18, Z
    42e0:	31 81       	ldd	r19, Z+1	; 0x01
    42e2:	89 81       	ldd	r24, Y+1	; 0x01
    42e4:	9a 81       	ldd	r25, Y+2	; 0x02
    42e6:	f9 01       	movw	r30, r18
    42e8:	09 95       	icall
            status.setState(next_state);
    42ea:	8c 81       	ldd	r24, Y+4	; 0x04
    42ec:	9d 81       	ldd	r25, Y+5	; 0x05
    42ee:	6b 81       	ldd	r22, Y+3	; 0x03
    42f0:	0e 94 60 12 	call	0x24c0	; 0x24c0 <_ZN6Status8setStateE6States>
            state_actions[static_cast<uint8_t>(status.getState())]->entry();
    42f4:	8c 81       	ldd	r24, Y+4	; 0x04
    42f6:	9d 81       	ldd	r25, Y+5	; 0x05
    42f8:	0e 94 75 12 	call	0x24ea	; 0x24ea <_ZN6Status8getStateEv>
    42fc:	88 2f       	mov	r24, r24
    42fe:	90 e0       	ldi	r25, 0x00	; 0
    4300:	2c 81       	ldd	r18, Y+4	; 0x04
    4302:	3d 81       	ldd	r19, Y+5	; 0x05
    4304:	8c 96       	adiw	r24, 0x2c	; 44
    4306:	88 0f       	add	r24, r24
    4308:	99 1f       	adc	r25, r25
    430a:	82 0f       	add	r24, r18
    430c:	93 1f       	adc	r25, r19
    430e:	fc 01       	movw	r30, r24
    4310:	80 81       	ld	r24, Z
    4312:	91 81       	ldd	r25, Z+1	; 0x01
    4314:	fc 01       	movw	r30, r24
    4316:	20 81       	ld	r18, Z
    4318:	31 81       	ldd	r19, Z+1	; 0x01
    431a:	2e 5f       	subi	r18, 0xFE	; 254
    431c:	3f 4f       	sbci	r19, 0xFF	; 255
    431e:	f9 01       	movw	r30, r18
    4320:	20 81       	ld	r18, Z
    4322:	31 81       	ldd	r19, Z+1	; 0x01
    4324:	f9 01       	movw	r30, r18
    4326:	09 95       	icall
        }

        // 3. Perform action of the (potentially new) current state
        state_actions[static_cast<uint8_t>(status.getState())]->run();
    4328:	8c 81       	ldd	r24, Y+4	; 0x04
    432a:	9d 81       	ldd	r25, Y+5	; 0x05
    432c:	0e 94 75 12 	call	0x24ea	; 0x24ea <_ZN6Status8getStateEv>
    4330:	88 2f       	mov	r24, r24
    4332:	90 e0       	ldi	r25, 0x00	; 0
    4334:	2c 81       	ldd	r18, Y+4	; 0x04
    4336:	3d 81       	ldd	r19, Y+5	; 0x05
    4338:	8c 96       	adiw	r24, 0x2c	; 44
    433a:	88 0f       	add	r24, r24
    433c:	99 1f       	adc	r25, r25
    433e:	82 0f       	add	r24, r18
    4340:	93 1f       	adc	r25, r19
    4342:	fc 01       	movw	r30, r24
    4344:	80 81       	ld	r24, Z
    4346:	91 81       	ldd	r25, Z+1	; 0x01
    4348:	fc 01       	movw	r30, r24
    434a:	20 81       	ld	r18, Z
    434c:	31 81       	ldd	r19, Z+1	; 0x01
    434e:	2c 5f       	subi	r18, 0xFC	; 252
    4350:	3f 4f       	sbci	r19, 0xFF	; 255
    4352:	f9 01       	movw	r30, r18
    4354:	20 81       	ld	r18, Z
    4356:	31 81       	ldd	r19, Z+1	; 0x01
    4358:	f9 01       	movw	r30, r18
    435a:	09 95       	icall
    }
    435c:	00 00       	nop
    435e:	0f 90       	pop	r0
    4360:	0f 90       	pop	r0
    4362:	0f 90       	pop	r0
    4364:	0f 90       	pop	r0
    4366:	0f 90       	pop	r0
    4368:	df 91       	pop	r29
    436a:	cf 91       	pop	r28
    436c:	08 95       	ret

0000436e <_ZN12StateMachine5startEv>:

    void start() {
    436e:	cf 93       	push	r28
    4370:	df 93       	push	r29
    4372:	00 d0       	rcall	.+0      	; 0x4374 <_ZN12StateMachine5startEv+0x6>
    4374:	cd b7       	in	r28, 0x3d	; 61
    4376:	de b7       	in	r29, 0x3e	; 62
    4378:	9a 83       	std	Y+2, r25	; 0x02
    437a:	89 83       	std	Y+1, r24	; 0x01
        // 1. Trigger initial state entry
        state_actions[static_cast<uint8_t>(status.getState())]->entry();
    437c:	89 81       	ldd	r24, Y+1	; 0x01
    437e:	9a 81       	ldd	r25, Y+2	; 0x02
    4380:	0e 94 75 12 	call	0x24ea	; 0x24ea <_ZN6Status8getStateEv>
    4384:	88 2f       	mov	r24, r24
    4386:	90 e0       	ldi	r25, 0x00	; 0
    4388:	29 81       	ldd	r18, Y+1	; 0x01
    438a:	3a 81       	ldd	r19, Y+2	; 0x02
    438c:	8c 96       	adiw	r24, 0x2c	; 44
    438e:	88 0f       	add	r24, r24
    4390:	99 1f       	adc	r25, r25
    4392:	82 0f       	add	r24, r18
    4394:	93 1f       	adc	r25, r19
    4396:	fc 01       	movw	r30, r24
    4398:	80 81       	ld	r24, Z
    439a:	91 81       	ldd	r25, Z+1	; 0x01
    439c:	fc 01       	movw	r30, r24
    439e:	20 81       	ld	r18, Z
    43a0:	31 81       	ldd	r19, Z+1	; 0x01
    43a2:	2e 5f       	subi	r18, 0xFE	; 254
    43a4:	3f 4f       	sbci	r19, 0xFF	; 255
    43a6:	f9 01       	movw	r30, r18
    43a8:	20 81       	ld	r18, Z
    43aa:	31 81       	ldd	r19, Z+1	; 0x01
    43ac:	f9 01       	movw	r30, r18
    43ae:	09 95       	icall

        while (1) {
            step();
    43b0:	89 81       	ldd	r24, Y+1	; 0x01
    43b2:	9a 81       	ldd	r25, Y+2	; 0x02
    43b4:	0e 94 2c 21 	call	0x4258	; 0x4258 <_ZN12StateMachine4stepEv>

    void start() {
        // 1. Trigger initial state entry
        state_actions[static_cast<uint8_t>(status.getState())]->entry();

        while (1) {
    43b8:	fb cf       	rjmp	.-10     	; 0x43b0 <_ZN12StateMachine5startEv+0x42>

000043ba <_ZN12StateMachine10get_statusEv>:
            step();
        }
    }
    
    Status& get_status() { return status; }
    43ba:	cf 93       	push	r28
    43bc:	df 93       	push	r29
    43be:	00 d0       	rcall	.+0      	; 0x43c0 <_ZN12StateMachine10get_statusEv+0x6>
    43c0:	cd b7       	in	r28, 0x3d	; 61
    43c2:	de b7       	in	r29, 0x3e	; 62
    43c4:	9a 83       	std	Y+2, r25	; 0x02
    43c6:	89 83       	std	Y+1, r24	; 0x01
    43c8:	89 81       	ldd	r24, Y+1	; 0x01
    43ca:	9a 81       	ldd	r25, Y+2	; 0x02
    43cc:	0f 90       	pop	r0
    43ce:	0f 90       	pop	r0
    43d0:	df 91       	pop	r29
    43d2:	cf 91       	pop	r28
    43d4:	08 95       	ret

000043d6 <__vector_42>:
#include "StateMachine/state_machine.h"
#include "StateMachine/state_actions.h"
#include "StateMachine/status.h"

Timer* timerPtr = 0;
ISR(TIMER4_COMPA_vect) { if(timerPtr) timerPtr->addTick(); }
    43d6:	1f 92       	push	r1
    43d8:	0f 92       	push	r0
    43da:	00 90 5f 00 	lds	r0, 0x005F	; 0x80005f <__TEXT_REGION_LENGTH__+0x7f005f>
    43de:	0f 92       	push	r0
    43e0:	11 24       	eor	r1, r1
    43e2:	2f 93       	push	r18
    43e4:	3f 93       	push	r19
    43e6:	4f 93       	push	r20
    43e8:	5f 93       	push	r21
    43ea:	6f 93       	push	r22
    43ec:	7f 93       	push	r23
    43ee:	8f 93       	push	r24
    43f0:	9f 93       	push	r25
    43f2:	af 93       	push	r26
    43f4:	bf 93       	push	r27
    43f6:	ef 93       	push	r30
    43f8:	ff 93       	push	r31
    43fa:	cf 93       	push	r28
    43fc:	df 93       	push	r29
    43fe:	cd b7       	in	r28, 0x3d	; 61
    4400:	de b7       	in	r29, 0x3e	; 62
    4402:	80 91 8e 02 	lds	r24, 0x028E	; 0x80028e <__data_end>
    4406:	90 91 8f 02 	lds	r25, 0x028F	; 0x80028f <__data_end+0x1>
    440a:	89 2b       	or	r24, r25
    440c:	31 f0       	breq	.+12     	; 0x441a <__vector_42+0x44>
    440e:	80 91 8e 02 	lds	r24, 0x028E	; 0x80028e <__data_end>
    4412:	90 91 8f 02 	lds	r25, 0x028F	; 0x80028f <__data_end+0x1>
    4416:	0e 94 de 11 	call	0x23bc	; 0x23bc <_ZN5Timer7addTickEv>
    441a:	00 00       	nop
    441c:	df 91       	pop	r29
    441e:	cf 91       	pop	r28
    4420:	ff 91       	pop	r31
    4422:	ef 91       	pop	r30
    4424:	bf 91       	pop	r27
    4426:	af 91       	pop	r26
    4428:	9f 91       	pop	r25
    442a:	8f 91       	pop	r24
    442c:	7f 91       	pop	r23
    442e:	6f 91       	pop	r22
    4430:	5f 91       	pop	r21
    4432:	4f 91       	pop	r20
    4434:	3f 91       	pop	r19
    4436:	2f 91       	pop	r18
    4438:	0f 90       	pop	r0
    443a:	00 92 5f 00 	sts	0x005F, r0	; 0x80005f <__TEXT_REGION_LENGTH__+0x7f005f>
    443e:	0f 90       	pop	r0
    4440:	1f 90       	pop	r1
    4442:	18 95       	reti

00004444 <main>:

int main(void) {
    4444:	8f 92       	push	r8
    4446:	9f 92       	push	r9
    4448:	af 92       	push	r10
    444a:	bf 92       	push	r11
    444c:	cf 92       	push	r12
    444e:	ef 92       	push	r14
    4450:	ff 92       	push	r15
    4452:	0f 93       	push	r16
    4454:	1f 93       	push	r17
    4456:	cf 93       	push	r28
    4458:	df 93       	push	r29
    445a:	cd b7       	in	r28, 0x3d	; 61
    445c:	de b7       	in	r29, 0x3e	; 62
    445e:	ca 5c       	subi	r28, 0xCA	; 202
    4460:	d1 40       	sbci	r29, 0x01	; 1
    4462:	0f b6       	in	r0, 0x3f	; 63
    4464:	f8 94       	cli
    4466:	de bf       	out	0x3e, r29	; 62
    4468:	0f be       	out	0x3f, r0	; 63
    446a:	cd bf       	out	0x3d, r28	; 61
    // Instanciación de Hardware
    LimitSwitch  sw1(&PINK, &PORTK, &DDRK, (1 << PK6));
    446c:	ce 01       	movw	r24, r28
    446e:	03 96       	adiw	r24, 0x03	; 3
    4470:	00 e4       	ldi	r16, 0x40	; 64
    4472:	27 e0       	ldi	r18, 0x07	; 7
    4474:	31 e0       	ldi	r19, 0x01	; 1
    4476:	48 e0       	ldi	r20, 0x08	; 8
    4478:	51 e0       	ldi	r21, 0x01	; 1
    447a:	66 e0       	ldi	r22, 0x06	; 6
    447c:	71 e0       	ldi	r23, 0x01	; 1
    447e:	0e 94 ec 04 	call	0x9d8	; 0x9d8 <_ZN11LimitSwitchC1EPVhS1_S1_h>
    LimitSwitch3 sw2(&PINK, &PORTK, &DDRK, (1 << PK7));
    4482:	ce 01       	movw	r24, r28
    4484:	41 96       	adiw	r24, 0x11	; 17
    4486:	00 e8       	ldi	r16, 0x80	; 128
    4488:	27 e0       	ldi	r18, 0x07	; 7
    448a:	31 e0       	ldi	r19, 0x01	; 1
    448c:	48 e0       	ldi	r20, 0x08	; 8
    448e:	51 e0       	ldi	r21, 0x01	; 1
    4490:	66 e0       	ldi	r22, 0x06	; 6
    4492:	71 e0       	ldi	r23, 0x01	; 1
    4494:	0e 94 c5 08 	call	0x118a	; 0x118a <_ZN12LimitSwitch3C1EPVhS1_S1_h>
    LimitSwitch  sw3(&PIND, &PORTD, &DDRD, (1 << PD0));
    4498:	ce 01       	movw	r24, r28
    449a:	81 96       	adiw	r24, 0x21	; 33
    449c:	01 e0       	ldi	r16, 0x01	; 1
    449e:	2a e2       	ldi	r18, 0x2A	; 42
    44a0:	30 e0       	ldi	r19, 0x00	; 0
    44a2:	4b e2       	ldi	r20, 0x2B	; 43
    44a4:	50 e0       	ldi	r21, 0x00	; 0
    44a6:	69 e2       	ldi	r22, 0x29	; 41
    44a8:	70 e0       	ldi	r23, 0x00	; 0
    44aa:	0e 94 ec 04 	call	0x9d8	; 0x9d8 <_ZN11LimitSwitchC1EPVhS1_S1_h>
    LimitSwitch  sw4(&PIND, &PORTD, &DDRD, (1 << PD1));
    44ae:	ce 01       	movw	r24, r28
    44b0:	8f 96       	adiw	r24, 0x2f	; 47
    44b2:	02 e0       	ldi	r16, 0x02	; 2
    44b4:	2a e2       	ldi	r18, 0x2A	; 42
    44b6:	30 e0       	ldi	r19, 0x00	; 0
    44b8:	4b e2       	ldi	r20, 0x2B	; 43
    44ba:	50 e0       	ldi	r21, 0x00	; 0
    44bc:	69 e2       	ldi	r22, 0x29	; 41
    44be:	70 e0       	ldi	r23, 0x00	; 0
    44c0:	0e 94 ec 04 	call	0x9d8	; 0x9d8 <_ZN11LimitSwitchC1EPVhS1_S1_h>
    LimitSwitch  sw5(&PIND, &PORTD, &DDRD, (1 << PD2));
    44c4:	ce 01       	movw	r24, r28
    44c6:	cd 96       	adiw	r24, 0x3d	; 61
    44c8:	04 e0       	ldi	r16, 0x04	; 4
    44ca:	2a e2       	ldi	r18, 0x2A	; 42
    44cc:	30 e0       	ldi	r19, 0x00	; 0
    44ce:	4b e2       	ldi	r20, 0x2B	; 43
    44d0:	50 e0       	ldi	r21, 0x00	; 0
    44d2:	69 e2       	ldi	r22, 0x29	; 41
    44d4:	70 e0       	ldi	r23, 0x00	; 0
    44d6:	0e 94 ec 04 	call	0x9d8	; 0x9d8 <_ZN11LimitSwitchC1EPVhS1_S1_h>
    SwitchUser   sw6(&PIND, &PORTD, &DDRD, (1 << PD3));
    44da:	ce 01       	movw	r24, r28
    44dc:	85 5b       	subi	r24, 0xB5	; 181
    44de:	9f 4f       	sbci	r25, 0xFF	; 255
    44e0:	08 e0       	ldi	r16, 0x08	; 8
    44e2:	2a e2       	ldi	r18, 0x2A	; 42
    44e4:	30 e0       	ldi	r19, 0x00	; 0
    44e6:	4b e2       	ldi	r20, 0x2B	; 43
    44e8:	50 e0       	ldi	r21, 0x00	; 0
    44ea:	69 e2       	ldi	r22, 0x29	; 41
    44ec:	70 e0       	ldi	r23, 0x00	; 0
    44ee:	0e 94 2f 10 	call	0x205e	; 0x205e <_ZN10SwitchUserC1EPVhS1_S1_h>

    Motor  m1(&PORTB, &DDRB, (1 << PB0), &PORTB, &DDRB, (1 << PB4), &OCR2A,  &sw1);
    44f2:	9e 01       	movw	r18, r28
    44f4:	2d 5f       	subi	r18, 0xFD	; 253
    44f6:	3f 4f       	sbci	r19, 0xFF	; 255
    44f8:	ce 01       	movw	r24, r28
    44fa:	87 5a       	subi	r24, 0xA7	; 167
    44fc:	9f 4f       	sbci	r25, 0xFF	; 255
    44fe:	49 01       	movw	r8, r18
    4500:	0f 2e       	mov	r0, r31
    4502:	f3 eb       	ldi	r31, 0xB3	; 179
    4504:	af 2e       	mov	r10, r31
    4506:	b1 2c       	mov	r11, r1
    4508:	f0 2d       	mov	r31, r0
    450a:	68 94       	set
    450c:	cc 24       	eor	r12, r12
    450e:	c4 f8       	bld	r12, 4
    4510:	0f 2e       	mov	r0, r31
    4512:	f4 e2       	ldi	r31, 0x24	; 36
    4514:	ef 2e       	mov	r14, r31
    4516:	f1 2c       	mov	r15, r1
    4518:	f0 2d       	mov	r31, r0
    451a:	05 e2       	ldi	r16, 0x25	; 37
    451c:	10 e0       	ldi	r17, 0x00	; 0
    451e:	21 e0       	ldi	r18, 0x01	; 1
    4520:	44 e2       	ldi	r20, 0x24	; 36
    4522:	50 e0       	ldi	r21, 0x00	; 0
    4524:	65 e2       	ldi	r22, 0x25	; 37
    4526:	70 e0       	ldi	r23, 0x00	; 0
    4528:	0e 94 49 06 	call	0xc92	; 0xc92 <_ZN5MotorC1EPVhS1_hS1_S1_hS1_P11LimitSwitch>
    Motor2 m2(&PORTB, &DDRB, (1 << PB1), &PORTB, &DDRB, (1 << PB5), &OCR1AL, &sw2);
    452c:	9e 01       	movw	r18, r28
    452e:	2f 5e       	subi	r18, 0xEF	; 239
    4530:	3f 4f       	sbci	r19, 0xFF	; 255
    4532:	ce 01       	movw	r24, r28
    4534:	8d 58       	subi	r24, 0x8D	; 141
    4536:	9f 4f       	sbci	r25, 0xFF	; 255
    4538:	49 01       	movw	r8, r18
    453a:	0f 2e       	mov	r0, r31
    453c:	f8 e8       	ldi	r31, 0x88	; 136
    453e:	af 2e       	mov	r10, r31
    4540:	b1 2c       	mov	r11, r1
    4542:	f0 2d       	mov	r31, r0
    4544:	68 94       	set
    4546:	cc 24       	eor	r12, r12
    4548:	c5 f8       	bld	r12, 5
    454a:	0f 2e       	mov	r0, r31
    454c:	f4 e2       	ldi	r31, 0x24	; 36
    454e:	ef 2e       	mov	r14, r31
    4550:	f1 2c       	mov	r15, r1
    4552:	f0 2d       	mov	r31, r0
    4554:	05 e2       	ldi	r16, 0x25	; 37
    4556:	10 e0       	ldi	r17, 0x00	; 0
    4558:	22 e0       	ldi	r18, 0x02	; 2
    455a:	44 e2       	ldi	r20, 0x24	; 36
    455c:	50 e0       	ldi	r21, 0x00	; 0
    455e:	65 e2       	ldi	r22, 0x25	; 37
    4560:	70 e0       	ldi	r23, 0x00	; 0
    4562:	0e 94 7f 0a 	call	0x14fe	; 0x14fe <_ZN6Motor2C1EPVhS1_hS1_S1_hS1_P12LimitSwitch3>
    Motor  m3(&PORTB, &DDRB, (1 << PB2), &PORTB, &DDRB, (1 << PB6), &OCR1BL, &sw3);
    4566:	9e 01       	movw	r18, r28
    4568:	2f 5d       	subi	r18, 0xDF	; 223
    456a:	3f 4f       	sbci	r19, 0xFF	; 255
    456c:	ce 01       	movw	r24, r28
    456e:	81 57       	subi	r24, 0x71	; 113
    4570:	9f 4f       	sbci	r25, 0xFF	; 255
    4572:	49 01       	movw	r8, r18
    4574:	0f 2e       	mov	r0, r31
    4576:	fa e8       	ldi	r31, 0x8A	; 138
    4578:	af 2e       	mov	r10, r31
    457a:	b1 2c       	mov	r11, r1
    457c:	f0 2d       	mov	r31, r0
    457e:	68 94       	set
    4580:	cc 24       	eor	r12, r12
    4582:	c6 f8       	bld	r12, 6
    4584:	0f 2e       	mov	r0, r31
    4586:	f4 e2       	ldi	r31, 0x24	; 36
    4588:	ef 2e       	mov	r14, r31
    458a:	f1 2c       	mov	r15, r1
    458c:	f0 2d       	mov	r31, r0
    458e:	05 e2       	ldi	r16, 0x25	; 37
    4590:	10 e0       	ldi	r17, 0x00	; 0
    4592:	24 e0       	ldi	r18, 0x04	; 4
    4594:	44 e2       	ldi	r20, 0x24	; 36
    4596:	50 e0       	ldi	r21, 0x00	; 0
    4598:	65 e2       	ldi	r22, 0x25	; 37
    459a:	70 e0       	ldi	r23, 0x00	; 0
    459c:	0e 94 49 06 	call	0xc92	; 0xc92 <_ZN5MotorC1EPVhS1_hS1_S1_hS1_P11LimitSwitch>
    Motor  m4(&PORTB, &DDRB, (1 << PB3), &PORTB, &DDRB, (1 << PB7), &OCR0A,  &sw4);
    45a0:	9e 01       	movw	r18, r28
    45a2:	21 5d       	subi	r18, 0xD1	; 209
    45a4:	3f 4f       	sbci	r19, 0xFF	; 255
    45a6:	ce 01       	movw	r24, r28
    45a8:	87 55       	subi	r24, 0x57	; 87
    45aa:	9f 4f       	sbci	r25, 0xFF	; 255
    45ac:	49 01       	movw	r8, r18
    45ae:	0f 2e       	mov	r0, r31
    45b0:	f7 e4       	ldi	r31, 0x47	; 71
    45b2:	af 2e       	mov	r10, r31
    45b4:	b1 2c       	mov	r11, r1
    45b6:	f0 2d       	mov	r31, r0
    45b8:	68 94       	set
    45ba:	cc 24       	eor	r12, r12
    45bc:	c7 f8       	bld	r12, 7
    45be:	0f 2e       	mov	r0, r31
    45c0:	f4 e2       	ldi	r31, 0x24	; 36
    45c2:	ef 2e       	mov	r14, r31
    45c4:	f1 2c       	mov	r15, r1
    45c6:	f0 2d       	mov	r31, r0
    45c8:	05 e2       	ldi	r16, 0x25	; 37
    45ca:	10 e0       	ldi	r17, 0x00	; 0
    45cc:	28 e0       	ldi	r18, 0x08	; 8
    45ce:	44 e2       	ldi	r20, 0x24	; 36
    45d0:	50 e0       	ldi	r21, 0x00	; 0
    45d2:	65 e2       	ldi	r22, 0x25	; 37
    45d4:	70 e0       	ldi	r23, 0x00	; 0
    45d6:	0e 94 49 06 	call	0xc92	; 0xc92 <_ZN5MotorC1EPVhS1_hS1_S1_hS1_P11LimitSwitch>
    Motor  m5(&PORTD, &DDRD, (1 << PD4), &PORTL, &DDRL, (1 << PL3), &OCR5AL, &sw5);
    45da:	9e 01       	movw	r18, r28
    45dc:	23 5c       	subi	r18, 0xC3	; 195
    45de:	3f 4f       	sbci	r19, 0xFF	; 255
    45e0:	ce 01       	movw	r24, r28
    45e2:	8d 53       	subi	r24, 0x3D	; 61
    45e4:	9f 4f       	sbci	r25, 0xFF	; 255
    45e6:	49 01       	movw	r8, r18
    45e8:	0f 2e       	mov	r0, r31
    45ea:	f8 e2       	ldi	r31, 0x28	; 40
    45ec:	af 2e       	mov	r10, r31
    45ee:	bb 24       	eor	r11, r11
    45f0:	b3 94       	inc	r11
    45f2:	f0 2d       	mov	r31, r0
    45f4:	68 94       	set
    45f6:	cc 24       	eor	r12, r12
    45f8:	c3 f8       	bld	r12, 3
    45fa:	0f 2e       	mov	r0, r31
    45fc:	fa e0       	ldi	r31, 0x0A	; 10
    45fe:	ef 2e       	mov	r14, r31
    4600:	ff 24       	eor	r15, r15
    4602:	f3 94       	inc	r15
    4604:	f0 2d       	mov	r31, r0
    4606:	0b e0       	ldi	r16, 0x0B	; 11
    4608:	11 e0       	ldi	r17, 0x01	; 1
    460a:	20 e1       	ldi	r18, 0x10	; 16
    460c:	4a e2       	ldi	r20, 0x2A	; 42
    460e:	50 e0       	ldi	r21, 0x00	; 0
    4610:	6b e2       	ldi	r22, 0x2B	; 43
    4612:	70 e0       	ldi	r23, 0x00	; 0
    4614:	0e 94 49 06 	call	0xc92	; 0xc92 <_ZN5MotorC1EPVhS1_hS1_S1_hS1_P11LimitSwitch>

    volatile uint8_t* segPorts[7] = {&PORTL, &PORTL, &PORTL, &PORTD, &PORTL, &PORTL, &PORTL};
    4618:	ce 01       	movw	r24, r28
    461a:	83 52       	subi	r24, 0x23	; 35
    461c:	9f 4f       	sbci	r25, 0xFF	; 255
    461e:	2e e0       	ldi	r18, 0x0E	; 14
    4620:	ea e0       	ldi	r30, 0x0A	; 10
    4622:	f2 e0       	ldi	r31, 0x02	; 2
    4624:	dc 01       	movw	r26, r24
    4626:	01 90       	ld	r0, Z+
    4628:	0d 92       	st	X+, r0
    462a:	2a 95       	dec	r18
    462c:	e1 f7       	brne	.-8      	; 0x4626 <main+0x1e2>
    volatile uint8_t* segDdrs[7]  = {&DDRL,  &DDRL,  &DDRL,  &DDRD,  &DDRL,  &DDRL,  &DDRL};
    462e:	ce 01       	movw	r24, r28
    4630:	85 51       	subi	r24, 0x15	; 21
    4632:	9f 4f       	sbci	r25, 0xFF	; 255
    4634:	2e e0       	ldi	r18, 0x0E	; 14
    4636:	e8 e1       	ldi	r30, 0x18	; 24
    4638:	f2 e0       	ldi	r31, 0x02	; 2
    463a:	dc 01       	movw	r26, r24
    463c:	01 90       	ld	r0, Z+
    463e:	0d 92       	st	X+, r0
    4640:	2a 95       	dec	r18
    4642:	e1 f7       	brne	.-8      	; 0x463c <main+0x1f8>
    uint8_t segMasks[7]           = {(1<<PL0), (1<<PL1), (1<<PL2), (1<<PD6), (1<<PL4), (1<<PL5), (1<<PL6)};
    4644:	ce 01       	movw	r24, r28
    4646:	87 50       	subi	r24, 0x07	; 7
    4648:	9f 4f       	sbci	r25, 0xFF	; 255
    464a:	27 e0       	ldi	r18, 0x07	; 7
    464c:	e6 e2       	ldi	r30, 0x26	; 38
    464e:	f2 e0       	ldi	r31, 0x02	; 2
    4650:	dc 01       	movw	r26, r24
    4652:	01 90       	ld	r0, Z+
    4654:	0d 92       	st	X+, r0
    4656:	2a 95       	dec	r18
    4658:	e1 f7       	brne	.-8      	; 0x4652 <main+0x20e>
    Display display(segPorts, segDdrs, segMasks, &PORTL, &DDRL, (1<<PL7));
    465a:	9e 01       	movw	r18, r28
    465c:	27 50       	subi	r18, 0x07	; 7
    465e:	3f 4f       	sbci	r19, 0xFF	; 255
    4660:	ae 01       	movw	r20, r28
    4662:	45 51       	subi	r20, 0x15	; 21
    4664:	5f 4f       	sbci	r21, 0xFF	; 255
    4666:	be 01       	movw	r22, r28
    4668:	63 52       	subi	r22, 0x23	; 35
    466a:	7f 4f       	sbci	r23, 0xFF	; 255
    466c:	ce 01       	movw	r24, r28
    466e:	93 95       	inc	r25
    4670:	68 94       	set
    4672:	cc 24       	eor	r12, r12
    4674:	c7 f8       	bld	r12, 7
    4676:	0f 2e       	mov	r0, r31
    4678:	fa e0       	ldi	r31, 0x0A	; 10
    467a:	ef 2e       	mov	r14, r31
    467c:	ff 24       	eor	r15, r15
    467e:	f3 94       	inc	r15
    4680:	f0 2d       	mov	r31, r0
    4682:	0b e0       	ldi	r16, 0x0B	; 11
    4684:	11 e0       	ldi	r17, 0x01	; 1
    4686:	0e 94 91 00 	call	0x122	; 0x122 <_ZN7DisplayC1EPPVhS2_PhS1_S1_h>

    Led led(&PORTD, &DDRD, (1<<PD7));
    468a:	ce 01       	movw	r24, r28
    468c:	84 5c       	subi	r24, 0xC4	; 196
    468e:	9e 4f       	sbci	r25, 0xFE	; 254
    4690:	20 e8       	ldi	r18, 0x80	; 128
    4692:	4a e2       	ldi	r20, 0x2A	; 42
    4694:	50 e0       	ldi	r21, 0x00	; 0
    4696:	6b e2       	ldi	r22, 0x2B	; 43
    4698:	70 e0       	ldi	r23, 0x00	; 0
    469a:	0e 94 8f 03 	call	0x71e	; 0x71e <_ZN3LedC1EPVhS1_h>
    PinsManager pinsManager;
    469e:	ce 01       	movw	r24, r28
    46a0:	86 5b       	subi	r24, 0xB6	; 182
    46a2:	9e 4f       	sbci	r25, 0xFE	; 254
    46a4:	0e 94 7a 0e 	call	0x1cf4	; 0x1cf4 <_ZN11PinsManagerC1Ev>
    
    Timer timer;
    46a8:	ce 01       	movw	r24, r28
    46aa:	8f 59       	subi	r24, 0x9F	; 159
    46ac:	9e 4f       	sbci	r25, 0xFE	; 254
    46ae:	0e 94 80 11 	call	0x2300	; 0x2300 <_ZN5TimerC1Ev>
    timerPtr = &timer; // Puntero para ISR
    46b2:	ce 01       	movw	r24, r28
    46b4:	8f 59       	subi	r24, 0x9F	; 159
    46b6:	9e 4f       	sbci	r25, 0xFE	; 254
    46b8:	90 93 8f 02 	sts	0x028F, r25	; 0x80028f <__data_end+0x1>
    46bc:	80 93 8e 02 	sts	0x028E, r24	; 0x80028e <__data_end>

    // Vincular a state machine
    StateMachine sm;
    46c0:	ce 01       	movw	r24, r28
    46c2:	8b 59       	subi	r24, 0x9B	; 155
    46c4:	9e 4f       	sbci	r25, 0xFE	; 254
    46c6:	0e 94 8c 20 	call	0x4118	; 0x4118 <_ZN12StateMachineC1Ev>
    Status& st = sm.get_status();
    46ca:	ce 01       	movw	r24, r28
    46cc:	8b 59       	subi	r24, 0x9B	; 155
    46ce:	9e 4f       	sbci	r25, 0xFE	; 254
    46d0:	0e 94 dd 21 	call	0x43ba	; 0x43ba <_ZN12StateMachine10get_statusEv>
    46d4:	9a 83       	std	Y+2, r25	; 0x02
    46d6:	89 83       	std	Y+1, r24	; 0x01

    st.m1 = &m1; st.m2 = &m2; st.m3 = &m3; st.m4 = &m4; st.m5 = &m5;
    46d8:	89 81       	ldd	r24, Y+1	; 0x01
    46da:	9a 81       	ldd	r25, Y+2	; 0x02
    46dc:	9e 01       	movw	r18, r28
    46de:	27 5a       	subi	r18, 0xA7	; 167
    46e0:	3f 4f       	sbci	r19, 0xFF	; 255
    46e2:	fc 01       	movw	r30, r24
    46e4:	31 83       	std	Z+1, r19	; 0x01
    46e6:	20 83       	st	Z, r18
    46e8:	89 81       	ldd	r24, Y+1	; 0x01
    46ea:	9a 81       	ldd	r25, Y+2	; 0x02
    46ec:	9e 01       	movw	r18, r28
    46ee:	2d 58       	subi	r18, 0x8D	; 141
    46f0:	3f 4f       	sbci	r19, 0xFF	; 255
    46f2:	fc 01       	movw	r30, r24
    46f4:	33 83       	std	Z+3, r19	; 0x03
    46f6:	22 83       	std	Z+2, r18	; 0x02
    46f8:	89 81       	ldd	r24, Y+1	; 0x01
    46fa:	9a 81       	ldd	r25, Y+2	; 0x02
    46fc:	9e 01       	movw	r18, r28
    46fe:	21 57       	subi	r18, 0x71	; 113
    4700:	3f 4f       	sbci	r19, 0xFF	; 255
    4702:	fc 01       	movw	r30, r24
    4704:	35 83       	std	Z+5, r19	; 0x05
    4706:	24 83       	std	Z+4, r18	; 0x04
    4708:	89 81       	ldd	r24, Y+1	; 0x01
    470a:	9a 81       	ldd	r25, Y+2	; 0x02
    470c:	9e 01       	movw	r18, r28
    470e:	27 55       	subi	r18, 0x57	; 87
    4710:	3f 4f       	sbci	r19, 0xFF	; 255
    4712:	fc 01       	movw	r30, r24
    4714:	37 83       	std	Z+7, r19	; 0x07
    4716:	26 83       	std	Z+6, r18	; 0x06
    4718:	89 81       	ldd	r24, Y+1	; 0x01
    471a:	9a 81       	ldd	r25, Y+2	; 0x02
    471c:	9e 01       	movw	r18, r28
    471e:	2d 53       	subi	r18, 0x3D	; 61
    4720:	3f 4f       	sbci	r19, 0xFF	; 255
    4722:	fc 01       	movw	r30, r24
    4724:	31 87       	std	Z+9, r19	; 0x09
    4726:	20 87       	std	Z+8, r18	; 0x08
    st.sw1 = &sw1; st.sw2 = &sw2; st.sw3 = &sw3; st.sw4 = &sw4; st.sw5 = &sw5; st.sw6 = &sw6;
    4728:	89 81       	ldd	r24, Y+1	; 0x01
    472a:	9a 81       	ldd	r25, Y+2	; 0x02
    472c:	9e 01       	movw	r18, r28
    472e:	2d 5f       	subi	r18, 0xFD	; 253
    4730:	3f 4f       	sbci	r19, 0xFF	; 255
    4732:	fc 01       	movw	r30, r24
    4734:	33 87       	std	Z+11, r19	; 0x0b
    4736:	22 87       	std	Z+10, r18	; 0x0a
    4738:	89 81       	ldd	r24, Y+1	; 0x01
    473a:	9a 81       	ldd	r25, Y+2	; 0x02
    473c:	9e 01       	movw	r18, r28
    473e:	2f 5e       	subi	r18, 0xEF	; 239
    4740:	3f 4f       	sbci	r19, 0xFF	; 255
    4742:	fc 01       	movw	r30, r24
    4744:	35 87       	std	Z+13, r19	; 0x0d
    4746:	24 87       	std	Z+12, r18	; 0x0c
    4748:	89 81       	ldd	r24, Y+1	; 0x01
    474a:	9a 81       	ldd	r25, Y+2	; 0x02
    474c:	9e 01       	movw	r18, r28
    474e:	2f 5d       	subi	r18, 0xDF	; 223
    4750:	3f 4f       	sbci	r19, 0xFF	; 255
    4752:	fc 01       	movw	r30, r24
    4754:	37 87       	std	Z+15, r19	; 0x0f
    4756:	26 87       	std	Z+14, r18	; 0x0e
    4758:	89 81       	ldd	r24, Y+1	; 0x01
    475a:	9a 81       	ldd	r25, Y+2	; 0x02
    475c:	9e 01       	movw	r18, r28
    475e:	21 5d       	subi	r18, 0xD1	; 209
    4760:	3f 4f       	sbci	r19, 0xFF	; 255
    4762:	fc 01       	movw	r30, r24
    4764:	31 8b       	std	Z+17, r19	; 0x11
    4766:	20 8b       	std	Z+16, r18	; 0x10
    4768:	89 81       	ldd	r24, Y+1	; 0x01
    476a:	9a 81       	ldd	r25, Y+2	; 0x02
    476c:	9e 01       	movw	r18, r28
    476e:	23 5c       	subi	r18, 0xC3	; 195
    4770:	3f 4f       	sbci	r19, 0xFF	; 255
    4772:	fc 01       	movw	r30, r24
    4774:	33 8b       	std	Z+19, r19	; 0x13
    4776:	22 8b       	std	Z+18, r18	; 0x12
    4778:	89 81       	ldd	r24, Y+1	; 0x01
    477a:	9a 81       	ldd	r25, Y+2	; 0x02
    477c:	9e 01       	movw	r18, r28
    477e:	25 5b       	subi	r18, 0xB5	; 181
    4780:	3f 4f       	sbci	r19, 0xFF	; 255
    4782:	fc 01       	movw	r30, r24
    4784:	35 8b       	std	Z+21, r19	; 0x15
    4786:	24 8b       	std	Z+20, r18	; 0x14
    st.led = &led;
    4788:	89 81       	ldd	r24, Y+1	; 0x01
    478a:	9a 81       	ldd	r25, Y+2	; 0x02
    478c:	9e 01       	movw	r18, r28
    478e:	24 5c       	subi	r18, 0xC4	; 196
    4790:	3e 4f       	sbci	r19, 0xFE	; 254
    4792:	fc 01       	movw	r30, r24
    4794:	37 8b       	std	Z+23, r19	; 0x17
    4796:	26 8b       	std	Z+22, r18	; 0x16
    st.display = &display;
    4798:	89 81       	ldd	r24, Y+1	; 0x01
    479a:	9a 81       	ldd	r25, Y+2	; 0x02
    479c:	9e 01       	movw	r18, r28
    479e:	33 95       	inc	r19
    47a0:	fc 01       	movw	r30, r24
    47a2:	31 8f       	std	Z+25, r19	; 0x19
    47a4:	20 8f       	std	Z+24, r18	; 0x18
    st.pinsManager = &pinsManager;
    47a6:	89 81       	ldd	r24, Y+1	; 0x01
    47a8:	9a 81       	ldd	r25, Y+2	; 0x02
    47aa:	9e 01       	movw	r18, r28
    47ac:	26 5b       	subi	r18, 0xB6	; 182
    47ae:	3e 4f       	sbci	r19, 0xFE	; 254
    47b0:	fc 01       	movw	r30, r24
    47b2:	33 8f       	std	Z+27, r19	; 0x1b
    47b4:	22 8f       	std	Z+26, r18	; 0x1a
    st.timer = &timer;
    47b6:	89 81       	ldd	r24, Y+1	; 0x01
    47b8:	9a 81       	ldd	r25, Y+2	; 0x02
    47ba:	9e 01       	movw	r18, r28
    47bc:	2f 59       	subi	r18, 0x9F	; 159
    47be:	3e 4f       	sbci	r19, 0xFE	; 254
    47c0:	fc 01       	movw	r30, r24
    47c2:	35 8f       	std	Z+29, r19	; 0x1d
    47c4:	24 8f       	std	Z+28, r18	; 0x1c

    sei(); // Habilitar interrupciones globales
    47c6:	78 94       	sei

    sm.start();
    47c8:	ce 01       	movw	r24, r28
    47ca:	8b 59       	subi	r24, 0x9B	; 155
    47cc:	9e 4f       	sbci	r25, 0xFE	; 254
    47ce:	0e 94 b7 21 	call	0x436e	; 0x436e <_ZN12StateMachine5startEv>

    return 0;
    47d2:	80 e0       	ldi	r24, 0x00	; 0
    47d4:	90 e0       	ldi	r25, 0x00	; 0
    47d6:	c6 53       	subi	r28, 0x36	; 54
    47d8:	de 4f       	sbci	r29, 0xFE	; 254
    47da:	0f b6       	in	r0, 0x3f	; 63
    47dc:	f8 94       	cli
    47de:	de bf       	out	0x3e, r29	; 62
    47e0:	0f be       	out	0x3f, r0	; 63
    47e2:	cd bf       	out	0x3d, r28	; 61
    47e4:	df 91       	pop	r29
    47e6:	cf 91       	pop	r28
    47e8:	1f 91       	pop	r17
    47ea:	0f 91       	pop	r16
    47ec:	ff 90       	pop	r15
    47ee:	ef 90       	pop	r14
    47f0:	cf 90       	pop	r12
    47f2:	bf 90       	pop	r11
    47f4:	af 90       	pop	r10
    47f6:	9f 90       	pop	r9
    47f8:	8f 90       	pop	r8
    47fa:	08 95       	ret

000047fc <__udivmodsi4>:
    47fc:	a1 e2       	ldi	r26, 0x21	; 33
    47fe:	1a 2e       	mov	r1, r26
    4800:	aa 1b       	sub	r26, r26
    4802:	bb 1b       	sub	r27, r27
    4804:	fd 01       	movw	r30, r26
    4806:	0d c0       	rjmp	.+26     	; 0x4822 <__udivmodsi4_ep>

00004808 <__udivmodsi4_loop>:
    4808:	aa 1f       	adc	r26, r26
    480a:	bb 1f       	adc	r27, r27
    480c:	ee 1f       	adc	r30, r30
    480e:	ff 1f       	adc	r31, r31
    4810:	a2 17       	cp	r26, r18
    4812:	b3 07       	cpc	r27, r19
    4814:	e4 07       	cpc	r30, r20
    4816:	f5 07       	cpc	r31, r21
    4818:	20 f0       	brcs	.+8      	; 0x4822 <__udivmodsi4_ep>
    481a:	a2 1b       	sub	r26, r18
    481c:	b3 0b       	sbc	r27, r19
    481e:	e4 0b       	sbc	r30, r20
    4820:	f5 0b       	sbc	r31, r21

00004822 <__udivmodsi4_ep>:
    4822:	66 1f       	adc	r22, r22
    4824:	77 1f       	adc	r23, r23
    4826:	88 1f       	adc	r24, r24
    4828:	99 1f       	adc	r25, r25
    482a:	1a 94       	dec	r1
    482c:	69 f7       	brne	.-38     	; 0x4808 <__udivmodsi4_loop>
    482e:	60 95       	com	r22
    4830:	70 95       	com	r23
    4832:	80 95       	com	r24
    4834:	90 95       	com	r25
    4836:	9b 01       	movw	r18, r22
    4838:	ac 01       	movw	r20, r24
    483a:	bd 01       	movw	r22, r26
    483c:	cf 01       	movw	r24, r30
    483e:	08 95       	ret

00004840 <_exit>:
    4840:	f8 94       	cli

00004842 <__stop_program>:
    4842:	ff cf       	rjmp	.-2      	; 0x4842 <__stop_program>
